AGENCE;EXPL;CLIENT;CODAPE;IDP;ANOMALIE_AGE;ANOMALIE_DATE_EER;ANOMALIE_CIN;;
1017;FH;130821;PARTICULIERS SALARIES;73160;;;ANOMALIE - Document d'identité expiré;;
1017;FH;577574;Autres services NCA;127331;;;ANOMALIE - Document d'identité expiré;;Légende: Champs en anomalie stock
1017;FH;117822;PARTICULIERS SALARIES;19861;;;ANOMALIE - Document d'identité expiré;;
1017;FH;116311;PARTICULIERS SALARIES;16250;;;ANOMALIE - Document d'identité expiré;;
1017;FH;130854;PARTICULIERS SALARIES;73282;;;ANOMALIE - Document d'identité expiré;;
1017;FH;578418;comptes internes;142890;;;ANOMALIE - Document d'identité expiré;;
1017;FH;307524;PARTICULIERS SALARIES;10923;;;ANOMALIE - Document d'identité expiré;;
1017;FH;186288;PARTICULIERS SALARIES;20038;;;ANOMALIE - Document d'identité expiré;;
1017;K7;189889;PARTICULIERS SALARIES;63746;;;ANOMALIE - Document d'identité expiré;;
1017;K7;182590;PARTICULIERS SALARIES;5730;;;ANOMALIE - Document d'identité expiré;;
1017;K7;429567;PARTICULIERS SALARIES;69732;;;ANOMALIE - Document d'identité expiré;;
1017;K7;184569;PARTICULIERS SALARIES;10273;;;ANOMALIE - Document d'identité expiré;;
1017;K7;186892;Particuliers non commerciaux;23068;;;ANOMALIE - Document d'identité expiré;;
1017;K7;182529;PARTICULIERS SALARIES;10014;;;ANOMALIE - Document d'identité expiré;;
1017;K7;182135;PARTICULIERS SALARIES;7402;;;ANOMALIE - Document d'identité expiré;;
1017;K7;182985;Particuliers non commerciaux;7298;;;ANOMALIE - Document d'identité expiré;;
1017;K7;902952;Autres services NCA;109548;;;ANOMALIE - Document d'identité expiré;;
1017;TV;580130;Autres services NCA;176615;;;ANOMALIE - Document d'identité expiré;;
1017;U4;208487;PARTICULIERS SALARIES;11931;;;ANOMALIE - Document d'identité expiré;;
1017;MN;427440;PARTICULIERS SALARIES;34293;;;ANOMALIE - Document d'identité expiré;;
1017;MN;432420;Autres services NCA;115609;;;ANOMALIE - Document d'identité expiré;;
1017;TL;578134;PARTICULIERS SALARIES;136526;;;ANOMALIE - Document d'identité expiré;;
1017;AB;602146;PARTICULIERS SALARIES;74381;;;ANOMALIE - Document d'identité expiré;;
1017;J1;695365;Autres services NCA;122646;;;ANOMALIE - Document d'identité expiré;;
1017;EG;187254;PARTICULIERS SALARIES;26174;;;ANOMALIE - Document d'identité expiré;;
1017;EG;581795;Particuliers non commerciaux;976566;;;ANOMALIE - Document d'identité expiré;;
1017;SR;680208;PARTICULIERS SALARIES;53697;;;ANOMALIE - Document d'identité expiré;;
1017;SR;577350;;123814;;;ANOMALIE - Document d'identité expiré;;
1017;SR;131916;PARTICULIERS SALARIES;78070;;;ANOMALIE - Document d'identité expiré;;
1017;SR;603700;Autres services NCA;123837;;;ANOMALIE - Document d'identité expiré;;
1017;SR;577420;;124818;;;ANOMALIE - Document d'identité expiré;;
1017;SR;814837;Autres services NCA;103540;;;ANOMALIE - Document d'identité expiré;;
1017;SR;139110;PARTICULIERS SALARIES;125227;;;ANOMALIE - Document d'identité expiré;;
1017;SR;577027;Autres services NCA;119325;;;ANOMALIE - Document d'identité expiré;;
1017;SR;577427;;124990;;;ANOMALIE - Document d'identité expiré;;
1017;SR;577454;;125538;;;ANOMALIE - Document d'identité expiré;;
1017;SR;577481;;125676;;;ANOMALIE - Document d'identité expiré;;
1017;SR;577243;Etat;122505;;;ANOMALIE - Document d'identité expiré;;
1017;SR;577077;Autres services NCA;120301;;;ANOMALIE - Document d'identité expiré;;
1017;SR;577048;Enseignement universitaire;119908;;;ANOMALIE - Document d'identité expiré;;
1017;SR;577014;COMMERCE DE DETAIL;119097;;;ANOMALIE - Document d'identité expiré;;
1017;SR;578066;;135345;;;ANOMALIE - Document d'identité expiré;;
1017;SR;577754;;130471;;;ANOMALIE - Document d'identité expiré;;
1017;SR;577934;Autres services NCA;133647;;;ANOMALIE - Document d'identité expiré;;
1017;SR;578149;;136822;;;ANOMALIE - Document d'identité expiré;;
1017;SR;578423;;143065;ANOMALIE - Mineur de plus de 21 ans;;;;
1017;SR;578250;;139213;;;ANOMALIE - Document d'identité expiré;;
1017;SR;578457;;143291;ANOMALIE - Mineur de plus de 21 ans;;;;
1017;SR;578343;;141152;;;ANOMALIE - Document d'identité expiré;;
1017;SR;578760;Autres services NCA;149870;;;ANOMALIE - Document d'identité expiré;;
1017;SR;578595;;145846;;;ANOMALIE - Document d'identité expiré;;
1017;SR;578738;;90678;;;ANOMALIE - Document d'identité expiré;;
1017;SR;578738;;149494;;;ANOMALIE - Document d'identité expiré;;
1017;SR;578763;;149963;;;ANOMALIE - Document d'identité expiré;;
1017;SR;904931;Autres services NCA;150747;;;ANOMALIE - Document d'identité expiré;;
1017;SR;578562;;145079;ANOMALIE - Mineur de plus de 21 ans;;;;
1017;SR;578797;;151381;;;ANOMALIE - Document d'identité expiré;;
1017;SR;578881;Autres services NCA;153454;;;ANOMALIE - Document d'identité expiré;;
1017;SR;578949;;156809;;;ANOMALIE - Document d'identité expiré;;
1017;SR;579068;;159575;;;ANOMALIE - Document d'identité expiré;;
1017;SR;579000;;158326;ANOMALIE - Mineur de plus de 21 ans;;;;
1017;SR;579058;;159195;;;ANOMALIE - Document d'identité expiré;;
1017;SR;578965;;157684;;;ANOMALIE - Document d'identité expiré;;
1017;SR;579105;;160915;;;ANOMALIE - Document d'identité expiré;;
1017;SR;579287;Autres services NCA;165172;;;ANOMALIE - Document d'identité expiré;;
1017;SR;579390;;167148;;;ANOMALIE - Document d'identité expiré;;
1017;SR;579355;;166749;;;ANOMALIE - Document d'identité expiré;;
1017;SR;579404;;167466;;;ANOMALIE - Document d'identité expiré;;
1017;SR;579373;;166928;;;ANOMALIE - Document d'identité expiré;;
1017;SR;579408;;167368;;;ANOMALIE - Document d'identité expiré;;
1017;SR;579596;;169801;;;ANOMALIE - Document d'identité expiré;;
1017;SR;579503;;168889;;;ANOMALIE - Document d'identité expiré;;
1017;SR;579591;;169744;ANOMALIE - Mineur de plus de 21 ans;;ANOMALIE - Document d'identité expiré;;
1017;SR;579572;;169520;;;ANOMALIE - Document d'identité expiré;;
1017;SR;579573;;169524;;;ANOMALIE - Document d'identité expiré;;
1017;SR;579486;;168453;;;ANOMALIE - Document d'identité expiré;;
1017;SR;579581;;169617;;;ANOMALIE - Document d'identité expiré;;
1017;SR;579539;;169126;;;ANOMALIE - Document d'identité expiré;;
1017;SR;579615;;170059;ANOMALIE - Mineur de plus de 21 ans;;;;
1017;SR;579619;;170149;ANOMALIE - Mineur de plus de 21 ans;;;;
1017;SR;579852;;172731;;;ANOMALIE - Document d'identité expiré;;
1017;SR;580021;;174884;;;ANOMALIE - Document d'identité expiré;;
1017;SR;579964;;174101;;;ANOMALIE - Document d'identité expiré;;
1017;SR;579738;;171568;ANOMALIE - Mineur de plus de 21 ans;;ANOMALIE - Document d'identité expiré;;
1017;SR;579883;;173084;;;ANOMALIE - Document d'identité expiré;;
1017;SR;580219;;179088;;;ANOMALIE - Document d'identité expiré;;
1017;SR;579805;;172298;;;ANOMALIE - Document d'identité expiré;;
1017;SR;580071;;176008;;;ANOMALIE - Document d'identité expiré;;
1017;SR;579755;Autres services NCA;171757;;;ANOMALIE - Document d'identité expiré;;
1017;SR;579928;;173652;;;ANOMALIE - Document d'identité expiré;;
1017;SR;580191;;178240;;;ANOMALIE - Document d'identité expiré;;
1017;SR;580102;;176070;;;ANOMALIE - Document d'identité expiré;;
1017;SR;580010;;174731;;;ANOMALIE - Document d'identité expiré;;
1017;SR;580200;;178477;;;ANOMALIE - Document d'identité expiré;;
1017;SR;580134;;176641;;;ANOMALIE - Document d'identité expiré;;
1017;SR;579867;;172887;;;ANOMALIE - Document d'identité expiré;;
1017;SR;580265;;181279;;;ANOMALIE - Document d'identité expiré;;
1017;SR;580323;;183292;;;ANOMALIE - Document d'identité expiré;;
1017;SR;580392;;185663;;;ANOMALIE - Document d'identité expiré;;
1017;SR;580488;;188239;;;ANOMALIE - Document d'identité expiré;;
1017;SR;578741;;149611;;;ANOMALIE - Document d'identité expiré;;
1017;SR;580370;;184906;;;ANOMALIE - Document d'identité expiré;;
1017;SR;580615;;191264;;;ANOMALIE - Document d'identité expiré;;
1017;SR;580589;;190716;;;ANOMALIE - Document d'identité expiré;;
1017;SR;580772;;196258;;;ANOMALIE - Document d'identité expiré;;
1017;SR;580754;;195897;;;ANOMALIE - Document d'identité expiré;;
1017;SR;580673;;193179;;;ANOMALIE - Document d'identité expiré;;
1017;SR;580761;;196086;;;ANOMALIE - Document d'identité expiré;;
1017;SR;580640;;192042;;;ANOMALIE - Document d'identité expiré;;
1017;SR;580813;;197535;;;ANOMALIE - Document d'identité expiré;;
1017;SR;580824;;197997;;;ANOMALIE - Document d'identité expiré;;
1017;SR;580876;Particuliers non commerciaux;199091;;;ANOMALIE - Document d'identité expiré;;
1017;SR;580975;Particuliers non commerciaux;933941;;;ANOMALIE - Document d'identité expiré;;
1017;SR;580977;Particuliers non commerciaux;934036;;;ANOMALIE - Document d'identité expiré;;
1017;SR;581015;Particuliers non commerciaux;936655;ANOMALIE - Mineur de plus de 21 ans;;ANOMALIE - Document d'identité expiré;;
1017;SR;581018;Particuliers non commerciaux;936777;ANOMALIE - Mineur de plus de 21 ans;;ANOMALIE - Document d'identité expiré;;
1017;SR;581215;Particuliers non commerciaux;946227;;;ANOMALIE - Document d'identité expiré;;
1017;SR;581114;Particuliers non commerciaux;943554;;;ANOMALIE - Document d'identité expiré;;
1017;SR;581038;Particuliers non commerciaux;938158;;;ANOMALIE - Document d'identité expiré;;
1017;SR;581362;Particuliers non commerciaux;951378;;;ANOMALIE - Document d'identité expiré;;
1017;SR;581339;Particuliers non commerciaux;950554;;;ANOMALIE - Document d'identité expiré;;
1017;SR;581335;Particuliers non commerciaux;950438;;;ANOMALIE - Document d'identité expiré;;
1017;SR;581382;Particuliers non commerciaux;952189;;;ANOMALIE - Document d'identité expiré;;
1017;SR;581273;Particuliers non commerciaux;948403;;;ANOMALIE - Document d'identité expiré;;
1017;SR;581453;Particuliers non commerciaux;955696;ANOMALIE - Mineur de plus de 21 ans;;;;
1017;SR;581628;Particuliers non commerciaux;965305;;;ANOMALIE - Document d'identité expiré;;
1017;SR;581527;Particuliers non commerciaux;959741;ANOMALIE - Mineur de plus de 21 ans;;;;
1017;SR;581633;Particuliers non commerciaux;1034044;ANOMALIE - Mineur de plus de 21 ans;;ANOMALIE - Document d'identité expiré;;
1017;SR;581640;Particuliers non commerciaux;965873;ANOMALIE - Mineur de plus de 21 ans;;ANOMALIE - Document d'identité expiré;;
1017;SR;581576;Particuliers non commerciaux;961946;;;ANOMALIE - Document d'identité expiré;;
1017;SR;581591;Particuliers non commerciaux;962528;;;ANOMALIE - Document d'identité expiré;;
1017;SR;581561;Particuliers non commerciaux;961029;ANOMALIE - Mineur de plus de 21 ans;;;;
1017;SR;581558;Particuliers non commerciaux;961020;ANOMALIE - Mineur de plus de 21 ans;;;;
1017;SR;581545;Particuliers non commerciaux;960894;ANOMALIE - Mineur de plus de 21 ans;;;;
1017;SR;581569;Particuliers non commerciaux;961633;;;ANOMALIE - Document d'identité expiré;;
1017;SR;581668;Particuliers non commerciaux;967387;;;ANOMALIE - Document d'identité expiré;;
1017;SR;581768;Particuliers non commerciaux;974474;;;ANOMALIE - Document d'identité expiré;;
1017;SR;581800;Particuliers non commerciaux;976649;;;ANOMALIE - Document d'identité expiré;;
1017;SR;581837;Particuliers non commerciaux;978564;ANOMALIE - Mineur de plus de 21 ans;;ANOMALIE - Document d'identité expiré;;
1017;SR;581908;Particuliers non commerciaux;981808;;;ANOMALIE - Document d'identité expiré;;
1017;SR;581883;Particuliers non commerciaux;980968;;;ANOMALIE - Document d'identité expiré;;
1017;SR;581865;Particuliers non commerciaux;980093;ANOMALIE - Mineur de plus de 21 ans;;ANOMALIE - Document d'identité expiré;;
1017;SR;581972;Particuliers non commerciaux;984609;;;ANOMALIE - Document d'identité expiré;;
1017;SR;581947;Particuliers non commerciaux;983786;;;ANOMALIE - Document d'identité expiré;;
1017;SR;581916;Particuliers non commerciaux;982364;ANOMALIE - Mineur de plus de 21 ans;;;;
1017;SR;582657;Particuliers non commerciaux;993741;;;ANOMALIE - Document d'identité expiré;;
1017;SR;582712;Particuliers non commerciaux;994161;;;ANOMALIE - Document d'identité expiré;;
1017;SR;582117;Particuliers non commerciaux;987432;ANOMALIE - Mineur de plus de 21 ans;;;;
1017;SR;582508;Particuliers non commerciaux;991735;ANOMALIE - Mineur de plus de 21 ans;;;;
1017;SR;582018;Particuliers non commerciaux;985169;;;ANOMALIE - Document d'identité expiré;;
1017;SR;582906;Particuliers non commerciaux;996426;ANOMALIE - Mineur de plus de 21 ans;;;;
1017;SR;583052;Particuliers non commerciaux;998205;ANOMALIE - Mineur de plus de 21 ans;;;;
1017;SR;583029;Particuliers non commerciaux;997666;;;ANOMALIE - Document d'identité expiré;;
1017;SR;583202;Particuliers non commerciaux;1000591;ANOMALIE - Mineur de plus de 21 ans;;;;
1017;SR;583234;Particuliers non commerciaux;1001906;ANOMALIE - Mineur de plus de 21 ans;;;;
1017;SR;583243;Particuliers non commerciaux;1002319;;;ANOMALIE - Document d'identité expiré;;
1017;SR;583371;Particuliers non commerciaux;1010039;ANOMALIE - Mineur de plus de 21 ans;;;;
1017;SR;583378;Particuliers non commerciaux;1010344;ANOMALIE - Mineur de plus de 21 ans;;;;
1017;SR;583568;Particuliers non commerciaux;1017953;ANOMALIE - Mineur de plus de 21 ans;;ANOMALIE - Document d'identité expiré;;
1017;SR;583527;Particuliers non commerciaux;1016429;;;ANOMALIE - Document d'identité expiré;;
1017;SR;583587;Particuliers non commerciaux;1019610;ANOMALIE - Mineur de plus de 21 ans;;;;
1017;SR;583471;Particuliers non commerciaux;1015752;;;ANOMALIE - Document d'identité expiré;;
1017;SR;580923;Particuliers non commerciaux;200671;;;ANOMALIE - Document d'identité expiré;;
1017;SR;581596;Particuliers non commerciaux;962790;ANOMALIE - Mineur de plus de 21 ans;;ANOMALIE - Document d'identité expiré;;
1017;SR;583754;Particuliers non commerciaux;1025920;ANOMALIE - Mineur de plus de 21 ans;;;;
1017;SR;583975;Particuliers non commerciaux;1032825;ANOMALIE - Mineur de plus de 21 ans;;ANOMALIE - Document d'identité expiré;;
1017;SR;583911;Particuliers non commerciaux;1030371;;;ANOMALIE - Document d'identité expiré;;
1017;SR;584219;Particuliers non commerciaux;1043145;ANOMALIE - Mineur de plus de 21 ans;;;;
1017;SR;584185;Particuliers non commerciaux;1042551;ANOMALIE - Mineur de plus de 21 ans;;;;
1017;SR;584147;Particuliers non commerciaux;1041754;;;ANOMALIE - Document d'identité expiré;;
1017;SR;577301;;123207;ANOMALIE - Mineur de plus de 21 ans;;;;
1017;SR;577308;COMMERCE DE DETAIL;123273;;;ANOMALIE - Document d'identité expiré;;
1017;SR;577341;;123680;;;ANOMALIE - Document d'identité expiré;;
1017;SR;130355;PARTICULIERS SALARIES;70424;;;ANOMALIE - Document d'identité expiré;;
1017;SR;900259;PARTICULIERS NON-SALARIES;79287;;;ANOMALIE - Document d'identité expiré;;
1017;SR;577020;COMMERCE DE DETAIL;119200;;;ANOMALIE - Document d'identité expiré;;
1017;SR;577197;Autres services NCA;121699;;;ANOMALIE - Document d'identité expiré;;
1017;SR;577050;Autres services NCA;119916;;;ANOMALIE - Document d'identité expiré;;
1017;SR;577691;;129424;;;ANOMALIE - Document d'identité expiré;;
1017;SR;577560;;126963;;;ANOMALIE - Document d'identité expiré;;
1017;SR;578035;Autres services NCA;135001;;;ANOMALIE - Document d'identité expiré;;
1017;SR;577801;;131202;;;ANOMALIE - Document d'identité expiré;;
1017;SR;578033;;134965;;;ANOMALIE - Document d'identité expiré;;
1017;SR;578023;;134762;;;ANOMALIE - Document d'identité expiré;;
1017;SR;578193;;137779;;;ANOMALIE - Document d'identité expiré;;
1017;SR;578526;;143981;;;ANOMALIE - Document d'identité expiré;;
1017;SR;578445;;143227;;;ANOMALIE - Document d'identité expiré;;
1017;SR;578543;;144329;;;ANOMALIE - Document d'identité expiré;;
1017;SR;578716;;148528;;;ANOMALIE - Document d'identité expiré;;
1017;SR;578747;;149661;;;ANOMALIE - Document d'identité expiré;;
1017;SR;578723;;148795;;;ANOMALIE - Document d'identité expiré;;
1017;SR;578610;;146276;;;ANOMALIE - Document d'identité expiré;;
1017;SR;578588;;145664;ANOMALIE - Mineur de plus de 21 ans;;ANOMALIE - Document d'identité expiré;;
1017;SR;578835;;152516;;;ANOMALIE - Document d'identité expiré;;
1017;SR;578898;;153884;;;ANOMALIE - Document d'identité expiré;;
1017;SR;578927;Autres services NCA;155045;;;ANOMALIE - Document d'identité expiré;;
1017;SR;578977;;158038;;;ANOMALIE - Document d'identité expiré;;
1017;SR;579107;;161058;;;ANOMALIE - Document d'identité expiré;;
1017;SR;579150;;161914;;;ANOMALIE - Document d'identité expiré;;
1017;SR;579233;Autres services NCA;163502;;;ANOMALIE - Document d'identité expiré;;
1017;SR;579319;;166206;;;ANOMALIE - Document d'identité expiré;;
1017;SR;579306;;165741;;;ANOMALIE - Document d'identité expiré;;
1017;SR;579282;;164917;;;ANOMALIE - Document d'identité expiré;;
1017;SR;579420;;167494;;;ANOMALIE - Document d'identité expiré;;
1017;SR;579365;;166861;;;ANOMALIE - Document d'identité expiré;;
1017;SR;579469;;168190;;;ANOMALIE - Document d'identité expiré;;
1017;SR;580040;;175176;ANOMALIE - Mineur de plus de 21 ans;;ANOMALIE - Document d'identité expiré;;
1017;SR;579682;;170913;;;ANOMALIE - Document d'identité expiré;;
1017;SR;579753;;171729;ANOMALIE - Mineur de plus de 21 ans;;ANOMALIE - Document d'identité expiré;;
1017;SR;579740;;171573;ANOMALIE - Mineur de plus de 21 ans;;ANOMALIE - Document d'identité expiré;;
1017;SR;580139;;176792;;;ANOMALIE - Document d'identité expiré;;
1017;SR;580037;;175138;;;ANOMALIE - Document d'identité expiré;;
1017;SR;579829;;172571;;;ANOMALIE - Document d'identité expiré;;
1017;SR;579864;;172855;;;ANOMALIE - Document d'identité expiré;;
1017;SR;579962;;174063;;;ANOMALIE - Document d'identité expiré;;
1017;SR;580214;;178901;;;ANOMALIE - Document d'identité expiré;;
1017;SR;580211;;178827;;;ANOMALIE - Document d'identité expiré;;
1017;SR;579713;;171217;ANOMALIE - Mineur de plus de 21 ans;;ANOMALIE - Document d'identité expiré;;
1017;SR;580135;;176668;ANOMALIE - Mineur de plus de 21 ans;;;;
1017;SR;580084;;175825;;;ANOMALIE - Document d'identité expiré;;
1017;SR;580049;;175280;ANOMALIE - Mineur de plus de 21 ans;;;;
1017;SR;580150;;177017;;;ANOMALIE - Document d'identité expiré;;
1017;SR;579835;;172591;;;ANOMALIE - Document d'identité expiré;;
1017;SR;579956;;173967;;;ANOMALIE - Document d'identité expiré;;
1017;SR;579729;;171439;ANOMALIE - Mineur de plus de 21 ans;;ANOMALIE - Document d'identité expiré;;
1017;SR;580474;;187907;;;ANOMALIE - Document d'identité expiré;;
1017;SR;580279;;181767;;;ANOMALIE - Document d'identité expiré;;
1017;SR;580278;;181756;;;ANOMALIE - Document d'identité expiré;;
1017;SR;580444;;187286;;;ANOMALIE - Document d'identité expiré;;
1017;SR;580303;;182518;;;ANOMALIE - Document d'identité expiré;;
1017;SR;580415;;186331;;;ANOMALIE - Document d'identité expiré;;
1017;SR;580345;;183988;;;ANOMALIE - Document d'identité expiré;;
1017;SR;580449;;187389;;;ANOMALIE - Document d'identité expiré;;
1017;SR;580610;;191056;;;ANOMALIE - Document d'identité expiré;;
1017;SR;580613;;191216;;;ANOMALIE - Document d'identité expiré;;
1017;SR;580579;;190484;;;ANOMALIE - Document d'identité expiré;;
1017;SR;580601;;190874;ANOMALIE - Mineur de plus de 21 ans;;ANOMALIE - Document d'identité expiré;;
1017;SR;580611;;191150;;;ANOMALIE - Document d'identité expiré;;
1017;SR;580741;;195682;;;ANOMALIE - Document d'identité expiré;;
1017;SR;580703;;193987;;;ANOMALIE - Document d'identité expiré;;
1017;SR;580717;;194834;;;ANOMALIE - Document d'identité expiré;;
1017;SR;580766;;196148;ANOMALIE - Mineur de plus de 21 ans;;ANOMALIE - Document d'identité expiré;;
1017;SR;580787;;196768;;;ANOMALIE - Document d'identité expiré;;
1017;SR;580809;;197445;;;ANOMALIE - Document d'identité expiré;;
1017;SR;580856;Particuliers non commerciaux;198697;;;ANOMALIE - Document d'identité expiré;;
1017;SR;580908;Particuliers non commerciaux;200004;;;ANOMALIE - Document d'identité expiré;;
1017;SR;580934;Particuliers non commerciaux;201103;;;ANOMALIE - Document d'identité expiré;;
1017;SR;580976;Particuliers non commerciaux;934002;ANOMALIE - Mineur de plus de 21 ans;;ANOMALIE - Document d'identité expiré;;
1017;SR;581001;Particuliers non commerciaux;935851;;;ANOMALIE - Document d'identité expiré;;
1017;SR;580986;Particuliers non commerciaux;934730;;;ANOMALIE - Document d'identité expiré;;
1017;SR;581186;Particuliers non commerciaux;945239;;;ANOMALIE - Document d'identité expiré;;
1017;SR;581139;Particuliers non commerciaux;944204;;;ANOMALIE - Document d'identité expiré;;
1017;SR;581140;Particuliers non commerciaux;944226;;;ANOMALIE - Document d'identité expiré;;
1017;SR;581084;Particuliers non commerciaux;941189;;;ANOMALIE - Document d'identité expiré;;
1017;SR;581190;Particuliers non commerciaux;945382;;;ANOMALIE - Document d'identité expiré;;
1017;SR;581360;Particuliers non commerciaux;951320;;;ANOMALIE - Document d'identité expiré;;
1017;SR;581327;Particuliers non commerciaux;949919;ANOMALIE - Mineur de plus de 21 ans;;ANOMALIE - Document d'identité expiré;;
1017;SR;581289;Particuliers non commerciaux;948794;;;ANOMALIE - Document d'identité expiré;;
1017;SR;581313;Particuliers non commerciaux;949482;;;ANOMALIE - Document d'identité expiré;;
1017;SR;581383;Particuliers non commerciaux;952277;;;ANOMALIE - Document d'identité expiré;;
1017;SR;581491;Particuliers non commerciaux;957642;;;ANOMALIE - Document d'identité expiré;;
1017;SR;581445;Particuliers non commerciaux;955653;ANOMALIE - Mineur de plus de 21 ans;;;;
1017;SR;581478;Particuliers non commerciaux;956543;;;ANOMALIE - Document d'identité expiré;;
1017;SR;581602;Particuliers non commerciaux;963248;;;ANOMALIE - Document d'identité expiré;;
1017;SR;581619;Particuliers non commerciaux;964675;;;ANOMALIE - Document d'identité expiré;;
1017;SR;581513;Particuliers non commerciaux;958927;;;ANOMALIE - Document d'identité expiré;;
1017;SR;581502;Particuliers non commerciaux;958161;;;ANOMALIE - Document d'identité expiré;;
1017;SR;581734;Particuliers non commerciaux;972808;;;ANOMALIE - Document d'identité expiré;;
1017;SR;581761;Particuliers non commerciaux;974188;;;ANOMALIE - Document d'identité expiré;;
1017;SR;581831;Particuliers non commerciaux;978131;ANOMALIE - Mineur de plus de 21 ans;;ANOMALIE - Document d'identité expiré;;
1017;SR;581875;Particuliers non commerciaux;980548;ANOMALIE - Mineur de plus de 21 ans;;ANOMALIE - Document d'identité expiré;;
1017;SR;581966;Particuliers non commerciaux;984375;;;ANOMALIE - Document d'identité expiré;;
1017;SR;581921;Particuliers non commerciaux;982382;ANOMALIE - Mineur de plus de 21 ans;;ANOMALIE - Document d'identité expiré;;
1017;SR;582296;Particuliers non commerciaux;989571;ANOMALIE - Mineur de plus de 21 ans;;;;
1017;SR;582224;Particuliers non commerciaux;989305;;;ANOMALIE - Document d'identité expiré;;
1017;SR;581987;Particuliers non commerciaux;984801;;;ANOMALIE - Document d'identité expiré;;
1017;SR;582752;Particuliers non commerciaux;994312;;;ANOMALIE - Document d'identité expiré;;
1017;SR;582684;Particuliers non commerciaux;993939;;;ANOMALIE - Document d'identité expiré;;
1017;SR;582310;Particuliers non commerciaux;989719;;;ANOMALIE - Document d'identité expiré;;
1017;SR;582044;Particuliers non commerciaux;986204;;;ANOMALIE - Document d'identité expiré;;
1017;SR;582515;Particuliers non commerciaux;991935;ANOMALIE - Mineur de plus de 21 ans;;;;
1017;SR;582736;Particuliers non commerciaux;994247;;;ANOMALIE - Document d'identité expiré;;
1017;SR;582007;Particuliers non commerciaux;985142;;;ANOMALIE - Document d'identité expiré;;
1017;SR;583081;Particuliers non commerciaux;998570;;;ANOMALIE - Document d'identité expiré;;
1017;SR;583044;Particuliers non commerciaux;998074;;;ANOMALIE - Document d'identité expiré;;
1017;SR;583212;Particuliers non commerciaux;1000930;;;ANOMALIE - Document d'identité expiré;;
1017;SR;583246;Particuliers non commerciaux;1002445;ANOMALIE - Mineur de plus de 21 ans;;ANOMALIE - Document d'identité expiré;;
1017;SR;583278;Particuliers non commerciaux;1003946;;;ANOMALIE - Document d'identité expiré;;
1017;SR;583283;Particuliers non commerciaux;1004281;;;ANOMALIE - Document d'identité expiré;;
1017;SR;583297;Particuliers non commerciaux;1005297;;;ANOMALIE - Document d'identité expiré;;
1017;SR;583433;Particuliers non commerciaux;1013567;;;ANOMALIE - Document d'identité expiré;;
1017;SR;583474;Particuliers non commerciaux;1015912;ANOMALIE - Mineur de plus de 21 ans;;;;
1017;SR;583559;Particuliers non commerciaux;1017348;;;ANOMALIE - Document d'identité expiré;;
1017;SR;583562;Particuliers non commerciaux;1017573;;;ANOMALIE - Document d'identité expiré;;
1017;SR;581777;Particuliers non commerciaux;975029;;;ANOMALIE - Document d'identité expiré;;
1017;SR;583663;Particuliers non commerciaux;1024514;ANOMALIE - Mineur de plus de 21 ans;;;;
1017;SR;583710;Particuliers non commerciaux;1025492;ANOMALIE - Mineur de plus de 21 ans;;;;
1017;SR;583722;Particuliers non commerciaux;1025635;;;ANOMALIE - Document d'identité expiré;;
1017;SR;583825;Particuliers non commerciaux;1027853;ANOMALIE - Mineur de plus de 21 ans;;;;
1017;SR;583886;Particuliers non commerciaux;1029545;;;ANOMALIE - Document d'identité expiré;;
1017;SR;583881;Particuliers non commerciaux;1029208;;;ANOMALIE - Document d'identité expiré;;
1017;SR;584016;Particuliers non commerciaux;1034728;ANOMALIE - Mineur de plus de 21 ans;;ANOMALIE - Document d'identité expiré;;
1017;SR;584048;Particuliers non commerciaux;1036921;ANOMALIE - Mineur de plus de 21 ans;;;;
1017;SR;584216;Particuliers non commerciaux;1043068;ANOMALIE - Mineur de plus de 21 ans;;;;
1017;SR;584259;Particuliers non commerciaux;1043927;ANOMALIE - Mineur de plus de 21 ans;;;;
1017;SR;584228;Particuliers non commerciaux;1043436;ANOMALIE - Mineur de plus de 21 ans;;;;
1017;SR;584240;Particuliers non commerciaux;1043530;ANOMALIE - Mineur de plus de 21 ans;;ANOMALIE - Document d'identité expiré;;
1017;SR;581771;Particuliers non commerciaux;974709;ANOMALIE - Mineur de plus de 21 ans;;ANOMALIE - Document d'identité expiré;;
1017;SR;707891;AUTRES COMMUNICATIONS;35528;;;ANOMALIE - Document d'identité expiré;;
1017;SR;211492;PARTICULIERS SALARIES;58500;;;ANOMALIE - Document d'identité expiré;;
1017;SR;577362;;123967;;;ANOMALIE - Document d'identité expiré;;
1017;SR;311273;;45013;;;ANOMALIE - Document d'identité expiré;;
1017;SR;577282;COMMERCE DE DETAIL;123029;;;ANOMALIE - Document d'identité expiré;;
1017;SR;577278;Autres services NCA;122956;;;ANOMALIE - Document d'identité expiré;;
1017;SR;577566;;127097;ANOMALIE - Mineur de plus de 21 ans;;ANOMALIE - Document d'identité expiré;;
1017;SR;577665;;128904;;;ANOMALIE - Document d'identité expiré;;
1017;SR;577581;;127485;ANOMALIE - Mineur de plus de 21 ans;;;;
1017;SR;577945;;133774;ANOMALIE - Mineur de plus de 21 ans;;;;
1017;SR;577793;;131021;;;ANOMALIE - Document d'identité expiré;;
1017;SR;578077;;135508;;;ANOMALIE - Document d'identité expiré;;
1017;SR;577904;;133152;;;ANOMALIE - Document d'identité expiré;;
1017;SR;578158;;136941;;;ANOMALIE - Document d'identité expiré;;
1017;SR;578124;;136293;;;ANOMALIE - Document d'identité expiré;;
1017;SR;578118;;135989;;;ANOMALIE - Document d'identité expiré;;
1017;SR;578213;;138339;;;ANOMALIE - Document d'identité expiré;;
1017;SR;578233;Autres ind de meubles & article;138851;;;ANOMALIE - Document d'identité expiré;;
1017;SR;578500;;143683;;;ANOMALIE - Document d'identité expiré;;
1017;SR;578547;Autres services NCA;144492;;;ANOMALIE - Document d'identité expiré;;
1017;SR;578340;;141123;;;ANOMALIE - Document d'identité expiré;;
1017;SR;578596;;145855;;;ANOMALIE - Document d'identité expiré;;
1017;SR;578748;;149665;;;ANOMALIE - Document d'identité expiré;;
1017;SR;578692;;147686;;;ANOMALIE - Document d'identité expiré;;
1017;SR;578623;;146529;;;ANOMALIE - Document d'identité expiré;;
1017;SR;578851;;153073;;;ANOMALIE - Document d'identité expiré;;
1017;SR;578901;;153996;;;ANOMALIE - Document d'identité expiré;;
1017;SR;578923;;154887;;;ANOMALIE - Document d'identité expiré;;
1017;SR;579103;;160782;;;ANOMALIE - Document d'identité expiré;;
1017;SR;579047;Ind produits pharmaceutiques;169517;;;ANOMALIE - Document d'identité expiré;;
1017;SR;578964;;157664;;;ANOMALIE - Document d'identité expiré;;
1017;SR;579131;;161570;;;ANOMALIE - Document d'identité expiré;;
1017;SR;579081;;159984;;;ANOMALIE - Document d'identité expiré;;
1017;SR;579035;;158858;;;ANOMALIE - Document d'identité expiré;;
1017;SR;579165;;161961;ANOMALIE - Mineur de plus de 21 ans;;;;
1017;SR;579164;;161956;;;ANOMALIE - Document d'identité expiré;;
1017;SR;579264;;164308;;;ANOMALIE - Document d'identité expiré;;
1017;SR;579244;;163746;;;ANOMALIE - Document d'identité expiré;;
1017;SR;579239;;163637;;;ANOMALIE - Document d'identité expiré;;
1017;SR;579216;;162917;ANOMALIE - Mineur de plus de 21 ans;;ANOMALIE - Document d'identité expiré;;
1017;SR;579222;;163238;;;ANOMALIE - Document d'identité expiré;;
1017;SR;579302;Autres services NCA;165574;;;ANOMALIE - Document d'identité expiré;;
1017;SR;579427;;167621;;;ANOMALIE - Document d'identité expiré;;
1017;SR;579406;;167285;;;ANOMALIE - Document d'identité expiré;;
1017;SR;579417;;167488;;;ANOMALIE - Document d'identité expiré;;
1017;SR;579425;;167552;;;ANOMALIE - Document d'identité expiré;;
1017;SR;579512;;168795;;;ANOMALIE - Document d'identité expiré;;
1017;SR;579493;;168533;;;ANOMALIE - Document d'identité expiré;;
1017;SR;579497;;168550;;;ANOMALIE - Document d'identité expiré;;
1017;SR;579456;;168002;;;ANOMALIE - Document d'identité expiré;;
1017;SR;579465;;168123;;;ANOMALIE - Document d'identité expiré;;
1017;SR;579532;;169074;;;ANOMALIE - Document d'identité expiré;;
1017;SR;579450;;167919;;;ANOMALIE - Document d'identité expiré;;
1017;SR;579625;;170161;;;ANOMALIE - Document d'identité expiré;;
1017;SR;579810;;172330;;;ANOMALIE - Document d'identité expiré;;
1017;SR;580060;;175410;;;ANOMALIE - Document d'identité expiré;;
1017;SR;580193;;178254;;;ANOMALIE - Document d'identité expiré;;
1017;SR;580142;;176803;;;ANOMALIE - Document d'identité expiré;;
1017;SR;579731;;171452;ANOMALIE - Mineur de plus de 21 ans;;ANOMALIE - Document d'identité expiré;;
1017;SR;580238;;179975;;;ANOMALIE - Document d'identité expiré;;
1017;SR;580435;;186968;;;ANOMALIE - Document d'identité expiré;;
1017;SR;580341;;183853;;;ANOMALIE - Document d'identité expiré;;
1017;SR;580385;;185483;;;ANOMALIE - Document d'identité expiré;;
1017;SR;580332;;183589;;;ANOMALIE - Document d'identité expiré;;
1017;SR;580312;;182681;;;ANOMALIE - Document d'identité expiré;;
1017;SR;580603;;190913;;;ANOMALIE - Document d'identité expiré;;
1017;SR;580602;;190878;;;ANOMALIE - Document d'identité expiré;;
1017;SR;580627;;191645;ANOMALIE - Mineur de plus de 21 ans;;ANOMALIE - Document d'identité expiré;;
1017;SR;580564;;190192;;;ANOMALIE - Document d'identité expiré;;
1017;SR;580648;;192307;ANOMALIE - Mineur de plus de 21 ans;;ANOMALIE - Document d'identité expiré;;
1017;SR;580788;;196803;;;ANOMALIE - Document d'identité expiré;;
1017;SR;580843;Particuliers non commerciaux;198459;;;ANOMALIE - Document d'identité expiré;;
1017;SR;580919;Particuliers non commerciaux;200344;ANOMALIE - Mineur de plus de 21 ans;;ANOMALIE - Document d'identité expiré;;
1017;SR;580885;Particuliers non commerciaux;199345;;;ANOMALIE - Document d'identité expiré;;
1017;SR;580897;TEXTILES NON CLASSES;199754;;;ANOMALIE - Document d'identité expiré;;
1017;SR;580895;Particuliers non commerciaux;199624;;;ANOMALIE - Document d'identité expiré;;
1017;SR;580991;Particuliers non commerciaux;935492;;;ANOMALIE - Document d'identité expiré;;
1017;SR;581093;ECOLES TECH ET PROF;941556;ANOMALIE - Mineur de plus de 21 ans;;ANOMALIE - Document d'identité expiré;;
1017;SR;581158;Particuliers non commerciaux;944549;;;ANOMALIE - Document d'identité expiré;;
1017;SR;581086;Particuliers non commerciaux;941230;;;ANOMALIE - Document d'identité expiré;;
1017;SR;581080;Particuliers non commerciaux;941064;;;ANOMALIE - Document d'identité expiré;;
1017;SR;581202;Particuliers non commerciaux;945776;;;ANOMALIE - Document d'identité expiré;;
1017;SR;581053;Particuliers non commerciaux;939111;;;ANOMALIE - Document d'identité expiré;;
1017;SR;581342;Particuliers non commerciaux;950789;;;ANOMALIE - Document d'identité expiré;;
1017;SR;581407;Particuliers non commerciaux;953390;ANOMALIE - Mineur de plus de 21 ans;;ANOMALIE - Document d'identité expiré;;
1017;SR;581309;Particuliers non commerciaux;949415;;;ANOMALIE - Document d'identité expiré;;
1017;SR;581370;Particuliers non commerciaux;951631;;;ANOMALIE - Document d'identité expiré;;
1017;SR;581234;Particuliers non commerciaux;947106;;;ANOMALIE - Document d'identité expiré;;
1017;SR;581385;Particuliers non commerciaux;952289;;;ANOMALIE - Document d'identité expiré;;
1017;SR;581488;Particuliers non commerciaux;957577;;;ANOMALIE - Document d'identité expiré;;
1017;SR;581466;Particuliers non commerciaux;956040;;;ANOMALIE - Document d'identité expiré;;
1017;SR;581578;Particuliers non commerciaux;962072;ANOMALIE - Mineur de plus de 21 ans;;ANOMALIE - Document d'identité expiré;;
1017;SR;581533;Particuliers non commerciaux;960173;;;ANOMALIE - Document d'identité expiré;;
1017;SR;581538;Particuliers non commerciaux;960620;;;ANOMALIE - Document d'identité expiré;;
1017;SR;581690;Particuliers non commerciaux;968701;;;ANOMALIE - Document d'identité expiré;;
1017;SR;581671;Particuliers non commerciaux;967551;;;ANOMALIE - Document d'identité expiré;;
1017;SR;581662;Particuliers non commerciaux;967148;ANOMALIE - Mineur de plus de 21 ans;;ANOMALIE - Document d'identité expiré;;
1017;SR;581736;Particuliers non commerciaux;972850;ANOMALIE - Mineur de plus de 21 ans;;;;
1017;SR;581753;Particuliers non commerciaux;973908;;;ANOMALIE - Document d'identité expiré;;
1017;SR;581804;Particuliers non commerciaux;976772;;;ANOMALIE - Document d'identité expiré;;
1017;SR;581811;Particuliers non commerciaux;977388;;;ANOMALIE - Document d'identité expiré;;
1017;SR;581841;Particuliers non commerciaux;978920;;;ANOMALIE - Document d'identité expiré;;
1017;SR;581956;Particuliers non commerciaux;983994;;;ANOMALIE - Document d'identité expiré;;
1017;SR;582231;Particuliers non commerciaux;989369;ANOMALIE - Mineur de plus de 21 ans;;;;
1017;SR;582758;Particuliers non commerciaux;994321;ANOMALIE - Mineur de plus de 21 ans;;;;
1017;SR;582499;Particuliers non commerciaux;991639;;;ANOMALIE - Document d'identité expiré;;
1017;SR;582504;Particuliers non commerciaux;991731;ANOMALIE - Mineur de plus de 21 ans;;;;
1017;SR;582346;Particuliers non commerciaux;990113;ANOMALIE - Mineur de plus de 21 ans;;;;
1017;SR;582533;Particuliers non commerciaux;992055;ANOMALIE - Mineur de plus de 21 ans;;;;
1017;SR;582731;Particuliers non commerciaux;994242;;;ANOMALIE - Document d'identité expiré;;
1017;SR;582203;Particuliers non commerciaux;988856;;;ANOMALIE - Document d'identité expiré;;
1017;SR;582600;Particuliers non commerciaux;992940;;;ANOMALIE - Document d'identité expiré;;
1017;SR;583030;Particuliers non commerciaux;997691;ANOMALIE - Mineur de plus de 21 ans;;;;
1017;SR;583163;Particuliers non commerciaux;999704;ANOMALIE - Mineur de plus de 21 ans;;;;
1017;SR;583322;Particuliers non commerciaux;1006809;;;ANOMALIE - Document d'identité expiré;;
1017;SR;583334;Particuliers non commerciaux;1008042;;;ANOMALIE - Document d'identité expiré;;
1017;SR;583375;Particuliers non commerciaux;1010192;;;ANOMALIE - Document d'identité expiré;;
1017;SR;583362;Particuliers non commerciaux;1009579;ANOMALIE - Mineur de plus de 21 ans;;ANOMALIE - Document d'identité expiré;;
1017;SR;583367;Particuliers non commerciaux;1009765;ANOMALIE - Mineur de plus de 21 ans;;ANOMALIE - Document d'identité expiré;;
1017;SR;583492;Particuliers non commerciaux;1016259;;;ANOMALIE - Document d'identité expiré;;
1017;SR;583560;Particuliers non commerciaux;1017418;ANOMALIE - Mineur de plus de 21 ans;;ANOMALIE - Document d'identité expiré;;
1017;SR;583195;Particuliers non commerciaux;1000439;;;ANOMALIE - Document d'identité expiré;;
1017;SR;580270;;181420;;;ANOMALIE - Document d'identité expiré;;
1017;SR;583634;Particuliers non commerciaux;1022762;ANOMALIE - Mineur de plus de 21 ans;;ANOMALIE - Document d'identité expiré;;
1017;SR;583621;Particuliers non commerciaux;1022504;;;ANOMALIE - Document d'identité expiré;;
1017;SR;583668;Particuliers non commerciaux;1024759;;;ANOMALIE - Document d'identité expiré;;
1017;SR;583776;Particuliers non commerciaux;1027205;ANOMALIE - Mineur de plus de 21 ans;;ANOMALIE - Document d'identité expiré;;
1017;SR;583777;Particuliers non commerciaux;1027265;;;ANOMALIE - Document d'identité expiré;;
1017;SR;583882;Particuliers non commerciaux;1029265;ANOMALIE - Mineur de plus de 21 ans;;;;
1017;SR;583901;Particuliers non commerciaux;1029741;;;ANOMALIE - Document d'identité expiré;;
1017;SR;584086;Particuliers non commerciaux;1038358;ANOMALIE - Mineur de plus de 21 ans;;;;
1017;SR;584011;Particuliers non commerciaux;1034444;;;ANOMALIE - Document d'identité expiré;;
1017;SR;584171;Particuliers non commerciaux;1042188;ANOMALIE - Mineur de plus de 21 ans;;ANOMALIE - Document d'identité expiré;;
1017;SR;584454;Particuliers non commerciaux;4204424;ANOMALIE - Mineur de plus de 21 ans;;ANOMALIE - Document d'identité expiré;;
1017;SR;309827;PARTICULIERS SALARIES;19377;;;ANOMALIE - Document d'identité expiré;;
1017;SR;807937;Autres services NCA;51906;;;ANOMALIE - Document d'identité expiré;;
1017;SR;577355;;123873;;;ANOMALIE - Document d'identité expiré;;
1017;SR;577422;;124824;;;ANOMALIE - Document d'identité expiré;;
1017;SR;577290;;123131;ANOMALIE - Mineur de plus de 21 ans;;;;
1017;SR;577217;Autres services NCA;122032;;;ANOMALIE - Document d'identité expiré;;
1017;SR;577225;Services de soins de sante;122154;;;ANOMALIE - Document d'identité expiré;;
1017;SR;577229;Autres services NCA;122349;;;ANOMALIE - Document d'identité expiré;;
1017;SR;577517;;126388;;;ANOMALIE - Document d'identité expiré;;
1017;SR;577226;Autres banques intermediaire fin;122174;;;ANOMALIE - Document d'identité expiré;;
1017;SR;577818;;131480;;;ANOMALIE - Document d'identité expiré;;
1017;SR;577972;;133944;;;ANOMALIE - Document d'identité expiré;;
1017;SR;577834;;131691;;;ANOMALIE - Document d'identité expiré;;
1017;SR;578029;Autres services NCA;134922;;;ANOMALIE - Document d'identité expiré;;
1017;SR;577996;;134048;ANOMALIE - Mineur de plus de 21 ans;;;;
1017;SR;577827;;131648;;;ANOMALIE - Document d'identité expiré;;
1017;SR;578452;;143282;ANOMALIE - Mineur de plus de 21 ans;;;;
1017;SR;578427;;143074;ANOMALIE - Mineur de plus de 21 ans;;;;
1017;SR;578410;Autres services NCA;142677;;;ANOMALIE - Document d'identité expiré;;
1017;SR;578776;;150477;;;ANOMALIE - Document d'identité expiré;;
1017;SR;578941;;1031752;ANOMALIE - Mineur de plus de 21 ans;;ANOMALIE - Document d'identité expiré;;
1017;SR;578853;;186726;ANOMALIE - Mineur de plus de 21 ans;;ANOMALIE - Document d'identité expiré;;
1017;SR;579122;;161285;ANOMALIE - Mineur de plus de 21 ans;;;;
1017;SR;578960;;157220;;;ANOMALIE - Document d'identité expiré;;
1017;SR;579116;;161163;;;ANOMALIE - Document d'identité expiré;;
1017;SR;579278;;164704;;;ANOMALIE - Document d'identité expiré;;
1017;SR;579313;;166031;;;ANOMALIE - Document d'identité expiré;;
1017;SR;579235;;163591;;;ANOMALIE - Document d'identité expiré;;
1017;SR;579215;;162880;;;ANOMALIE - Document d'identité expiré;;
1017;SR;579381;;167053;;;ANOMALIE - Document d'identité expiré;;
1017;SR;579464;;168094;;;ANOMALIE - Document d'identité expiré;;
1017;SR;579552;;169293;;;ANOMALIE - Document d'identité expiré;;
1017;SR;579574;;169529;;;ANOMALIE - Document d'identité expiré;;
1017;SR;579490;;168461;;;ANOMALIE - Document d'identité expiré;;
1017;SR;579626;;170167;ANOMALIE - Mineur de plus de 21 ans;;;;
1017;SR;579613;;170046;;;ANOMALIE - Document d'identité expiré;;
1017;SR;579683;;170916;ANOMALIE - Mineur de plus de 21 ans;;ANOMALIE - Document d'identité expiré;;
1017;SR;579829;;172601;;;ANOMALIE - Document d'identité expiré;;
1017;SR;579875;;173010;;;ANOMALIE - Document d'identité expiré;;
1017;SR;580217;;178951;;;ANOMALIE - Document d'identité expiré;;
1017;SR;579684;;170918;ANOMALIE - Mineur de plus de 21 ans;;ANOMALIE - Document d'identité expiré;;
1017;SR;579959;;174053;;;ANOMALIE - Document d'identité expiré;;
1017;SR;579700;;171089;;;ANOMALIE - Document d'identité expiré;;
1017;SR;579698;;171074;;;ANOMALIE - Document d'identité expiré;;
1017;SR;579777;;171965;ANOMALIE - Mineur de plus de 21 ans;;ANOMALIE - Document d'identité expiré;;
1017;SR;580086;;175831;;;ANOMALIE - Document d'identité expiré;;
1017;SR;580087;;175834;;;ANOMALIE - Document d'identité expiré;;
1017;SR;580162;;177354;;;ANOMALIE - Document d'identité expiré;;
1017;SR;579786;;172099;;;ANOMALIE - Document d'identité expiré;;
1017;SR;579734;;171552;ANOMALIE - Mineur de plus de 21 ans;;ANOMALIE - Document d'identité expiré;;
1017;SR;579946;;173876;;;ANOMALIE - Document d'identité expiré;;
1017;SR;579656;;170605;;;ANOMALIE - Document d'identité expiré;;
1017;SR;579732;;171453;ANOMALIE - Mineur de plus de 21 ans;;ANOMALIE - Document d'identité expiré;;
1017;SR;579748;;171625;;;ANOMALIE - Document d'identité expiré;;
1017;SR;579795;Particuliers non commerciaux;172205;ANOMALIE - Mineur de plus de 21 ans;;;;
1017;SR;580233;;179742;;;ANOMALIE - Document d'identité expiré;;
1017;SR;580494;;188334;;;ANOMALIE - Document d'identité expiré;;
1017;SR;580595;;190785;;;ANOMALIE - Document d'identité expiré;;
1017;SR;580526;;189276;;;ANOMALIE - Document d'identité expiré;;
1017;SR;580575;;190409;;;ANOMALIE - Document d'identité expiré;;
1017;SR;580541;;189593;ANOMALIE - Mineur de plus de 21 ans;;ANOMALIE - Document d'identité expiré;;
1017;SR;580572;;190352;;;ANOMALIE - Document d'identité expiré;;
1017;SR;580551;;189817;ANOMALIE - Mineur de plus de 21 ans;;ANOMALIE - Document d'identité expiré;;
1017;SR;580660;;192745;;;ANOMALIE - Document d'identité expiré;;
1017;SR;580726;;195071;;;ANOMALIE - Document d'identité expiré;;
1017;SR;580676;;193257;;;ANOMALIE - Document d'identité expiré;;
1017;SR;580738;;195588;ANOMALIE - Mineur de plus de 21 ans;;ANOMALIE - Document d'identité expiré;;
1017;SR;580739;;195600;;;ANOMALIE - Document d'identité expiré;;
1017;SR;580767;;196157;;;ANOMALIE - Document d'identité expiré;;
1017;SR;580915;Particuliers non commerciaux;200252;;;ANOMALIE - Document d'identité expiré;;
1017;SR;580936;Particuliers non commerciaux;201212;;;ANOMALIE - Document d'identité expiré;;
1017;SR;580985;COMMERCE DE GROS;934616;;;ANOMALIE - Document d'identité expiré;;
1017;SR;580972;Particuliers non commerciaux;933708;;;ANOMALIE - Document d'identité expiré;;
1017;SR;581028;Particuliers non commerciaux;937636;;;ANOMALIE - Document d'identité expiré;;
1017;SR;581000;Particuliers non commerciaux;935741;;;ANOMALIE - Document d'identité expiré;;
1017;SR;580987;Particuliers non commerciaux;935142;;;ANOMALIE - Document d'identité expiré;;
1017;SR;581007;Particuliers non commerciaux;935954;;;ANOMALIE - Document d'identité expiré;;
1017;SR;581022;Particuliers non commerciaux;937226;;;ANOMALIE - Document d'identité expiré;;
1017;SR;581134;Particuliers non commerciaux;943872;;;ANOMALIE - Document d'identité expiré;;
1017;SR;581207;Particuliers non commerciaux;946032;;;ANOMALIE - Document d'identité expiré;;
1017;SR;581094;comptes internes;942164;;;ANOMALIE - Document d'identité expiré;;
1017;SR;581301;Particuliers non commerciaux;949094;;;ANOMALIE - Document d'identité expiré;;
1017;SR;581259;Particuliers non commerciaux;948046;;;ANOMALIE - Document d'identité expiré;;
1017;SR;581266;Particuliers non commerciaux;948265;ANOMALIE - Mineur de plus de 21 ans;;ANOMALIE - Document d'identité expiré;;
1017;SR;581368;Particuliers non commerciaux;951588;;;ANOMALIE - Document d'identité expiré;;
1017;SR;581315;Particuliers non commerciaux;949613;;;ANOMALIE - Document d'identité expiré;;
1017;SR;581378;Particuliers non commerciaux;952126;ANOMALIE - Mineur de plus de 21 ans;;ANOMALIE - Document d'identité expiré;;
1017;SR;581322;Particuliers non commerciaux;949835;;;ANOMALIE - Document d'identité expiré;;
1017;SR;581498;Particuliers non commerciaux;958048;;;ANOMALIE - Document d'identité expiré;;
1017;SR;581729;Particuliers non commerciaux;972557;;;ANOMALIE - Document d'identité expiré;;
1017;SR;581745;Particuliers non commerciaux;973236;;;ANOMALIE - Document d'identité expiré;;
1017;SR;581799;Particuliers non commerciaux;976643;;;ANOMALIE - Document d'identité expiré;;
1017;SR;581846;Particuliers non commerciaux;979297;ANOMALIE - Mineur de plus de 21 ans;;ANOMALIE - Document d'identité expiré;;
1017;SR;581836;Particuliers non commerciaux;978532;;;ANOMALIE - Document d'identité expiré;;
1017;SR;581843;Particuliers non commerciaux;979016;;;ANOMALIE - Document d'identité expiré;;
1017;SR;581869;Particuliers non commerciaux;980417;;;ANOMALIE - Document d'identité expiré;;
1017;SR;581942;Particuliers non commerciaux;983572;;;ANOMALIE - Document d'identité expiré;;
1017;SR;581965;Particuliers non commerciaux;984271;;;ANOMALIE - Document d'identité expiré;;
1017;SR;581953;Particuliers non commerciaux;983937;;;ANOMALIE - Document d'identité expiré;;
1017;SR;582221;Particuliers non commerciaux;989295;;;ANOMALIE - Document d'identité expiré;;
1017;SR;582503;Particuliers non commerciaux;991730;ANOMALIE - Mineur de plus de 21 ans;;;;
1017;SR;582751;Particuliers non commerciaux;994311;;;ANOMALIE - Document d'identité expiré;;
1017;SR;582043;Particuliers non commerciaux;986201;;;ANOMALIE - Document d'identité expiré;;
1017;SR;582415;Particuliers non commerciaux;990659;;;ANOMALIE - Document d'identité expiré;;
1017;SR;582456;Particuliers non commerciaux;991189;;;ANOMALIE - Document d'identité expiré;;
1017;SR;582946;Particuliers non commerciaux;996716;ANOMALIE - Mineur de plus de 21 ans;;;;
1017;SR;582955;Particuliers non commerciaux;996758;;;ANOMALIE - Document d'identité expiré;;
1017;SR;582790;Particuliers non commerciaux;994732;ANOMALIE - Mineur de plus de 21 ans;;ANOMALIE - Document d'identité expiré;;
1017;SR;582973;Particuliers non commerciaux;997060;;;ANOMALIE - Document d'identité expiré;;
1017;SR;583208;Particuliers non commerciaux;1000845;ANOMALIE - Mineur de plus de 21 ans;;;;
1017;SR;583216;Particuliers non commerciaux;1001107;ANOMALIE - Mineur de plus de 21 ans;;;;
1017;SR;583233;Particuliers non commerciaux;1001869;;;ANOMALIE - Document d'identité expiré;;
1017;SR;583102;Particuliers non commerciaux;4204834;;;ANOMALIE - Document d'identité expiré;;
1017;SR;583324;Particuliers non commerciaux;1006878;;;ANOMALIE - Document d'identité expiré;;
1017;SR;583309;Particuliers non commerciaux;1006111;;;ANOMALIE - Document d'identité expiré;;
1017;SR;583374;Particuliers non commerciaux;1010167;ANOMALIE - Mineur de plus de 21 ans;;ANOMALIE - Document d'identité expiré;;
1017;SR;583427;Particuliers non commerciaux;1013134;;;ANOMALIE - Document d'identité expiré;;
1017;SR;583482;Particuliers non commerciaux;1016032;;;ANOMALIE - Document d'identité expiré;;
1017;SR;583794;Particuliers non commerciaux;1027452;;;ANOMALIE - Document d'identité expiré;;
1017;SR;583865;Particuliers non commerciaux;1028819;;;ANOMALIE - Document d'identité expiré;;
1017;SR;584013;Particuliers non commerciaux;1034561;ANOMALIE - Mineur de plus de 21 ans;;ANOMALIE - Document d'identité expiré;;
1017;SR;584031;Particuliers non commerciaux;1036018;ANOMALIE - Mineur de plus de 21 ans;;ANOMALIE - Document d'identité expiré;;
1017;SR;584263;Particuliers non commerciaux;1043956;;;ANOMALIE - Document d'identité expiré;;
1017;SR;584353;Particuliers non commerciaux;1049122;;;ANOMALIE - Document d'identité expiré;;
1017;SR;584316;Particuliers non commerciaux;1046863;ANOMALIE - Mineur de plus de 21 ans;;;;
1017;SR;584335;Particuliers non commerciaux;1048089;;;ANOMALIE - Document d'identité expiré;;
1017;SR;584492;Particuliers non commerciaux;4208133;ANOMALIE - Mineur de plus de 21 ans;;;;
1017;SR;577386;;124354;;;ANOMALIE - Document d'identité expiré;;
1017;SR;577409;;124795;;;ANOMALIE - Document d'identité expiré;;
1017;SR;577008;COMMERCE DE DETAIL;119055;;;ANOMALIE - Document d'identité expiré;;
1017;SR;577082;Autres services NCA;120384;;;ANOMALIE - Document d'identité expiré;;
1017;SR;577015;Autres services NCA;119143;;;ANOMALIE - Document d'identité expiré;;
1017;SR;577126;Autres services NCA;120836;;;ANOMALIE - Document d'identité expiré;;
1017;SR;577151;Autres services NCA;121117;;;ANOMALIE - Document d'identité expiré;;
1017;SR;577116;Autres services NCA;120694;;;ANOMALIE - Document d'identité expiré;;
1017;SR;577515;;126301;;;ANOMALIE - Document d'identité expiré;;
1017;SR;577509;;126194;;;ANOMALIE - Document d'identité expiré;;
1017;SR;577521;;126457;;;ANOMALIE - Document d'identité expiré;;
1017;SR;577670;COMMUNICATION;129060;;;ANOMALIE - Document d'identité expiré;;
1017;SR;577917;;133437;;;ANOMALIE - Document d'identité expiré;;
1017;SR;577873;;132516;;;ANOMALIE - Document d'identité expiré;;
1017;SR;577862;;132098;;;ANOMALIE - Document d'identité expiré;;
1017;SR;578117;;135982;;;ANOMALIE - Document d'identité expiré;;
1017;SR;578421;;143040;;;ANOMALIE - Document d'identité expiré;;
1017;SR;578211;;138281;ANOMALIE - Mineur de plus de 21 ans;;;;
1017;SR;578667;;147434;;;ANOMALIE - Document d'identité expiré;;
1017;SR;578675;;147525;ANOMALIE - Mineur de plus de 21 ans;;;;
1017;SR;578647;;147244;;;ANOMALIE - Document d'identité expiré;;
1017;SR;578587;;145660;;;ANOMALIE - Document d'identité expiré;;
1017;SR;578856;Autres services NCA;153268;;;ANOMALIE - Document d'identité expiré;;
1017;SR;579079;;159978;;;ANOMALIE - Document d'identité expiré;;
1017;SR;579270;;164361;ANOMALIE - Mineur de plus de 21 ans;;ANOMALIE - Document d'identité expiré;;
1017;SR;579272;;164414;;;ANOMALIE - Document d'identité expiré;;
1017;SR;579212;;162853;;;ANOMALIE - Document d'identité expiré;;
1017;SR;579246;;163820;;;ANOMALIE - Document d'identité expiré;;
1017;SR;579326;;166414;;;ANOMALIE - Document d'identité expiré;;
1017;SR;579402;;167275;;;ANOMALIE - Document d'identité expiré;;
1017;SR;579424;;167550;;;ANOMALIE - Document d'identité expiré;;
1017;SR;579509;;168713;;;ANOMALIE - Document d'identité expiré;;
1017;SR;579496;;168549;;;ANOMALIE - Document d'identité expiré;;
1017;SR;579446;;167906;;;ANOMALIE - Document d'identité expiré;;
1017;SR;579546;;169229;ANOMALIE - Mineur de plus de 21 ans;;ANOMALIE - Document d'identité expiré;;
1017;SR;577223;Autres services NCA;122144;;;ANOMALIE - Document d'identité expiré;;
1017;SR;579476;;168298;;;ANOMALIE - Document d'identité expiré;;
1017;SR;579802;;172258;;;ANOMALIE - Document d'identité expiré;;
1017;SR;579922;;173566;;;ANOMALIE - Document d'identité expiré;;
1017;SR;579680;;170909;;;ANOMALIE - Document d'identité expiré;;
1017;SR;579706;;171175;ANOMALIE - Mineur de plus de 21 ans;;ANOMALIE - Document d'identité expiré;;
1017;SR;579703;Autres services NCA;171115;;;ANOMALIE - Document d'identité expiré;;
1017;SR;579778;;171969;;;ANOMALIE - Document d'identité expiré;;
1017;SR;580105;;176145;;;ANOMALIE - Document d'identité expiré;;
1017;SR;579969;;174108;;;ANOMALIE - Document d'identité expiré;;
1017;SR;579677;;170874;ANOMALIE - Mineur de plus de 21 ans;;ANOMALIE - Document d'identité expiré;;
1017;SR;579937;;173774;;;ANOMALIE - Document d'identité expiré;;
1017;SR;580206;;178718;ANOMALIE - Mineur de plus de 21 ans;;ANOMALIE - Document d'identité expiré;;
1017;SR;579817;;172397;;;ANOMALIE - Document d'identité expiré;;
1017;SR;579925;;173589;;;ANOMALIE - Document d'identité expiré;;
1017;SR;579983;;174353;;;ANOMALIE - Document d'identité expiré;;
1017;SR;580110;;176236;;;ANOMALIE - Document d'identité expiré;;
1017;SR;579868;;172890;;;ANOMALIE - Document d'identité expiré;;
1017;SR;580249;Autres services NCA;180670;;;ANOMALIE - Document d'identité expiré;;
1017;SR;580259;;181142;;;ANOMALIE - Document d'identité expiré;;
1017;SR;580390;;185594;;;ANOMALIE - Document d'identité expiré;;
1017;SR;580609;;191024;;;ANOMALIE - Document d'identité expiré;;
1017;SR;580543;;189604;;;ANOMALIE - Document d'identité expiré;;
1017;SR;580527;;189279;;;ANOMALIE - Document d'identité expiré;;
1017;SR;580598;;190806;;;ANOMALIE - Document d'identité expiré;;
1017;SR;580570;;190326;;;ANOMALIE - Document d'identité expiré;;
1017;SR;580585;;190568;;;ANOMALIE - Document d'identité expiré;;
1017;SR;580441;;187184;;;ANOMALIE - Document d'identité expiré;;
1017;SR;580642;;192097;;;ANOMALIE - Document d'identité expiré;;
1017;SR;580667;;192938;;;ANOMALIE - Document d'identité expiré;;
1017;SR;580808;Autres services NCA;197419;;;ANOMALIE - Document d'identité expiré;;
1017;SR;580860;Particuliers non commerciaux;198785;;;ANOMALIE - Document d'identité expiré;;
1017;SR;580929;Particuliers non commerciaux;200875;;;ANOMALIE - Document d'identité expiré;;
1017;SR;580909;Particuliers non commerciaux;200007;;;ANOMALIE - Document d'identité expiré;;
1017;SR;581026;Particuliers non commerciaux;937477;;;ANOMALIE - Document d'identité expiré;;
1017;SR;581097;Particuliers non commerciaux;942253;;;ANOMALIE - Document d'identité expiré;;
1017;SR;581072;Particuliers non commerciaux;940582;ANOMALIE - Mineur de plus de 21 ans;;ANOMALIE - Document d'identité expiré;;
1017;SR;581198;Particuliers non commerciaux;945560;ANOMALIE - Mineur de plus de 21 ans;;ANOMALIE - Document d'identité expiré;;
1017;SR;581106;Particuliers non commerciaux;942936;;;ANOMALIE - Document d'identité expiré;;
1017;SR;581074;Particuliers non commerciaux;940619;;;ANOMALIE - Document d'identité expiré;;
1017;SR;581287;Particuliers non commerciaux;948735;ANOMALIE - Mineur de plus de 21 ans;;ANOMALIE - Document d'identité expiré;;
1017;SR;581261;Particuliers non commerciaux;948082;ANOMALIE - Mineur de plus de 21 ans;;ANOMALIE - Document d'identité expiré;;
1017;SR;581300;Particuliers non commerciaux;949019;;;ANOMALIE - Document d'identité expiré;;
1017;SR;581285;Particuliers non commerciaux;948660;;;ANOMALIE - Document d'identité expiré;;
1017;SR;581387;Particuliers non commerciaux;952332;;;ANOMALIE - Document d'identité expiré;;
1017;SR;581485;Particuliers non commerciaux;957355;;;ANOMALIE - Document d'identité expiré;;
1017;SR;581574;Particuliers non commerciaux;961884;;;ANOMALIE - Document d'identité expiré;;
1017;SR;581595;Particuliers non commerciaux;962768;;;ANOMALIE - Document d'identité expiré;;
1017;SR;581590;Particuliers non commerciaux;962439;;;ANOMALIE - Document d'identité expiré;;
1017;SR;581504;Particuliers non commerciaux;958323;;;ANOMALIE - Document d'identité expiré;;
1017;SR;581586;Particuliers non commerciaux;962253;;;ANOMALIE - Document d'identité expiré;;
1017;SR;581748;Particuliers non commerciaux;973419;;;ANOMALIE - Document d'identité expiré;;
1017;SR;581782;Particuliers non commerciaux;975355;;;ANOMALIE - Document d'identité expiré;;
1017;SR;581783;Particuliers non commerciaux;975725;;;ANOMALIE - Document d'identité expiré;;
1017;SR;581815;Particuliers non commerciaux;977567;;;ANOMALIE - Document d'identité expiré;;
1017;SR;581793;Particuliers non commerciaux;976522;;;ANOMALIE - Document d'identité expiré;;
1017;SR;581812;Particuliers non commerciaux;977363;;;ANOMALIE - Document d'identité expiré;;
1017;SR;581839;Particuliers non commerciaux;978837;;;ANOMALIE - Document d'identité expiré;;
1017;SR;581900;Particuliers non commerciaux;981511;;;ANOMALIE - Document d'identité expiré;;
1017;SR;581969;Particuliers non commerciaux;984492;;;ANOMALIE - Document d'identité expiré;;
1017;SR;582498;Particuliers non commerciaux;991638;;;ANOMALIE - Document d'identité expiré;;
1017;SR;581994;Particuliers non commerciaux;985047;;;ANOMALIE - Document d'identité expiré;;
1017;SR;582036;Particuliers non commerciaux;985722;;;ANOMALIE - Document d'identité expiré;;
1017;SR;582428;Particuliers non commerciaux;990844;ANOMALIE - Mineur de plus de 21 ans;;;;
1017;SR;582599;Particuliers non commerciaux;992935;;;ANOMALIE - Document d'identité expiré;;
1017;SR;583186;Particuliers non commerciaux;1000101;;;ANOMALIE - Document d'identité expiré;;
1017;SR;583194;Particuliers non commerciaux;1000368;;;ANOMALIE - Document d'identité expiré;;
1017;SR;583083;Particuliers non commerciaux;998590;ANOMALIE - Mineur de plus de 21 ans;;;;
1017;SR;583247;Particuliers non commerciaux;1002456;ANOMALIE - Mineur de plus de 21 ans;;ANOMALIE - Document d'identité expiré;;
1017;SR;583308;Particuliers non commerciaux;1005959;;;ANOMALIE - Document d'identité expiré;;
1017;SR;583347;Particuliers non commerciaux;1008735;ANOMALIE - Mineur de plus de 21 ans;;ANOMALIE - Document d'identité expiré;;
1017;SR;583534;Particuliers non commerciaux;1016478;;;ANOMALIE - Document d'identité expiré;;
1017;SR;583553;Particuliers non commerciaux;1016858;ANOMALIE - Mineur de plus de 21 ans;;;;
1017;SR;584014;Particuliers non commerciaux;1034579;ANOMALIE - Mineur de plus de 21 ans;;;;
1017;SR;584039;Particuliers non commerciaux;1036683;ANOMALIE - Mineur de plus de 21 ans;;;;
1017;SR;584030;Particuliers non commerciaux;1035860;;;ANOMALIE - Document d'identité expiré;;
1017;SR;584162;Particuliers non commerciaux;1041967;ANOMALIE - Mineur de plus de 21 ans;;;;
1017;SR;584225;Particuliers non commerciaux;1043345;ANOMALIE - Mineur de plus de 21 ans;;;;
1017;SR;584108;Particuliers non commerciaux;1040044;ANOMALIE - Mineur de plus de 21 ans;;;;
1017;SR;577315;Autres services NCA;123337;ANOMALIE - Mineur de plus de 21 ans;;ANOMALIE - Document d'identité expiré;;
1017;SR;577373;Autres services NCA;124069;;;ANOMALIE - Document d'identité expiré;;
1017;SR;577413;;124800;;;ANOMALIE - Document d'identité expiré;;
1017;SR;577400;;124708;;;ANOMALIE - Document d'identité expiré;;
1017;SR;464118;PARTICULIERS SALARIES;95817;;;ANOMALIE - Document d'identité expiré;;
1017;SR;213381;PARTICULIERS SALARIES;108711;;;ANOMALIE - Document d'identité expiré;;
1017;SR;577088;Autres services NCA;120412;;;ANOMALIE - Document d'identité expiré;;
1017;SR;577125;Services de soins de sante;120835;;;ANOMALIE - Document d'identité expiré;;
1017;SR;577249;Autres services NCA;122538;;;ANOMALIE - Document d'identité expiré;;
1017;SR;577080;Autres services NCA;120370;;;ANOMALIE - Document d'identité expiré;;
1017;SR;577257;Autres services NCA;122616;ANOMALIE - Mineur de plus de 21 ans;;ANOMALIE - Document d'identité expiré;;
1017;SR;577368;;123991;;;ANOMALIE - Document d'identité expiré;;
1017;SR;577467;;125629;;;ANOMALIE - Document d'identité expiré;;
1017;SR;577212;COMMERCE DE DETAIL;121955;;;ANOMALIE - Document d'identité expiré;;
1017;SR;577544;Autres services NCA;126761;;;ANOMALIE - Document d'identité expiré;;
1017;SR;577205;COMMERCE DE DETAIL;121767;;;ANOMALIE - Document d'identité expiré;;
1017;SR;577577;;127348;;;ANOMALIE - Document d'identité expiré;;
1017;SR;577559;;126962;;;ANOMALIE - Document d'identité expiré;;
1017;SR;577899;;132994;;;ANOMALIE - Document d'identité expiré;;
1017;SR;577992;;134035;ANOMALIE - Mineur de plus de 21 ans;;;;
1017;SR;577828;;131754;;;ANOMALIE - Document d'identité expiré;;
1017;SR;578110;;135947;;;ANOMALIE - Document d'identité expiré;;
1017;SR;578104;;135907;;;ANOMALIE - Document d'identité expiré;;
1017;SR;578206;Autres services NCA;138118;;;ANOMALIE - Document d'identité expiré;;
1017;SR;578506;;143743;ANOMALIE - Mineur de plus de 21 ans;;;;
1017;SR;578238;;138952;ANOMALIE - Mineur de plus de 21 ans;;ANOMALIE - Document d'identité expiré;;
1017;SR;578431;;143095;ANOMALIE - Mineur de plus de 21 ans;;;;
1017;SR;578425;;143070;ANOMALIE - Mineur de plus de 21 ans;;;;
1017;SR;578544;;144348;;;ANOMALIE - Document d'identité expiré;;
1017;SR;578573;;145218;;;ANOMALIE - Document d'identité expiré;;
1017;SR;578582;;145560;;;ANOMALIE - Document d'identité expiré;;
1017;SR;578713;;148328;;;ANOMALIE - Document d'identité expiré;;
1017;SR;578722;;148792;ANOMALIE - Mineur de plus de 21 ans;;ANOMALIE - Document d'identité expiré;;
1017;SR;578939;;156209;;;ANOMALIE - Document d'identité expiré;;
1017;SR;578885;Autres services NCA;153530;;;ANOMALIE - Document d'identité expiré;;
1017;SR;578870;;153371;;;ANOMALIE - Document d'identité expiré;;
1017;SR;578872;;153379;;;ANOMALIE - Document d'identité expiré;;
1017;SR;578861;Autres services NCA;153288;;;ANOMALIE - Document d'identité expiré;;
1017;SR;579055;;186730;ANOMALIE - Mineur de plus de 21 ans;;;;
1017;SR;579038;;158966;;;ANOMALIE - Document d'identité expiré;;
1017;SR;578552;;144647;;;ANOMALIE - Document d'identité expiré;;
1017;SR;579100;;160702;;;ANOMALIE - Document d'identité expiré;;
1017;SR;579098;comptes internes;160669;;;ANOMALIE - Document d'identité expiré;;
1017;SR;579145;;161901;;;ANOMALIE - Document d'identité expiré;;
1017;SR;579149;;161912;;;ANOMALIE - Document d'identité expiré;;
1017;SR;579199;;162499;ANOMALIE - Mineur de plus de 21 ans;;ANOMALIE - Document d'identité expiré;;
1017;SR;579219;;163068;;;ANOMALIE - Document d'identité expiré;;
1017;SR;579442;;167813;ANOMALIE - Mineur de plus de 21 ans;;ANOMALIE - Document d'identité expiré;;
1017;SR;579364;;166832;;;ANOMALIE - Document d'identité expiré;;
1017;SR;579463;;168091;;;ANOMALIE - Document d'identité expiré;;
1017;SR;579553;;169294;;;ANOMALIE - Document d'identité expiré;;
1017;SR;580118;;176427;;;ANOMALIE - Document d'identité expiré;;
1017;SR;580013;;174776;;;ANOMALIE - Document d'identité expiré;;
1017;SR;579981;;174343;ANOMALIE - Mineur de plus de 21 ans;;ANOMALIE - Document d'identité expiré;;
1017;SR;579905;;173323;ANOMALIE - Mineur de plus de 21 ans;;ANOMALIE - Document d'identité expiré;;
1017;SR;579882;;173075;;;ANOMALIE - Document d'identité expiré;;
1017;SR;579877;;173012;;;ANOMALIE - Document d'identité expiré;;
1017;SR;579823;;172465;;;ANOMALIE - Document d'identité expiré;;
1017;SR;579779;;171976;ANOMALIE - Mineur de plus de 21 ans;;ANOMALIE - Document d'identité expiré;;
1017;SR;580186;;178041;;;ANOMALIE - Document d'identité expiré;;
1017;SR;579654;;170585;ANOMALIE - Mineur de plus de 21 ans;;ANOMALIE - Document d'identité expiré;;
1017;SR;579788;;172114;;;ANOMALIE - Document d'identité expiré;;
1017;SR;580056;;175354;;;ANOMALIE - Document d'identité expiré;;
1017;SR;579737;;171561;ANOMALIE - Mineur de plus de 21 ans;;ANOMALIE - Document d'identité expiré;;
1017;SR;579735;;171555;ANOMALIE - Mineur de plus de 21 ans;;ANOMALIE - Document d'identité expiré;;
1017;SR;579944;;173792;;;ANOMALIE - Document d'identité expiré;;
1017;SR;580170;;177678;;;ANOMALIE - Document d'identité expiré;;
1017;SR;579947;;173878;;;ANOMALIE - Document d'identité expiré;;
1017;SR;579695;;171047;;;ANOMALIE - Document d'identité expiré;;
1017;SR;579751;;171658;ANOMALIE - Mineur de plus de 21 ans;;ANOMALIE - Document d'identité expiré;;
1017;SR;580005;;174592;;;ANOMALIE - Document d'identité expiré;;
1017;SR;580381;;185290;ANOMALIE - Mineur de plus de 21 ans;;ANOMALIE - Document d'identité expiré;;
1017;SR;580362;;184651;;;ANOMALIE - Document d'identité expiré;;
1017;SR;580417;;186425;;;ANOMALIE - Document d'identité expiré;;
1017;SR;580317;;183041;;;ANOMALIE - Document d'identité expiré;;
1017;SR;580252;;180881;;;ANOMALIE - Document d'identité expiré;;
1017;SR;580557;;189887;;;ANOMALIE - Document d'identité expiré;;
1017;SR;580540;;189586;;;ANOMALIE - Document d'identité expiré;;
1017;SR;580554;;189867;ANOMALIE - Mineur de plus de 21 ans;;ANOMALIE - Document d'identité expiré;;
1017;SR;580700;;193890;;;ANOMALIE - Document d'identité expiré;;
1017;SR;580715;;194737;;;ANOMALIE - Document d'identité expiré;;
1017;SR;580669;;193024;;;ANOMALIE - Document d'identité expiré;;
1017;SR;580743;;195720;ANOMALIE - Mineur de plus de 21 ans;;ANOMALIE - Document d'identité expiré;;
1017;SR;580749;;195829;;;ANOMALIE - Document d'identité expiré;;
1017;SR;580782;;196619;;;ANOMALIE - Document d'identité expiré;;
1017;SR;580825;;197998;;;ANOMALIE - Document d'identité expiré;;
1017;SR;580927;Particuliers non commerciaux;200749;ANOMALIE - Mineur de plus de 21 ans;;ANOMALIE - Document d'identité expiré;;
1017;SR;580869;Particuliers non commerciaux;198943;;;ANOMALIE - Document d'identité expiré;;
1017;SR;580889;Particuliers non commerciaux;199519;;;ANOMALIE - Document d'identité expiré;;
1017;SR;580961;Particuliers non commerciaux;933098;ANOMALIE - Mineur de plus de 21 ans;;ANOMALIE - Document d'identité expiré;;
1017;SR;581004;Particuliers non commerciaux;935929;;;ANOMALIE - Document d'identité expiré;;
1017;SR;580957;Particuliers non commerciaux;932951;;;ANOMALIE - Document d'identité expiré;;
1017;SR;581020;Particuliers non commerciaux;936926;;;ANOMALIE - Document d'identité expiré;;
1017;SR;581199;Particuliers non commerciaux;945563;ANOMALIE - Mineur de plus de 21 ans;;ANOMALIE - Document d'identité expiré;;
1017;SR;581168;Particuliers non commerciaux;944878;;;ANOMALIE - Document d'identité expiré;;
1017;SR;581146;Particuliers non commerciaux;944336;;;ANOMALIE - Document d'identité expiré;;
1017;SR;581220;Particuliers non commerciaux;946580;ANOMALIE - Mineur de plus de 21 ans;;ANOMALIE - Document d'identité expiré;;
1017;SR;581204;Particuliers non commerciaux;945816;ANOMALIE - Mineur de plus de 21 ans;;;;
1017;SR;581337;Particuliers non commerciaux;950447;;;ANOMALIE - Document d'identité expiré;;
1017;SR;581421;Particuliers non commerciaux;954406;;;ANOMALIE - Document d'identité expiré;;
1017;SR;581392;Particuliers non commerciaux;952526;;;ANOMALIE - Document d'identité expiré;;
1017;SR;581463;Particuliers non commerciaux;955988;ANOMALIE - Mineur de plus de 21 ans;;ANOMALIE - Document d'identité expiré;;
1017;SR;581454;Particuliers non commerciaux;955697;ANOMALIE - Mineur de plus de 21 ans;;;;
1017;SR;581481;Particuliers non commerciaux;956749;;;ANOMALIE - Document d'identité expiré;;
1017;SR;581603;Particuliers non commerciaux;963431;ANOMALIE - Mineur de plus de 21 ans;;;;
1017;SR;581507;Particuliers non commerciaux;958581;ANOMALIE - Mineur de plus de 21 ans;;ANOMALIE - Document d'identité expiré;;
1017;SR;581641;Particuliers non commerciaux;965943;;;ANOMALIE - Document d'identité expiré;;
1017;SR;581568;Particuliers non commerciaux;961548;;;ANOMALIE - Document d'identité expiré;;
1017;SR;581581;Particuliers non commerciaux;962119;;;ANOMALIE - Document d'identité expiré;;
1017;SR;581743;Particuliers non commerciaux;973117;;;ANOMALIE - Document d'identité expiré;;
1017;SR;581655;Particuliers non commerciaux;966620;;;ANOMALIE - Document d'identité expiré;;
1017;SR;581683;Particuliers non commerciaux;968272;;;ANOMALIE - Document d'identité expiré;;
1017;SR;581720;Particuliers non commerciaux;971442;;;ANOMALIE - Document d'identité expiré;;
1017;SR;581845;Particuliers non commerciaux;979077;;;ANOMALIE - Document d'identité expiré;;
1017;SR;581862;Particuliers non commerciaux;980000;;;ANOMALIE - Document d'identité expiré;;
1017;SR;581866;Particuliers non commerciaux;980095;ANOMALIE - Mineur de plus de 21 ans;;ANOMALIE - Document d'identité expiré;;
1017;SR;581922;Particuliers non commerciaux;982391;ANOMALIE - Mineur de plus de 21 ans;;ANOMALIE - Document d'identité expiré;;
1017;SR;581983;Particuliers non commerciaux;984753;;;ANOMALIE - Document d'identité expiré;;
1017;SR;582035;Particuliers non commerciaux;985680;;;ANOMALIE - Document d'identité expiré;;
1017;SR;582127;Particuliers non commerciaux;1044456;;;ANOMALIE - Document d'identité expiré;;
1017;SR;582027;Particuliers non commerciaux;985250;;;ANOMALIE - Document d'identité expiré;;
1017;SR;582322;Particuliers non commerciaux;989780;ANOMALIE - Mineur de plus de 21 ans;;;;
1017;SR;581989;Particuliers non commerciaux;984931;;;ANOMALIE - Document d'identité expiré;;
1017;SR;582116;Particuliers non commerciaux;4213338;ANOMALIE - Mineur de plus de 21 ans;;;;
1017;SR;582091;Particuliers non commerciaux;987200;ANOMALIE - Mineur de plus de 21 ans;;ANOMALIE - Document d'identité expiré;;
1017;SR;582200;Particuliers non commerciaux;988835;;;ANOMALIE - Document d'identité expiré;;
1017;SR;582777;Particuliers non commerciaux;994461;;;ANOMALIE - Document d'identité expiré;;
1017;SR;582945;Particuliers non commerciaux;996714;ANOMALIE - Mineur de plus de 21 ans;;;;
1017;SR;582807;Particuliers non commerciaux;994965;;;ANOMALIE - Document d'identité expiré;;
1017;SR;582876;Particuliers non commerciaux;995835;;;ANOMALIE - Document d'identité expiré;;
1017;SR;583174;Particuliers non commerciaux;999827;;;ANOMALIE - Document d'identité expiré;;
1017;SR;583111;Particuliers non commerciaux;998932;ANOMALIE - Mineur de plus de 21 ans;;;;
1017;SR;583274;Particuliers non commerciaux;1003870;;;ANOMALIE - Document d'identité expiré;;
1017;SR;583320;Particuliers non commerciaux;1006776;;;ANOMALIE - Document d'identité expiré;;
1017;SR;583425;Particuliers non commerciaux;1013036;;;ANOMALIE - Document d'identité expiré;;
1017;SR;583486;Particuliers non commerciaux;1016125;;;ANOMALIE - Document d'identité expiré;;
1017;SR;583623;Particuliers non commerciaux;1022506;;;ANOMALIE - Document d'identité expiré;;
1017;SR;583731;Particuliers non commerciaux;1025682;ANOMALIE - Mineur de plus de 21 ans;;;;
1017;SR;583795;Particuliers non commerciaux;1027453;;;ANOMALIE - Document d'identité expiré;;
1017;SR;583933;Particuliers non commerciaux;1032030;ANOMALIE - Mineur de plus de 21 ans;;;;
1017;SR;584052;Particuliers non commerciaux;1036925;ANOMALIE - Mineur de plus de 21 ans;;ANOMALIE - Document d'identité expiré;;
1017;SR;584029;Particuliers non commerciaux;1035837;ANOMALIE - Mineur de plus de 21 ans;;;;
1017;SR;584169;Particuliers non commerciaux;1042161;;;ANOMALIE - Document d'identité expiré;;
1017;SR;584144;Particuliers non commerciaux;1041720;ANOMALIE - Mineur de plus de 21 ans;;;;
1017;SR;584206;Particuliers non commerciaux;1042807;ANOMALIE - Mineur de plus de 21 ans;;;;
1017;SR;584463;Particuliers non commerciaux;4204677;ANOMALIE - Mineur de plus de 21 ans;;;;
1017;SR;900166;Autres services NCA;78261;;;ANOMALIE - Document d'identité expiré;;
1017;SR;577408;;124794;;;ANOMALIE - Document d'identité expiré;;
1017;SR;577418;;124816;;;ANOMALIE - Document d'identité expiré;;
1017;SR;577174;Services d'informatique;121320;;;ANOMALIE - Document d'identité expiré;;
1017;SR;577498;Autres services NCA;125910;;;ANOMALIE - Document d'identité expiré;;
1017;SR;577250;Autres services NCA;122543;;;ANOMALIE - Document d'identité expiré;;
1017;SR;577255;COMMERCE DE DETAIL;122611;;;ANOMALIE - Document d'identité expiré;;
1017;SR;577283;Autres services NCA;123038;;;ANOMALIE - Document d'identité expiré;;
1017;SR;577094;COMMERCE DE GROS;120511;;;ANOMALIE - Document d'identité expiré;;
1017;SR;577543;;126735;;;ANOMALIE - Document d'identité expiré;;
1017;SR;577172;Autres services NCA;121278;;;ANOMALIE - Document d'identité expiré;;
1017;SR;577556;Autres services NCA;126948;;;ANOMALIE - Document d'identité expiré;;
1017;SR;577954;;133798;ANOMALIE - Mineur de plus de 21 ans;;;;
1017;SR;577811;;131375;;;ANOMALIE - Document d'identité expiré;;
1017;SR;577987;;134021;ANOMALIE - Mineur de plus de 21 ans;;;;
1017;SR;854865;Autres services NCA;134987;;;ANOMALIE - Document d'identité expiré;;
1017;SR;577820;Autres services NCA;131516;;;ANOMALIE - Document d'identité expiré;;
1017;SR;578009;;134282;;;ANOMALIE - Document d'identité expiré;;
1017;SR;577831;;131752;;;ANOMALIE - Document d'identité expiré;;
1017;SR;578534;;144166;;;ANOMALIE - Document d'identité expiré;;
1017;SR;578461;;143330;ANOMALIE - Mineur de plus de 21 ans;;;;
1017;SR;578483;;143520;ANOMALIE - Mineur de plus de 21 ans;;;;
1017;SR;578504;;143735;ANOMALIE - Mineur de plus de 21 ans;;;;
1017;SR;578223;;138593;;;ANOMALIE - Document d'identité expiré;;
1017;SR;578746;;149660;;;ANOMALIE - Document d'identité expiré;;
1017;SR;578695;;147728;ANOMALIE - Mineur de plus de 21 ans;;;;
1017;SR;578781;;150736;;;ANOMALIE - Document d'identité expiré;;
1017;SR;578734;;149252;;;ANOMALIE - Document d'identité expiré;;
1017;SR;578931;ASSURANCE BANQUE AFF IMMO SCE;155379;;;ANOMALIE - Document d'identité expiré;;
1017;SR;578907;;154235;;;ANOMALIE - Document d'identité expiré;;
1017;SR;578845;;152915;;;ANOMALIE - Document d'identité expiré;;
1017;SR;578879;;153452;;;ANOMALIE - Document d'identité expiré;;
1017;SR;578826;;152211;;;ANOMALIE - Document d'identité expiré;;
1017;SR;143525;Autres services NCA;161098;;;ANOMALIE - Document d'identité expiré;;
1017;SR;579185;Metaux et produits en metal;162175;ANOMALIE - Mineur de plus de 21 ans;;ANOMALIE - Document d'identité expiré;;
1017;SR;579190;;162256;;;ANOMALIE - Document d'identité expiré;;
1017;SR;579291;;165317;;;ANOMALIE - Document d'identité expiré;;
1017;SR;579398;;167257;;;ANOMALIE - Document d'identité expiré;;
1017;SR;579370;;166910;;;ANOMALIE - Document d'identité expiré;;
1017;SR;579346;;166692;;;ANOMALIE - Document d'identité expiré;;
1017;SR;579368;;166899;;;ANOMALIE - Document d'identité expiré;;
1017;SR;579397;;167253;;;ANOMALIE - Document d'identité expiré;;
1017;SR;579551;;169290;;;ANOMALIE - Document d'identité expiré;;
1017;SR;579459;;168006;;;ANOMALIE - Document d'identité expiré;;
1017;SR;579511;;168733;;;ANOMALIE - Document d'identité expiré;;
1017;SR;579515;;168807;;;ANOMALIE - Document d'identité expiré;;
1017;SR;579472;;168220;;;ANOMALIE - Document d'identité expiré;;
1017;SR;579611;;170019;ANOMALIE - Mineur de plus de 21 ans;;ANOMALIE - Document d'identité expiré;;
1017;SR;579907;;173348;;;ANOMALIE - Document d'identité expiré;;
1017;SR;579739;;171572;ANOMALIE - Mineur de plus de 21 ans;;ANOMALIE - Document d'identité expiré;;
1017;SR;579903;;173296;;;ANOMALIE - Document d'identité expiré;;
1017;SR;580076;;175695;;;ANOMALIE - Document d'identité expiré;;
1017;SR;580032;;175041;;;ANOMALIE - Document d'identité expiré;;
1017;SR;580153;;177104;;;ANOMALIE - Document d'identité expiré;;
1017;SR;580091;;175930;;;ANOMALIE - Document d'identité expiré;;
1017;SR;579961;;174059;;;ANOMALIE - Document d'identité expiré;;
1017;SR;579827;;172485;;;ANOMALIE - Document d'identité expiré;;
1017;SR;579917;;173498;;;ANOMALIE - Document d'identité expiré;;
1017;SR;580048;;175264;ANOMALIE - Mineur de plus de 21 ans;;ANOMALIE - Document d'identité expiré;;
1017;SR;580184;ARTICLES HABILLT;177990;;;ANOMALIE - Document d'identité expiré;;
1017;SR;579722;;171316;ANOMALIE - Mineur de plus de 21 ans;;ANOMALIE - Document d'identité expiré;;
1017;SR;580208;;178751;;;ANOMALIE - Document d'identité expiré;;
1017;SR;579951;;173896;;;ANOMALIE - Document d'identité expiré;;
1017;SR;579980;;174330;;;ANOMALIE - Document d'identité expiré;;
1017;SR;580149;;177011;;;ANOMALIE - Document d'identité expiré;;
1017;SR;580335;;183683;;;ANOMALIE - Document d'identité expiré;;
1017;SR;580379;;185230;;;ANOMALIE - Document d'identité expiré;;
1017;SR;580383;Autres services NCA;185423;;;ANOMALIE - Document d'identité expiré;;
1017;SR;580464;;187700;;;ANOMALIE - Document d'identité expiré;;
1017;SR;580487;;188231;ANOMALIE - Mineur de plus de 21 ans;;ANOMALIE - Document d'identité expiré;;
1017;SR;580326;;183396;;;ANOMALIE - Document d'identité expiré;;
1017;SR;580525;;189274;;;ANOMALIE - Document d'identité expiré;;
1017;SR;580576;;190410;;;ANOMALIE - Document d'identité expiré;;
1017;SR;580614;;191235;;;ANOMALIE - Document d'identité expiré;;
1017;SR;580533;;189365;;;ANOMALIE - Document d'identité expiré;;
1017;SR;580550;;189815;;;ANOMALIE - Document d'identité expiré;;
1017;SR;580517;;188888;;;ANOMALIE - Document d'identité expiré;;
1017;SR;580573;;190372;;;ANOMALIE - Document d'identité expiré;;
1017;SR;580748;;195807;;;ANOMALIE - Document d'identité expiré;;
1017;SR;580719;;194991;;;ANOMALIE - Document d'identité expiré;;
1017;SR;580826;;198046;;;ANOMALIE - Document d'identité expiré;;
1017;SR;580789;;196817;;;ANOMALIE - Document d'identité expiré;;
1017;SR;580853;Particuliers non commerciaux;198602;ANOMALIE - Mineur de plus de 21 ans;;ANOMALIE - Document d'identité expiré;;
1017;SR;580863;Particuliers non commerciaux;198885;;;ANOMALIE - Document d'identité expiré;;
1017;SR;580944;Particuliers non commerciaux;201468;;;ANOMALIE - Document d'identité expiré;;
1017;SR;580911;Particuliers non commerciaux;200014;;;ANOMALIE - Document d'identité expiré;;
1017;SR;580898;Particuliers non commerciaux;199764;;;ANOMALIE - Document d'identité expiré;;
1017;SR;580948;Particuliers non commerciaux;202207;;;ANOMALIE - Document d'identité expiré;;
1017;SR;580922;Particuliers non commerciaux;200580;;;ANOMALIE - Document d'identité expiré;;
1017;SR;581030;Particuliers non commerciaux;937714;;;ANOMALIE - Document d'identité expiré;;
1017;SR;581197;Particuliers non commerciaux;945496;;;ANOMALIE - Document d'identité expiré;;
1017;SR;581081;Particuliers non commerciaux;941092;;;ANOMALIE - Document d'identité expiré;;
1017;SR;581132;Particuliers non commerciaux;943821;;;ANOMALIE - Document d'identité expiré;;
1017;SR;581157;Particuliers non commerciaux;944548;ANOMALIE - Mineur de plus de 21 ans;;;;
1017;SR;581112;Particuliers non commerciaux;943368;;;ANOMALIE - Document d'identité expiré;;
1017;SR;581416;Particuliers non commerciaux;954046;;;ANOMALIE - Document d'identité expiré;;
1017;SR;581249;Particuliers non commerciaux;947557;;;ANOMALIE - Document d'identité expiré;;
1017;SR;581232;Particuliers non commerciaux;947077;;;ANOMALIE - Document d'identité expiré;;
1017;SR;581323;Particuliers non commerciaux;949867;;;ANOMALIE - Document d'identité expiré;;
1017;SR;581281;Particuliers non commerciaux;948616;;;ANOMALIE - Document d'identité expiré;;
1017;SR;581375;Particuliers non commerciaux;952023;;;ANOMALIE - Document d'identité expiré;;
1017;SR;581448;Particuliers non commerciaux;955664;ANOMALIE - Mineur de plus de 21 ans;;;;
1017;SR;581564;Particuliers non commerciaux;961058;;;ANOMALIE - Document d'identité expiré;;
1017;SR;581577;Particuliers non commerciaux;962004;;;ANOMALIE - Document d'identité expiré;;
1017;SR;581552;Particuliers non commerciaux;960996;ANOMALIE - Mineur de plus de 21 ans;;ANOMALIE - Document d'identité expiré;;
1017;SR;581674;Particuliers non commerciaux;967718;;;ANOMALIE - Document d'identité expiré;;
1017;SR;581727;Particuliers non commerciaux;972538;;;ANOMALIE - Document d'identité expiré;;
1017;SR;581726;Particuliers non commerciaux;972426;;;ANOMALIE - Document d'identité expiré;;
1017;SR;581732;Particuliers non commerciaux;972704;;;ANOMALIE - Document d'identité expiré;;
1017;SR;581784;Particuliers non commerciaux;975867;;;ANOMALIE - Document d'identité expiré;;
1017;SR;581829;Particuliers non commerciaux;978017;;;ANOMALIE - Document d'identité expiré;;
1017;SR;581868;Particuliers non commerciaux;980318;;;ANOMALIE - Document d'identité expiré;;
1017;SR;581888;Particuliers non commerciaux;981141;;;ANOMALIE - Document d'identité expiré;;
1017;SR;582284;Particuliers non commerciaux;989559;ANOMALIE - Mineur de plus de 21 ans;;;;
1017;SR;582365;Particuliers non commerciaux;990261;ANOMALIE - Mineur de plus de 21 ans;;ANOMALIE - Document d'identité expiré;;
1017;SR;582653;Particuliers non commerciaux;993726;;;ANOMALIE - Document d'identité expiré;;
1017;SR;582163;Particuliers non commerciaux;988357;;;ANOMALIE - Document d'identité expiré;;
1017;SR;582711;Particuliers non commerciaux;994138;;;ANOMALIE - Document d'identité expiré;;
1017;SR;582630;Particuliers non commerciaux;993326;ANOMALIE - Mineur de plus de 21 ans;;ANOMALIE - Document d'identité expiré;;
1017;SR;582000;Particuliers non commerciaux;985070;ANOMALIE - Mineur de plus de 21 ans;;ANOMALIE - Document d'identité expiré;;
1017;SR;582560;Particuliers non commerciaux;992453;ANOMALIE - Mineur de plus de 21 ans;;;;
1017;SR;582725;Particuliers non commerciaux;994233;;;ANOMALIE - Document d'identité expiré;;
1017;SR;582789;Particuliers non commerciaux;994731;ANOMALIE - Mineur de plus de 21 ans;;ANOMALIE - Document d'identité expiré;;
1017;SR;582938;Particuliers non commerciaux;996649;;;ANOMALIE - Document d'identité expiré;;
1017;SR;582780;Particuliers non commerciaux;994656;ANOMALIE - Mineur de plus de 21 ans;;;;
1017;SR;583098;Particuliers non commerciaux;998781;ANOMALIE - Mineur de plus de 21 ans;;ANOMALIE - Document d'identité expiré;;
1017;SR;583238;Particuliers non commerciaux;1002083;ANOMALIE - Mineur de plus de 21 ans;;;;
1017;SR;583382;Particuliers non commerciaux;1010456;;;ANOMALIE - Document d'identité expiré;;
1017;SR;583455;Particuliers non commerciaux;1014786;;;ANOMALIE - Document d'identité expiré;;
1017;SR;583556;Particuliers non commerciaux;1016914;ANOMALIE - Mineur de plus de 21 ans;;ANOMALIE - Document d'identité expiré;;
1017;SR;583505;Particuliers non commerciaux;1016319;;;ANOMALIE - Document d'identité expiré;;
1017;SR;583649;Particuliers non commerciaux;1023877;;;ANOMALIE - Document d'identité expiré;;
1017;SR;584047;Particuliers non commerciaux;1036920;ANOMALIE - Mineur de plus de 21 ans;;;;
1017;SR;584071;Particuliers non commerciaux;1037624;ANOMALIE - Mineur de plus de 21 ans;;;;
1017;SR;584143;Particuliers non commerciaux;1041708;ANOMALIE - Mineur de plus de 21 ans;;;;
1017;SR;584218;Particuliers non commerciaux;1043139;ANOMALIE - Mineur de plus de 21 ans;;;;
1017;SR;584118;Particuliers non commerciaux;1040403;ANOMALIE - Mineur de plus de 21 ans;;;;
1017;SR;584208;Particuliers non commerciaux;1042848;;;ANOMALIE - Document d'identité expiré;;
1017;SR;584157;Particuliers non commerciaux;1041909;ANOMALIE - Mineur de plus de 21 ans;;;;
1017;SR;584215;Particuliers non commerciaux;1043067;ANOMALIE - Mineur de plus de 21 ans;;;;
1017;SR;710199;PARTICULIERS SALARIES;89766;;;ANOMALIE - Document d'identité expiré;;
1017;SR;577208;Autres services NCA;121911;;;ANOMALIE - Document d'identité expiré;;
1017;SR;577215;Autres services NCA;121995;;;ANOMALIE - Document d'identité expiré;;
1017;SR;577447;;125490;;;ANOMALIE - Document d'identité expiré;;
1017;SR;577426;;124966;;;ANOMALIE - Document d'identité expiré;;
1017;SR;577604;Autres services NCA;127852;;;ANOMALIE - Document d'identité expiré;;
1017;SR;577855;;132038;;;ANOMALIE - Document d'identité expiré;;
1017;SR;577833;Autres services NCA;131662;;;ANOMALIE - Document d'identité expiré;;
1017;SR;577989;;134025;ANOMALIE - Mineur de plus de 21 ans;;;;
1017;SR;577995;;134045;ANOMALIE - Mineur de plus de 21 ans;ANOMALIE - Date EER antérieure à la date de naissance;;;
1017;SR;577783;;130759;;;ANOMALIE - Document d'identité expiré;;
1017;SR;578374;;141826;;;ANOMALIE - Document d'identité expiré;;
1017;SR;578300;;140637;;;ANOMALIE - Document d'identité expiré;;
1017;SR;578441;;143157;ANOMALIE - Mineur de plus de 21 ans;;;;
1017;SR;578406;Autres services NCA;142595;;;ANOMALIE - Document d'identité expiré;;
1017;SR;578618;;146457;;;ANOMALIE - Document d'identité expiré;;
1017;SR;578614;;146383;;;ANOMALIE - Document d'identité expiré;;
1017;SR;578740;;149600;;;ANOMALIE - Document d'identité expiré;;
1017;SR;578694;;147722;ANOMALIE - Mineur de plus de 21 ans;;;;
1017;SR;578789;;151081;;;ANOMALIE - Document d'identité expiré;;
1017;SR;578783;;150750;;;ANOMALIE - Document d'identité expiré;;
1017;SR;578553;;144703;;;ANOMALIE - Document d'identité expiré;;
1017;SR;578937;;156031;;;ANOMALIE - Document d'identité expiré;;
1017;SR;578925;;155009;;;ANOMALIE - Document d'identité expiré;;
1017;SR;578903;;154068;ANOMALIE - Mineur de plus de 21 ans;;ANOMALIE - Document d'identité expiré;;
1017;SR;579070;;159617;;;ANOMALIE - Document d'identité expiré;;
1017;SR;579061;;159311;;;ANOMALIE - Document d'identité expiré;;
1017;SR;579058;;159221;;;ANOMALIE - Document d'identité expiré;;
1017;SR;579083;;160216;;;ANOMALIE - Document d'identité expiré;;
1017;SR;579166;;161962;ANOMALIE - Mineur de plus de 21 ans;;ANOMALIE - Document d'identité expiré;;
1017;SR;579281;;164911;;;ANOMALIE - Document d'identité expiré;;
1017;SR;579253;;163983;;;ANOMALIE - Document d'identité expiré;;
1017;SR;579377;;167028;;;ANOMALIE - Document d'identité expiré;;
1017;SR;579599;;169835;;;ANOMALIE - Document d'identité expiré;;
1017;SR;579525;;168950;;;ANOMALIE - Document d'identité expiré;;
1017;SR;579453;;167946;;;ANOMALIE - Document d'identité expiré;;
1017;SR;579621;;170153;ANOMALIE - Mineur de plus de 21 ans;;;;
1017;SR;579971;;174248;;;ANOMALIE - Document d'identité expiré;;
1017;SR;580024;;174943;;;ANOMALIE - Document d'identité expiré;;
1017;SR;580052;;175338;;;ANOMALIE - Document d'identité expiré;;
1017;SR;580050;COMMERCE DE GROS;175303;;;ANOMALIE - Document d'identité expiré;;
1017;SR;579881;;173021;;;ANOMALIE - Document d'identité expiré;;
1017;SR;580089;;175923;;;ANOMALIE - Document d'identité expiré;;
1017;SR;579826;;176837;;;ANOMALIE - Document d'identité expiré;;
1017;SR;580227;;179359;;;ANOMALIE - Document d'identité expiré;;
1017;SR;580133;;176638;;;ANOMALIE - Document d'identité expiré;;
1017;SR;579941;;173787;ANOMALIE - Mineur de plus de 21 ans;;;;
1017;SR;579833;;172587;;;ANOMALIE - Document d'identité expiré;;
1017;SR;579838;;172595;;;ANOMALIE - Document d'identité expiré;;
1017;SR;579816;;172396;;;ANOMALIE - Document d'identité expiré;;
1017;SR;579888;;173137;;;ANOMALIE - Document d'identité expiré;;
1017;SR;579814;;172393;;;ANOMALIE - Document d'identité expiré;;
1017;SR;580129;;176606;;;ANOMALIE - Document d'identité expiré;;
1017;SR;579963;;174082;ANOMALIE - Mineur de plus de 21 ans;;ANOMALIE - Document d'identité expiré;;
1017;SR;580168;;177607;;;ANOMALIE - Document d'identité expiré;;
1017;SR;580236;;179934;;;ANOMALIE - Document d'identité expiré;;
1017;SR;580361;;184648;;;ANOMALIE - Document d'identité expiré;;
1017;SR;580484;;188133;;;ANOMALIE - Document d'identité expiré;;
1017;SR;580338;;183781;;;ANOMALIE - Document d'identité expiré;;
1017;SR;580455;;187572;;;ANOMALIE - Document d'identité expiré;;
1017;SR;580469;;187810;;;ANOMALIE - Document d'identité expiré;;
1017;SR;580515;;188863;ANOMALIE - Mineur de plus de 21 ans;;ANOMALIE - Document d'identité expiré;;
1017;SR;580698;;193793;;;ANOMALIE - Document d'identité expiré;;
1017;SR;580728;;195104;;;ANOMALIE - Document d'identité expiré;;
1017;SR;580725;;195064;ANOMALIE - Mineur de plus de 21 ans;;ANOMALIE - Document d'identité expiré;;
1017;SR;580683;;193408;;;ANOMALIE - Document d'identité expiré;;
1017;SR;580755;;195947;;;ANOMALIE - Document d'identité expiré;;
1017;SR;580643;;192155;;;ANOMALIE - Document d'identité expiré;;
1017;SR;580709;Autres services NCA;194281;;;ANOMALIE - Document d'identité expiré;;
1017;SR;580793;;197043;ANOMALIE - Mineur de plus de 21 ans;;ANOMALIE - Document d'identité expiré;;
1017;SR;580836;Particuliers non commerciaux;198284;;;ANOMALIE - Document d'identité expiré;;
1017;SR;580938;Particuliers non commerciaux;201347;;;ANOMALIE - Document d'identité expiré;;
1017;SR;580896;Particuliers non commerciaux;199661;;;ANOMALIE - Document d'identité expiré;;
1017;SR;581008;Particuliers non commerciaux;936021;;;ANOMALIE - Document d'identité expiré;;
1017;SR;581196;Particuliers non commerciaux;945477;;;ANOMALIE - Document d'identité expiré;;
1017;SR;581070;Particuliers non commerciaux;940389;;;ANOMALIE - Document d'identité expiré;;
1017;SR;581130;Particuliers non commerciaux;943810;ANOMALIE - Mineur de plus de 21 ans;;ANOMALIE - Document d'identité expiré;;
1017;SR;581336;Particuliers non commerciaux;950443;;;ANOMALIE - Document d'identité expiré;;
1017;SR;581412;Particuliers non commerciaux;953814;;;ANOMALIE - Document d'identité expiré;;
1017;SR;581311;Particuliers non commerciaux;949439;;;ANOMALIE - Document d'identité expiré;;
1017;SR;581439;Particuliers non commerciaux;955492;;;ANOMALIE - Document d'identité expiré;;
1017;SR;581632;Particuliers non commerciaux;965443;ANOMALIE - Mineur de plus de 21 ans;;ANOMALIE - Document d'identité expiré;;
1017;SR;581710;Particuliers non commerciaux;971041;;;ANOMALIE - Document d'identité expiré;;
1017;SR;581692;Particuliers non commerciaux;968916;;;ANOMALIE - Document d'identité expiré;;
1017;SR;581813;Particuliers non commerciaux;977365;;;ANOMALIE - Document d'identité expiré;;
1017;SR;581896;Particuliers non commerciaux;981332;;;ANOMALIE - Document d'identité expiré;;
1017;SR;581986;Particuliers non commerciaux;984763;;;ANOMALIE - Document d'identité expiré;;
1017;SR;582062;Particuliers non commerciaux;986735;ANOMALIE - Mineur de plus de 21 ans;;ANOMALIE - Document d'identité expiré;;
1017;SR;582029;Particuliers non commerciaux;985311;;;ANOMALIE - Document d'identité expiré;;
1017;SR;582057;Particuliers non commerciaux;986620;;;ANOMALIE - Document d'identité expiré;;
1017;SR;582568;Particuliers non commerciaux;992522;;;ANOMALIE - Document d'identité expiré;;
1017;SR;582921;Particuliers non commerciaux;996535;ANOMALIE - Mineur de plus de 21 ans;;;;
1017;SR;583124;Particuliers non commerciaux;999227;ANOMALIE - Mineur de plus de 21 ans;;ANOMALIE - Document d'identité expiré;;
1017;SR;583116;Particuliers non commerciaux;999085;;;ANOMALIE - Document d'identité expiré;;
1017;SR;583204;Particuliers non commerciaux;1000593;ANOMALIE - Mineur de plus de 21 ans;;;;
1017;SR;583177;Particuliers non commerciaux;999910;ANOMALIE - Mineur de plus de 21 ans;;;;
1017;SR;583284;Particuliers non commerciaux;1004291;;;ANOMALIE - Document d'identité expiré;;
1017;SR;583406;Particuliers non commerciaux;1011500;;;ANOMALIE - Document d'identité expiré;;
1017;SR;583410;Particuliers non commerciaux;1012185;;;ANOMALIE - Document d'identité expiré;;
1017;SR;583539;Particuliers non commerciaux;1016509;;;ANOMALIE - Document d'identité expiré;;
1017;SR;583596;Particuliers non commerciaux;1020668;ANOMALIE - Mineur de plus de 21 ans;;ANOMALIE - Document d'identité expiré;;
1017;SR;583468;Particuliers non commerciaux;1015606;ANOMALIE - Mineur de plus de 21 ans;;ANOMALIE - Document d'identité expiré;;
1017;SR;583661;Particuliers non commerciaux;1024296;ANOMALIE - Mineur de plus de 21 ans;;;;
1017;SR;583778;Particuliers non commerciaux;1027318;ANOMALIE - Mineur de plus de 21 ans;;;;
1017;SR;582748;Particuliers non commerciaux;994273;ANOMALIE - Mineur de plus de 21 ans;;;;
1017;SR;584134;Particuliers non commerciaux;1041609;ANOMALIE - Mineur de plus de 21 ans;;;;
1017;SR;584105;Particuliers non commerciaux;1039945;;;ANOMALIE - Document d'identité expiré;;
1017;SR;584337;Particuliers non commerciaux;1048164;ANOMALIE - Mineur de plus de 21 ans;;;;
1017;SR;581065;Particuliers non commerciaux;939935;ANOMALIE - Mineur de plus de 21 ans;;ANOMALIE - Document d'identité expiré;;
1017;SR;584467;Particuliers non commerciaux;4204847;ANOMALIE - Mineur de plus de 21 ans;;;;
1017;SR;577324;;123433;;;ANOMALIE - Document d'identité expiré;;
1017;SR;708996;Autres services NCA;56553;ANOMALIE - Mineur de plus de 21 ans;;ANOMALIE - Document d'identité expiré;;
1017;SR;578887;Autres services NCA;153533;;;ANOMALIE - Document d'identité expiré;;
1017;SR;577381;;124234;;;ANOMALIE - Document d'identité expiré;;
1017;SR;212683;PARTICULIERS SALARIES;87253;;;ANOMALIE - Document d'identité expiré;;
1017;SR;577042;AUTRES COMMERCES;119617;;;ANOMALIE - Document d'identité expiré;;
1017;SR;577395;Autres services NCA;124590;;;ANOMALIE - Document d'identité expiré;;
1017;SR;577516;Autres services NCA;126368;;;ANOMALIE - Document d'identité expiré;;
1017;SR;577366;;123984;;;ANOMALIE - Document d'identité expiré;;
1017;SR;577103;Autres services NCA;120599;;;ANOMALIE - Document d'identité expiré;;
1017;SR;577482;;125681;;;ANOMALIE - Document d'identité expiré;;
1017;SR;577523;;126464;;;ANOMALIE - Document d'identité expiré;;
1017;SR;577606;;127905;;;ANOMALIE - Document d'identité expiré;;
1017;SR;577578;;127350;;;ANOMALIE - Document d'identité expiré;;
1017;SR;577869;;132462;;;ANOMALIE - Document d'identité expiré;;
1017;SR;577849;;131889;;;ANOMALIE - Document d'identité expiré;;
1017;SR;578089;;135594;;;ANOMALIE - Document d'identité expiré;;
1017;SR;578057;;135273;;;ANOMALIE - Document d'identité expiré;;
1017;SR;578108;Autres services NCA;135894;;;ANOMALIE - Document d'identité expiré;;
1017;SR;578198;;137925;;;ANOMALIE - Document d'identité expiré;;
1017;SR;578103;;135810;;;ANOMALIE - Document d'identité expiré;;
1017;SR;578449;;143244;ANOMALIE - Mineur de plus de 21 ans;;;;
1017;SR;578270;;139923;;;ANOMALIE - Document d'identité expiré;;
1017;SR;578209;;138272;;;ANOMALIE - Document d'identité expiré;;
1017;SR;578432;;143111;ANOMALIE - Mineur de plus de 21 ans;;;;
1017;SR;578635;;146859;;;ANOMALIE - Document d'identité expiré;;
1017;SR;578676;;1031490;;;ANOMALIE - Document d'identité expiré;;
1017;SR;578833;;152514;;;ANOMALIE - Document d'identité expiré;;
1017;SR;578865;Autres services NCA;153344;;;ANOMALIE - Document d'identité expiré;;
1017;SR;578852;;153182;;;ANOMALIE - Document d'identité expiré;;
1017;SR;578850;;153050;;;ANOMALIE - Document d'identité expiré;;
1017;SR;578799;;151391;;;ANOMALIE - Document d'identité expiré;;
1017;SR;578834;;152515;;;ANOMALIE - Document d'identité expiré;;
1017;SR;578819;;152052;;;ANOMALIE - Document d'identité expiré;;
1017;SR;579049;;159154;;;ANOMALIE - Document d'identité expiré;;
1017;SR;579112;;161133;ANOMALIE - Mineur de plus de 21 ans;;;;
1017;SR;579040;OEUVRES SOCIALES;158993;;;ANOMALIE - Document d'identité expiré;;
1017;SR;579065;;138126;;;ANOMALIE - Document d'identité expiré;;
1017;SR;579192;;162313;ANOMALIE - Mineur de plus de 21 ans;;ANOMALIE - Document d'identité expiré;;
1017;SR;579254;;164022;ANOMALIE - Mineur de plus de 21 ans;;ANOMALIE - Document d'identité expiré;;
1017;SR;579317;;166203;;;ANOMALIE - Document d'identité expiré;;
1017;SR;579320;;166217;;;ANOMALIE - Document d'identité expiré;;
1017;SR;579307;;165754;;;ANOMALIE - Document d'identité expiré;;
1017;SR;579213;Autres services NCA;162863;;;ANOMALIE - Document d'identité expiré;;
1017;SR;579303;;165579;;;ANOMALIE - Document d'identité expiré;;
1017;SR;579439;;167795;;;ANOMALIE - Document d'identité expiré;;
1017;SR;579432;;167664;;;ANOMALIE - Document d'identité expiré;;
1017;SR;579401;;167266;;;ANOMALIE - Document d'identité expiré;;
1017;SR;579592;;169769;;;ANOMALIE - Document d'identité expiré;;
1017;SR;579498;;168552;ANOMALIE - Mineur de plus de 21 ans;;;;
1017;SR;579845;;172663;;;ANOMALIE - Document d'identité expiré;;
1017;SR;579975;;174254;;;ANOMALIE - Document d'identité expiré;;
1017;SR;579856;;172755;;;ANOMALIE - Document d'identité expiré;;
1017;SR;580123;;176450;ANOMALIE - Mineur de plus de 21 ans;;ANOMALIE - Document d'identité expiré;;
1017;SR;580072;;175637;;;ANOMALIE - Document d'identité expiré;;
1017;SR;580137;;176786;;;ANOMALIE - Document d'identité expiré;;
1017;SR;580140;;176798;;;ANOMALIE - Document d'identité expiré;;
1017;SR;580219;;1049406;;;ANOMALIE - Document d'identité expiré;;
1017;SR;579987;;174408;;;ANOMALIE - Document d'identité expiré;;
1017;SR;580224;;179261;;;ANOMALIE - Document d'identité expiré;;
1017;SR;580143;;176944;;;ANOMALIE - Document d'identité expiré;;
1017;SR;579884;;173130;;;ANOMALIE - Document d'identité expiré;;
1017;SR;580034;;175063;;;ANOMALIE - Document d'identité expiré;;
1017;SR;580144;;176955;;;ANOMALIE - Document d'identité expiré;;
1017;SR;579815;;172395;;;ANOMALIE - Document d'identité expiré;;
1017;SR;579872;;172961;;;ANOMALIE - Document d'identité expiré;;
1017;SR;580357;;184521;;;ANOMALIE - Document d'identité expiré;;
1017;SR;580275;;181698;;;ANOMALIE - Document d'identité expiré;;
1017;SR;580403;;185974;;;ANOMALIE - Document d'identité expiré;;
1017;SR;580420;;186577;;;ANOMALIE - Document d'identité expiré;;
1017;SR;580287;;182105;;;ANOMALIE - Document d'identité expiré;;
1017;SR;580313;;182715;;;ANOMALIE - Document d'identité expiré;;
1017;SR;580472;;187896;;;ANOMALIE - Document d'identité expiré;;
1017;SR;580360;;146947;;;ANOMALIE - Document d'identité expiré;;
1017;SR;580606;;190961;;;ANOMALIE - Document d'identité expiré;;
1017;SR;580566;;190258;;;ANOMALIE - Document d'identité expiré;;
1017;SR;580547;;189777;;;ANOMALIE - Document d'identité expiré;;
1017;SR;580531;;189316;;;ANOMALIE - Document d'identité expiré;;
1017;SR;580620;;191469;ANOMALIE - Mineur de plus de 21 ans;;ANOMALIE - Document d'identité expiré;;
1017;SR;580779;;196379;;;ANOMALIE - Document d'identité expiré;;
1017;SR;580701;Autres services NCA;193933;;;ANOMALIE - Document d'identité expiré;;
1017;SR;580638;;191978;;;ANOMALIE - Document d'identité expiré;;
1017;SR;580770;;196202;;;ANOMALIE - Document d'identité expiré;;
1017;SR;580807;;197410;;;ANOMALIE - Document d'identité expiré;;
1017;SR;580840;Particuliers non commerciaux;198366;;;ANOMALIE - Document d'identité expiré;;
1017;SR;580814;;197559;ANOMALIE - Mineur de plus de 21 ans;;ANOMALIE - Document d'identité expiré;;
1017;SR;580900;Particuliers non commerciaux;199777;;;ANOMALIE - Document d'identité expiré;;
1017;SR;580945;Particuliers non commerciaux;201829;;;ANOMALIE - Document d'identité expiré;;
1017;SR;580874;Particuliers non commerciaux;199033;ANOMALIE - Mineur de plus de 21 ans;;ANOMALIE - Document d'identité expiré;;
1017;SR;580954;Particuliers non commerciaux;932886;;;ANOMALIE - Document d'identité expiré;;
1017;SR;581103;Particuliers non commerciaux;942722;ANOMALIE - Mineur de plus de 21 ans;;ANOMALIE - Document d'identité expiré;;
1017;SR;581212;Particuliers non commerciaux;946143;;;ANOMALIE - Document d'identité expiré;;
1017;SR;581195;Particuliers non commerciaux;945460;;;ANOMALIE - Document d'identité expiré;;
1017;SR;581393;Particuliers non commerciaux;952576;;;ANOMALIE - Document d'identité expiré;;
1017;SR;581329;Enseignement universitaire;950094;ANOMALIE - Mineur de plus de 21 ans;;ANOMALIE - Document d'identité expiré;;
1017;SR;581415;Particuliers non commerciaux;953951;;;ANOMALIE - Document d'identité expiré;;
1017;SR;581334;Particuliers non commerciaux;950435;;;ANOMALIE - Document d'identité expiré;;
1017;SR;581268;Particuliers non commerciaux;948287;;;ANOMALIE - Document d'identité expiré;;
1017;SR;581278;Particuliers non commerciaux;948516;;;ANOMALIE - Document d'identité expiré;;
1017;SR;581449;Particuliers non commerciaux;955676;ANOMALIE - Mineur de plus de 21 ans;;;;
1017;SR;581497;Particuliers non commerciaux;958010;;;ANOMALIE - Document d'identité expiré;;
1017;SR;581474;ANIMATION RURALE;956394;;;ANOMALIE - Document d'identité expiré;;
1017;SR;581468;Particuliers non commerciaux;956236;;;ANOMALIE - Document d'identité expiré;;
1017;SR;581470;Particuliers non commerciaux;956255;;;ANOMALIE - Document d'identité expiré;;
1017;SR;581524;Particuliers non commerciaux;959438;;;ANOMALIE - Document d'identité expiré;;
1017;SR;581621;Particuliers non commerciaux;964833;;;ANOMALIE - Document d'identité expiré;;
1017;SR;581599;Particuliers non commerciaux;963163;;;ANOMALIE - Document d'identité expiré;;
1017;SR;581557;Particuliers non commerciaux;961018;ANOMALIE - Mineur de plus de 21 ans;;;;
1017;SR;581548;Particuliers non commerciaux;960898;ANOMALIE - Mineur de plus de 21 ans;;;;
1017;SR;581571;Particuliers non commerciaux;961645;;;ANOMALIE - Document d'identité expiré;;
1017;SR;581704;Particuliers non commerciaux;970020;;;ANOMALIE - Document d'identité expiré;;
1017;SR;581696;Particuliers non commerciaux;969051;ANOMALIE - Mineur de plus de 21 ans;;;;
1017;SR;581808;Particuliers non commerciaux;977225;;;ANOMALIE - Document d'identité expiré;;
1017;SR;581824;Particuliers non commerciaux;977895;;;ANOMALIE - Document d'identité expiré;;
1017;SR;581863;Particuliers non commerciaux;980016;ANOMALIE - Mineur de plus de 21 ans;;ANOMALIE - Document d'identité expiré;;
1017;SR;581901;Particuliers non commerciaux;981554;;;ANOMALIE - Document d'identité expiré;;
1017;SR;581893;Particuliers non commerciaux;981259;ANOMALIE - Mineur de plus de 21 ans;;;;
1017;SR;581897;Particuliers non commerciaux;981494;;;ANOMALIE - Document d'identité expiré;;
1017;SR;581943;Particuliers non commerciaux;983610;;;ANOMALIE - Document d'identité expiré;;
1017;SR;582054;Particuliers non commerciaux;986612;;;ANOMALIE - Document d'identité expiré;;
1017;SR;582213;Particuliers non commerciaux;989189;;;ANOMALIE - Document d'identité expiré;;
1017;SR;582651;Particuliers non commerciaux;993673;;;ANOMALIE - Document d'identité expiré;;
1017;SR;582116;Particuliers non commerciaux;987431;ANOMALIE - Mineur de plus de 21 ans;;;;
1017;SR;582532;Particuliers non commerciaux;992053;ANOMALIE - Mineur de plus de 21 ans;;;;
1017;SR;582594;Particuliers non commerciaux;992821;;;ANOMALIE - Document d'identité expiré;;
1017;SR;582471;Particuliers non commerciaux;991267;ANOMALIE - Mineur de plus de 21 ans;;;;
1017;SR;582372;Particuliers non commerciaux;990437;ANOMALIE - Mineur de plus de 21 ans;;ANOMALIE - Document d'identité expiré;;
1017;SR;583215;Particuliers non commerciaux;1001084;ANOMALIE - Mineur de plus de 21 ans;;;;
1017;SR;583198;Particuliers non commerciaux;1000583;;;ANOMALIE - Document d'identité expiré;;
1017;SR;583256;Particuliers non commerciaux;1002923;;;ANOMALIE - Document d'identité expiré;;
1017;SR;583277;Particuliers non commerciaux;1003911;;;ANOMALIE - Document d'identité expiré;;
1017;SR;583332;Particuliers non commerciaux;1007266;;;ANOMALIE - Document d'identité expiré;;
1017;SR;583349;Particuliers non commerciaux;1008816;;;ANOMALIE - Document d'identité expiré;;
1017;SR;583379;Particuliers non commerciaux;1010346;ANOMALIE - Mineur de plus de 21 ans;;;;
1017;SR;583342;Particuliers non commerciaux;1008502;;;ANOMALIE - Document d'identité expiré;;
1017;SR;583546;Particuliers non commerciaux;1016725;ANOMALIE - Mineur de plus de 21 ans;;;;
1017;SR;583465;Particuliers non commerciaux;1015410;ANOMALIE - Mineur de plus de 21 ans;;;;
1017;SR;583842;Particuliers non commerciaux;1028111;;;ANOMALIE - Document d'identité expiré;;
1017;SR;583913;Particuliers non commerciaux;1030560;;;ANOMALIE - Document d'identité expiré;;
1017;SR;584077;Particuliers non commerciaux;1037640;ANOMALIE - Mineur de plus de 21 ans;;;;
1017;SR;584282;Particuliers non commerciaux;1045005;ANOMALIE - Mineur de plus de 21 ans;;;;
1017;SR;584176;Particuliers non commerciaux;1042342;ANOMALIE - Mineur de plus de 21 ans;;;;
1017;SR;116984;Particuliers non commerciaux;56844;ANOMALIE - Mineur de plus de 21 ans;;ANOMALIE - Document d'identité expiré;;
1017;SR;509516;PARTICULIERS SALARIES;26999;;;ANOMALIE - Document d'identité expiré;;
1017;SR;684698;Autres services NCA;123388;;;ANOMALIE - Document d'identité expiré;;
1017;SR;577407;;124793;;;ANOMALIE - Document d'identité expiré;;
1017;SR;577419;;124817;;;ANOMALIE - Document d'identité expiré;;
1017;SR;577518;Autres services NCA;126439;;;ANOMALIE - Document d'identité expiré;;
1017;SR;577267;;122793;;;ANOMALIE - Document d'identité expiré;;
1017;SR;577472;;125637;ANOMALIE - Mineur de plus de 21 ans;;ANOMALIE - Document d'identité expiré;;
1017;SR;577441;;125478;ANOMALIE - Mineur de plus de 21 ans;;ANOMALIE - Document d'identité expiré;;
1017;SR;577204;;121760;;;ANOMALIE - Document d'identité expiré;;
1017;SR;577725;;129951;;;ANOMALIE - Document d'identité expiré;;
1017;SR;577714;;129773;;;ANOMALIE - Document d'identité expiré;;
1017;SR;577661;;128863;;;ANOMALIE - Document d'identité expiré;;
1017;SR;577573;;127324;;;ANOMALIE - Document d'identité expiré;;
1017;SR;578053;;135243;;;ANOMALIE - Document d'identité expiré;;
1017;SR;578043;;135214;ANOMALIE - Mineur de plus de 21 ans;;;;
1017;SR;578189;;137704;;;ANOMALIE - Document d'identité expiré;;
1017;SR;578100;Autres services NCA;135749;;;ANOMALIE - Document d'identité expiré;;
1017;SR;578101;;135754;;;ANOMALIE - Document d'identité expiré;;
1017;SR;578121;;136151;;;ANOMALIE - Document d'identité expiré;;
1017;SR;578279;;140179;ANOMALIE - Mineur de plus de 21 ans;;ANOMALIE - Document d'identité expiré;;
1017;SR;578366;;141503;;;ANOMALIE - Document d'identité expiré;;
1017;SR;578257;;139495;;;ANOMALIE - Document d'identité expiré;;
1017;SR;578404;COMMERCE DE GROS;142548;;;ANOMALIE - Document d'identité expiré;;
1017;SR;578397;;142280;;;ANOMALIE - Document d'identité expiré;;
1017;SR;578557;;144912;ANOMALIE - Mineur de plus de 21 ans;;ANOMALIE - Document d'identité expiré;;
1017;SR;578690;;147671;;;ANOMALIE - Document d'identité expiré;;
1017;SR;578778;;150660;;;ANOMALIE - Document d'identité expiré;;
1017;SR;578733;Autres services NCA;149247;;;ANOMALIE - Document d'identité expiré;;
1017;SR;578805;;151553;;;ANOMALIE - Document d'identité expiré;;
1017;SR;578832;;152512;;;ANOMALIE - Document d'identité expiré;;
1017;SR;579097;;160666;;;ANOMALIE - Document d'identité expiré;;
1017;SR;578997;;158292;;;ANOMALIE - Document d'identité expiré;;
1017;SR;579147;;161907;ANOMALIE - Mineur de plus de 21 ans;;ANOMALIE - Document d'identité expiré;;
1017;SR;579242;;163720;;;ANOMALIE - Document d'identité expiré;;
1017;SR;579250;;179237;;;ANOMALIE - Document d'identité expiré;;
1017;SR;579434;;167725;;;ANOMALIE - Document d'identité expiré;;
1017;SR;579338;;166505;;;ANOMALIE - Document d'identité expiré;;
1017;SR;579335;;166499;;;ANOMALIE - Document d'identité expiré;;
1017;SR;579536;;169094;ANOMALIE - Mineur de plus de 21 ans;;ANOMALIE - Document d'identité expiré;;
1017;SR;579483;;168449;;;ANOMALIE - Document d'identité expiré;;
1017;SR;579528;;168984;;;ANOMALIE - Document d'identité expiré;;
1017;SR;579517;;168811;;;ANOMALIE - Document d'identité expiré;;
1017;SR;579508;;168709;;;ANOMALIE - Document d'identité expiré;;
1017;SR;579529;;168989;;;ANOMALIE - Document d'identité expiré;;
1017;SR;579847;;22492;;;ANOMALIE - Document d'identité expiré;;
1017;SR;579850;;172728;;;ANOMALIE - Document d'identité expiré;;
1017;SR;579801;;101416;;;ANOMALIE - Document d'identité expiré;;
1017;SR;579911;;173387;;;ANOMALIE - Document d'identité expiré;;
1017;SR;579651;;170558;;;ANOMALIE - Document d'identité expiré;;
1017;SR;579863;;172852;ANOMALIE - Mineur de plus de 21 ans;;ANOMALIE - Document d'identité expiré;;
1017;SR;580159;;177347;;;ANOMALIE - Document d'identité expiré;;
1017;SR;579960;;174054;;;ANOMALIE - Document d'identité expiré;;
1017;SR;580154;;177237;;;ANOMALIE - Document d'identité expiré;;
1017;SR;579967;;174105;;;ANOMALIE - Document d'identité expiré;;
1017;SR;580071;;175629;;;ANOMALIE - Document d'identité expiré;;
1017;SR;579756;;171759;;;ANOMALIE - Document d'identité expiré;;
1017;SR;579887;;173136;ANOMALIE - Mineur de plus de 21 ans;;;;
1017;SR;580041;;175190;;;ANOMALIE - Document d'identité expiré;;
1017;SR;580157;;177272;ANOMALIE - Mineur de plus de 21 ans;;ANOMALIE - Document d'identité expiré;;
1017;SR;580207;;178749;;;ANOMALIE - Document d'identité expiré;;
1017;SR;580146;;176979;;;ANOMALIE - Document d'identité expiré;;
1017;SR;579730;;171443;ANOMALIE - Mineur de plus de 21 ans;;ANOMALIE - Document d'identité expiré;;
1017;SR;579715;Autres services NCA;171251;;;ANOMALIE - Document d'identité expiré;;
1017;SR;580245;;180363;;;ANOMALIE - Document d'identité expiré;;
1017;SR;580363;;184658;;;ANOMALIE - Document d'identité expiré;;
1017;SR;580377;;185180;;;ANOMALIE - Document d'identité expiré;;
1017;SR;580258;;181037;ANOMALIE - Mineur de plus de 21 ans;;ANOMALIE - Document d'identité expiré;;
1017;SR;580481;;188064;;;ANOMALIE - Document d'identité expiré;;
1017;SR;580382;;185292;;;ANOMALIE - Document d'identité expiré;;
1017;SR;580473;;187906;;;ANOMALIE - Document d'identité expiré;;
1017;SR;580485;;188221;;;ANOMALIE - Document d'identité expiré;;
1017;SR;580343;;183976;;;ANOMALIE - Document d'identité expiré;;
1017;SR;580491;;188277;;;ANOMALIE - Document d'identité expiré;;
1017;SR;580535;;189407;;;ANOMALIE - Document d'identité expiré;;
1017;SR;580645;;192232;;;ANOMALIE - Document d'identité expiré;;
1017;SR;580712;;194542;;;ANOMALIE - Document d'identité expiré;;
1017;SR;580722;;195019;;;ANOMALIE - Document d'identité expiré;;
1017;SR;580664;Autres services NCA;192822;;;ANOMALIE - Document d'identité expiré;;
1017;SR;580903;Particuliers non commerciaux;199887;;;ANOMALIE - Document d'identité expiré;;
1017;SR;580872;Particuliers non commerciaux;199010;;;ANOMALIE - Document d'identité expiré;;
1017;SR;581012;Particuliers non commerciaux;936502;;;ANOMALIE - Document d'identité expiré;;
1017;SR;580998;Particuliers non commerciaux;935713;ANOMALIE - Mineur de plus de 21 ans;;ANOMALIE - Document d'identité expiré;;
1017;SR;580955;Particuliers non commerciaux;932908;ANOMALIE - Mineur de plus de 21 ans;;ANOMALIE - Document d'identité expiré;;
1017;SR;581291;Particuliers non commerciaux;948859;;;ANOMALIE - Document d'identité expiré;;
1017;SR;581394;Particuliers non commerciaux;952583;;;ANOMALIE - Document d'identité expiré;;
1017;SR;581389;Particuliers non commerciaux;952437;;;ANOMALIE - Document d'identité expiré;;
1017;SR;581643;Particuliers non commerciaux;965991;;;ANOMALIE - Document d'identité expiré;;
1017;SR;581543;Particuliers non commerciaux;960891;ANOMALIE - Mineur de plus de 21 ans;;;;
1017;SR;581693;Particuliers non commerciaux;969030;;;ANOMALIE - Document d'identité expiré;;
1017;SR;581731;Particuliers non commerciaux;972692;;;ANOMALIE - Document d'identité expiré;;
1017;SR;581669;Particuliers non commerciaux;967457;;;ANOMALIE - Document d'identité expiré;;
1017;SR;581695;Particuliers non commerciaux;969048;ANOMALIE - Mineur de plus de 21 ans;;ANOMALIE - Document d'identité expiré;;
1017;SR;581786;Particuliers non commerciaux;975957;;;ANOMALIE - Document d'identité expiré;;
1017;SR;581938;Particuliers non commerciaux;983190;;;ANOMALIE - Document d'identité expiré;;
1017;SR;581915;Particuliers non commerciaux;982363;ANOMALIE - Mineur de plus de 21 ans;;;;
1017;SR;581945;Particuliers non commerciaux;983722;;;ANOMALIE - Document d'identité expiré;;
1017;SR;582109;Particuliers non commerciaux;987409;;;ANOMALIE - Document d'identité expiré;;
1017;SR;582225;Particuliers non commerciaux;989306;ANOMALIE - Mineur de plus de 21 ans;;ANOMALIE - Document d'identité expiré;;
1017;SR;582556;Particuliers non commerciaux;992445;ANOMALIE - Mineur de plus de 21 ans;;;;
1017;SR;582152;Particuliers non commerciaux;988056;ANOMALIE - Mineur de plus de 21 ans;;;;
1017;SR;582774;Particuliers non commerciaux;994455;;;ANOMALIE - Document d'identité expiré;;
1017;SR;582943;Particuliers non commerciaux;996706;ANOMALIE - Mineur de plus de 21 ans;;;;
1017;SR;582820;Particuliers non commerciaux;995232;;;ANOMALIE - Document d'identité expiré;;
1017;SR;582984;Particuliers non commerciaux;997150;ANOMALIE - Mineur de plus de 21 ans;;;;
1017;SR;583119;Particuliers non commerciaux;999133;;;ANOMALIE - Document d'identité expiré;;
1017;SR;583072;Particuliers non commerciaux;998437;;;ANOMALIE - Document d'identité expiré;;
1017;SR;583205;Particuliers non commerciaux;1000594;ANOMALIE - Mineur de plus de 21 ans;;;;
1017;SR;583096;Particuliers non commerciaux;998675;;;ANOMALIE - Document d'identité expiré;;
1017;SR;583200;Particuliers non commerciaux;1000589;ANOMALIE - Mineur de plus de 21 ans;;;;
1017;SR;583321;Particuliers non commerciaux;1006781;;;ANOMALIE - Document d'identité expiré;;
1017;SR;583326;Particuliers non commerciaux;1006961;;;ANOMALIE - Document d'identité expiré;;
1017;SR;583336;Particuliers non commerciaux;1008152;;;ANOMALIE - Document d'identité expiré;;
1017;SR;583519;Particuliers non commerciaux;1016357;;;ANOMALIE - Document d'identité expiré;;
1017;SR;583529;Particuliers non commerciaux;1016473;;;ANOMALIE - Document d'identité expiré;;
1017;SR;583636;Particuliers non commerciaux;1022930;ANOMALIE - Mineur de plus de 21 ans;;ANOMALIE - Document d'identité expiré;;
1017;SR;583656;Particuliers non commerciaux;1024102;;;ANOMALIE - Document d'identité expiré;;
1017;SR;583671;Particuliers non commerciaux;1024797;ANOMALIE - Mineur de plus de 21 ans;;ANOMALIE - Document d'identité expiré;;
1017;SR;583976;Particuliers non commerciaux;1032830;;;ANOMALIE - Document d'identité expiré;;
1017;SR;584119;Particuliers non commerciaux;1040462;ANOMALIE - Mineur de plus de 21 ans;;;;
1017;SR;584310;Particuliers non commerciaux;1046381;ANOMALIE - Mineur de plus de 21 ans;;;;
1017;SR;584420;Particuliers non commerciaux;1052337;;;ANOMALIE - Document d'identité expiré;;
1017;SR;584428;Particuliers non commerciaux;1052858;;;ANOMALIE - Document d'identité expiré;;
1017;SR;509462;PARTICULIERS SALARIES;26696;;;ANOMALIE - Document d'identité expiré;;
1017;SR;577237;Papier et produit du papier;122422;;;ANOMALIE - Document d'identité expiré;;
1017;SR;577166;COMMERCE DE GROS;121237;;;ANOMALIE - Document d'identité expiré;;
1017;SR;577429;;125010;;;ANOMALIE - Document d'identité expiré;;
1017;SR;577234;COMMERCE DE DETAIL;122364;;;ANOMALIE - Document d'identité expiré;;
1017;SR;577568;;127101;;;ANOMALIE - Document d'identité expiré;;
1017;SR;577872;;132497;ANOMALIE - Mineur de plus de 21 ans;;;;
1017;SR;578026;Autres services NCA;134865;;;ANOMALIE - Document d'identité expiré;;
1017;SR;577880;COMMUNICATION;132739;;;ANOMALIE - Document d'identité expiré;;
1017;SR;578075;;135433;;;ANOMALIE - Document d'identité expiré;;
1017;SR;578073;;135411;;;ANOMALIE - Document d'identité expiré;;
1017;SR;578122;;136179;ANOMALIE - Mineur de plus de 21 ans;;ANOMALIE - Document d'identité expiré;;
1017;SR;578294;Autres services NCA;140573;;;ANOMALIE - Document d'identité expiré;;
1017;SR;578283;;140311;;;ANOMALIE - Document d'identité expiré;;
1017;SR;578305;;140728;;;ANOMALIE - Document d'identité expiré;;
1017;SR;578244;;139127;ANOMALIE - Mineur de plus de 21 ans;;ANOMALIE - Document d'identité expiré;;
1017;SR;578720;;148665;;;ANOMALIE - Document d'identité expiré;;
1017;SR;578558;Autres services NCA;144914;;;ANOMALIE - Document d'identité expiré;;
1017;SR;578668;;147446;;;ANOMALIE - Document d'identité expiré;;
1017;SR;578644;;147115;;;ANOMALIE - Document d'identité expiré;;
1017;SR;578785;;150902;;;ANOMALIE - Document d'identité expiré;;
1017;SR;578638;;146929;;;ANOMALIE - Document d'identité expiré;;
1017;SR;578941;;156240;;;ANOMALIE - Document d'identité expiré;;
1017;SR;578935;;155593;;;ANOMALIE - Document d'identité expiré;;
1017;SR;578916;;154469;;;ANOMALIE - Document d'identité expiré;;
1017;SR;579046;;159072;ANOMALIE - Mineur de plus de 21 ans;;;;
1017;SR;579009;;158358;ANOMALIE - Mineur de plus de 21 ans;;;;
1017;SR;579136;;161660;ANOMALIE - Mineur de plus de 21 ans;;;;
1017;SR;579034;;158855;;;ANOMALIE - Document d'identité expiré;;
1017;SR;579247;;163889;;;ANOMALIE - Document d'identité expiré;;
1017;SR;579395;;167231;ANOMALIE - Mineur de plus de 21 ans;;ANOMALIE - Document d'identité expiré;;
1017;SR;579426;;167565;;;ANOMALIE - Document d'identité expiré;;
1017;SR;579412;;167412;;;ANOMALIE - Document d'identité expiré;;
1017;SR;579602;;169844;;;ANOMALIE - Document d'identité expiré;;
1017;SR;579634;;170257;ANOMALIE - Mineur de plus de 21 ans;;;;
1017;SR;579538;;169114;;;ANOMALIE - Document d'identité expiré;;
1017;SR;579501;;168629;ANOMALIE - Mineur de plus de 21 ans;;ANOMALIE - Document d'identité expiré;;
1017;SR;579535;;169088;;;ANOMALIE - Document d'identité expiré;;
1017;SR;579672;;170785;ANOMALIE - Mineur de plus de 21 ans;;ANOMALIE - Document d'identité expiré;;
1017;SR;579743;Autres services NCA;171614;ANOMALIE - Mineur de plus de 21 ans;;ANOMALIE - Document d'identité expiré;;
1017;SR;579997;;174513;;;ANOMALIE - Document d'identité expiré;;
1017;SR;580141;;176800;;;ANOMALIE - Document d'identité expiré;;
1017;SR;579985;;174403;ANOMALIE - Mineur de plus de 21 ans;;ANOMALIE - Document d'identité expiré;;
1017;SR;580127;;176531;;;ANOMALIE - Document d'identité expiré;;
1017;SR;580042;;175196;;;ANOMALIE - Document d'identité expiré;;
1017;SR;580182;;177931;;;ANOMALIE - Document d'identité expiré;;
1017;SR;579736;;171558;ANOMALIE - Mineur de plus de 21 ans;;ANOMALIE - Document d'identité expiré;;
1017;SR;579694;;171033;;;ANOMALIE - Document d'identité expiré;;
1017;SR;579797;;172212;;;ANOMALIE - Document d'identité expiré;;
1017;SR;580185;;178002;;;ANOMALIE - Document d'identité expiré;;
1017;SR;580311;;182635;;;ANOMALIE - Document d'identité expiré;;
1017;SR;580281;;181947;;;ANOMALIE - Document d'identité expiré;;
1017;SR;580587;;190649;;;ANOMALIE - Document d'identité expiré;;
1017;SR;580591;;190753;;;ANOMALIE - Document d'identité expiré;;
1017;SR;580619;;191424;ANOMALIE - Mineur de plus de 21 ans;;ANOMALIE - Document d'identité expiré;;
1017;SR;580628;;191652;ANOMALIE - Mineur de plus de 21 ans;;;;
1017;SR;580655;;192534;;;ANOMALIE - Document d'identité expiré;;
1017;SR;580646;;192301;;;ANOMALIE - Document d'identité expiré;;
1017;SR;580684;;193471;;;ANOMALIE - Document d'identité expiré;;
1017;SR;580759;;196016;;;ANOMALIE - Document d'identité expiré;;
1017;SR;580649;;192357;;;ANOMALIE - Document d'identité expiré;;
1017;SR;580803;;197275;;;ANOMALIE - Document d'identité expiré;;
1017;SR;580839;Particuliers non commerciaux;198323;;;ANOMALIE - Document d'identité expiré;;
1017;SR;580828;Etat;198102;;;ANOMALIE - Document d'identité expiré;;
1017;SR;580916;Particuliers non commerciaux;200285;;;ANOMALIE - Document d'identité expiré;;
1017;SR;581005;Particuliers non commerciaux;935933;;;ANOMALIE - Document d'identité expiré;;
1017;SR;581059;Particuliers non commerciaux;939456;;;ANOMALIE - Document d'identité expiré;;
1017;SR;581101;Particuliers non commerciaux;942701;ANOMALIE - Mineur de plus de 21 ans;;ANOMALIE - Document d'identité expiré;;
1017;SR;581077;Particuliers non commerciaux;940855;;;ANOMALIE - Document d'identité expiré;;
1017;SR;581035;Particuliers non commerciaux;937963;;;ANOMALIE - Document d'identité expiré;;
1017;SR;581179;Particuliers non commerciaux;945096;;;ANOMALIE - Document d'identité expiré;;
1017;SR;581211;Particuliers non commerciaux;946130;;;ANOMALIE - Document d'identité expiré;;
1017;SR;581405;COMMERCE GROS DETAIL RESTO HOTEL;953272;;;ANOMALIE - Document d'identité expiré;;
1017;SR;581371;Particuliers non commerciaux;951873;;;ANOMALIE - Document d'identité expiré;;
1017;SR;581267;Particuliers non commerciaux;948266;ANOMALIE - Mineur de plus de 21 ans;;ANOMALIE - Document d'identité expiré;;
1017;SR;581321;Particuliers non commerciaux;949776;;;ANOMALIE - Document d'identité expiré;;
1017;SR;581326;Particuliers non commerciaux;949908;;;ANOMALIE - Document d'identité expiré;;
1017;SR;581419;Particuliers non commerciaux;954224;;;ANOMALIE - Document d'identité expiré;;
1017;SR;581355;Particuliers non commerciaux;951195;;;ANOMALIE - Document d'identité expiré;;
1017;SR;581408;Particuliers non commerciaux;953670;;;ANOMALIE - Document d'identité expiré;;
1017;SR;581438;Particuliers non commerciaux;955487;;;ANOMALIE - Document d'identité expiré;;
1017;SR;581634;Particuliers non commerciaux;965542;ANOMALIE - Mineur de plus de 21 ans;;ANOMALIE - Document d'identité expiré;;
1017;SR;581625;Particuliers non commerciaux;965193;ANOMALIE - Mineur de plus de 21 ans;;ANOMALIE - Document d'identité expiré;;
1017;SR;581642;Particuliers non commerciaux;965947;;;ANOMALIE - Document d'identité expiré;;
1017;SR;581572;Particuliers non commerciaux;961771;;;ANOMALIE - Document d'identité expiré;;
1017;SR;581594;Particuliers non commerciaux;962749;;;ANOMALIE - Document d'identité expiré;;
1017;SR;581580;Particuliers non commerciaux;962106;;;ANOMALIE - Document d'identité expiré;;
1017;SR;581717;Particuliers non commerciaux;971289;;;ANOMALIE - Document d'identité expiré;;
1017;SR;581705;Particuliers non commerciaux;970139;ANOMALIE - Mineur de plus de 21 ans;;ANOMALIE - Document d'identité expiré;;
1017;SR;581652;Particuliers non commerciaux;966535;;;ANOMALIE - Document d'identité expiré;;
1017;SR;581943;Particuliers non commerciaux;983614;;;ANOMALIE - Document d'identité expiré;;
1017;SR;582130;Particuliers non commerciaux;987748;;;ANOMALIE - Document d'identité expiré;;
1017;SR;582740;Particuliers non commerciaux;994251;;;ANOMALIE - Document d'identité expiré;;
1017;SR;582023;Particuliers non commerciaux;985190;;;ANOMALIE - Document d'identité expiré;;
1017;SR;582010;Particuliers non commerciaux;985150;;;ANOMALIE - Document d'identité expiré;;
1017;SR;582872;Particuliers non commerciaux;995738;;;ANOMALIE - Document d'identité expiré;;
1017;SR;583217;Particuliers non commerciaux;1001108;ANOMALIE - Mineur de plus de 21 ans;;;;
1017;SR;583381;Particuliers non commerciaux;1010403;ANOMALIE - Mineur de plus de 21 ans;;ANOMALIE - Document d'identité expiré;;
1017;SR;583411;Particuliers non commerciaux;1012259;;;ANOMALIE - Document d'identité expiré;;
1017;SR;583418;Particuliers non commerciaux;1012660;;;ANOMALIE - Document d'identité expiré;;
1017;SR;583420;Particuliers non commerciaux;1012830;ANOMALIE - Mineur de plus de 21 ans;;ANOMALIE - Document d'identité expiré;;
1017;SR;583423;Particuliers non commerciaux;1012961;;;ANOMALIE - Document d'identité expiré;;
1017;SR;583550;Particuliers non commerciaux;1016778;;;ANOMALIE - Document d'identité expiré;;
1017;SR;583618;Particuliers non commerciaux;1022301;ANOMALIE - Mineur de plus de 21 ans;;;;
1017;SR;583771;Particuliers non commerciaux;1026898;;;ANOMALIE - Document d'identité expiré;;
1017;SR;583916;Particuliers non commerciaux;1030691;;;;;
1017;SR;583928;Particuliers non commerciaux;1031654;;;ANOMALIE - Document d'identité expiré;;
1017;SR;584068;Particuliers non commerciaux;1037485;ANOMALIE - Mineur de plus de 21 ans;;;;
1017;SR;584091;Particuliers non commerciaux;1038857;ANOMALIE - Mineur de plus de 21 ans;;;;
1017;SR;584129;Particuliers non commerciaux;1041102;ANOMALIE - Mineur de plus de 21 ans;;;;
1017;SR;584320;Particuliers non commerciaux;1047145;;;ANOMALIE - Document d'identité expiré;;
1017;SR;584394;Particuliers non commerciaux;1050782;ANOMALIE - Mineur de plus de 21 ans;;;;
1017;SR;584508;Particuliers non commerciaux;4207001;ANOMALIE - Mineur de plus de 21 ans;;;;
1017;SR;578400;;142304;ANOMALIE - Mineur de plus de 21 ans;;;;
1017;SR;808270;PARTICULIERS SALARIES;58247;;;ANOMALIE - Document d'identité expiré;;
1017;SR;577222;Autres banques intermediaire fin;122120;;;ANOMALIE - Document d'identité expiré;;
1017;SR;577673;;129156;;;ANOMALIE - Document d'identité expiré;;
1017;SR;577671;;129108;;;ANOMALIE - Document d'identité expiré;;
1017;SR;577939;;133732;;;ANOMALIE - Document d'identité expiré;;
1017;SR;577879;Autres services NCA;132607;;;ANOMALIE - Document d'identité expiré;;
1017;SR;578065;Autres services NCA;135344;;;ANOMALIE - Document d'identité expiré;;
1017;SR;577805;;131499;;;ANOMALIE - Document d'identité expiré;;
1017;SR;577936;;133703;;;ANOMALIE - Document d'identité expiré;;
1017;SR;578020;;134659;;;ANOMALIE - Document d'identité expiré;;
1017;SR;578021;;134707;;;ANOMALIE - Document d'identité expiré;;
1017;SR;578191;;137771;;;ANOMALIE - Document d'identité expiré;;
1017;SR;578158;;143194;;;ANOMALIE - Document d'identité expiré;;
1017;SR;578380;;141867;;;ANOMALIE - Document d'identité expiré;;
1017;SR;578414;;142812;;;ANOMALIE - Document d'identité expiré;;
1017;SR;578297;;140592;;;ANOMALIE - Document d'identité expiré;;
1017;SR;578572;Etat;145216;;;ANOMALIE - Document d'identité expiré;;
1017;SR;578769;;150168;;;ANOMALIE - Document d'identité expiré;;
1017;SR;578731;;149048;;;ANOMALIE - Document d'identité expiré;;
1017;SR;578708;Autres services NCA;148023;;;ANOMALIE - Document d'identité expiré;;
1017;SR;578664;;147402;;;ANOMALIE - Document d'identité expiré;;
1017;SR;578620;;146516;;;ANOMALIE - Document d'identité expiré;;
1017;SR;578674;;147492;;;ANOMALIE - Document d'identité expiré;;
1017;SR;578726;;148958;;;ANOMALIE - Document d'identité expiré;;
1017;SR;578729;Autres services NCA;149018;;;ANOMALIE - Document d'identité expiré;;
1017;SR;578762;;149961;;;ANOMALIE - Document d'identité expiré;;
1017;SR;578671;;147461;;;ANOMALIE - Document d'identité expiré;;
1017;SR;578786;;150934;ANOMALIE - Mineur de plus de 21 ans;;ANOMALIE - Document d'identité expiré;;
1017;SR;578868;Autres services NCA;153368;;;ANOMALIE - Document d'identité expiré;;
1017;SR;578886;Autres services NCA;153531;;;ANOMALIE - Document d'identité expiré;;
1017;SR;578909;;154365;;;ANOMALIE - Document d'identité expiré;;
1017;SR;578951;;156813;;;ANOMALIE - Document d'identité expiré;;
1017;SR;578811;;151663;;;ANOMALIE - Document d'identité expiré;;
1017;SR;578842;;152605;;;ANOMALIE - Document d'identité expiré;;
1017;SR;578823;;127093;;;ANOMALIE - Document d'identité expiré;;
1017;SR;579029;;158526;ANOMALIE - Mineur de plus de 21 ans;;;;
1017;SR;579080;;159983;;;ANOMALIE - Document d'identité expiré;;
1017;SR;579285;Autres services NCA;165049;;;ANOMALIE - Document d'identité expiré;;
1017;SR;579288;;165183;;;ANOMALIE - Document d'identité expiré;;
1017;SR;579280;;164887;;;ANOMALIE - Document d'identité expiré;;
1017;SR;579286;;165078;;;ANOMALIE - Document d'identité expiré;;
1017;SR;579375;Autres services NCA;167015;;;ANOMALIE - Document d'identité expiré;;
1017;SR;579387;;167145;;;ANOMALIE - Document d'identité expiré;;
1017;SR;579391;;167149;;;ANOMALIE - Document d'identité expiré;;
1017;SR;579440;;167798;;;ANOMALIE - Document d'identité expiré;;
1017;SR;579374;;166938;;;ANOMALIE - Document d'identité expiré;;
1017;SR;579337;;166504;;;ANOMALIE - Document d'identité expiré;;
1017;SR;579350;;166701;;;ANOMALIE - Document d'identité expiré;;
1017;SR;579369;;166909;;;ANOMALIE - Document d'identité expiré;;
1017;SR;579595;;169796;;;ANOMALIE - Document d'identité expiré;;
1017;SR;579562;;169417;;;ANOMALIE - Document d'identité expiré;;
1017;SR;579510;;168716;;;ANOMALIE - Document d'identité expiré;;
1017;SR;579554;;169297;;;ANOMALIE - Document d'identité expiré;;
1017;SR;579523;;168948;;;ANOMALIE - Document d'identité expiré;;
1017;SR;579467;;168168;;;ANOMALIE - Document d'identité expiré;;
1017;SR;580138;;176789;;;ANOMALIE - Document d'identité expiré;;
1017;SR;580018;;174865;;;ANOMALIE - Document d'identité expiré;;
1017;SR;580051;Autres services NCA;175325;;;ANOMALIE - Document d'identité expiré;;
1017;SR;579659;;170675;;;ANOMALIE - Document d'identité expiré;;
1017;SR;580166;Autres services NCA;177480;;;ANOMALIE - Document d'identité expiré;;
1017;SR;579866;;172879;;;ANOMALIE - Document d'identité expiré;;
1017;SR;580092;;175931;;;ANOMALIE - Document d'identité expiré;;
1017;SR;579709;;171196;ANOMALIE - Mineur de plus de 21 ans;;ANOMALIE - Document d'identité expiré;;
1017;SR;580125;;176523;;;ANOMALIE - Document d'identité expiré;;
1017;SR;579759;;171775;ANOMALIE - Mineur de plus de 21 ans;;ANOMALIE - Document d'identité expiré;;
1017;SR;580187;;178068;;;ANOMALIE - Document d'identité expiré;;
1017;SR;579789;;172117;;;ANOMALIE - Document d'identité expiré;;
1017;SR;580309;;182622;;;ANOMALIE - Document d'identité expiré;;
1017;SR;580261;;181155;ANOMALIE - Mineur de plus de 21 ans;;ANOMALIE - Document d'identité expiré;;
1017;SR;580442;;187191;;;ANOMALIE - Document d'identité expiré;;
1017;SR;580447;;187378;;;ANOMALIE - Document d'identité expiré;;
1017;SR;580461;;187666;;;ANOMALIE - Document d'identité expiré;;
1017;SR;580536;;189438;;;ANOMALIE - Document d'identité expiré;;
1017;SR;580631;;191748;ANOMALIE - Mineur de plus de 21 ans;;ANOMALIE - Document d'identité expiré;;
1017;SR;580552;;189826;;;ANOMALIE - Document d'identité expiré;;
1017;SR;580685;;193497;;;ANOMALIE - Document d'identité expiré;;
1017;SR;580665;;192828;;;ANOMALIE - Document d'identité expiré;;
1017;SR;580657;Autres services NCA;192620;;;ANOMALIE - Document d'identité expiré;;
1017;SR;580739;;195592;ANOMALIE - Mineur de plus de 21 ans;;ANOMALIE - Document d'identité expiré;;
1017;SR;580833;Particuliers non commerciaux;198221;;;ANOMALIE - Document d'identité expiré;;
1017;SR;580817;;197656;;;ANOMALIE - Document d'identité expiré;;
1017;SR;580928;Particuliers non commerciaux;200825;;;ANOMALIE - Document d'identité expiré;;
1017;SR;580921;Particuliers non commerciaux;200568;ANOMALIE - Mineur de plus de 21 ans;;ANOMALIE - Document d'identité expiré;;
1017;SR;580899;Particuliers non commerciaux;199767;;;ANOMALIE - Document d'identité expiré;;
1017;SR;581016;Particuliers non commerciaux;936661;;;ANOMALIE - Document d'identité expiré;;
1017;SR;581020;Particuliers non commerciaux;936966;;;ANOMALIE - Document d'identité expiré;;
1017;SR;581032;Particuliers non commerciaux;937864;;;ANOMALIE - Document d'identité expiré;;
1017;SR;581039;Particuliers non commerciaux;938501;ANOMALIE - Mineur de plus de 21 ans;;ANOMALIE - Document d'identité expiré;;
1017;SR;581219;Particuliers non commerciaux;946562;;;ANOMALIE - Document d'identité expiré;;
1017;SR;581128;Particuliers non commerciaux;943799;ANOMALIE - Mineur de plus de 21 ans;;ANOMALIE - Document d'identité expiré;;
1017;SR;581043;Particuliers non commerciaux;938756;;;ANOMALIE - Document d'identité expiré;;
1017;SR;581151;Particuliers non commerciaux;944491;ANOMALIE - Mineur de plus de 21 ans;;;;
1017;SR;581188;Particuliers non commerciaux;945361;;;ANOMALIE - Document d'identité expiré;;
1017;SR;581292;Particuliers non commerciaux;948912;;;ANOMALIE - Document d'identité expiré;;
1017;SR;581251;Particuliers non commerciaux;947745;ANOMALIE - Mineur de plus de 21 ans;;ANOMALIE - Document d'identité expiré;;
1017;SR;581369;Particuliers non commerciaux;951609;;;ANOMALIE - Document d'identité expiré;;
1017;SR;581403;Particuliers non commerciaux;953249;;;ANOMALIE - Document d'identité expiré;;
1017;SR;581279;Particuliers non commerciaux;948521;ANOMALIE - Mineur de plus de 21 ans;;ANOMALIE - Document d'identité expiré;;
1017;SR;581435;Particuliers non commerciaux;955346;;;ANOMALIE - Document d'identité expiré;;
1017;SR;581601;Particuliers non commerciaux;963196;;;ANOMALIE - Document d'identité expiré;;
1017;SR;581531;Particuliers non commerciaux;960003;ANOMALIE - Mineur de plus de 21 ans;;ANOMALIE - Document d'identité expiré;;
1017;SR;581554;Particuliers non commerciaux;961003;ANOMALIE - Mineur de plus de 21 ans;;ANOMALIE - Document d'identité expiré;;
1017;SR;581649;Particuliers non commerciaux;966390;;;ANOMALIE - Document d'identité expiré;;
1017;SR;581769;Particuliers non commerciaux;974523;ANOMALIE - Mineur de plus de 21 ans;;ANOMALIE - Document d'identité expiré;;
1017;SR;581818;Particuliers non commerciaux;977750;;;ANOMALIE - Document d'identité expiré;;
1017;SR;581835;Particuliers non commerciaux;978493;ANOMALIE - Mineur de plus de 21 ans;;ANOMALIE - Document d'identité expiré;;
1017;SR;581860;Particuliers non commerciaux;979921;;;ANOMALIE - Document d'identité expiré;;
1017;SR;581894;Particuliers non commerciaux;981271;;;ANOMALIE - Document d'identité expiré;;
1017;SR;581955;Particuliers non commerciaux;983980;;;ANOMALIE - Document d'identité expiré;;
1017;SR;582207;Particuliers non commerciaux;989026;ANOMALIE - Mineur de plus de 21 ans;;ANOMALIE - Document d'identité expiré;;
1017;SR;582210;Particuliers non commerciaux;989186;;;ANOMALIE - Document d'identité expiré;;
1017;SR;582670;Particuliers non commerciaux;993893;;;ANOMALIE - Document d'identité expiré;;
1017;SR;582634;Particuliers non commerciaux;993401;ANOMALIE - Mineur de plus de 21 ans;;;;
1017;SR;582486;Particuliers non commerciaux;991428;;;ANOMALIE - Document d'identité expiré;;
1017;SR;582695;Particuliers non commerciaux;994012;;;ANOMALIE - Document d'identité expiré;;
1017;SR;582410;Particuliers non commerciaux;990640;ANOMALIE - Mineur de plus de 21 ans;;;;
1017;SR;582474;Particuliers non commerciaux;991288;ANOMALIE - Mineur de plus de 21 ans;;;;
1017;SR;583193;Particuliers non commerciaux;1000334;;;ANOMALIE - Document d'identité expiré;;
1017;SR;583107;Particuliers non commerciaux;998927;ANOMALIE - Mineur de plus de 21 ans;;;;
1017;SR;583199;Particuliers non commerciaux;1000587;ANOMALIE - Mineur de plus de 21 ans;;;;
1017;SR;583393;Particuliers non commerciaux;1010972;ANOMALIE - Mineur de plus de 21 ans;;ANOMALIE - Document d'identité expiré;;
1017;SR;583498;Particuliers non commerciaux;1016277;;;ANOMALIE - Document d'identité expiré;;
1017;SR;581458;Particuliers non commerciaux;955826;;;ANOMALIE - Document d'identité expiré;;
1017;SR;583702;Particuliers non commerciaux;1025214;ANOMALIE - Mineur de plus de 21 ans;;ANOMALIE - Document d'identité expiré;;
1017;SR;583775;Particuliers non commerciaux;1027204;;;ANOMALIE - Document d'identité expiré;;
1017;SR;577410;Enseignement elementaire et seco;124796;;;ANOMALIE - Document d'identité expiré;;
1017;SR;583962;Particuliers non commerciaux;1032666;ANOMALIE - Mineur de plus de 21 ans;;ANOMALIE - Document d'identité expiré;;
1017;SR;583944;Particuliers non commerciaux;1032374;ANOMALIE - Mineur de plus de 21 ans;;;;
1017;SR;584025;Particuliers non commerciaux;1035425;ANOMALIE - Mineur de plus de 21 ans;;;;
1017;SR;584075;Particuliers non commerciaux;1037628;ANOMALIE - Mineur de plus de 21 ans;;;;
1017;SR;584242;Particuliers non commerciaux;1043542;ANOMALIE - Mineur de plus de 21 ans;;;;
1017;SR;584253;Particuliers non commerciaux;1043695;ANOMALIE - Mineur de plus de 21 ans;;;;
1017;SR;584364;Particuliers non commerciaux;1049704;ANOMALIE - Mineur de plus de 21 ans;;;;
1017;SR;601184;PARTICULIERS SALARIES;41908;;;ANOMALIE - Document d'identité expiré;;
1017;SR;577412;;124798;;;ANOMALIE - Document d'identité expiré;;
1017;SR;577287;Autres services NCA;123073;;;ANOMALIE - Document d'identité expiré;;
1017;SR;577158;COMMERCE DE DETAIL;121178;;;ANOMALIE - Document d'identité expiré;;
1017;SR;577288;Autres services NCA;123089;;;ANOMALIE - Document d'identité expiré;;
1017;SR;577139;Autres services NCA;121028;;;ANOMALIE - Document d'identité expiré;;
1017;SR;577176;;121358;;;ANOMALIE - Document d'identité expiré;;
1017;SR;577017;COMMERCE DE DETAIL;119151;;;ANOMALIE - Document d'identité expiré;;
1017;SR;578000;;134071;;;ANOMALIE - Document d'identité expiré;;
1017;SR;578028;;134901;;;ANOMALIE - Document d'identité expiré;;
1017;SR;577538;;126654;;;ANOMALIE - Document d'identité expiré;;
1017;SR;578150;;136848;ANOMALIE - Mineur de plus de 21 ans;;;;
1017;SR;578123;Autres services NCA;136229;;;ANOMALIE - Document d'identité expiré;;
1017;SR;578188;;137631;ANOMALIE - Mineur de plus de 21 ans;;ANOMALIE - Document d'identité expiré;;
1017;SR;578342;;141134;;;ANOMALIE - Document d'identité expiré;;
1017;SR;578554;;144769;;;ANOMALIE - Document d'identité expiré;;
1017;SR;604203;comptes internes;144911;ANOMALIE - Mineur de plus de 21 ans;;ANOMALIE - Document d'identité expiré;;
1017;SR;578749;Autres services NCA;149689;;;ANOMALIE - Document d'identité expiré;;
1017;SR;578627;;146685;;;ANOMALIE - Document d'identité expiré;;
1017;SR;578874;Autres services NCA;153382;;;ANOMALIE - Document d'identité expiré;;
1017;SR;578844;;152721;;;ANOMALIE - Document d'identité expiré;;
1017;SR;579045;;159098;ANOMALIE - Mineur de plus de 21 ans;;;;
1017;SR;578956;;157033;;;ANOMALIE - Document d'identité expiré;;
1017;SR;578990;;158242;ANOMALIE - Mineur de plus de 21 ans;;;;
1017;SR;579119;;161249;ANOMALIE - Mineur de plus de 21 ans;;;;
1017;SR;579168;;161964;;;ANOMALIE - Document d'identité expiré;;
1017;SR;579295;;165413;;;ANOMALIE - Document d'identité expiré;;
1017;SR;579321;Enseignement universitaire;166225;ANOMALIE - Mineur de plus de 21 ans;;ANOMALIE - Document d'identité expiré;;
1017;SR;579257;;164126;;;ANOMALIE - Document d'identité expiré;;
1017;SR;579403;;167277;ANOMALIE - Mineur de plus de 21 ans;;ANOMALIE - Document d'identité expiré;;
1017;SR;579325;;166410;;;ANOMALIE - Document d'identité expiré;;
1017;SR;579345;;166687;;;ANOMALIE - Document d'identité expiré;;
1017;SR;579482;;168348;;;ANOMALIE - Document d'identité expiré;;
1017;SR;579477;;168301;;;ANOMALIE - Document d'identité expiré;;
1017;SR;579604;;169873;;;ANOMALIE - Document d'identité expiré;;
1017;SR;579861;;172830;;;ANOMALIE - Document d'identité expiré;;
1017;SR;579669;;170723;ANOMALIE - Mineur de plus de 21 ans;;ANOMALIE - Document d'identité expiré;;
1017;SR;579667;;170720;ANOMALIE - Mineur de plus de 21 ans;;ANOMALIE - Document d'identité expiré;;
1017;SR;579723;;171362;ANOMALIE - Mineur de plus de 21 ans;;ANOMALIE - Document d'identité expiré;;
1017;SR;579725;;171364;ANOMALIE - Mineur de plus de 21 ans;;ANOMALIE - Document d'identité expiré;;
1017;SR;579648;;170515;;;ANOMALIE - Document d'identité expiré;;
1017;SR;580033;;175053;;;ANOMALIE - Document d'identité expiré;;
1017;SR;580226;;179356;;;ANOMALIE - Document d'identité expiré;;
1017;SR;579986;;174407;ANOMALIE - Mineur de plus de 21 ans;;;;
1017;SR;580223;;179180;ANOMALIE - Mineur de plus de 21 ans;;ANOMALIE - Document d'identité expiré;;
1017;SR;580003;;174576;;;ANOMALIE - Document d'identité expiré;;
1017;SR;580152;;177079;;;ANOMALIE - Document d'identité expiré;;
1017;SR;580180;;177871;;;ANOMALIE - Document d'identité expiré;;
1017;SR;579784;;172095;ANOMALIE - Mineur de plus de 21 ans;;ANOMALIE - Document d'identité expiré;;
1017;SR;579679;;170900;;;ANOMALIE - Document d'identité expiré;;
1017;SR;579904;;173315;;;ANOMALIE - Document d'identité expiré;;
1017;SR;580100;;176049;;;ANOMALIE - Document d'identité expiré;;
1017;SR;579955;;173966;;;ANOMALIE - Document d'identité expiré;;
1017;SR;579692;;171025;;;ANOMALIE - Document d'identité expiré;;
1017;SR;580167;;177577;;;ANOMALIE - Document d'identité expiré;;
1017;SR;580274;Autres services NCA;181656;;;ANOMALIE - Document d'identité expiré;;
1017;SR;580293;;182303;ANOMALIE - Mineur de plus de 21 ans;;;;
1017;SR;580290;;182204;;;ANOMALIE - Document d'identité expiré;;
1017;SR;580434;;186955;;;ANOMALIE - Document d'identité expiré;;
1017;SR;580305;;182525;;;ANOMALIE - Document d'identité expiré;;
1017;SR;580321;;183172;;;ANOMALIE - Document d'identité expiré;;
1017;SR;580251;;948337;;;ANOMALIE - Document d'identité expiré;;
1017;SR;580569;;190325;;;ANOMALIE - Document d'identité expiré;;
1017;SR;580534;;189368;;;ANOMALIE - Document d'identité expiré;;
1017;SR;579310;;165853;;;ANOMALIE - Document d'identité expiré;;
1017;SR;580718;;194851;ANOMALIE - Mineur de plus de 21 ans;;ANOMALIE - Document d'identité expiré;;
1017;SR;580829;Particuliers non commerciaux;198119;ANOMALIE - Mineur de plus de 21 ans;;ANOMALIE - Document d'identité expiré;;
1017;SR;580801;;197237;;;ANOMALIE - Document d'identité expiré;;
1017;SR;580950;Particuliers non commerciaux;202337;;;ANOMALIE - Document d'identité expiré;;
1017;SR;580983;Particuliers non commerciaux;934525;ANOMALIE - Mineur de plus de 21 ans;;;;
1017;SR;581102;Particuliers non commerciaux;942717;ANOMALIE - Mineur de plus de 21 ans;;ANOMALIE - Document d'identité expiré;;
1017;SR;581169;Particuliers non commerciaux;944891;ANOMALIE - Mineur de plus de 21 ans;;ANOMALIE - Document d'identité expiré;;
1017;SR;581129;Particuliers non commerciaux;943801;;;ANOMALIE - Document d'identité expiré;;
1017;SR;581075;Particuliers non commerciaux;940659;;;ANOMALIE - Document d'identité expiré;;
1017;SR;581306;COMMERCE DE GROS;949318;;;ANOMALIE - Document d'identité expiré;;
1017;SR;581295;Particuliers non commerciaux;949001;;;ANOMALIE - Document d'identité expiré;;
1017;SR;581297;Particuliers non commerciaux;949168;;;ANOMALIE - Document d'identité expiré;;
1017;SR;581420;Particuliers non commerciaux;954368;;;ANOMALIE - Document d'identité expiré;;
1017;SR;581486;Particuliers non commerciaux;957440;;;ANOMALIE - Document d'identité expiré;;
1017;SR;581629;Particuliers non commerciaux;965336;ANOMALIE - Mineur de plus de 21 ans;;ANOMALIE - Document d'identité expiré;;
1017;SR;581553;Particuliers non commerciaux;960998;ANOMALIE - Mineur de plus de 21 ans;;;;
1017;SR;581714;Particuliers non commerciaux;971246;;;ANOMALIE - Document d'identité expiré;;
1017;SR;581686;Particuliers non commerciaux;968446;;;ANOMALIE - Document d'identité expiré;;
1017;SR;581810;Particuliers non commerciaux;977234;;;ANOMALIE - Document d'identité expiré;;
1017;SR;581849;Particuliers non commerciaux;979302;ANOMALIE - Mineur de plus de 21 ans;;ANOMALIE - Document d'identité expiré;;
1017;SR;581861;Particuliers non commerciaux;979972;ANOMALIE - Mineur de plus de 21 ans;;ANOMALIE - Document d'identité expiré;;
1017;SR;581949;Particuliers non commerciaux;983796;;;ANOMALIE - Document d'identité expiré;;
1017;SR;581941;Particuliers non commerciaux;983362;;;ANOMALIE - Document d'identité expiré;;
1017;SR;582220;Particuliers non commerciaux;989289;;;ANOMALIE - Document d'identité expiré;;
1017;SR;581980;Particuliers non commerciaux;984736;;;ANOMALIE - Document d'identité expiré;;
1017;SR;582286;Particuliers non commerciaux;989561;ANOMALIE - Mineur de plus de 21 ans;;;;
1017;SR;582734;Particuliers non commerciaux;994245;;;ANOMALIE - Document d'identité expiré;;
1017;SR;582015;Particuliers non commerciaux;985165;;;ANOMALIE - Document d'identité expiré;;
1017;SR;582271;Particuliers non commerciaux;989546;ANOMALIE - Mineur de plus de 21 ans;;;;
1017;SR;582809;Particuliers non commerciaux;4206708;;ANOMALIE - Date EER antérieure à la date de naissance;;;
1017;SR;582788;Particuliers non commerciaux;994730;ANOMALIE - Mineur de plus de 21 ans;;ANOMALIE - Document d'identité expiré;;
1017;SR;582821;Particuliers non commerciaux;995240;;;ANOMALIE - Document d'identité expiré;;
1017;SR;583122;Particuliers non commerciaux;999136;ANOMALIE - Mineur de plus de 21 ans;;;;
1017;SR;583248;Particuliers non commerciaux;1002459;ANOMALIE - Mineur de plus de 21 ans;;;;
1017;SR;583273;Particuliers non commerciaux;1003769;;;ANOMALIE - Document d'identité expiré;;
1017;SR;583307;Particuliers non commerciaux;1005856;ANOMALIE - Mineur de plus de 21 ans;;ANOMALIE - Document d'identité expiré;;
1017;SR;583328;Particuliers non commerciaux;1007129;;;ANOMALIE - Document d'identité expiré;;
1017;SR;583392;Particuliers non commerciaux;1010870;ANOMALIE - Mineur de plus de 21 ans;;;;
1017;SR;583187;Particuliers non commerciaux;1000140;;;ANOMALIE - Document d'identité expiré;;
1017;SR;583844;Particuliers non commerciaux;1028174;ANOMALIE - Mineur de plus de 21 ans;;;;
1017;SR;584001;Particuliers non commerciaux;1033844;ANOMALIE - Mineur de plus de 21 ans;;ANOMALIE - Document d'identité expiré;;
1017;SR;584103;Particuliers non commerciaux;1039601;;;ANOMALIE - Document d'identité expiré;;
1017;SR;584101;Particuliers non commerciaux;1039526;ANOMALIE - Mineur de plus de 21 ans;;;;
1017;SR;584261;Particuliers non commerciaux;1043953;ANOMALIE - Mineur de plus de 21 ans;;;;
1017;SR;584312;Particuliers non commerciaux;1046406;ANOMALIE - Mineur de plus de 21 ans;;;;
1017;SR;584346;Particuliers non commerciaux;1048870;ANOMALIE - Mineur de plus de 21 ans;;;;
1017;SR;584385;Particuliers non commerciaux;1050286;;;ANOMALIE - Document d'identité expiré;;
1017;SR;584474;Particuliers non commerciaux;4205217;ANOMALIE - Mineur de plus de 21 ans;;;;
1017;SR;577356;Autres services NCA;123883;;;ANOMALIE - Document d'identité expiré;;
1017;SR;577404;;124790;;;ANOMALIE - Document d'identité expiré;;
1017;SR;577415;;124805;;;ANOMALIE - Document d'identité expiré;;
1017;SR;683522;ADMINISTRAT DES POSTES;86983;ANOMALIE - Mineur de plus de 21 ans;;;;
1017;SR;961371;Autres services NCA;105883;;;ANOMALIE - Document d'identité expiré;;
1017;SR;808591;PARTICULIERS SALARIES;66710;;;ANOMALIE - Document d'identité expiré;;
1017;SR;577051;;119933;;;ANOMALIE - Document d'identité expiré;;
1017;SR;577178;Autres services NCA;121368;;;ANOMALIE - Document d'identité expiré;;
1017;SR;577108;;120610;;;ANOMALIE - Document d'identité expiré;;
1017;SR;577900;;133049;;;ANOMALIE - Document d'identité expiré;;
1017;SR;577817;;131469;ANOMALIE - Mineur de plus de 21 ans;;;;
1017;SR;577789;PRODUCT AGRI ET ELEVAGE;130912;ANOMALIE - Mineur de plus de 21 ans;;;;
1017;SR;577782;Autres services NCA;130753;;;ANOMALIE - Document d'identité expiré;;
1017;SR;578095;Autres services NCA;135679;;;ANOMALIE - Document d'identité expiré;;
1017;SR;578205;;138112;;;ANOMALIE - Document d'identité expiré;;
1017;SR;578370;;141659;;;ANOMALIE - Document d'identité expiré;;
1017;SR;578385;;141990;;;ANOMALIE - Document d'identité expiré;;
1017;SR;578419;;142965;;;ANOMALIE - Document d'identité expiré;;
1017;SR;578477;;143509;ANOMALIE - Mineur de plus de 21 ans;;;;
1017;SR;578434;;143113;ANOMALIE - Mineur de plus de 21 ans;;;;
1017;SR;578527;;143995;;;ANOMALIE - Document d'identité expiré;;
1017;SR;578430;;143096;ANOMALIE - Mineur de plus de 21 ans;;;;
1017;SR;578546;;144488;;;ANOMALIE - Document d'identité expiré;;
1017;SR;578707;;147923;;;ANOMALIE - Document d'identité expiré;;
1017;SR;578719;;148654;;;ANOMALIE - Document d'identité expiré;;
1017;SR;578569;;145128;;;ANOMALIE - Document d'identité expiré;;
1017;SR;578796;;151354;;;ANOMALIE - Document d'identité expiré;;
1017;SR;578641;;147017;;;ANOMALIE - Document d'identité expiré;;
1017;SR;578827;;152260;;;ANOMALIE - Document d'identité expiré;;
1017;SR;578924;;155001;;;ANOMALIE - Document d'identité expiré;;
1017;SR;578893;;153663;ANOMALIE - Mineur de plus de 21 ans;;ANOMALIE - Document d'identité expiré;;
1017;SR;578900;;153994;;;ANOMALIE - Document d'identité expiré;;
1017;SR;578820;;152054;;;ANOMALIE - Document d'identité expiré;;
1017;SR;578841;;152596;;;ANOMALIE - Document d'identité expiré;;
1017;SR;579044;;159067;ANOMALIE - Mineur de plus de 21 ans;;;;
1017;SR;578998;;158333;ANOMALIE - Mineur de plus de 21 ans;;;;
1017;SR;578981;;158193;;;ANOMALIE - Document d'identité expiré;;
1017;SR;579085;;160025;ANOMALIE - Mineur de plus de 21 ans;;ANOMALIE - Document d'identité expiré;;
1017;SR;143531;Autres services NCA;161107;;;ANOMALIE - Document d'identité expiré;;
1017;SR;579198;;162493;;;ANOMALIE - Document d'identité expiré;;
1017;SR;579230;;163390;;;ANOMALIE - Document d'identité expiré;;
1017;SR;577099;;120573;;;ANOMALIE - Document d'identité expiré;;
1017;SR;578015;Autres services NCA;134598;;;ANOMALIE - Document d'identité expiré;;
1017;SR;579343;;166550;;;ANOMALIE - Document d'identité expiré;;
1017;SR;579354;;166721;;;ANOMALIE - Document d'identité expiré;;
1017;SR;579349;;166700;;;ANOMALIE - Document d'identité expiré;;
1017;SR;579351;;166705;;;ANOMALIE - Document d'identité expiré;;
1017;SR;579411;;167405;;;ANOMALIE - Document d'identité expiré;;
1017;SR;579534;;169087;;;ANOMALIE - Document d'identité expiré;;
1017;SR;579540;;169125;;;ANOMALIE - Document d'identité expiré;;
1017;SR;579579;;169599;;;ANOMALIE - Document d'identité expiré;;
1017;SR;579577;;169549;;;ANOMALIE - Document d'identité expiré;;
1017;SR;579485;;168451;;;ANOMALIE - Document d'identité expiré;;
1017;SR;579492;;168465;;;ANOMALIE - Document d'identité expiré;;
1017;SR;579447;;167909;;;ANOMALIE - Document d'identité expiré;;
1017;SR;579580;;169615;;;ANOMALIE - Document d'identité expiré;;
1017;SR;579570;;169491;;;ANOMALIE - Document d'identité expiré;;
1017;SR;579451;;167939;;;ANOMALIE - Document d'identité expiré;;
1017;SR;579452;;167940;;;ANOMALIE - Document d'identité expiré;;
1017;SR;579607;;169909;;;ANOMALIE - Document d'identité expiré;;
1017;SR;579728;;171398;;;ANOMALIE - Document d'identité expiré;;
1017;SR;579921;Autres services NCA;173541;;;ANOMALIE - Document d'identité expiré;;
1017;SR;580119;;176428;;;ANOMALIE - Document d'identité expiré;;
1017;SR;579774;;171957;;;ANOMALIE - Document d'identité expiré;;
1017;SR;580008;;174709;;;ANOMALIE - Document d'identité expiré;;
1017;SR;579660;;170695;;;ANOMALIE - Document d'identité expiré;;
1017;SR;580212;;178870;;;ANOMALIE - Document d'identité expiré;;
1017;SR;580121;;176435;;;ANOMALIE - Document d'identité expiré;;
1017;SR;579717;Autres services NCA;171283;;;ANOMALIE - Document d'identité expiré;;
1017;SR;580228;;179453;ANOMALIE - Mineur de plus de 21 ans;;ANOMALIE - Document d'identité expiré;;
1017;SR;580156;;177240;;;ANOMALIE - Document d'identité expiré;;
1017;SR;579913;;173487;;;ANOMALIE - Document d'identité expiré;;
1017;SR;580101;;176069;;;ANOMALIE - Document d'identité expiré;;
1017;SR;579942;;173788;;;ANOMALIE - Document d'identité expiré;;
1017;SR;580196;;178403;;;ANOMALIE - Document d'identité expiré;;
1017;SR;579957;;173969;;;ANOMALIE - Document d'identité expiré;;
1017;SR;579803;;172272;;;ANOMALIE - Document d'identité expiré;;
1017;SR;580066;;175480;;;ANOMALIE - Document d'identité expiré;;
1017;SR;580426;;186716;ANOMALIE - Mineur de plus de 21 ans;;ANOMALIE - Document d'identité expiré;;
1017;SR;580302;;182516;;;ANOMALIE - Document d'identité expiré;;
1017;SR;580333;;183602;;;ANOMALIE - Document d'identité expiré;;
1017;SR;580424;;186661;;;ANOMALIE - Document d'identité expiré;;
1017;SR;580327;;183402;;;ANOMALIE - Document d'identité expiré;;
1017;SR;580398;;185827;;;ANOMALIE - Document d'identité expiré;;
1017;SR;580475;;187910;;;ANOMALIE - Document d'identité expiré;;
1017;SR;580269;;181419;;;ANOMALIE - Document d'identité expiré;;
1017;SR;580328;;183474;;;ANOMALIE - Document d'identité expiré;;
1017;SR;580386;;185484;;;ANOMALIE - Document d'identité expiré;;
1017;SR;580465;;187701;;;ANOMALIE - Document d'identité expiré;;
1017;SR;580342;;183963;;;ANOMALIE - Document d'identité expiré;;
1017;SR;580253;;180882;;;ANOMALIE - Document d'identité expiré;;
1017;SR;580272;;181519;;;ANOMALIE - Document d'identité expiré;;
1017;SR;580612;;191166;;;ANOMALIE - Document d'identité expiré;;
1017;SR;580558;;189890;ANOMALIE - Mineur de plus de 21 ans;;ANOMALIE - Document d'identité expiré;;
1017;SR;580596;;190802;;;ANOMALIE - Document d'identité expiré;;
1017;SR;580549;;189799;;;ANOMALIE - Document d'identité expiré;;
1017;SR;580538;;189487;;;ANOMALIE - Document d'identité expiré;;
1017;SR;580747;;195802;ANOMALIE - Mineur de plus de 21 ans;;;;
1017;SR;580651;;192417;;;ANOMALIE - Document d'identité expiré;;
1017;SR;580778;;196376;;;ANOMALIE - Document d'identité expiré;;
1017;SR;580704;;193993;;;ANOMALIE - Document d'identité expiré;;
1017;SR;580830;Particuliers non commerciaux;198194;;;ANOMALIE - Document d'identité expiré;;
1017;SR;580849;Particuliers non commerciaux;198499;;;ANOMALIE - Document d'identité expiré;;
1017;SR;580838;Particuliers non commerciaux;198305;;;ANOMALIE - Document d'identité expiré;;
1017;SR;580924;FILATURE TISSAGE TEXTILE;200694;;;ANOMALIE - Document d'identité expiré;;
1017;SR;580997;Particuliers non commerciaux;935682;;;ANOMALIE - Document d'identité expiré;;
1017;SR;581085;Particuliers non commerciaux;941195;;;ANOMALIE - Document d'identité expiré;;
1017;SR;581125;Particuliers non commerciaux;943709;ANOMALIE - Mineur de plus de 21 ans;;ANOMALIE - Document d'identité expiré;;
1017;SR;581133;Particuliers non commerciaux;943835;;;ANOMALIE - Document d'identité expiré;;
1017;SR;581111;Particuliers non commerciaux;943365;;;ANOMALIE - Document d'identité expiré;;
1017;SR;581225;Particuliers non commerciaux;946869;;;ANOMALIE - Document d'identité expiré;;
1017;SR;581366;Particuliers non commerciaux;951450;;;ANOMALIE - Document d'identité expiré;;
1017;SR;581492;Particuliers non commerciaux;957651;;;ANOMALIE - Document d'identité expiré;;
1017;SR;581489;Particuliers non commerciaux;957607;;;ANOMALIE - Document d'identité expiré;;
1017;SR;581446;Particuliers non commerciaux;955654;ANOMALIE - Mineur de plus de 21 ans;;;;
1017;SR;581627;Particuliers non commerciaux;965249;ANOMALIE - Mineur de plus de 21 ans;;ANOMALIE - Document d'identité expiré;;
1017;SR;581500;Particuliers non commerciaux;958134;;;ANOMALIE - Document d'identité expiré;;
1017;SR;581575;Particuliers non commerciaux;961920;;;ANOMALIE - Document d'identité expiré;;
1017;SR;581556;Particuliers non commerciaux;961015;ANOMALIE - Mineur de plus de 21 ans;;;;
1017;SR;581587;Particuliers non commerciaux;962256;;;ANOMALIE - Document d'identité expiré;;
1017;SR;581657;Particuliers non commerciaux;966739;;;ANOMALIE - Document d'identité expiré;;
1017;SR;581676;Particuliers non commerciaux;967822;;;ANOMALIE - Document d'identité expiré;;
1017;SR;581663;Particuliers non commerciaux;967156;;;ANOMALIE - Document d'identité expiré;;
1017;SR;581673;Particuliers non commerciaux;967680;;;ANOMALIE - Document d'identité expiré;;
1017;SR;581709;Particuliers non commerciaux;970706;ANOMALIE - Mineur de plus de 21 ans;;ANOMALIE - Document d'identité expiré;;
1017;SR;581779;Particuliers non commerciaux;975069;;;ANOMALIE - Document d'identité expiré;;
1017;SR;581776;Particuliers non commerciaux;975022;;;ANOMALIE - Document d'identité expiré;;
1017;SR;581764;Particuliers non commerciaux;974307;;;ANOMALIE - Document d'identité expiré;;
1017;SR;581806;Particuliers non commerciaux;976940;;;ANOMALIE - Document d'identité expiré;;
1017;SR;581820;Particuliers non commerciaux;977769;;;ANOMALIE - Document d'identité expiré;;
1017;SR;581848;Particuliers non commerciaux;979301;ANOMALIE - Mineur de plus de 21 ans;;ANOMALIE - Document d'identité expiré;;
1017;SR;581876;Particuliers non commerciaux;980550;ANOMALIE - Mineur de plus de 21 ans;;;;
1017;SR;581911;Particuliers non commerciaux;981834;;;ANOMALIE - Document d'identité expiré;;
1017;SR;581906;Particuliers non commerciaux;981733;;;ANOMALIE - Document d'identité expiré;;
1017;SR;582255;Particuliers non commerciaux;989530;ANOMALIE - Mineur de plus de 21 ans;;;;
1017;SR;582742;Particuliers non commerciaux;994253;;;ANOMALIE - Document d'identité expiré;;
1017;SR;582003;Particuliers non commerciaux;985122;;;ANOMALIE - Document d'identité expiré;;
1017;SR;581990;Particuliers non commerciaux;984941;ANOMALIE - Mineur de plus de 21 ans;;ANOMALIE - Document d'identité expiré;;
1017;SR;582458;Particuliers non commerciaux;991212;ANOMALIE - Mineur de plus de 21 ans;;;;
1017;SR;582461;Particuliers non commerciaux;991234;ANOMALIE - Mineur de plus de 21 ans;;;;
1017;SR;582886;Particuliers non commerciaux;995918;;;ANOMALIE - Document d'identité expiré;;
1017;SR;583271;Particuliers non commerciaux;1003690;;;ANOMALIE - Document d'identité expiré;;
1017;SR;583318;Particuliers non commerciaux;1006632;;;ANOMALIE - Document d'identité expiré;;
1017;SR;583298;Particuliers non commerciaux;1005444;;;ANOMALIE - Document d'identité expiré;;
1017;SR;583343;Particuliers non commerciaux;1008633;ANOMALIE - Mineur de plus de 21 ans;;;;
1017;SR;583444;Particuliers non commerciaux;1014100;ANOMALIE - Mineur de plus de 21 ans;;;;
1017;SR;583441;Particuliers non commerciaux;1013911;;;ANOMALIE - Document d'identité expiré;;
1017;SR;583453;Particuliers non commerciaux;1014725;ANOMALIE - Mineur de plus de 21 ans;;;;
1017;SR;583421;Particuliers non commerciaux;1012908;;;ANOMALIE - Document d'identité expiré;;
1017;SR;583585;Particuliers non commerciaux;1019057;;;ANOMALIE - Document d'identité expiré;;
1017;SR;583655;Particuliers non commerciaux;1024022;;;ANOMALIE - Document d'identité expiré;;
1017;SR;581250;Autres services d'enseignement;947739;ANOMALIE - Mineur de plus de 21 ans;;;;
1017;SR;583804;Particuliers non commerciaux;1027621;;;ANOMALIE - Document d'identité expiré;;
1017;SR;583818;Particuliers non commerciaux;1027815;;;ANOMALIE - Document d'identité expiré;;
1017;SR;583914;Particuliers non commerciaux;1030609;ANOMALIE - Mineur de plus de 21 ans;;;;
1017;SR;583961;Particuliers non commerciaux;1032645;ANOMALIE - Mineur de plus de 21 ans;;;;
1017;SR;584017;Particuliers non commerciaux;1034741;ANOMALIE - Mineur de plus de 21 ans;;;;
1017;SR;584044;Particuliers non commerciaux;1036800;ANOMALIE - Mineur de plus de 21 ans;;;;
1017;SR;584109;Particuliers non commerciaux;1040060;ANOMALIE - Mineur de plus de 21 ans;;;;
1017;SR;584270;Particuliers non commerciaux;1044141;;;ANOMALIE - Document d'identité expiré;;
1017;SR;584184;Particuliers non commerciaux;1042549;ANOMALIE - Mineur de plus de 21 ans;;;;
1017;SR;584153;Particuliers non commerciaux;1041870;ANOMALIE - Mineur de plus de 21 ans;;;;
1017;SR;584401;Particuliers non commerciaux;1051073;ANOMALIE - Mineur de plus de 21 ans;;;;
1017;SR;602381;Autres services NCA;79995;;;ANOMALIE - Document d'identité expiré;;
1017;SR;962027;COMMERCE DE GROS;111179;;;ANOMALIE - Document d'identité expiré;;
1017;SR;577238;SERVICES DOMESTIQUES;122434;;;ANOMALIE - Document d'identité expiré;;
1017;SR;577552;;126913;;;ANOMALIE - Document d'identité expiré;;
1017;SR;577046;Service administratif generaux;119792;;;ANOMALIE - Document d'identité expiré;;
1017;SR;577537;;126651;;;ANOMALIE - Document d'identité expiré;;
1017;SR;577891;Autres services NCA;132802;;;ANOMALIE - Document d'identité expiré;;
1017;SR;577933;;133642;;;ANOMALIE - Document d'identité expiré;;
1017;SR;578007;;134240;ANOMALIE - Mineur de plus de 21 ans;;;;
1017;SR;577739;;130314;;;ANOMALIE - Document d'identité expiré;;
1017;SR;578135;;136531;;;ANOMALIE - Document d'identité expiré;;
1017;SR;578307;;140797;;;ANOMALIE - Document d'identité expiré;;
1017;SR;578231;;138804;;;ANOMALIE - Document d'identité expiré;;
1017;SR;578450;;143279;ANOMALIE - Mineur de plus de 21 ans;;;;
1017;SR;578611;Autres services NCA;146314;;;ANOMALIE - Document d'identité expiré;;
1017;SR;577786;;130778;;;ANOMALIE - Document d'identité expiré;;
1017;SR;578672;;147462;;;ANOMALIE - Document d'identité expiré;;
1017;SR;578593;;145800;;;ANOMALIE - Document d'identité expiré;;
1017;SR;578837;;152518;;;ANOMALIE - Document d'identité expiré;;
1017;SR;578910;;154366;;;ANOMALIE - Document d'identité expiré;;
1017;SR;578904;;154190;;;ANOMALIE - Document d'identité expiré;;
1017;SR;578815;;151966;;;ANOMALIE - Document d'identité expiré;;
1017;SR;578812;;151721;;;ANOMALIE - Document d'identité expiré;;
1017;SR;579118;;161245;;;ANOMALIE - Document d'identité expiré;;
1017;SR;579234;;142677;;;ANOMALIE - Document d'identité expiré;;
1017;SR;579294;;165412;;;ANOMALIE - Document d'identité expiré;;
1017;SR;579389;;167147;;;ANOMALIE - Document d'identité expiré;;
1017;SR;579438;;167792;;;ANOMALIE - Document d'identité expiré;;
1017;SR;579380;;167050;;;ANOMALIE - Document d'identité expiré;;
1017;SR;579363;;166796;;;ANOMALIE - Document d'identité expiré;;
1017;SR;579399;;167258;;;ANOMALIE - Document d'identité expiré;;
1017;SR;579594;;169795;ANOMALIE - Mineur de plus de 21 ans;;ANOMALIE - Document d'identité expiré;;
1017;SR;579499;;168557;ANOMALIE - Mineur de plus de 21 ans;;ANOMALIE - Document d'identité expiré;;
1017;SR;579557;;169313;ANOMALIE - Mineur de plus de 21 ans;;ANOMALIE - Document d'identité expiré;;
1017;SR;579545;;169218;;;ANOMALIE - Document d'identité expiré;;
1017;SR;579612;;170044;;;ANOMALIE - Document d'identité expiré;;
1017;SR;579752;;171713;;;ANOMALIE - Document d'identité expiré;;
1017;SR;579807;;172306;;;ANOMALIE - Document d'identité expiré;;
1017;SR;580022;;174886;;;ANOMALIE - Document d'identité expiré;;
1017;SR;578126;;136299;;;ANOMALIE - Document d'identité expiré;;
1017;SR;579670;;170744;;;ANOMALIE - Document d'identité expiré;;
1017;SR;579977;Associations professionnellss;174277;;;ANOMALIE - Document d'identité expiré;;
1017;SR;579894;;173177;;;ANOMALIE - Document d'identité expiré;;
1017;SR;579809;;172326;;;ANOMALIE - Document d'identité expiré;;
1017;SR;579915;;173495;;;ANOMALIE - Document d'identité expiré;;
1017;SR;580161;;177351;;;ANOMALIE - Document d'identité expiré;;
1017;SR;580112;;176242;;;ANOMALIE - Document d'identité expiré;;
1017;SR;579924;;173588;;;ANOMALIE - Document d'identité expiré;;
1017;SR;579716;;171270;;;ANOMALIE - Document d'identité expiré;;
1017;SR;579791;Particuliers non commerciaux;172188;ANOMALIE - Mineur de plus de 21 ans;;;;
1017;SR;580352;;184297;;;ANOMALIE - Document d'identité expiré;;
1017;SR;580457;;187607;;;ANOMALIE - Document d'identité expiré;;
1017;SR;580394;;185684;ANOMALIE - Mineur de plus de 21 ans;;ANOMALIE - Document d'identité expiré;;
1017;SR;580256;;180985;;;ANOMALIE - Document d'identité expiré;;
1017;SR;580273;;181552;;;ANOMALIE - Document d'identité expiré;;
1017;SR;580306;;182563;;;ANOMALIE - Document d'identité expiré;;
1017;SR;580372;;185035;;;ANOMALIE - Document d'identité expiré;;
1017;SR;580482;;188093;;;ANOMALIE - Document d'identité expiré;;
1017;SR;580501;;188541;ANOMALIE - Mineur de plus de 21 ans;;ANOMALIE - Document d'identité expiré;;
1017;SR;580568;;190271;;;ANOMALIE - Document d'identité expiré;;
1017;SR;580751;;195853;;;ANOMALIE - Document d'identité expiré;;
1017;SR;580687;Autres services NCA;193536;;;ANOMALIE - Document d'identité expiré;;
1017;SR;580785;;196717;;;ANOMALIE - Document d'identité expiré;;
1017;SR;580796;;196979;;;ANOMALIE - Document d'identité expiré;;
1017;SR;580841;Particuliers non commerciaux;198375;;;ANOMALIE - Document d'identité expiré;;
1017;SR;580815;;197621;;;ANOMALIE - Document d'identité expiré;;
1017;SR;580845;Particuliers non commerciaux;198474;;;ANOMALIE - Document d'identité expiré;;
1017;SR;580980;Particuliers non commerciaux;934333;;;ANOMALIE - Document d'identité expiré;;
1017;SR;581088;Particuliers non commerciaux;941393;;;ANOMALIE - Document d'identité expiré;;
1017;SR;581181;Particuliers non commerciaux;945129;;;ANOMALIE - Document d'identité expiré;;
1017;SR;581098;Particuliers non commerciaux;942468;;;ANOMALIE - Document d'identité expiré;;
1017;SR;581109;Particuliers non commerciaux;943213;;;ANOMALIE - Document d'identité expiré;;
1017;SR;581137;Particuliers non commerciaux;944061;ANOMALIE - Mineur de plus de 21 ans;;ANOMALIE - Document d'identité expiré;;
1017;SR;581055;Particuliers non commerciaux;939181;;;ANOMALIE - Document d'identité expiré;;
1017;SR;581338;Particuliers non commerciaux;950456;;;ANOMALIE - Document d'identité expiré;;
1017;SR;581317;Particuliers non commerciaux;949646;;;ANOMALIE - Document d'identité expiré;;
1017;SR;581340;Particuliers non commerciaux;950574;;;ANOMALIE - Document d'identité expiré;;
1017;SR;581235;Particuliers non commerciaux;947127;;;ANOMALIE - Document d'identité expiré;;
1017;SR;581348;ARTICLES HABILLT;950967;;;ANOMALIE - Document d'identité expiré;;
1017;SR;581229;Particuliers non commerciaux;946997;;;ANOMALIE - Document d'identité expiré;;
1017;SR;581237;Particuliers non commerciaux;947225;;;ANOMALIE - Document d'identité expiré;;
1017;SR;581271;Particuliers non commerciaux;948397;;;ANOMALIE - Document d'identité expiré;;
1017;SR;581490;Particuliers non commerciaux;957636;;;ANOMALIE - Document d'identité expiré;;
1017;SR;581541;Particuliers non commerciaux;960770;;;ANOMALIE - Document d'identité expiré;;
1017;SR;581579;Particuliers non commerciaux;962078;ANOMALIE - Mineur de plus de 21 ans;;ANOMALIE - Document d'identité expiré;;
1017;SR;581618;Particuliers non commerciaux;964666;ANOMALIE - Mineur de plus de 21 ans;;ANOMALIE - Document d'identité expiré;;
1017;SR;581630;Particuliers non commerciaux;965383;ANOMALIE - Mineur de plus de 21 ans;;ANOMALIE - Document d'identité expiré;;
1017;SR;581529;Particuliers non commerciaux;959805;;;ANOMALIE - Document d'identité expiré;;
1017;SR;581514;Particuliers non commerciaux;959010;;;ANOMALIE - Document d'identité expiré;;
1017;SR;581722;Particuliers non commerciaux;971992;;;ANOMALIE - Document d'identité expiré;;
1017;SR;581747;Particuliers non commerciaux;976975;;;ANOMALIE - Document d'identité expiré;;
1017;SR;581774;Particuliers non commerciaux;974870;;;ANOMALIE - Document d'identité expiré;;
1017;SR;581758;Particuliers non commerciaux;973934;;;ANOMALIE - Document d'identité expiré;;
1017;SR;581805;Particuliers non commerciaux;976910;;;ANOMALIE - Document d'identité expiré;;
1017;SR;581851;Particuliers non commerciaux;979366;ANOMALIE - Mineur de plus de 21 ans;;;;
1017;SR;581855;Particuliers non commerciaux;979598;ANOMALIE - Mineur de plus de 21 ans;;ANOMALIE - Document d'identité expiré;;
1017;SR;581935;Particuliers non commerciaux;983026;;;ANOMALIE - Document d'identité expiré;;
1017;SR;582169;Particuliers non commerciaux;988410;ANOMALIE - Mineur de plus de 21 ans;;;;
1017;SR;582658;Particuliers non commerciaux;993764;ANOMALIE - Mineur de plus de 21 ans;;ANOMALIE - Document d'identité expiré;;
1017;SR;582105;Particuliers non commerciaux;987329;ANOMALIE - Mineur de plus de 21 ans;;;;
1017;SR;582016;Particuliers non commerciaux;985166;;;ANOMALIE - Document d'identité expiré;;
1017;SR;582697;Particuliers non commerciaux;994075;;;ANOMALIE - Document d'identité expiré;;
1017;SR;582548;Particuliers non commerciaux;992327;;;ANOMALIE - Document d'identité expiré;;
1017;SR;582391;Particuliers non commerciaux;990618;;;ANOMALIE - Document d'identité expiré;;
1017;SR;582983;Particuliers non commerciaux;997143;;;ANOMALIE - Document d'identité expiré;;
1017;SR;583074;Particuliers non commerciaux;998509;;;ANOMALIE - Document d'identité expiré;;
1017;SR;583224;Particuliers non commerciaux;1001498;;;ANOMALIE - Document d'identité expiré;;
1017;SR;583232;Particuliers non commerciaux;1001837;ANOMALIE - Mineur de plus de 21 ans;;ANOMALIE - Document d'identité expiré;;
1017;SR;583157;Particuliers non commerciaux;999611;;;ANOMALIE - Document d'identité expiré;;
1017;SR;583340;Particuliers non commerciaux;1008416;ANOMALIE - Mineur de plus de 21 ans;;ANOMALIE - Document d'identité expiré;;
1017;SR;583462;Particuliers non commerciaux;1015305;ANOMALIE - Mineur de plus de 21 ans;;ANOMALIE - Document d'identité expiré;;
1017;SR;583461;Particuliers non commerciaux;1015281;;;ANOMALIE - Document d'identité expiré;;
1017;SR;583299;Particuliers non commerciaux;1005452;;;ANOMALIE - Document d'identité expiré;;
1017;SR;583635;Particuliers non commerciaux;1022781;;;ANOMALIE - Document d'identité expiré;;
1017;SR;583625;Particuliers non commerciaux;1022510;;;ANOMALIE - Document d'identité expiré;;
1017;SR;583662;Particuliers non commerciaux;1024367;;;ANOMALIE - Document d'identité expiré;;
1017;SR;583764;Particuliers non commerciaux;1026551;;;ANOMALIE - Document d'identité expiré;;
1017;SR;583837;Particuliers non commerciaux;1028040;ANOMALIE - Mineur de plus de 21 ans;;;;
1017;SR;583812;Particuliers non commerciaux;1027716;ANOMALIE - Mineur de plus de 21 ans;;;;
1017;SR;583967;Particuliers non commerciaux;1032703;ANOMALIE - Mineur de plus de 21 ans;;;;
1017;SR;581516;Particuliers non commerciaux;959037;;;ANOMALIE - Document d'identité expiré;;
1017;SR;584073;Particuliers non commerciaux;1037626;ANOMALIE - Mineur de plus de 21 ans;;;;
1017;SR;584159;Particuliers non commerciaux;1041916;ANOMALIE - Mineur de plus de 21 ans;;;;
1017;SR;584136;Particuliers non commerciaux;1041649;ANOMALIE - Mineur de plus de 21 ans;;;;
1017;SR;584139;Particuliers non commerciaux;1041689;ANOMALIE - Mineur de plus de 21 ans;;;;
1017;SR;584265;Particuliers non commerciaux;1043969;ANOMALIE - Mineur de plus de 21 ans;;;;
1017;SR;577325;Etat;123451;;;ANOMALIE - Document d'identité expiré;;
1017;SR;577344;Autres services NCA;123745;;;ANOMALIE - Document d'identité expiré;;
1017;SR;577388;;124378;;;ANOMALIE - Document d'identité expiré;;
1017;SR;603302;PARTICULIERS SALARIES;108114;;;ANOMALIE - Document d'identité expiré;;
1017;SR;577475;;125646;;;ANOMALIE - Document d'identité expiré;;
1017;SR;577248;Autres services NCA;122521;;;ANOMALIE - Document d'identité expiré;;
1017;SR;577258;Autres services NCA;122630;;;ANOMALIE - Document d'identité expiré;;
1017;SR;577130;;120948;;;ANOMALIE - Document d'identité expiré;;
1017;SR;577446;;125489;;;ANOMALIE - Document d'identité expiré;;
1017;SR;577449;;125498;;;ANOMALIE - Document d'identité expiré;;
1017;SR;577734;;130095;ANOMALIE - Mineur de plus de 21 ans;;;;
1017;SR;577582;;127488;ANOMALIE - Mineur de plus de 21 ans;;;;
1017;SR;577592;;127551;;;ANOMALIE - Document d'identité expiré;;
1017;SR;577887;;132754;;;ANOMALIE - Document d'identité expiré;;
1017;SR;578036;;135003;;;ANOMALIE - Document d'identité expiré;;
1017;SR;577853;;131955;;;ANOMALIE - Document d'identité expiré;;
1017;SR;577867;;132373;;;ANOMALIE - Document d'identité expiré;;
1017;SR;578060;Autres services NCA;135278;;;ANOMALIE - Document d'identité expiré;;
1017;SR;578063;;135331;;;ANOMALIE - Document d'identité expiré;;
1017;SR;578022;Autres services NCA;134715;;;ANOMALIE - Document d'identité expiré;;
1017;SR;577825;;131635;;;ANOMALIE - Document d'identité expiré;;
1017;SR;578197;;137845;ANOMALIE - Mineur de plus de 21 ans;;ANOMALIE - Document d'identité expiré;;
1017;SR;578140;;136654;;;ANOMALIE - Document d'identité expiré;;
1017;SR;578162;;136993;;;ANOMALIE - Document d'identité expiré;;
1017;SR;578163;;137075;;;ANOMALIE - Document d'identité expiré;;
1017;SR;578147;COMM GENE D'IMPORT EXPORT;137623;;;ANOMALIE - Document d'identité expiré;;
1017;SR;578168;;137209;;;ANOMALIE - Document d'identité expiré;;
1017;SR;578129;;136381;ANOMALIE - Mineur de plus de 21 ans;;ANOMALIE - Document d'identité expiré;;
1017;SR;578251;Autres services NCA;139245;;;ANOMALIE - Document d'identité expiré;;
1017;SR;578363;;141401;;;ANOMALIE - Document d'identité expiré;;
1017;SR;578316;;140836;ANOMALIE - Mineur de plus de 21 ans;;;;
1017;SR;578321;;140881;;;ANOMALIE - Document d'identité expiré;;
1017;SR;578698;comptes internes;147786;ANOMALIE - Mineur de plus de 21 ans;;ANOMALIE - Document d'identité expiré;;
1017;SR;578728;;148995;;;ANOMALIE - Document d'identité expiré;;
1017;SR;578737;;149442;;;ANOMALIE - Document d'identité expiré;;
1017;SR;578648;;147291;;;ANOMALIE - Document d'identité expiré;;
1017;SR;578600;;145936;;;ANOMALIE - Document d'identité expiré;;
1017;SR;578890;;153549;;;ANOMALIE - Document d'identité expiré;;
1017;SR;578932;;155392;;;ANOMALIE - Document d'identité expiré;;
1017;SR;578954;;157031;;;ANOMALIE - Document d'identité expiré;;
1017;SR;578955;;157032;;;ANOMALIE - Document d'identité expiré;;
1017;SR;579132;;161591;;;ANOMALIE - Document d'identité expiré;;
1017;SR;579003;;158346;ANOMALIE - Mineur de plus de 21 ans;;;;
1017;SR;579196;;162364;;;ANOMALIE - Document d'identité expiré;;
1017;SR;579152;;161919;ANOMALIE - Mineur de plus de 21 ans;;ANOMALIE - Document d'identité expiré;;
1017;SR;579146;;161906;ANOMALIE - Mineur de plus de 21 ans;;ANOMALIE - Document d'identité expiré;;
1017;SR;579148;;161908;ANOMALIE - Mineur de plus de 21 ans;;ANOMALIE - Document d'identité expiré;;
1017;SR;579200;Autres services NCA;162532;;;ANOMALIE - Document d'identité expiré;;
1017;SR;579366;Autres services NCA;166873;;;ANOMALIE - Document d'identité expiré;;
1017;SR;579358;;166770;;;ANOMALIE - Document d'identité expiré;;
1017;SR;579359;;166774;;;ANOMALIE - Document d'identité expiré;;
1017;SR;579419;;167492;;;ANOMALIE - Document d'identité expiré;;
1017;SR;579393;Autres services NCA;167173;;;ANOMALIE - Document d'identité expiré;;
1017;SR;579600;;169836;;;ANOMALIE - Document d'identité expiré;;
1017;SR;579461;;168070;;;ANOMALIE - Document d'identité expiré;;
1017;SR;579565;;145623;;;ANOMALIE - Document d'identité expiré;;
1017;SR;579527;;168954;;;ANOMALIE - Document d'identité expiré;;
1017;SR;579609;;169970;;;ANOMALIE - Document d'identité expiré;;
1017;SR;579569;;169474;;;ANOMALIE - Document d'identité expiré;;
1017;SR;579806;;172304;;;ANOMALIE - Document d'identité expiré;;
1017;SR;579820;;172439;;;ANOMALIE - Document d'identité expiré;;
1017;SR;579811;;172366;;;ANOMALIE - Document d'identité expiré;;
1017;SR;579812;;172373;;;ANOMALIE - Document d'identité expiré;;
1017;SR;579919;;173508;;;ANOMALIE - Document d'identité expiré;;
1017;SR;580078;;175698;;;ANOMALIE - Document d'identité expiré;;
1017;SR;579702;;171114;;;ANOMALIE - Document d'identité expiré;;
1017;SR;579719;;171302;;;ANOMALIE - Document d'identité expiré;;
1017;SR;579892;;17411;;;ANOMALIE - Document d'identité expiré;;
1017;SR;580188;;178116;;;ANOMALIE - Document d'identité expiré;;
1017;SR;580367;;184813;;;ANOMALIE - Document d'identité expiré;;
1017;SR;580453;;187444;;;ANOMALIE - Document d'identité expiré;;
1017;SR;580439;;187054;;;ANOMALIE - Document d'identité expiré;;
1017;SR;580286;;182101;;;ANOMALIE - Document d'identité expiré;;
1017;SR;580521;;189019;;;ANOMALIE - Document d'identité expiré;;
1017;SR;580518;Autres services NCA;188959;;;ANOMALIE - Document d'identité expiré;;
1017;SR;580578;;190465;ANOMALIE - Mineur de plus de 21 ans;;ANOMALIE - Document d'identité expiré;;
1017;SR;580544;;189605;;;ANOMALIE - Document d'identité expiré;;
1017;SR;580590;;190722;;;ANOMALIE - Document d'identité expiré;;
1017;SR;580565;;190257;;;ANOMALIE - Document d'identité expiré;;
1017;SR;580530;;189315;;;ANOMALIE - Document d'identité expiré;;
1017;SR;580593;;190768;;;ANOMALIE - Document d'identité expiré;;
1017;SR;580539;;189525;;;ANOMALIE - Document d'identité expiré;;
1017;SR;580734;;195403;;;ANOMALIE - Document d'identité expiré;;
1017;SR;580745;;195767;;;ANOMALIE - Document d'identité expiré;;
1017;SR;580776;;196361;;;ANOMALIE - Document d'identité expiré;;
1017;SR;580697;;193767;;;ANOMALIE - Document d'identité expiré;;
1017;SR;580679;;193343;;;ANOMALIE - Document d'identité expiré;;
1017;SR;580690;;193617;;;ANOMALIE - Document d'identité expiré;;
1017;SR;580713;UNIVERST ET GRDES ECOLES;194621;ANOMALIE - Mineur de plus de 21 ans;;ANOMALIE - Document d'identité expiré;;
1017;SR;580930;Particuliers non commerciaux;200903;;;ANOMALIE - Document d'identité expiré;;
1017;SR;580940;Particuliers non commerciaux;201386;;;ANOMALIE - Document d'identité expiré;;
1017;SR;580952;Particuliers non commerciaux;202367;ANOMALIE - Mineur de plus de 21 ans;;ANOMALIE - Document d'identité expiré;;
1017;SR;580974;Particuliers non commerciaux;933883;;;ANOMALIE - Document d'identité expiré;;
1017;SR;580964;Particuliers non commerciaux;933305;;;ANOMALIE - Document d'identité expiré;;
1017;SR;581014;Particuliers non commerciaux;936614;;;ANOMALIE - Document d'identité expiré;;
1017;SR;580995;Particuliers non commerciaux;935549;;;ANOMALIE - Document d'identité expiré;;
1017;SR;581182;Particuliers non commerciaux;945147;;;ANOMALIE - Document d'identité expiré;;
1017;SR;581076;Particuliers non commerciaux;940802;ANOMALIE - Mineur de plus de 21 ans;;ANOMALIE - Document d'identité expiré;;
1017;SR;581162;Ind des meubles de maison;944689;;;ANOMALIE - Document d'identité expiré;;
1017;SR;581132;Particuliers non commerciaux;983665;;;ANOMALIE - Document d'identité expiré;;
1017;SR;581201;Particuliers non commerciaux;945773;;;ANOMALIE - Document d'identité expiré;;
1017;SR;581214;Particuliers non commerciaux;946224;;;ANOMALIE - Document d'identité expiré;;
1017;SR;581113;Particuliers non commerciaux;943536;;;ANOMALIE - Document d'identité expiré;;
1017;SR;581063;Particuliers non commerciaux;939806;;;ANOMALIE - Document d'identité expiré;;
1017;SR;580668;;192991;;;ANOMALIE - Document d'identité expiré;;
1017;SR;581213;Particuliers non commerciaux;946219;;;ANOMALIE - Document d'identité expiré;;
1017;SR;581228;Particuliers non commerciaux;946953;;;ANOMALIE - Document d'identité expiré;;
1017;SR;581381;CONFECTION OUVR EN TISSU;952186;;;ANOMALIE - Document d'identité expiré;;
1017;SR;581264;Particuliers non commerciaux;948144;;;ANOMALIE - Document d'identité expiré;;
1017;SR;581496;Particuliers non commerciaux;957979;;;ANOMALIE - Document d'identité expiré;;
1017;SR;581469;Particuliers non commerciaux;956250;;;ANOMALIE - Document d'identité expiré;;
1017;SR;581555;Particuliers non commerciaux;961004;;;ANOMALIE - Document d'identité expiré;;
1017;SR;581616;Particuliers non commerciaux;964539;;;ANOMALIE - Document d'identité expiré;;
1017;SR;581573;Particuliers non commerciaux;961837;;;ANOMALIE - Document d'identité expiré;;
1017;SR;581646;Particuliers non commerciaux;966214;;;ANOMALIE - Document d'identité expiré;;
1017;SR;581582;Particuliers non commerciaux;962128;;;ANOMALIE - Document d'identité expiré;;
1017;SR;581697;Particuliers non commerciaux;969056;ANOMALIE - Mineur de plus de 21 ans;;;;
1017;SR;581778;Particuliers non commerciaux;975058;;;ANOMALIE - Document d'identité expiré;;
1017;SR;581802;Particuliers non commerciaux;976673;;;ANOMALIE - Document d'identité expiré;;
1017;SR;581830;Particuliers non commerciaux;978087;;;ANOMALIE - Document d'identité expiré;;
1017;SR;581807;Particuliers non commerciaux;977050;ANOMALIE - Mineur de plus de 21 ans;;ANOMALIE - Document d'identité expiré;;
1017;SR;581834;Particuliers non commerciaux;978330;;;ANOMALIE - Document d'identité expiré;;
1017;SR;581854;Particuliers non commerciaux;979377;ANOMALIE - Mineur de plus de 21 ans;;;;
1017;SR;581935;Particuliers non commerciaux;983038;;;ANOMALIE - Document d'identité expiré;;
1017;SR;581936;Particuliers non commerciaux;983092;;;ANOMALIE - Document d'identité expiré;;
1017;SR;582050;Particuliers non commerciaux;986441;;;ANOMALIE - Document d'identité expiré;;
1017;SR;582655;Particuliers non commerciaux;993728;;;ANOMALIE - Document d'identité expiré;;
1017;SR;582029;Particuliers non commerciaux;985330;;;ANOMALIE - Document d'identité expiré;;
1017;SR;582676;Particuliers non commerciaux;993907;;;ANOMALIE - Document d'identité expiré;;
1017;SR;582721;Particuliers non commerciaux;994180;ANOMALIE - Mineur de plus de 21 ans;;;;
1017;SR;582111;Particuliers non commerciaux;987426;;;ANOMALIE - Document d'identité expiré;;
1017;SR;582743;Particuliers non commerciaux;994254;;;ANOMALIE - Document d'identité expiré;;
1017;SR;582009;Particuliers non commerciaux;985145;;;ANOMALIE - Document d'identité expiré;;
1017;SR;582747;Particuliers non commerciaux;994270;ANOMALIE - Mineur de plus de 21 ans;;;;
1017;SR;583078;Particuliers non commerciaux;998532;ANOMALIE - Mineur de plus de 21 ans;;;;
1017;SR;583021;Particuliers non commerciaux;997561;ANOMALIE - Mineur de plus de 21 ans;;;;
1017;SR;583214;Particuliers non commerciaux;1001011;;;ANOMALIE - Document d'identité expiré;;
1017;SR;583258;Particuliers non commerciaux;1003033;ANOMALIE - Mineur de plus de 21 ans;;;;
1017;SR;583263;Particuliers non commerciaux;1003270;ANOMALIE - Mineur de plus de 21 ans;;ANOMALIE - Document d'identité expiré;;
1017;SR;583262;Particuliers non commerciaux;1003269;ANOMALIE - Mineur de plus de 21 ans;;;;
1017;SR;583344;Particuliers non commerciaux;1008639;ANOMALIE - Mineur de plus de 21 ans;;;;
1017;SR;583391;Particuliers non commerciaux;1010868;ANOMALIE - Mineur de plus de 21 ans;;ANOMALIE - Document d'identité expiré;;
1017;SR;583434;Particuliers non commerciaux;1013581;;;ANOMALIE - Document d'identité expiré;;
1017;SR;583452;Particuliers non commerciaux;1014656;ANOMALIE - Mineur de plus de 21 ans;;ANOMALIE - Document d'identité expiré;;
1017;SR;583440;Particuliers non commerciaux;1013855;;;ANOMALIE - Document d'identité expiré;;
1017;SR;583561;Particuliers non commerciaux;1017522;;;ANOMALIE - Document d'identité expiré;;
1017;SR;583564;Particuliers non commerciaux;1017802;ANOMALIE - Mineur de plus de 21 ans;;;;
1017;SR;583609;Particuliers non commerciaux;1021413;;;ANOMALIE - Document d'identité expiré;;
1017;SR;583864;Particuliers non commerciaux;1028556;;;ANOMALIE - Document d'identité expiré;;
1017;SR;583863;Particuliers non commerciaux;1028514;ANOMALIE - Mineur de plus de 21 ans;;;;
1017;SR;584221;Particuliers non commerciaux;1043150;ANOMALIE - Mineur de plus de 21 ans;;ANOMALIE - Document d'identité expiré;;
1017;SR;584267;Particuliers non commerciaux;1044045;ANOMALIE - Mineur de plus de 21 ans;;;;
1017;SR;583638;Particuliers non commerciaux;1023198;;;ANOMALIE - Document d'identité expiré;;
1017;SR;584340;Particuliers non commerciaux;1048542;ANOMALIE - Mineur de plus de 21 ans;;;;
1017;SR;577187;COMMERCE DE DETAIL;121487;;;ANOMALIE - Document d'identité expiré;;
1017;SR;577224;Autres services NCA;122145;;;ANOMALIE - Document d'identité expiré;;
1017;SR;577163;Autres services NCA;121204;;;ANOMALIE - Document d'identité expiré;;
1017;SR;577232;COMMERCE DE DETAIL;122355;;;ANOMALIE - Document d'identité expiré;;
1017;SR;577659;Autres services NCA;128851;;;ANOMALIE - Document d'identité expiré;;
1017;SR;578052;;135242;ANOMALIE - Mineur de plus de 21 ans;;;;
1017;SR;577993;;134039;ANOMALIE - Mineur de plus de 21 ans;;;;
1017;SR;578003;;134166;;;ANOMALIE - Document d'identité expiré;;
1017;SR;577802;Autres services NCA;131205;;;ANOMALIE - Document d'identité expiré;;
1017;SR;578204;;138061;;;ANOMALIE - Document d'identité expiré;;
1017;SR;578158;;136937;;;ANOMALIE - Document d'identité expiré;;
1017;SR;578169;;137216;ANOMALIE - Mineur de plus de 21 ans;;ANOMALIE - Document d'identité expiré;;
1017;SR;578156;Autres services NCA;136901;;;ANOMALIE - Document d'identité expiré;;
1017;SR;578460;;143327;ANOMALIE - Mineur de plus de 21 ans;;;;
1017;SR;578531;;144062;;;ANOMALIE - Document d'identité expiré;;
1017;SR;578212;Autres services NCA;138320;;;ANOMALIE - Document d'identité expiré;;
1017;SR;578478;;143511;ANOMALIE - Mineur de plus de 21 ans;;;;
1017;SR;578369;;141608;;;ANOMALIE - Document d'identité expiré;;
1017;SR;578757;;149827;;;ANOMALIE - Document d'identité expiré;;
1017;SR;578603;Autres services NCA;146001;;;ANOMALIE - Document d'identité expiré;;
1017;SR;578718;;148575;;;ANOMALIE - Document d'identité expiré;;
1017;SR;578792;;151265;;;ANOMALIE - Document d'identité expiré;;
1017;SR;578899;;153986;;;ANOMALIE - Document d'identité expiré;;
1017;SR;578859;Autres services NCA;153280;;;ANOMALIE - Document d'identité expiré;;
1017;SR;578806;;151557;ANOMALIE - Mineur de plus de 21 ans;;;;
1017;SR;578824;Autres services NCA;152182;;;ANOMALIE - Document d'identité expiré;;
1017;SR;578825;;152203;;;ANOMALIE - Document d'identité expiré;;
1017;SR;579314;;166110;;;ANOMALIE - Document d'identité expiré;;
1017;SR;579266;Autres services NCA;164319;;;ANOMALIE - Document d'identité expiré;;
1017;SR;579342;;166523;;;ANOMALIE - Document d'identité expiré;;
1017;SR;579376;;167019;;;ANOMALIE - Document d'identité expiré;;
1017;SR;579243;;163736;;;ANOMALIE - Document d'identité expiré;;
1017;SR;579555;;169300;;;ANOMALIE - Document d'identité expiré;;
1017;SR;579586;;169665;;;ANOMALIE - Document d'identité expiré;;
1017;SR;579522;;168905;;;ANOMALIE - Document d'identité expiré;;
1017;SR;579479;;168339;;;ANOMALIE - Document d'identité expiré;;
1017;SR;579620;;170152;ANOMALIE - Mineur de plus de 21 ans;;;;
1017;SR;579603;;169977;;;ANOMALIE - Document d'identité expiré;;
1017;SR;579537;;169112;;;ANOMALIE - Document d'identité expiré;;
1017;SR;579666;;170718;ANOMALIE - Mineur de plus de 21 ans;;ANOMALIE - Document d'identité expiré;;
1017;SR;579926;;173627;;;ANOMALIE - Document d'identité expiré;;
1017;SR;579685;;170925;;;ANOMALIE - Document d'identité expiré;;
1017;SR;580088;;175837;;;ANOMALIE - Document d'identité expiré;;
1017;SR;579857;;172758;;;ANOMALIE - Document d'identité expiré;;
1017;SR;580164;;177391;;;ANOMALIE - Document d'identité expiré;;
1017;SR;579711;;171212;ANOMALIE - Mineur de plus de 21 ans;;ANOMALIE - Document d'identité expiré;;
1017;SR;579989;;174412;;;ANOMALIE - Document d'identité expiré;;
1017;SR;579958;Autres services NCA;174018;;;ANOMALIE - Document d'identité expiré;;
1017;SR;579769;;171869;;;ANOMALIE - Document d'identité expiré;;
1017;SR;579718;;171293;;;ANOMALIE - Document d'identité expiré;;
1017;SR;579940;;173786;ANOMALIE - Mineur de plus de 21 ans;;;;
1017;SR;579836;;172592;ANOMALIE - Mineur de plus de 21 ans;;ANOMALIE - Document d'identité expiré;;
1017;SR;579837;;172593;ANOMALIE - Mineur de plus de 21 ans;;ANOMALIE - Document d'identité expiré;;
1017;SR;579948;;173885;;;ANOMALIE - Document d'identité expiré;;
1017;SR;579897;;173236;;;ANOMALIE - Document d'identité expiré;;
1017;SR;580030;;175032;;;ANOMALIE - Document d'identité expiré;;
1017;SR;580017;;174851;;;ANOMALIE - Document d'identité expiré;;
1017;SR;580337;;183728;ANOMALIE - Mineur de plus de 21 ans;;ANOMALIE - Document d'identité expiré;;
1017;SR;580458;;187630;;;ANOMALIE - Document d'identité expiré;;
1017;SR;580436;;186973;;;ANOMALIE - Document d'identité expiré;;
1017;SR;580411;;186194;;;ANOMALIE - Document d'identité expiré;;
1017;SR;580434;;186953;;;ANOMALIE - Document d'identité expiré;;
1017;SR;580307;;182576;;;ANOMALIE - Document d'identité expiré;;
1017;SR;580358;;184530;;;ANOMALIE - Document d'identité expiré;;
1017;SR;580267;Autres produits NCA;181416;;;ANOMALIE - Document d'identité expiré;;
1017;SR;580344;;183983;;;ANOMALIE - Document d'identité expiré;;
1017;SR;580448;;187384;;;ANOMALIE - Document d'identité expiré;;
1017;SR;580271;;181518;;;ANOMALIE - Document d'identité expiré;;
1017;SR;580622;;191551;;;ANOMALIE - Document d'identité expiré;;
1017;SR;580522;;189038;;;ANOMALIE - Document d'identité expiré;;
1017;SR;580532;;189330;;;ANOMALIE - Document d'identité expiré;;
1017;SR;580520;;188963;;;ANOMALIE - Document d'identité expiré;;
1017;SR;580624;;191599;;;ANOMALIE - Document d'identité expiré;;
1017;SR;580758;;196007;;;ANOMALIE - Document d'identité expiré;;
1017;SR;580724;;195052;ANOMALIE - Mineur de plus de 21 ans;;ANOMALIE - Document d'identité expiré;;
1017;SR;580637;;191953;;;ANOMALIE - Document d'identité expiré;;
1017;SR;580693;;193705;;;ANOMALIE - Document d'identité expiré;;
1017;SR;580763;;196104;ANOMALIE - Mineur de plus de 21 ans;;ANOMALIE - Document d'identité expiré;;
1017;SR;580848;Particuliers non commerciaux;198498;;;ANOMALIE - Document d'identité expiré;;
1017;SR;580920;Particuliers non commerciaux;200385;;;ANOMALIE - Document d'identité expiré;;
1017;SR;580918;Particuliers non commerciaux;200332;;;ANOMALIE - Document d'identité expiré;;
1017;SR;580902;Particuliers non commerciaux;199844;;;ANOMALIE - Document d'identité expiré;;
1017;SR;580941;Particuliers non commerciaux;201388;;;ANOMALIE - Document d'identité expiré;;
1017;SR;580873;Particuliers non commerciaux;199022;ANOMALIE - Mineur de plus de 21 ans;;ANOMALIE - Document d'identité expiré;;
1017;SR;580963;Particuliers non commerciaux;933295;;;ANOMALIE - Document d'identité expiré;;
1017;SR;581034;Particuliers non commerciaux;937892;;;ANOMALIE - Document d'identité expiré;;
1017;SR;580992;Vetements;935503;;;ANOMALIE - Document d'identité expiré;;
1017;SR;581127;Particuliers non commerciaux;943740;ANOMALIE - Mineur de plus de 21 ans;;ANOMALIE - Document d'identité expiré;;
1017;SR;581167;Particuliers non commerciaux;944841;;;ANOMALIE - Document d'identité expiré;;
1017;SR;581099;Particuliers non commerciaux;942500;;;ANOMALIE - Document d'identité expiré;;
1017;SR;581210;Particuliers non commerciaux;946118;;;ANOMALIE - Document d'identité expiré;;
1017;SR;581423;Particuliers non commerciaux;954507;;;ANOMALIE - Document d'identité expiré;;
1017;SR;581347;Particuliers non commerciaux;950956;;;ANOMALIE - Document d'identité expiré;;
1017;SR;581286;Particuliers non commerciaux;948683;;;ANOMALIE - Document d'identité expiré;;
1017;SR;581294;Particuliers non commerciaux;948958;;;ANOMALIE - Document d'identité expiré;;
1017;SR;581223;Particuliers non commerciaux;946854;;;ANOMALIE - Document d'identité expiré;;
1017;SR;581540;Particuliers non commerciaux;960767;;;ANOMALIE - Document d'identité expiré;;
1017;SR;581613;Particuliers non commerciaux;964338;;;ANOMALIE - Document d'identité expiré;;
1017;SR;581713;Particuliers non commerciaux;971163;;;ANOMALIE - Document d'identité expiré;;
1017;SR;581650;Particuliers non commerciaux;966422;;;ANOMALIE - Document d'identité expiré;;
1017;SR;581733;Particuliers non commerciaux;972713;;;ANOMALIE - Document d'identité expiré;;
1017;SR;581702;Particuliers non commerciaux;969938;;;ANOMALIE - Document d'identité expiré;;
1017;SR;581785;Particuliers non commerciaux;975954;;;ANOMALIE - Document d'identité expiré;;
1017;SR;581798;Particuliers non commerciaux;976622;;;ANOMALIE - Document d'identité expiré;;
1017;SR;581828;Particuliers non commerciaux;978010;;;ANOMALIE - Document d'identité expiré;;
1017;SR;581850;Particuliers non commerciaux;979363;ANOMALIE - Mineur de plus de 21 ans;;;;
1017;SR;581858;Particuliers non commerciaux;979675;ANOMALIE - Mineur de plus de 21 ans;;ANOMALIE - Document d'identité expiré;;
1017;SR;581903;Particuliers non commerciaux;981615;;;ANOMALIE - Document d'identité expiré;;
1017;SR;581899;Particuliers non commerciaux;981505;;;ANOMALIE - Document d'identité expiré;;
1017;SR;581864;Particuliers non commerciaux;980089;ANOMALIE - Mineur de plus de 21 ans;;ANOMALIE - Document d'identité expiré;;
1017;SR;581954;Particuliers non commerciaux;983953;;;ANOMALIE - Document d'identité expiré;;
1017;SR;581963;Particuliers non commerciaux;984188;;;ANOMALIE - Document d'identité expiré;;
1017;SR;582034;Particuliers non commerciaux;985649;;;ANOMALIE - Document d'identité expiré;;
1017;SR;582026;Particuliers non commerciaux;985243;;;ANOMALIE - Document d'identité expiré;;
1017;SR;582637;Particuliers non commerciaux;993445;;;ANOMALIE - Document d'identité expiré;;
1017;SR;582030;Particuliers non commerciaux;985433;ANOMALIE - Mineur de plus de 21 ans;;ANOMALIE - Document d'identité expiré;;
1017;SR;582737;Particuliers non commerciaux;994248;;;;;
1017;SR;582008;Particuliers non commerciaux;985144;;;ANOMALIE - Document d'identité expiré;;
1017;SR;582700;Particuliers non commerciaux;994078;;;ANOMALIE - Document d'identité expiré;;
1017;SR;583178;Particuliers non commerciaux;999934;;;ANOMALIE - Document d'identité expiré;;
1017;SR;583306;Particuliers non commerciaux;1005824;;;ANOMALIE - Document d'identité expiré;;
1017;SR;583288;Particuliers non commerciaux;1004832;ANOMALIE - Mineur de plus de 21 ans;;ANOMALIE - Document d'identité expiré;;
1017;SR;583300;Particuliers non commerciaux;1005523;;;ANOMALIE - Document d'identité expiré;;
1017;SR;583488;Particuliers non commerciaux;1016148;;;ANOMALIE - Document d'identité expiré;;
1017;SR;583467;Particuliers non commerciaux;1015584;;;ANOMALIE - Document d'identité expiré;;
1017;SR;581934;Particuliers non commerciaux;982829;;;ANOMALIE - Document d'identité expiré;;
1017;SR;581433;Particuliers non commerciaux;955339;;;ANOMALIE - Document d'identité expiré;;
1017;SR;583817;Particuliers non commerciaux;1027812;ANOMALIE - Mineur de plus de 21 ans;;;;
1017;SR;583843;Particuliers non commerciaux;1028159;;;ANOMALIE - Document d'identité expiré;;
1017;SR;577512;;126230;;;ANOMALIE - Document d'identité expiré;;
1017;SR;584177;Particuliers non commerciaux;1042352;;;ANOMALIE - Document d'identité expiré;;
1017;SR;584120;Particuliers non commerciaux;1040475;ANOMALIE - Mineur de plus de 21 ans;;;;
1017;SR;584325;Particuliers non commerciaux;1047406;ANOMALIE - Mineur de plus de 21 ans;;;;
1017;SR;582570;Particuliers non commerciaux;992638;;;ANOMALIE - Document d'identité expiré;;
1017;SR;584465;Particuliers non commerciaux;4204740;ANOMALIE - Mineur de plus de 21 ans;;;;
1017;SR;584488;Particuliers non commerciaux;4206381;ANOMALIE - Mineur de plus de 21 ans;;;;
1017;SR;709890;PARTICULIERS SALARIES;80394;;;ANOMALIE - Document d'identité expiré;;
1017;SR;577405;;124791;;;ANOMALIE - Document d'identité expiré;;
1017;SR;577214;Autres services NCA;122046;;;ANOMALIE - Document d'identité expiré;;
1017;SR;577219;Autres services NCA;122059;;;ANOMALIE - Document d'identité expiré;;
1017;SR;577263;Autres services NCA;122734;;;ANOMALIE - Document d'identité expiré;;
1017;SR;577117;Autres services NCA;120699;ANOMALIE - Mineur de plus de 21 ans;;ANOMALIE - Document d'identité expiré;;
1017;SR;577511;Autres services NCA;126215;;;ANOMALIE - Document d'identité expiré;;
1017;SR;577376;;124085;;;ANOMALIE - Document d'identité expiré;;
1017;SR;577642;;128710;;;ANOMALIE - Document d'identité expiré;;
1017;SR;577840;;131796;;;ANOMALIE - Document d'identité expiré;;
1017;SR;578010;Autres services NCA;134310;;;ANOMALIE - Document d'identité expiré;;
1017;SR;578024;;134764;;;ANOMALIE - Document d'identité expiré;;
1017;SR;577886;;132749;;;ANOMALIE - Document d'identité expiré;;
1017;SR;578164;;137077;;;ANOMALIE - Document d'identité expiré;;
1017;SR;578361;;141385;;;ANOMALIE - Document d'identité expiré;;
1017;SR;578507;;143744;ANOMALIE - Mineur de plus de 21 ans;;;;
1017;SR;578525;;4213575;ANOMALIE - Mineur de plus de 21 ans;;;;
1017;SR;578271;;139924;;;ANOMALIE - Document d'identité expiré;;
1017;SR;578275;AUTRES COMMERCES;140012;;;ANOMALIE - Document d'identité expiré;;
1017;SR;578550;;144563;;;ANOMALIE - Document d'identité expiré;;
1017;SR;578262;;139709;;;ANOMALIE - Document d'identité expiré;;
1017;SR;578542;;144294;;;ANOMALIE - Document d'identité expiré;;
1017;SR;578619;;146497;;;ANOMALIE - Document d'identité expiré;;
1017;SR;578602;;145982;;;ANOMALIE - Document d'identité expiré;;
1017;SR;578761;;149894;;;ANOMALIE - Document d'identité expiré;;
1017;SR;578715;;148434;;;ANOMALIE - Document d'identité expiré;;
1017;SR;578918;AUTRES COMMERCE DE GROS;154672;;;ANOMALIE - Document d'identité expiré;;
1017;SR;578933;;155454;;;ANOMALIE - Document d'identité expiré;;
1017;SR;578863;Autres services NCA;153329;;;ANOMALIE - Document d'identité expiré;;
1017;SR;578914;;154411;;;ANOMALIE - Document d'identité expiré;;
1017;SR;578892;;153599;;;ANOMALIE - Document d'identité expiré;;
1017;SR;579129;;161503;;;ANOMALIE - Document d'identité expiré;;
1017;SR;578959;;157215;;;ANOMALIE - Document d'identité expiré;;
1017;SR;579084;;160019;;;ANOMALIE - Document d'identité expiré;;
1017;SR;578183;Autres services NCA;137465;;;ANOMALIE - Document d'identité expiré;;
1017;SR;579091;;160323;;;ANOMALIE - Document d'identité expiré;;
1017;SR;579075;;159840;ANOMALIE - Mineur de plus de 21 ans;;ANOMALIE - Document d'identité expiré;;
1017;SR;579130;;161514;ANOMALIE - Mineur de plus de 21 ans;;;;
1017;SR;579133;;161616;;;ANOMALIE - Document d'identité expiré;;
1017;SR;579143;;161897;;;ANOMALIE - Document d'identité expiré;;
1017;SR;579181;;162088;;;ANOMALIE - Document d'identité expiré;;
1017;SR;579416;;167442;;;ANOMALIE - Document d'identité expiré;;
1017;SR;579601;;169842;ANOMALIE - Mineur de plus de 21 ans;;ANOMALIE - Document d'identité expiré;;
1017;SR;579547;;169238;;;ANOMALIE - Document d'identité expiré;;
1017;SR;579458;;168004;;;ANOMALIE - Document d'identité expiré;;
1017;SR;579543;;169213;;;ANOMALIE - Document d'identité expiré;;
1017;SR;579641;;170352;;;ANOMALIE - Document d'identité expiré;;
1017;SR;579588;;169673;;;ANOMALIE - Document d'identité expiré;;
1017;SR;579454;;167954;;;ANOMALIE - Document d'identité expiré;;
1017;SR;580097;;176015;;;ANOMALIE - Document d'identité expiré;;
1017;SR;579741;;171578;ANOMALIE - Mineur de plus de 21 ans;;ANOMALIE - Document d'identité expiré;;
1017;SR;579775;;171961;ANOMALIE - Mineur de plus de 21 ans;;ANOMALIE - Document d'identité expiré;;
1017;SR;580064;;175468;;;ANOMALIE - Document d'identité expiré;;
1017;SR;580222;;179178;;;ANOMALIE - Document d'identité expiré;;
1017;SR;579705;;171171;ANOMALIE - Mineur de plus de 21 ans;;ANOMALIE - Document d'identité expiré;;
1017;SR;579699;;171081;;;ANOMALIE - Document d'identité expiré;;
1017;SR;580085;;175829;;;ANOMALIE - Document d'identité expiré;;
1017;SR;580128;;176532;;;ANOMALIE - Document d'identité expiré;;
1017;SR;579873;;172979;;;ANOMALIE - Document d'identité expiré;;
1017;SR;579953;;173962;;;ANOMALIE - Document d'identité expiré;;
1017;SR;579658;;170660;;;ANOMALIE - Document d'identité expiré;;
1017;SR;579781;;172048;;;ANOMALIE - Document d'identité expiré;;
1017;SR;580035;;175119;;;ANOMALIE - Document d'identité expiré;;
1017;SR;580324;;183297;;;ANOMALIE - Document d'identité expiré;;
1017;SR;580266;Autres services NCA;181316;;;ANOMALIE - Document d'identité expiré;;
1017;SR;580300;;182369;;;ANOMALIE - Document d'identité expiré;;
1017;SR;580359;Autres services NCA;184533;;;ANOMALIE - Document d'identité expiré;;
1017;SR;580456;;187576;;;ANOMALIE - Document d'identité expiré;;
1017;SR;580346;;184056;;;ANOMALIE - Document d'identité expiré;;
1017;SR;580621;;191548;;;ANOMALIE - Document d'identité expiré;;
1017;SR;580562;;190071;ANOMALIE - Mineur de plus de 21 ans;;ANOMALIE - Document d'identité expiré;;
1017;SR;580607;;190963;;;ANOMALIE - Document d'identité expiré;;
1017;SR;580523;;189233;;;ANOMALIE - Document d'identité expiré;;
1017;SR;580542;;189595;ANOMALIE - Mineur de plus de 21 ans;;ANOMALIE - Document d'identité expiré;;
1017;SR;580592;;190756;;;ANOMALIE - Document d'identité expiré;;
1017;SR;580781;;196550;;;ANOMALIE - Document d'identité expiré;;
1017;SR;580735;;195410;ANOMALIE - Mineur de plus de 21 ans;;ANOMALIE - Document d'identité expiré;;
1017;SR;580641;;192064;;;ANOMALIE - Document d'identité expiré;;
1017;SR;580800;;197204;;;ANOMALIE - Document d'identité expiré;;
1017;SR;580821;;197871;;;ANOMALIE - Document d'identité expiré;;
1017;SR;580811;;197473;;;ANOMALIE - Document d'identité expiré;;
1017;SR;580846;Particuliers non commerciaux;198478;;;ANOMALIE - Document d'identité expiré;;
1017;SR;580795;;196972;;;ANOMALIE - Document d'identité expiré;;
1017;SR;580939;Particuliers non commerciaux;201379;;;ANOMALIE - Document d'identité expiré;;
1017;SR;580984;Magasins de vetements pour homme;934605;;;ANOMALIE - Document d'identité expiré;;
1017;SR;581010;Particuliers non commerciaux;936435;;;ANOMALIE - Document d'identité expiré;;
1017;SR;581185;Particuliers non commerciaux;945227;;;ANOMALIE - Document d'identité expiré;;
1017;SR;581087;Particuliers non commerciaux;941342;;;ANOMALIE - Document d'identité expiré;;
1017;SR;581095;Particuliers non commerciaux;942179;;;ANOMALIE - Document d'identité expiré;;
1017;SR;581091;Particuliers non commerciaux;941485;;;ANOMALIE - Document d'identité expiré;;
1017;SR;581041;Particuliers non commerciaux;938606;;;ANOMALIE - Document d'identité expiré;;
1017;SR;581062;Particuliers non commerciaux;939681;;;ANOMALIE - Document d'identité expiré;;
1017;SR;581153;Particuliers non commerciaux;944501;ANOMALIE - Mineur de plus de 21 ans;;;;
1017;SR;581200;Particuliers non commerciaux;945652;;;ANOMALIE - Document d'identité expiré;;
1017;SR;581361;Particuliers non commerciaux;951342;ANOMALIE - Mineur de plus de 21 ans;;ANOMALIE - Document d'identité expiré;;
1017;SR;581293;Particuliers non commerciaux;948937;;;ANOMALIE - Document d'identité expiré;;
1017;SR;581252;Particuliers non commerciaux;947750;;;ANOMALIE - Document d'identité expiré;;
1017;SR;581298;Particuliers non commerciaux;949013;;;ANOMALIE - Document d'identité expiré;;
1017;SR;581282;Particuliers non commerciaux;948621;;;ANOMALIE - Document d'identité expiré;;
1017;SR;581297;Particuliers non commerciaux;949008;;;ANOMALIE - Document d'identité expiré;;
1017;SR;581244;Particuliers non commerciaux;947369;;;ANOMALIE - Document d'identité expiré;;
1017;SR;581350;Particuliers non commerciaux;950998;;;ANOMALIE - Document d'identité expiré;;
1017;SR;581277;Particuliers non commerciaux;948513;;;ANOMALIE - Document d'identité expiré;;
1017;SR;581493;Particuliers non commerciaux;957663;;;ANOMALIE - Document d'identité expiré;;
1017;SR;581450;Particuliers non commerciaux;955681;ANOMALIE - Mineur de plus de 21 ans;;;;
1017;SR;581472;Particuliers non commerciaux;956291;;;ANOMALIE - Document d'identité expiré;;
1017;SR;581508;Particuliers non commerciaux;958583;;;ANOMALIE - Document d'identité expiré;;
1017;SR;581534;Particuliers non commerciaux;960242;;;ANOMALIE - Document d'identité expiré;;
1017;SR;581598;Particuliers non commerciaux;963111;;;ANOMALIE - Document d'identité expiré;;
1017;SR;581547;Particuliers non commerciaux;960897;ANOMALIE - Mineur de plus de 21 ans;;;;
1017;SR;581723;Particuliers non commerciaux;972113;;;ANOMALIE - Document d'identité expiré;;
1017;SR;581700;Particuliers non commerciaux;969563;;;ANOMALIE - Document d'identité expiré;;
1017;SR;581654;Particuliers non commerciaux;966586;;;ANOMALIE - Document d'identité expiré;;
1017;SR;581685;Particuliers non commerciaux;968374;;;ANOMALIE - Document d'identité expiré;;
1017;SR;581694;Particuliers non commerciaux;969042;ANOMALIE - Mineur de plus de 21 ans;;ANOMALIE - Document d'identité expiré;;
1017;SR;581772;Particuliers non commerciaux;974743;;;ANOMALIE - Document d'identité expiré;;
1017;SR;581789;Particuliers non commerciaux;976274;;;ANOMALIE - Document d'identité expiré;;
1017;SR;581844;Particuliers non commerciaux;979052;ANOMALIE - Mineur de plus de 21 ans;;ANOMALIE - Document d'identité expiré;;
1017;SR;581887;Particuliers non commerciaux;981078;;;ANOMALIE - Document d'identité expiré;;
1017;SR;581874;Particuliers non commerciaux;980541;ANOMALIE - Mineur de plus de 21 ans;;ANOMALIE - Document d'identité expiré;;
1017;SR;581919;Particuliers non commerciaux;982373;ANOMALIE - Mineur de plus de 21 ans;;ANOMALIE - Document d'identité expiré;;
1017;SR;582045;Particuliers non commerciaux;986316;ANOMALIE - Mineur de plus de 21 ans;;ANOMALIE - Document d'identité expiré;;
1017;SR;582039;Particuliers non commerciaux;986033;;;ANOMALIE - Document d'identité expiré;;
1017;SR;582093;Particuliers non commerciaux;987212;ANOMALIE - Mineur de plus de 21 ans;;ANOMALIE - Document d'identité expiré;;
1017;SR;582049;Particuliers non commerciaux;986395;;;ANOMALIE - Document d'identité expiré;;
1017;SR;582021;Particuliers non commerciaux;985181;;;ANOMALIE - Document d'identité expiré;;
1017;SR;582601;Particuliers non commerciaux;992946;;;ANOMALIE - Document d'identité expiré;;
1017;SR;582900;Particuliers non commerciaux;996225;ANOMALIE - Mineur de plus de 21 ans;;;;
1017;SR;582947;Particuliers non commerciaux;996718;ANOMALIE - Mineur de plus de 21 ans;;;;
1017;SR;583191;Particuliers non commerciaux;1000215;ANOMALIE - Mineur de plus de 21 ans;;;;
1017;SR;583183;Particuliers non commerciaux;1000079;ANOMALIE - Mineur de plus de 21 ans;;ANOMALIE - Document d'identité expiré;;
1017;SR;583184;Particuliers non commerciaux;1000088;;;ANOMALIE - Document d'identité expiré;;
1017;SR;583164;Particuliers non commerciaux;999705;;;ANOMALIE - Document d'identité expiré;;
1017;SR;583039;Particuliers non commerciaux;997826;ANOMALIE - Mineur de plus de 21 ans;;ANOMALIE - Document d'identité expiré;;
1017;SR;583239;Particuliers non commerciaux;1002112;;;ANOMALIE - Document d'identité expiré;;
1017;SR;583319;Particuliers non commerciaux;1006717;;;ANOMALIE - Document d'identité expiré;;
1017;SR;583313;Particuliers non commerciaux;1006323;ANOMALIE - Mineur de plus de 21 ans;;;;
1017;SR;583416;Particuliers non commerciaux;1012531;ANOMALIE - Mineur de plus de 21 ans;;;;
1017;SR;583535;Particuliers non commerciaux;1016479;;;ANOMALIE - Document d'identité expiré;;
1017;SR;583470;Particuliers non commerciaux;1015713;;;ANOMALIE - Document d'identité expiré;;
1017;SR;581319;COMMERCE DE GROS;949728;ANOMALIE - Mineur de plus de 21 ans;;ANOMALIE - Document d'identité expiré;;
1017;SR;583640;Particuliers non commerciaux;1023216;ANOMALIE - Mineur de plus de 21 ans;;;;
1017;SR;583694;Particuliers non commerciaux;1025058;;;ANOMALIE - Document d'identité expiré;;
1017;SR;583779;Particuliers non commerciaux;1027329;ANOMALIE - Mineur de plus de 21 ans;;;;
1017;SR;583833;Particuliers non commerciaux;1028036;ANOMALIE - Mineur de plus de 21 ans;;;;
1017;SR;584145;Particuliers non commerciaux;1041726;ANOMALIE - Mineur de plus de 21 ans;;ANOMALIE - Document d'identité expiré;;
1017;SR;584202;Particuliers non commerciaux;1042761;ANOMALIE - Mineur de plus de 21 ans;;;;
1017;SR;584410;Particuliers non commerciaux;1051418;ANOMALIE - Mineur de plus de 21 ans;;;;
1017;SR;584415;Particuliers non commerciaux;1051797;ANOMALIE - Mineur de plus de 21 ans;;;;
1017;SR;584448;Particuliers non commerciaux;4204198;ANOMALIE - Mineur de plus de 21 ans;;;;
1017;SR;807881;Autres services NCA;50776;;;ANOMALIE - Document d'identité expiré;;
1017;SR;577406;;124792;;;ANOMALIE - Document d'identité expiré;;
1017;SR;577083;Autres services NCA;120393;;;ANOMALIE - Document d'identité expiré;;
1017;SR;577037;COMMERCE DE DETAIL;119571;;;ANOMALIE - Document d'identité expiré;;
1017;SR;577193;Autres services NCA;121572;;;ANOMALIE - Document d'identité expiré;;
1017;SR;577114;COMMERCE DE DETAIL;120659;;;ANOMALIE - Document d'identité expiré;;
1017;SR;577213;COMMERCE DE DETAIL;121959;;;ANOMALIE - Document d'identité expiré;;
1017;SR;577011;Secteurs non specifies;119083;;;ANOMALIE - Document d'identité expiré;;
1017;SR;577152;Autres services NCA;121135;;;ANOMALIE - Document d'identité expiré;;
1017;SR;577685;;129412;;;ANOMALIE - Document d'identité expiré;;
1017;SR;577952;;133793;ANOMALIE - Mineur de plus de 21 ans;;;;
1017;SR;577929;;133590;;;ANOMALIE - Document d'identité expiré;;
1017;SR;577672;;129116;;;ANOMALIE - Document d'identité expiré;;
1017;SR;577905;;133163;;;ANOMALIE - Document d'identité expiré;;
1017;SR;577743;;130323;ANOMALIE - Mineur de plus de 21 ans;;ANOMALIE - Document d'identité expiré;;
1017;SR;578093;;135667;;;ANOMALIE - Document d'identité expiré;;
1017;SR;578094;;135669;;;ANOMALIE - Document d'identité expiré;;
1017;SR;578142;;136664;;;ANOMALIE - Document d'identité expiré;;
1017;SR;578273;Autres services NCA;139962;;;ANOMALIE - Document d'identité expiré;;
1017;SR;578248;;139176;;;ANOMALIE - Document d'identité expiré;;
1017;SR;578225;;138629;;;ANOMALIE - Document d'identité expiré;;
1017;SR;578358;;141345;;;ANOMALIE - Document d'identité expiré;;
1017;SR;578335;;141020;;;ANOMALIE - Document d'identité expiré;;
1017;SR;578745;;149654;;;ANOMALIE - Document d'identité expiré;;
1017;SR;578773;PARTICULIERS NON-SALARIES;1038329;;;ANOMALIE - Document d'identité expiré;;
1017;SR;578888;Autres services NCA;153535;;;ANOMALIE - Document d'identité expiré;;
1017;SR;579167;;161963;ANOMALIE - Mineur de plus de 21 ans;;ANOMALIE - Document d'identité expiré;;
1017;SR;579155;;161931;ANOMALIE - Mineur de plus de 21 ans;;;;
1017;SR;579275;Autres services NCA;164565;;;ANOMALIE - Document d'identité expiré;;
1017;SR;579318;COMM GENE D'IMPORT EXPORT;166293;;;ANOMALIE - Document d'identité expiré;;
1017;SR;579323;;166289;;;ANOMALIE - Document d'identité expiré;;
1017;SR;579211;;162822;;;ANOMALIE - Document d'identité expiré;;
1017;SR;579292;;165369;;;ANOMALIE - Document d'identité expiré;;
1017;SR;579362;;166786;;;ANOMALIE - Document d'identité expiré;;
1017;SR;579344;PARTICULIERS NON-SALARIES;166747;ANOMALIE - Mineur de plus de 21 ans;;ANOMALIE - Document d'identité expiré;;
1017;SR;579334;;166497;;;ANOMALIE - Document d'identité expiré;;
1017;SR;579384;;167122;;;ANOMALIE - Document d'identité expiré;;
1017;SR;579460;;168068;;;ANOMALIE - Document d'identité expiré;;
1017;SR;579618;comptes internes;170130;;;ANOMALIE - Document d'identité expiré;;
1017;SR;579448;;167911;;;ANOMALIE - Document d'identité expiré;;
1017;SR;579629;;170228;ANOMALIE - Mineur de plus de 21 ans;;;;
1017;SR;579502;;168633;ANOMALIE - Mineur de plus de 21 ans;;ANOMALIE - Document d'identité expiré;;
1017;SR;579724;;171363;ANOMALIE - Mineur de plus de 21 ans;;ANOMALIE - Document d'identité expiré;;
1017;SR;579918;;173507;;;ANOMALIE - Document d'identité expiré;;
1017;SR;579988;;174410;;;ANOMALIE - Document d'identité expiré;;
1017;SR;580001;;174574;;;ANOMALIE - Document d'identité expiré;;
1017;SR;580199;;178471;;;ANOMALIE - Document d'identité expiré;;
1017;SR;579886;;173133;ANOMALIE - Mineur de plus de 21 ans;;;;
1017;SR;580055;;175353;;;ANOMALIE - Document d'identité expiré;;
1017;SR;579902;;173289;;;ANOMALIE - Document d'identité expiré;;
1017;SR;579832;;172583;;;ANOMALIE - Document d'identité expiré;;
1017;SR;580011;;174732;;;ANOMALIE - Document d'identité expiré;;
1017;SR;579693;;171032;;;ANOMALIE - Document d'identité expiré;;
1017;SR;580107;;176172;ANOMALIE - Mineur de plus de 21 ans;;ANOMALIE - Document d'identité expiré;;
1017;SR;579895;;173179;ANOMALIE - Mineur de plus de 21 ans;;;;
1017;SR;580247;;180550;;;ANOMALIE - Document d'identité expiré;;
1017;SR;580450;;187403;ANOMALIE - Mineur de plus de 21 ans;;ANOMALIE - Document d'identité expiré;;
1017;SR;580410;;186192;;;ANOMALIE - Document d'identité expiré;;
1017;SR;580438;;187050;;;ANOMALIE - Document d'identité expiré;;
1017;SR;580421;;186579;;;ANOMALIE - Document d'identité expiré;;
1017;SR;580463;;187697;;;ANOMALIE - Document d'identité expiré;;
1017;SR;580250;;180683;;;ANOMALIE - Document d'identité expiré;;
1017;SR;580537;;189482;;;ANOMALIE - Document d'identité expiré;;
1017;SR;580711;;194534;;;ANOMALIE - Document d'identité expiré;;
1017;SR;580760;;196085;;;ANOMALIE - Document d'identité expiré;;
1017;SR;580647;;192306;;;ANOMALIE - Document d'identité expiré;;
1017;SR;580744;;195750;ANOMALIE - Mineur de plus de 21 ans;;ANOMALIE - Document d'identité expiré;;
1017;SR;580740;;195668;;;ANOMALIE - Document d'identité expiré;;
1017;SR;580678;;193341;;;ANOMALIE - Document d'identité expiré;;
1017;SR;580786;;196741;;;ANOMALIE - Document d'identité expiré;;
1017;SR;580822;ENSEIGNEMENT;197933;;;ANOMALIE - Document d'identité expiré;;
1017;SR;580818;;197707;;;ANOMALIE - Document d'identité expiré;;
1017;SR;580960;Particuliers non commerciaux;933080;;;ANOMALIE - Document d'identité expiré;;
1017;SR;581066;Particuliers non commerciaux;939939;ANOMALIE - Mineur de plus de 21 ans;;ANOMALIE - Document d'identité expiré;;
1017;SR;581078;Particuliers non commerciaux;940860;;;ANOMALIE - Document d'identité expiré;;
1017;SR;581089;Particuliers non commerciaux;941442;ANOMALIE - Mineur de plus de 21 ans;;ANOMALIE - Document d'identité expiré;;
1017;SR;581068;Particuliers non commerciaux;940175;;;ANOMALIE - Document d'identité expiré;;
1017;SR;581399;Particuliers non commerciaux;952842;;;ANOMALIE - Document d'identité expiré;;
1017;SR;581351;Particuliers non commerciaux;951035;;;ANOMALIE - Document d'identité expiré;;
1017;SR;581272;Particuliers non commerciaux;948401;;;ANOMALIE - Document d'identité expiré;;
1017;SR;581610;Particuliers non commerciaux;964263;;;ANOMALIE - Document d'identité expiré;;
1017;SR;581691;Particuliers non commerciaux;968874;;;ANOMALIE - Document d'identité expiré;;
1017;SR;581701;Particuliers non commerciaux;969629;;;ANOMALIE - Document d'identité expiré;;
1017;SR;581699;Particuliers non commerciaux;969328;;;ANOMALIE - Document d'identité expiré;;
1017;SR;581684;Particuliers non commerciaux;968367;;;ANOMALIE - Document d'identité expiré;;
1017;SR;581781;Particuliers non commerciaux;975322;;;ANOMALIE - Document d'identité expiré;;
1017;SR;581765;Particuliers non commerciaux;974417;;;ANOMALIE - Document d'identité expiré;;
1017;SR;581833;Particuliers non commerciaux;978295;;;ANOMALIE - Document d'identité expiré;;
1017;SR;581889;Particuliers non commerciaux;981169;ANOMALIE - Mineur de plus de 21 ans;;;;
1017;SR;581970;Particuliers non commerciaux;984533;;;ANOMALIE - Document d'identité expiré;;
1017;SR;581962;Particuliers non commerciaux;984118;;;ANOMALIE - Document d'identité expiré;;
1017;SR;582514;Particuliers non commerciaux;991838;ANOMALIE - Mineur de plus de 21 ans;;;;
1017;SR;582028;Particuliers non commerciaux;985290;;;ANOMALIE - Document d'identité expiré;;
1017;SR;582357;Particuliers non commerciaux;990124;ANOMALIE - Mineur de plus de 21 ans;;ANOMALIE - Document d'identité expiré;;
1017;SR;582738;Particuliers non commerciaux;994249;;;ANOMALIE - Document d'identité expiré;;
1017;SR;582012;Particuliers non commerciaux;985156;;;ANOMALIE - Document d'identité expiré;;
1017;SR;582032;Particuliers non commerciaux;985531;ANOMALIE - Mineur de plus de 21 ans;;ANOMALIE - Document d'identité expiré;;
1017;SR;582818;Particuliers non commerciaux;995223;ANOMALIE - Mineur de plus de 21 ans;;;;
1017;SR;583118;Particuliers non commerciaux;999132;;;ANOMALIE - Document d'identité expiré;;
1017;SR;583196;Particuliers non commerciaux;1000560;;;ANOMALIE - Document d'identité expiré;;
1017;SR;583108;Particuliers non commerciaux;998928;ANOMALIE - Mineur de plus de 21 ans;;;;
1017;SR;583327;Particuliers non commerciaux;1007037;;;ANOMALIE - Document d'identité expiré;;
1017;SR;583315;Particuliers non commerciaux;1006439;;;ANOMALIE - Document d'identité expiré;;
1017;SR;583380;Particuliers non commerciaux;1010349;ANOMALIE - Mineur de plus de 21 ans;;;;
1017;SR;583385;Particuliers non commerciaux;1010595;;;ANOMALIE - Document d'identité expiré;;
1017;SR;583518;Particuliers non commerciaux;1016356;;;ANOMALIE - Document d'identité expiré;;
1017;SR;583545;Particuliers non commerciaux;1016679;ANOMALIE - Mineur de plus de 21 ans;;;;
1017;SR;583558;Particuliers non commerciaux;1017346;ANOMALIE - Mineur de plus de 21 ans;;;;
1017;SR;583707;Particuliers non commerciaux;1025310;ANOMALIE - Mineur de plus de 21 ans;;;;
1017;SR;583885;Particuliers non commerciaux;1029522;ANOMALIE - Mineur de plus de 21 ans;;;;
1017;SR;584283;Particuliers non commerciaux;1045115;ANOMALIE - Mineur de plus de 21 ans;;;;
1017;SR;584196;Particuliers non commerciaux;1042666;ANOMALIE - Mineur de plus de 21 ans;;;;
1017;SR;577327;Autres services NCA;123471;;;ANOMALIE - Document d'identité expiré;;
1017;SR;578399;;142302;ANOMALIE - Mineur de plus de 21 ans;;;;
1017;SR;189902;PARTICULIERS SALARIES;63798;;;ANOMALIE - Document d'identité expiré;;
1017;SR;577045;Particuliers non commerciaux;119759;;;ANOMALIE - Document d'identité expiré;;
1017;SR;577370;;124001;;;ANOMALIE - Document d'identité expiré;;
1017;SR;577421;;124823;;;ANOMALIE - Document d'identité expiré;;
1017;SR;577121;Autres services NCA;120815;;;ANOMALIE - Document d'identité expiré;;
1017;SR;577550;;126815;;;ANOMALIE - Document d'identité expiré;;
1017;SR;577369;Autres services NCA;123993;;;ANOMALIE - Document d'identité expiré;;
1017;SR;577474;;125641;;;ANOMALIE - Document d'identité expiré;;
1017;SR;577440;COMMUNICATION;125477;ANOMALIE - Mineur de plus de 21 ans;;ANOMALIE - Document d'identité expiré;;
1017;SR;577539;;126723;;;ANOMALIE - Document d'identité expiré;;
1017;SR;577188;Autres services NCA;121513;;;ANOMALIE - Document d'identité expiré;;
1017;SR;577016;RESTAURANT HOTEL ET INSTAL TOURI;119145;;;ANOMALIE - Document d'identité expiré;;
1017;SR;578013;Autres services NCA;134539;;;ANOMALIE - Document d'identité expiré;;
1017;SR;577809;;131346;ANOMALIE - Mineur de plus de 21 ans;;ANOMALIE - Document d'identité expiré;;
1017;SR;577777;Autres services NCA;130694;;;ANOMALIE - Document d'identité expiré;;
1017;SR;577906;;133305;;;ANOMALIE - Document d'identité expiré;;
1017;SR;577803;;131297;;;ANOMALIE - Document d'identité expiré;;
1017;SR;578141;;136658;;;ANOMALIE - Document d'identité expiré;;
1017;SR;855013;;137949;;;ANOMALIE - Document d'identité expiré;;
1017;SR;578109;;135921;;;ANOMALIE - Document d'identité expiré;;
1017;SR;578148;;136790;;;ANOMALIE - Document d'identité expiré;;
1017;SR;578268;;139873;;;ANOMALIE - Document d'identité expiré;;
1017;SR;578241;;139064;;;ANOMALIE - Document d'identité expiré;;
1017;SR;578442;;143158;ANOMALIE - Mineur de plus de 21 ans;;;;
1017;SR;578360;Autres services NCA;141360;;;ANOMALIE - Document d'identité expiré;;
1017;SR;578349;;141185;;;ANOMALIE - Document d'identité expiré;;
1017;SR;578608;;146243;;;ANOMALIE - Document d'identité expiré;;
1017;SR;578791;Autres services NCA;151220;;;ANOMALIE - Document d'identité expiré;;
1017;SR;578902;;154064;ANOMALIE - Mineur de plus de 21 ans;;ANOMALIE - Document d'identité expiré;;
1017;SR;578897;Autres services NCA;153761;;;ANOMALIE - Document d'identité expiré;;
1017;SR;578873;Autres services NCA;153378;;;ANOMALIE - Document d'identité expiré;;
1017;SR;578838;Autres services NCA;152519;;;ANOMALIE - Document d'identité expiré;;
1017;SR;578884;;153457;;;ANOMALIE - Document d'identité expiré;;
1017;SR;578950;;156810;;;ANOMALIE - Document d'identité expiré;;
1017;SR;578947;;156649;;;ANOMALIE - Document d'identité expiré;;
1017;SR;579101;;160706;;;ANOMALIE - Document d'identité expiré;;
1017;SR;579102;;160771;;;ANOMALIE - Document d'identité expiré;;
1017;SR;579104;;160784;;;ANOMALIE - Document d'identité expiré;;
1017;SR;579226;;163265;;;ANOMALIE - Document d'identité expiré;;
1017;SR;579245;;163786;;;ANOMALIE - Document d'identité expiré;;
1017;SR;579284;;164989;;;ANOMALIE - Document d'identité expiré;;
1017;SR;579304;;165595;;;ANOMALIE - Document d'identité expiré;;
1017;SR;579347;;166694;;;ANOMALIE - Document d'identité expiré;;
1017;SR;579431;;167658;;;ANOMALIE - Document d'identité expiré;;
1017;SR;579382;;167104;;;ANOMALIE - Document d'identité expiré;;
1017;SR;579566;;145623;;;ANOMALIE - Document d'identité expiré;;
1017;SR;579504;;168697;;;ANOMALIE - Document d'identité expiré;;
1017;SR;579506;;168702;;;ANOMALIE - Document d'identité expiré;;
1017;SR;579582;;169650;;;ANOMALIE - Document d'identité expiré;;
1017;SR;579584;;169655;;;ANOMALIE - Document d'identité expiré;;
1017;SR;579849;comptes internes;172675;ANOMALIE - Mineur de plus de 21 ans;;;;
1017;SR;579668;;170721;ANOMALIE - Mineur de plus de 21 ans;;ANOMALIE - Document d'identité expiré;;
1017;SR;579858;;172767;;;ANOMALIE - Document d'identité expiré;;
1017;SR;580027;;174975;;;ANOMALIE - Document d'identité expiré;;
1017;SR;579676;;170847;ANOMALIE - Mineur de plus de 21 ans;;ANOMALIE - Document d'identité expiré;;
1017;SR;580106;;176146;;;ANOMALIE - Document d'identité expiré;;
1017;SR;579992;;174476;;;ANOMALIE - Document d'identité expiré;;
1017;SR;580209;;178798;;;ANOMALIE - Document d'identité expiré;;
1017;SR;579782;;172057;ANOMALIE - Mineur de plus de 21 ans;;;;
1017;SR;579865;;172878;;;ANOMALIE - Document d'identité expiré;;
1017;SR;579754;;171741;ANOMALIE - Mineur de plus de 21 ans;;ANOMALIE - Document d'identité expiré;;
1017;SR;579813;;172385;ANOMALIE - Mineur de plus de 21 ans;;ANOMALIE - Document d'identité expiré;;
1017;SR;580043;;175216;ANOMALIE - Mineur de plus de 21 ans;;ANOMALIE - Document d'identité expiré;;
1017;SR;579954;;173964;;;ANOMALIE - Document d'identité expiré;;
1017;SR;579772;;171913;ANOMALIE - Mineur de plus de 21 ans;;ANOMALIE - Document d'identité expiré;;
1017;SR;579893;;17411;;;ANOMALIE - Document d'identité expiré;;
1017;SR;579872;;172970;;;ANOMALIE - Document d'identité expiré;;
1017;SR;580016;;174838;;;ANOMALIE - Document d'identité expiré;;
1017;SR;580428;;186762;;;ANOMALIE - Document d'identité expiré;;
1017;SR;580301;;182370;;;ANOMALIE - Document d'identité expiré;;
1017;SR;580402;;185970;;;ANOMALIE - Document d'identité expiré;;
1017;SR;580401;;185967;;;ANOMALIE - Document d'identité expiré;;
1017;SR;580329;;183476;;;ANOMALIE - Document d'identité expiré;;
1017;SR;580364;;184728;;;ANOMALIE - Document d'identité expiré;;
1017;SR;580445;;187289;;;ANOMALIE - Document d'identité expiré;;
1017;SR;580446;;187294;;;ANOMALIE - Document d'identité expiré;;
1017;SR;580407;Autres services NCA;186059;;;ANOMALIE - Document d'identité expiré;;
1017;SR;580479;;188027;;;ANOMALIE - Document d'identité expiré;;
1017;SR;580680;;193353;;;ANOMALIE - Document d'identité expiré;;
1017;SR;580688;;193565;;;ANOMALIE - Document d'identité expiré;;
1017;SR;580708;PDT PHARM ET MEDICAMENTS;194223;;;ANOMALIE - Document d'identité expiré;;
1017;SR;580737;;195558;;;ANOMALIE - Document d'identité expiré;;
1017;SR;580716;;194830;;;ANOMALIE - Document d'identité expiré;;
1017;SR;580681;;193390;;;ANOMALIE - Document d'identité expiré;;
1017;SR;580823;;197943;;;ANOMALIE - Document d'identité expiré;;
1017;SR;580812;;197476;;;ANOMALIE - Document d'identité expiré;;
1017;SR;580854;Particuliers non commerciaux;198649;ANOMALIE - Mineur de plus de 21 ans;;ANOMALIE - Document d'identité expiré;;
1017;SR;580949;Particuliers non commerciaux;202333;ANOMALIE - Mineur de plus de 21 ans;;ANOMALIE - Document d'identité expiré;;
1017;SR;580878;Organisations civique et amicale;199134;;;ANOMALIE - Document d'identité expiré;;
1017;SR;581172;Particuliers non commerciaux;944980;;;ANOMALIE - Document d'identité expiré;;
1017;SR;581165;Particuliers non commerciaux;944810;;;ANOMALIE - Document d'identité expiré;;
1017;SR;581217;Particuliers non commerciaux;946276;;;ANOMALIE - Document d'identité expiré;;
1017;SR;581061;Particuliers non commerciaux;939632;;;ANOMALIE - Document d'identité expiré;;
1017;SR;581149;Particuliers non commerciaux;944481;ANOMALIE - Mineur de plus de 21 ans;;ANOMALIE - Document d'identité expiré;;
1017;SR;581175;Particuliers non commerciaux;945060;;;ANOMALIE - Document d'identité expiré;;
1017;SR;581083;Particuliers non commerciaux;941148;ANOMALIE - Mineur de plus de 21 ans;;ANOMALIE - Document d'identité expiré;;
1017;SR;581131;Particuliers non commerciaux;943814;;;ANOMALIE - Document d'identité expiré;;
1017;SR;581376;BATIMENTS ET TRAVAUX PUB;952027;;;ANOMALIE - Document d'identité expiré;;
1017;SR;581359;Particuliers non commerciaux;951309;;;ANOMALIE - Document d'identité expiré;;
1017;SR;581480;Particuliers non commerciaux;956704;;;ANOMALIE - Document d'identité expiré;;
1017;SR;581549;Particuliers non commerciaux;960945;;;ANOMALIE - Document d'identité expiré;;
1017;SR;581636;Particuliers non commerciaux;965544;ANOMALIE - Mineur de plus de 21 ans;;ANOMALIE - Document d'identité expiré;;
1017;SR;581526;Particuliers non commerciaux;959655;;;ANOMALIE - Document d'identité expiré;;
1017;SR;581597;Particuliers non commerciaux;962902;;;ANOMALIE - Document d'identité expiré;;
1017;SR;581718;Particuliers non commerciaux;971308;;;ANOMALIE - Document d'identité expiré;;
1017;SR;581744;Particuliers non commerciaux;973235;;;ANOMALIE - Document d'identité expiré;;
1017;SR;581770;Particuliers non commerciaux;974650;ANOMALIE - Mineur de plus de 21 ans;;ANOMALIE - Document d'identité expiré;;
1017;SR;581757;Particuliers non commerciaux;973926;;;ANOMALIE - Document d'identité expiré;;
1017;SR;581816;Particuliers non commerciaux;977665;;;ANOMALIE - Document d'identité expiré;;
1017;SR;581842;Particuliers non commerciaux;978961;;;ANOMALIE - Document d'identité expiré;;
1017;SR;581944;Particuliers non commerciaux;983630;ANOMALIE - Mineur de plus de 21 ans;;ANOMALIE - Document d'identité expiré;;
1017;SR;581928;Particuliers non commerciaux;982411;ANOMALIE - Mineur de plus de 21 ans;;;;
1017;SR;582652;Particuliers non commerciaux;993725;;;ANOMALIE - Document d'identité expiré;;
1017;SR;582660;Particuliers non commerciaux;993814;;;ANOMALIE - Document d'identité expiré;;
1017;SR;582804;Particuliers non commerciaux;994929;;;ANOMALIE - Document d'identité expiré;;
1017;SR;582786;Particuliers non commerciaux;994723;ANOMALIE - Mineur de plus de 21 ans;;ANOMALIE - Document d'identité expiré;;
1017;SR;583220;Particuliers non commerciaux;1001368;;;ANOMALIE - Document d'identité expiré;;
1017;SR;583210;Particuliers non commerciaux;1000895;ANOMALIE - Mineur de plus de 21 ans;;ANOMALIE - Document d'identité expiré;;
1017;SR;581730;Particuliers non commerciaux;972605;;;ANOMALIE - Document d'identité expiré;;
1017;SR;583249;Particuliers non commerciaux;1002462;ANOMALIE - Mineur de plus de 21 ans;;ANOMALIE - Document d'identité expiré;;
1017;SR;583394;Particuliers non commerciaux;1010999;ANOMALIE - Mineur de plus de 21 ans;;ANOMALIE - Document d'identité expiré;;
1017;SR;583413;Particuliers non commerciaux;1012298;;;ANOMALIE - Document d'identité expiré;;
1017;SR;583338;Particuliers non commerciaux;1008244;ANOMALIE - Mineur de plus de 21 ans;;ANOMALIE - Document d'identité expiré;;
1017;SR;583457;Particuliers non commerciaux;1015017;ANOMALIE - Mineur de plus de 21 ans;;;;
1017;SR;583573;Particuliers non commerciaux;1018202;;;ANOMALIE - Document d'identité expiré;;
1017;SR;583524;Particuliers non commerciaux;1016409;;;ANOMALIE - Document d'identité expiré;;
1017;SR;583542;Particuliers non commerciaux;1016666;ANOMALIE - Mineur de plus de 21 ans;;;;
1017;SR;583717;Particuliers non commerciaux;1025500;ANOMALIE - Mineur de plus de 21 ans;;;;
1017;SR;583925;Particuliers non commerciaux;1031453;;;ANOMALIE - Document d'identité expiré;;
1017;SR;584028;Particuliers non commerciaux;1035833;ANOMALIE - Mineur de plus de 21 ans;;ANOMALIE - Document d'identité expiré;;
1017;SR;584352;Particuliers non commerciaux;1049112;ANOMALIE - Mineur de plus de 21 ans;;;;
1017;SR;584483;Particuliers non commerciaux;4206092;ANOMALIE - Mineur de plus de 21 ans;;ANOMALIE - Document d'identité expiré;;
1017;SR;509616;PARTICULIERS SALARIES;27576;;;ANOMALIE - Document d'identité expiré;;
1017;SR;577360;;123933;;;ANOMALIE - Document d'identité expiré;;
1017;SR;809485;PARTICULIERS SALARIES;91598;;;ANOMALIE - Document d'identité expiré;;
1017;SR;577173;Autres services NCA;121295;;;ANOMALIE - Document d'identité expiré;;
1017;SR;577064;Autres services NCA;120015;;;ANOMALIE - Document d'identité expiré;;
1017;SR;577167;Autres services NCA;121259;;;ANOMALIE - Document d'identité expiré;;
1017;SR;577063;COMMERCE DE DETAIL;119974;;;ANOMALIE - Document d'identité expiré;;
1017;SR;577297;Autres services NCA;123169;;;ANOMALIE - Document d'identité expiré;;
1017;SR;577720;;129866;;;ANOMALIE - Document d'identité expiré;;
1017;SR;577686;;129415;;;ANOMALIE - Document d'identité expiré;;
1017;SR;577639;;128546;;;ANOMALIE - Document d'identité expiré;;
1017;SR;577647;;128728;;;ANOMALIE - Document d'identité expiré;;
1017;SR;577911;;133417;;;ANOMALIE - Document d'identité expiré;;
1017;SR;577953;;133796;ANOMALIE - Mineur de plus de 21 ans;;;;
1017;SR;577997;;134050;ANOMALIE - Mineur de plus de 21 ans;;ANOMALIE - Document d'identité expiré;;
1017;SR;578085;;135564;;;ANOMALIE - Document d'identité expiré;;
1017;SR;578351;;141226;ANOMALIE - Mineur de plus de 21 ans;;ANOMALIE - Document d'identité expiré;;
1017;SR;578278;;140163;ANOMALIE - Mineur de plus de 21 ans;;ANOMALIE - Document d'identité expiré;;
1017;SR;578474;;143474;;;ANOMALIE - Document d'identité expiré;;
1017;SR;578436;;143115;ANOMALIE - Mineur de plus de 21 ans;;;;
1017;SR;578444;;143162;ANOMALIE - Mineur de plus de 21 ans;;;;
1017;SR;578551;;144593;;;ANOMALIE - Document d'identité expiré;;
1017;SR;578364;;141484;;;ANOMALIE - Document d'identité expiré;;
1017;SR;578739;;149542;;;ANOMALIE - Document d'identité expiré;;
1017;SR;578752;;149779;;;ANOMALIE - Document d'identité expiré;;
1017;SR;578598;;145887;;;ANOMALIE - Document d'identité expiré;;
1017;SR;578601;;145944;;;ANOMALIE - Document d'identité expiré;;
1017;SR;578725;;148868;;;ANOMALIE - Document d'identité expiré;;
1017;SR;578630;;146800;;;ANOMALIE - Document d'identité expiré;;
1017;SR;578946;Etat;156640;;;ANOMALIE - Document d'identité expiré;;
1017;SR;578894;;153745;;;ANOMALIE - Document d'identité expiré;;
1017;SR;578867;;153366;;;ANOMALIE - Document d'identité expiré;;
1017;SR;578846;;152919;;;ANOMALIE - Document d'identité expiré;;
1017;SR;579031;;158630;;;ANOMALIE - Document d'identité expiré;;
1017;SR;579121;;161262;;;ANOMALIE - Document d'identité expiré;;
1017;SR;578957;;157210;;;ANOMALIE - Document d'identité expiré;;
1017;SR;579141;;161773;;;ANOMALIE - Document d'identité expiré;;
1017;SR;579144;;161899;;;ANOMALIE - Document d'identité expiré;;
1017;SR;579276;;164569;;;ANOMALIE - Document d'identité expiré;;
1017;SR;579312;;166029;ANOMALIE - Mineur de plus de 21 ans;;ANOMALIE - Document d'identité expiré;;
1017;SR;579290;;165246;;;ANOMALIE - Document d'identité expiré;;
1017;SR;579379;;167044;;;ANOMALIE - Document d'identité expiré;;
1017;SR;579415;Autres services NCA;167430;;;ANOMALIE - Document d'identité expiré;;
1017;SR;579433;;167707;;;ANOMALIE - Document d'identité expiré;;
1017;SR;579589;;169739;;;ANOMALIE - Document d'identité expiré;;
1017;SR;579541;;169206;;;ANOMALIE - Document d'identité expiré;;
1017;SR;579567;;169443;ANOMALIE - Mineur de plus de 21 ans;;;;
1017;SR;579565;;169435;;;ANOMALIE - Document d'identité expiré;;
1017;SR;579556;;169303;;;ANOMALIE - Document d'identité expiré;;
1017;SR;579493;;168473;;;ANOMALIE - Document d'identité expiré;;
1017;SR;579494;;168542;ANOMALIE - Mineur de plus de 21 ans;;;;
1017;SR;579521;;168901;;;ANOMALIE - Document d'identité expiré;;
1017;SR;579605;;169874;;;ANOMALIE - Document d'identité expiré;;
1017;SR;580083;;175802;;;ANOMALIE - Document d'identité expiré;;
1017;SR;579799;;172244;;;ANOMALIE - Document d'identité expiré;;
1017;SR;579761;;171813;;;ANOMALIE - Document d'identité expiré;;
1017;SR;579828;;172488;;;ANOMALIE - Document d'identité expiré;;
1017;SR;579687;;170987;;;ANOMALIE - Document d'identité expiré;;
1017;SR;579914;;173493;;;ANOMALIE - Document d'identité expiré;;
1017;SR;579783;;172090;ANOMALIE - Mineur de plus de 21 ans;;ANOMALIE - Document d'identité expiré;;
1017;SR;579678;;170877;ANOMALIE - Mineur de plus de 21 ans;;ANOMALIE - Document d'identité expiré;;
1017;SR;579720;;171307;;;ANOMALIE - Document d'identité expiré;;
1017;SR;579834;;172589;ANOMALIE - Mineur de plus de 21 ans;;ANOMALIE - Document d'identité expiré;;
1017;SR;580096;;176013;;;ANOMALIE - Document d'identité expiré;;
1017;SR;580171;;177681;;;ANOMALIE - Document d'identité expiré;;
1017;SR;579892;;173175;ANOMALIE - Mineur de plus de 21 ans;;;;
1017;SR;579830;;172579;;;ANOMALIE - Document d'identité expiré;;
1017;SR;579984;;174354;;;ANOMALIE - Document d'identité expiré;;
1017;SR;580237;;179939;;;ANOMALIE - Document d'identité expiré;;
1017;SR;580248;;180624;;;ANOMALIE - Document d'identité expiré;;
1017;SR;580297;;182324;;;ANOMALIE - Document d'identité expiré;;
1017;SR;580433;;186882;;;ANOMALIE - Document d'identité expiré;;
1017;SR;580316;;182891;;;ANOMALIE - Document d'identité expiré;;
1017;SR;580276;;181713;;;ANOMALIE - Document d'identité expiré;;
1017;SR;580356;;184418;;;ANOMALIE - Document d'identité expiré;;
1017;SR;580285;Autres services NCA;181999;;;ANOMALIE - Document d'identité expiré;;
1017;SR;580387;;185511;;;ANOMALIE - Document d'identité expiré;;
1017;SR;580255;;180954;ANOMALIE - Mineur de plus de 21 ans;;ANOMALIE - Document d'identité expiré;;
1017;SR;580513;;188822;;;ANOMALIE - Document d'identité expiré;;
1017;SR;580617;;191402;;;ANOMALIE - Document d'identité expiré;;
1017;SR;580546;;189770;;;ANOMALIE - Document d'identité expiré;;
1017;SR;580652;;192489;;;ANOMALIE - Document d'identité expiré;;
1017;SR;580768;;196181;;;ANOMALIE - Document d'identité expiré;;
1017;SR;580689;Autres services NCA;193605;;;ANOMALIE - Document d'identité expiré;;
1017;SR;580765;;196146;;;ANOMALIE - Document d'identité expiré;;
1017;SR;580981;Particuliers non commerciaux;934366;ANOMALIE - Mineur de plus de 21 ans;;ANOMALIE - Document d'identité expiré;;
1017;SR;581023;Particuliers non commerciaux;937320;;;ANOMALIE - Document d'identité expiré;;
1017;SR;580994;Particuliers non commerciaux;935535;;;ANOMALIE - Document d'identité expiré;;
1017;SR;581096;Particuliers non commerciaux;942218;;;ANOMALIE - Document d'identité expiré;;
1017;SR;581092;Particuliers non commerciaux;941517;;;ANOMALIE - Document d'identité expiré;;
1017;SR;581141;Particuliers non commerciaux;944284;;;ANOMALIE - Document d'identité expiré;;
1017;SR;581117;Particuliers non commerciaux;943623;ANOMALIE - Mineur de plus de 21 ans;;;;
1017;SR;581136;Particuliers non commerciaux;944051;ANOMALIE - Mineur de plus de 21 ans;;;;
1017;SR;581218;Particuliers non commerciaux;946470;;;ANOMALIE - Document d'identité expiré;;
1017;SR;581156;Particuliers non commerciaux;944545;;;ANOMALIE - Document d'identité expiré;;
1017;SR;581245;Particuliers non commerciaux;947384;;;ANOMALIE - Document d'identité expiré;;
1017;SR;581240;Particuliers non commerciaux;947286;ANOMALIE - Mineur de plus de 21 ans;;ANOMALIE - Document d'identité expiré;;
1017;SR;581406;Particuliers non commerciaux;953386;;;ANOMALIE - Document d'identité expiré;;
1017;SR;581280;Particuliers non commerciaux;948561;;;ANOMALIE - Document d'identité expiré;;
1017;SR;581404;Particuliers non commerciaux;953262;;;ANOMALIE - Document d'identité expiré;;
1017;SR;581413;Particuliers non commerciaux;953849;;;ANOMALIE - Document d'identité expiré;;
1017;SR;581275;Particuliers non commerciaux;948450;;;ANOMALIE - Document d'identité expiré;;
1017;SR;581487;Particuliers non commerciaux;957501;;;ANOMALIE - Document d'identité expiré;;
1017;SR;581424;Particuliers non commerciaux;954605;;;ANOMALIE - Document d'identité expiré;;
1017;SR;581434;Particuliers non commerciaux;955343;;;ANOMALIE - Document d'identité expiré;;
1017;SR;581631;Particuliers non commerciaux;965442;ANOMALIE - Mineur de plus de 21 ans;;ANOMALIE - Document d'identité expiré;;
1017;SR;581522;Particuliers non commerciaux;959229;;;ANOMALIE - Document d'identité expiré;;
1017;SR;581612;Particuliers non commerciaux;964299;;;ANOMALIE - Document d'identité expiré;;
1017;SR;581505;Particuliers non commerciaux;958390;;;ANOMALIE - Document d'identité expiré;;
1017;SR;581551;Particuliers non commerciaux;960992;ANOMALIE - Mineur de plus de 21 ans;;;;
1017;SR;581715;Particuliers non commerciaux;971249;;;ANOMALIE - Document d'identité expiré;;
1017;SR;581821;Particuliers non commerciaux;977795;;;ANOMALIE - Document d'identité expiré;;
1017;SR;581840;Particuliers non commerciaux;978864;ANOMALIE - Mineur de plus de 21 ans;;ANOMALIE - Document d'identité expiré;;
1017;SR;581905;Particuliers non commerciaux;981720;;;ANOMALIE - Document d'identité expiré;;
1017;SR;581946;Particuliers non commerciaux;983782;;;ANOMALIE - Document d'identité expiré;;
1017;SR;582294;Particuliers non commerciaux;989569;ANOMALIE - Mineur de plus de 21 ans;;;;
1017;SR;582047;Particuliers non commerciaux;986367;;;ANOMALIE - Document d'identité expiré;;
1017;SR;582656;Particuliers non commerciaux;993729;;;ANOMALIE - Document d'identité expiré;;
1017;SR;581976;Particuliers non commerciaux;984719;;;ANOMALIE - Document d'identité expiré;;
1017;SR;582575;Particuliers non commerciaux;992695;ANOMALIE - Mineur de plus de 21 ans;;;;
1017;SR;582696;Particuliers non commerciaux;994074;;;ANOMALIE - Document d'identité expiré;;
1017;SR;582549;Particuliers non commerciaux;992332;;;ANOMALIE - Document d'identité expiré;;
1017;SR;582956;Particuliers non commerciaux;996770;ANOMALIE - Mineur de plus de 21 ans;;;;
1017;SR;583356;Particuliers non commerciaux;1009190;ANOMALIE - Mineur de plus de 21 ans;;;;
1017;SR;583432;Particuliers non commerciaux;1013563;;;ANOMALIE - Document d'identité expiré;;
1017;SR;583487;Particuliers non commerciaux;1016128;;;ANOMALIE - Document d'identité expiré;;
1017;SR;583464;Particuliers non commerciaux;1015385;ANOMALIE - Mineur de plus de 21 ans;;ANOMALIE - Document d'identité expiré;;
1017;SR;583503;Particuliers non commerciaux;1016315;;;ANOMALIE - Document d'identité expiré;;
1017;SR;583548;Particuliers non commerciaux;1016739;;;ANOMALIE - Document d'identité expiré;;
1017;SR;583463;Particuliers non commerciaux;1015321;ANOMALIE - Mineur de plus de 21 ans;;ANOMALIE - Document d'identité expiré;;
1017;SR;583597;Particuliers non commerciaux;1020683;ANOMALIE - Mineur de plus de 21 ans;;ANOMALIE - Document d'identité expiré;;
1017;SR;581791;Particuliers non commerciaux;976453;;;ANOMALIE - Document d'identité expiré;;
1017;SR;583654;Particuliers non commerciaux;1024002;;;ANOMALIE - Document d'identité expiré;;
1017;SR;583651;Particuliers non commerciaux;1023892;;;ANOMALIE - Document d'identité expiré;;
1017;SR;583666;Particuliers non commerciaux;1024751;ANOMALIE - Mineur de plus de 21 ans;;;;
1017;SR;583681;Particuliers non commerciaux;1024889;;;ANOMALIE - Document d'identité expiré;;
1017;SR;583977;Particuliers non commerciaux;1032946;ANOMALIE - Mineur de plus de 21 ans;;ANOMALIE - Document d'identité expiré;;
1017;SR;584088;Particuliers non commerciaux;1038464;ANOMALIE - Mineur de plus de 21 ans;;;;
1017;SR;584004;Particuliers non commerciaux;1033888;;;ANOMALIE - Document d'identité expiré;;
1017;SR;584170;Particuliers non commerciaux;1042168;ANOMALIE - Mineur de plus de 21 ans;;ANOMALIE - Document d'identité expiré;;
1017;SR;584279;Particuliers non commerciaux;1044829;ANOMALIE - Mineur de plus de 21 ans;;;;
1017;SR;584217;Particuliers non commerciaux;1043137;;;ANOMALIE - Document d'identité expiré;;
1017;SR;584294;Particuliers non commerciaux;1045701;;;ANOMALIE - Document d'identité expiré;;
1017;SR;584115;Particuliers non commerciaux;1040296;ANOMALIE - Mineur de plus de 21 ans;;;;
1017;SR;584461;Particuliers non commerciaux;4204670;ANOMALIE - Mineur de plus de 21 ans;;;;
1017;SR;308306;Service de defense national;9225;;;ANOMALIE - Document d'identité expiré;;
1017;SR;577181;Autres services NCA;121433;;;ANOMALIE - Document d'identité expiré;;
1017;SR;577195;SERVICES DOMESTIQUES;121580;;;ANOMALIE - Document d'identité expiré;;
1017;SR;577253;;122590;;;ANOMALIE - Document d'identité expiré;;
1017;SR;577256;Autres services NCA;122612;;;ANOMALIE - Document d'identité expiré;;
1017;SR;577289;Autres services NCA;123111;;;ANOMALIE - Document d'identité expiré;;
1017;SR;577483;;125682;;;ANOMALIE - Document d'identité expiré;;
1017;SR;577235;Autres services NCA;122371;;;ANOMALIE - Document d'identité expiré;;
1017;SR;578016;;134603;;;ANOMALIE - Document d'identité expiré;;
1017;SR;577804;;131296;;;ANOMALIE - Document d'identité expiré;;
1017;SR;577875;;132563;;;ANOMALIE - Document d'identité expiré;;
1017;SR;578019;;134656;;;ANOMALIE - Document d'identité expiré;;
1017;SR;578145;PARTICULIERS SALARIES;136768;;;ANOMALIE - Document d'identité expiré;;
1017;SR;578373;;141820;;;ANOMALIE - Document d'identité expiré;;
1017;SR;578260;;139634;;;ANOMALIE - Document d'identité expiré;;
1017;SR;578274;;139970;;;ANOMALIE - Document d'identité expiré;;
1017;SR;578384;;141977;;;ANOMALIE - Document d'identité expiré;;
1017;SR;578245;Autres services NCA;139130;;;ANOMALIE - Document d'identité expiré;;
1017;SR;578420;;143003;;;ANOMALIE - Document d'identité expiré;;
1017;SR;578548;;144514;;;ANOMALIE - Document d'identité expiré;;
1017;SR;578571;;145215;;;ANOMALIE - Document d'identité expiré;;
1017;SR;578556;;144846;;;ANOMALIE - Document d'identité expiré;;
1017;SR;578754;;149782;;;ANOMALIE - Document d'identité expiré;;
1017;SR;578764;;149964;;;ANOMALIE - Document d'identité expiré;;
1017;SR;578727;;148962;;;ANOMALIE - Document d'identité expiré;;
1017;SR;578559;;144953;;;ANOMALIE - Document d'identité expiré;;
1017;SR;578795;;151304;;;ANOMALIE - Document d'identité expiré;;
1017;SR;578800;;151393;;;ANOMALIE - Document d'identité expiré;;
1017;SR;578953;;157030;;;ANOMALIE - Document d'identité expiré;;
1017;SR;579126;;161435;;;ANOMALIE - Document d'identité expiré;;
1017;SR;579139;;161712;;;ANOMALIE - Document d'identité expiré;;
1017;SR;579162;;161939;ANOMALIE - Mineur de plus de 21 ans;;;;
1017;SR;579241;;163657;;;ANOMALIE - Document d'identité expiré;;
1017;SR;579234;;163505;;;ANOMALIE - Document d'identité expiré;;
1017;SR;579443;;167814;ANOMALIE - Mineur de plus de 21 ans;;ANOMALIE - Document d'identité expiré;;
1017;SR;579378;;167042;;;ANOMALIE - Document d'identité expiré;;
1017;SR;579357;;166764;;;ANOMALIE - Document d'identité expiré;;
1017;SR;579413;;167413;;;ANOMALIE - Document d'identité expiré;;
1017;SR;579372;;166924;;;ANOMALIE - Document d'identité expiré;;
1017;SR;579481;;168347;;;ANOMALIE - Document d'identité expiré;;
1017;SR;579560;;169393;;;ANOMALIE - Document d'identité expiré;;
1017;SR;579473;;168222;;;ANOMALIE - Document d'identité expiré;;
1017;SR;579674;;170794;ANOMALIE - Mineur de plus de 21 ans;;ANOMALIE - Document d'identité expiré;;
1017;SR;580019;;174881;;;ANOMALIE - Document d'identité expiré;;
1017;SR;579776;;171962;ANOMALIE - Mineur de plus de 21 ans;;ANOMALIE - Document d'identité expiré;;
1017;SR;579879;;173015;;;ANOMALIE - Document d'identité expiré;;
1017;SR;580014;;174797;;;ANOMALIE - Document d'identité expiré;;
1017;SR;580002;;174575;;;ANOMALIE - Document d'identité expiré;;
1017;SR;579655;;170588;;;ANOMALIE - Document d'identité expiré;;
1017;SR;580163;;177376;;;ANOMALIE - Document d'identité expiré;;
1017;SR;579787;;172110;;;ANOMALIE - Document d'identité expiré;;
1017;SR;579733;;171548;ANOMALIE - Mineur de plus de 21 ans;;ANOMALIE - Document d'identité expiré;;
1017;SR;579689;;171014;ANOMALIE - Mineur de plus de 21 ans;;ANOMALIE - Document d'identité expiré;;
1017;SR;579796;;172207;ANOMALIE - Mineur de plus de 21 ans;;;;
1017;SR;579798;;172217;ANOMALIE - Mineur de plus de 21 ans;;;;
1017;SR;580264;;181260;;;ANOMALIE - Document d'identité expiré;;
1017;SR;580263;;181257;;;ANOMALIE - Document d'identité expiré;;
1017;SR;580431;;186872;;;ANOMALIE - Document d'identité expiré;;
1017;SR;580322;;183226;ANOMALIE - Mineur de plus de 21 ans;;ANOMALIE - Document d'identité expiré;;
1017;SR;580291;;182206;;;ANOMALIE - Document d'identité expiré;;
1017;SR;580476;;187916;ANOMALIE - Mineur de plus de 21 ans;;ANOMALIE - Document d'identité expiré;;
1017;SR;580384;;185480;;;ANOMALIE - Document d'identité expiré;;
1017;SR;580319;;183162;;;ANOMALIE - Document d'identité expiré;;
1017;SR;580496;;188362;;;ANOMALIE - Document d'identité expiré;;
1017;SR;580608;Autres services NCA;191021;;;ANOMALIE - Document d'identité expiré;;
1017;SR;580581;Autres services NCA;190506;;;ANOMALIE - Document d'identité expiré;;
1017;SR;580524;;189270;;;ANOMALIE - Document d'identité expiré;;
1017;SR;580625;Autres services NCA;191613;;;ANOMALIE - Document d'identité expiré;;
1017;SR;580721;;195016;;;ANOMALIE - Document d'identité expiré;;
1017;SR;580834;Particuliers non commerciaux;198254;;;ANOMALIE - Document d'identité expiré;;
1017;SR;580805;;197355;;;ANOMALIE - Document d'identité expiré;;
1017;SR;580881;Particuliers non commerciaux;199182;;;ANOMALIE - Document d'identité expiré;;
1017;SR;580888;Particuliers non commerciaux;199516;;;ANOMALIE - Document d'identité expiré;;
1017;SR;580971;Particuliers non commerciaux;933577;;;ANOMALIE - Document d'identité expiré;;
1017;SR;580965;Particuliers non commerciaux;933421;;;ANOMALIE - Document d'identité expiré;;
1017;SR;581011;Particuliers non commerciaux;936471;;;ANOMALIE - Document d'identité expiré;;
1017;SR;581145;Particuliers non commerciaux;944329;ANOMALIE - Mineur de plus de 21 ans;;ANOMALIE - Document d'identité expiré;;
1017;SR;581203;REPARAT VEHIC AUTOMO;945804;;;ANOMALIE - Document d'identité expiré;;
1017;SR;581120;Particuliers non commerciaux;943654;ANOMALIE - Mineur de plus de 21 ans;;;;
1017;SR;581079;Particuliers non commerciaux;940999;;;ANOMALIE - Document d'identité expiré;;
1017;SR;581045;Particuliers non commerciaux;938789;;;ANOMALIE - Document d'identité expiré;;
1017;SR;581290;Particuliers non commerciaux;948819;;;ANOMALIE - Document d'identité expiré;;
1017;SR;581398;Particuliers non commerciaux;952839;;;ANOMALIE - Document d'identité expiré;;
1017;SR;581365;Particuliers non commerciaux;951445;;;ANOMALIE - Document d'identité expiré;;
1017;SR;581324;Particuliers non commerciaux;949874;ANOMALIE - Mineur de plus de 21 ans;;ANOMALIE - Document d'identité expiré;;
1017;SR;581349;Particuliers non commerciaux;950977;;;ANOMALIE - Document d'identité expiré;;
1017;SR;581402;Particuliers non commerciaux;953244;;;ANOMALIE - Document d'identité expiré;;
1017;SR;581274;Particuliers non commerciaux;948404;;;ANOMALIE - Document d'identité expiré;;
1017;SR;581530;Particuliers non commerciaux;959822;;;ANOMALIE - Document d'identité expiré;;
1017;SR;581604;Particuliers non commerciaux;963798;;;ANOMALIE - Document d'identité expiré;;
1017;SR;581506;Particuliers non commerciaux;958439;;;ANOMALIE - Document d'identité expiré;;
1017;SR;581741;Particuliers non commerciaux;973099;;;ANOMALIE - Document d'identité expiré;;
1017;SR;581667;Particuliers non commerciaux;967359;;;ANOMALIE - Document d'identité expiré;;
1017;SR;581680;Particuliers non commerciaux;968135;;;ANOMALIE - Document d'identité expiré;;
1017;SR;581766;Particuliers non commerciaux;974424;;;ANOMALIE - Document d'identité expiré;;
1017;SR;581796;Particuliers non commerciaux;976618;;;ANOMALIE - Document d'identité expiré;;
1017;SR;581929;Particuliers non commerciaux;982560;ANOMALIE - Mineur de plus de 21 ans;;ANOMALIE - Document d'identité expiré;;
1017;SR;581931;Particuliers non commerciaux;982662;;;ANOMALIE - Document d'identité expiré;;
1017;SR;582061;Particuliers non commerciaux;986710;;;ANOMALIE - Document d'identité expiré;;
1017;SR;582368;Particuliers non commerciaux;990267;ANOMALIE - Mineur de plus de 21 ans;;;;
1017;SR;581978;Particuliers non commerciaux;984730;;;ANOMALIE - Document d'identité expiré;;
1017;SR;582496;Particuliers non commerciaux;991620;;;ANOMALIE - Document d'identité expiré;;
1017;SR;582576;Particuliers non commerciaux;992719;;;ANOMALIE - Document d'identité expiré;;
1017;SR;582744;Particuliers non commerciaux;994255;;;ANOMALIE - Document d'identité expiré;;
1017;SR;582013;Particuliers non commerciaux;985158;;;ANOMALIE - Document d'identité expiré;;
1017;SR;582668;Particuliers non commerciaux;993838;ANOMALIE - Mineur de plus de 21 ans;;ANOMALIE - Document d'identité expiré;;
1017;SR;582746;Particuliers non commerciaux;994269;;;ANOMALIE - Document d'identité expiré;;
1017;SR;582373;Particuliers non commerciaux;990451;;;ANOMALIE - Document d'identité expiré;;
1017;SR;582974;Particuliers non commerciaux;997084;ANOMALIE - Mineur de plus de 21 ans;;;;
1017;SR;583209;Particuliers non commerciaux;1000848;ANOMALIE - Mineur de plus de 21 ans;;ANOMALIE - Document d'identité expiré;;
1017;SR;583252;Particuliers non commerciaux;1002573;;;ANOMALIE - Document d'identité expiré;;
1017;SR;583310;Particuliers non commerciaux;1006169;ANOMALIE - Mineur de plus de 21 ans;;ANOMALIE - Document d'identité expiré;;
1017;SR;583352;Particuliers non commerciaux;1009061;ANOMALIE - Mineur de plus de 21 ans;;ANOMALIE - Document d'identité expiré;;
1017;SR;583458;Particuliers non commerciaux;1015084;;;ANOMALIE - Document d'identité expiré;;
1017;SR;583445;Particuliers non commerciaux;1014236;ANOMALIE - Mineur de plus de 21 ans;;;;
1017;SR;583447;Particuliers non commerciaux;1014306;;;ANOMALIE - Document d'identité expiré;;
1017;SR;583554;Particuliers non commerciaux;1016888;;;ANOMALIE - Document d'identité expiré;;
1017;SR;583508;Particuliers non commerciaux;1016329;;;ANOMALIE - Document d'identité expiré;;
1017;SR;583516;Particuliers non commerciaux;1016354;;;ANOMALIE - Document d'identité expiré;;
1017;SR;582206;Particuliers non commerciaux;989018;;;ANOMALIE - Document d'identité expiré;;
1017;SR;583629;Particuliers non commerciaux;1022602;;;ANOMALIE - Document d'identité expiré;;
1017;SR;583924;Particuliers non commerciaux;1031433;;;ANOMALIE - Document d'identité expiré;;
1017;SR;583946;Particuliers non commerciaux;1032378;ANOMALIE - Mineur de plus de 21 ans;;;;
1017;SR;584049;Particuliers non commerciaux;1036922;ANOMALIE - Mineur de plus de 21 ans;;;;
1017;SR;584127;Particuliers non commerciaux;1040851;;;ANOMALIE - Document d'identité expiré;;
1017;SR;584357;Particuliers non commerciaux;1049190;ANOMALIE - Mineur de plus de 21 ans;;;;
1017;SR;584350;Particuliers non commerciaux;1049109;ANOMALIE - Mineur de plus de 21 ans;;;;
1017;SR;584443;Particuliers non commerciaux;1053998;;;ANOMALIE - Document d'identité expiré;;
1017;SR;577343;;123694;;;ANOMALIE - Document d'identité expiré;;
1017;SR;577359;;123924;;;ANOMALIE - Document d'identité expiré;;
1017;SR;577414;;124803;;;ANOMALIE - Document d'identité expiré;;
1017;SR;577030;COMMERCE EXP FIBRES TEXT;119407;;;ANOMALIE - Document d'identité expiré;;
1017;SR;577069;;120143;;;ANOMALIE - Document d'identité expiré;;
1017;SR;577068;Autres services NCA;120115;;;ANOMALIE - Document d'identité expiré;;
1017;SR;577485;;125711;;;ANOMALIE - Document d'identité expiré;;
1017;SR;577172;Autres services NCA;134885;;;ANOMALIE - Document d'identité expiré;;
1017;SR;577656;;128814;;;ANOMALIE - Document d'identité expiré;;
1017;SR;577593;;127569;;;ANOMALIE - Document d'identité expiré;;
1017;SR;577843;;131811;ANOMALIE - Mineur de plus de 21 ans;;ANOMALIE - Document d'identité expiré;;
1017;SR;577940;;133754;ANOMALIE - Mineur de plus de 21 ans;;;;
1017;SR;578185;;137527;;;ANOMALIE - Document d'identité expiré;;
1017;SR;578200;;137927;;;ANOMALIE - Document d'identité expiré;;
1017;SR;578743;;149636;;;ANOMALIE - Document d'identité expiré;;
1017;SR;578818;;152048;;;ANOMALIE - Document d'identité expiré;;
1017;SR;578972;;157881;;;ANOMALIE - Document d'identité expiré;;
1017;SR;578986;;158230;ANOMALIE - Mineur de plus de 21 ans;;;;
1017;SR;579089;;160223;;;ANOMALIE - Document d'identité expiré;;
1017;SR;578958;;157212;;;ANOMALIE - Document d'identité expiré;;
1017;SR;579202;Produits alimentaires;162550;;;ANOMALIE - Document d'identité expiré;;
1017;SR;579225;;163260;;;ANOMALIE - Document d'identité expiré;;
1017;SR;579299;;165478;;;ANOMALIE - Document d'identité expiré;;
1017;SR;579289;;165186;;;ANOMALIE - Document d'identité expiré;;
1017;SR;579308;;165758;ANOMALIE - Mineur de plus de 21 ans;;ANOMALIE - Document d'identité expiré;;
1017;SR;579444;;167818;ANOMALIE - Mineur de plus de 21 ans;;ANOMALIE - Document d'identité expiré;;
1017;SR;579329;;166423;;;ANOMALIE - Document d'identité expiré;;
1017;SR;579353;;166720;;;ANOMALIE - Document d'identité expiré;;
1017;SR;579429;;167641;;;ANOMALIE - Document d'identité expiré;;
1017;SR;579568;;169447;;;ANOMALIE - Document d'identité expiré;;
1017;SR;579583;;169652;;;ANOMALIE - Document d'identité expiré;;
1017;SR;579640;;170347;ANOMALIE - Mineur de plus de 21 ans;;ANOMALIE - Document d'identité expiré;;
1017;SR;579526;;168953;;;ANOMALIE - Document d'identité expiré;;
1017;SR;580000;;174547;;;ANOMALIE - Document d'identité expiré;;
1017;SR;579855;;172741;;;ANOMALIE - Document d'identité expiré;;
1017;SR;579910;;173385;;;ANOMALIE - Document d'identité expiré;;
1017;SR;579742;;171581;ANOMALIE - Mineur de plus de 21 ans;;ANOMALIE - Document d'identité expiré;;
1017;SR;579637;;170333;ANOMALIE - Mineur de plus de 21 ans;;;;
1017;SR;580039;;175143;;;ANOMALIE - Document d'identité expiré;;
1017;SR;579966;;174104;;;ANOMALIE - Document d'identité expiré;;
1017;SR;580203;Autres services NCA;178615;;;ANOMALIE - Document d'identité expiré;;
1017;SR;580094;;175950;ANOMALIE - Mineur de plus de 21 ans;;ANOMALIE - Document d'identité expiré;;
1017;SR;580012;;174753;;;ANOMALIE - Document d'identité expiré;;
1017;SR;580081;;175725;;;ANOMALIE - Document d'identité expiré;;
1017;SR;580029;;175030;;;ANOMALIE - Document d'identité expiré;;
1017;SR;579749;;171653;ANOMALIE - Mineur de plus de 21 ans;;ANOMALIE - Document d'identité expiré;;
1017;SR;580231;;179734;;;ANOMALIE - Document d'identité expiré;;
1017;SR;580235;;179932;;;ANOMALIE - Document d'identité expiré;;
1017;SR;580432;;186873;;;ANOMALIE - Document d'identité expiré;;
1017;SR;580423;;186616;;;ANOMALIE - Document d'identité expiré;;
1017;SR;580409;;186099;;;ANOMALIE - Document d'identité expiré;;
1017;SR;580502;;188545;;;ANOMALIE - Document d'identité expiré;;
1017;SR;580508;;188664;ANOMALIE - Mineur de plus de 21 ans;;;;
1017;SR;580505;;188607;;;ANOMALIE - Document d'identité expiré;;
1017;SR;580706;;194030;;;ANOMALIE - Document d'identité expiré;;
1017;SR;580756;;195951;;;ANOMALIE - Document d'identité expiré;;
1017;SR;580720;;195007;;;ANOMALIE - Document d'identité expiré;;
1017;SR;580644;;192202;;;ANOMALIE - Document d'identité expiré;;
1017;SR;580831;Particuliers non commerciaux;198197;;;ANOMALIE - Document d'identité expiré;;
1017;SR;580847;Particuliers non commerciaux;198483;;;ANOMALIE - Document d'identité expiré;;
1017;SR;580857;Particuliers non commerciaux;198759;;;ANOMALIE - Document d'identité expiré;;
1017;SR;580882;Particuliers non commerciaux;199247;;;ANOMALIE - Document d'identité expiré;;
1017;SR;580926;Particuliers non commerciaux;200709;;;ANOMALIE - Document d'identité expiré;;
1017;SR;580883;Particuliers non commerciaux;199263;;;ANOMALIE - Document d'identité expiré;;
1017;SR;580910;Particuliers non commerciaux;200012;;;ANOMALIE - Document d'identité expiré;;
1017;SR;581176;Particuliers non commerciaux;945077;;;ANOMALIE - Document d'identité expiré;;
1017;SR;581116;Particuliers non commerciaux;943569;;;ANOMALIE - Document d'identité expiré;;
1017;SR;581258;Particuliers non commerciaux;947975;ANOMALIE - Mineur de plus de 21 ans;;ANOMALIE - Document d'identité expiré;;
1017;SR;581401;Particuliers non commerciaux;953012;;;ANOMALIE - Document d'identité expiré;;
1017;SR;581253;Particuliers non commerciaux;947815;ANOMALIE - Mineur de plus de 21 ans;;ANOMALIE - Document d'identité expiré;;
1017;SR;581325;Particuliers non commerciaux;949877;ANOMALIE - Mineur de plus de 21 ans;;ANOMALIE - Document d'identité expiré;;
1017;SR;581284;Particuliers non commerciaux;948650;;;ANOMALIE - Document d'identité expiré;;
1017;SR;581354;Particuliers non commerciaux;951192;;;ANOMALIE - Document d'identité expiré;;
1017;SR;581436;Particuliers non commerciaux;955455;;;ANOMALIE - Document d'identité expiré;;
1017;SR;581512;Particuliers non commerciaux;958821;;;ANOMALIE - Document d'identité expiré;;
1017;SR;581638;Particuliers non commerciaux;965595;ANOMALIE - Mineur de plus de 21 ans;;ANOMALIE - Document d'identité expiré;;
1017;SR;581624;Particuliers non commerciaux;965156;;;ANOMALIE - Document d'identité expiré;;
1017;SR;581689;Particuliers non commerciaux;968559;;;ANOMALIE - Document d'identité expiré;;
1017;SR;581725;Particuliers non commerciaux;972340;;;ANOMALIE - Document d'identité expiré;;
1017;SR;581750;Particuliers non commerciaux;973575;;;ANOMALIE - Document d'identité expiré;;
1017;SR;581670;Particuliers non commerciaux;967502;;;ANOMALIE - Document d'identité expiré;;
1017;SR;581787;Particuliers non commerciaux;976113;ANOMALIE - Mineur de plus de 21 ans;;ANOMALIE - Document d'identité expiré;;
1017;SR;581870;Particuliers non commerciaux;980423;;;ANOMALIE - Document d'identité expiré;;
1017;SR;581877;Particuliers non commerciaux;980580;;;ANOMALIE - Document d'identité expiré;;
1017;SR;581892;Particuliers non commerciaux;981245;ANOMALIE - Mineur de plus de 21 ans;;ANOMALIE - Document d'identité expiré;;
1017;SR;581940;Particuliers non commerciaux;983358;;;ANOMALIE - Document d'identité expiré;;
1017;SR;581952;Particuliers non commerciaux;983936;;;ANOMALIE - Document d'identité expiré;;
1017;SR;582222;Particuliers non commerciaux;989299;;;ANOMALIE - Document d'identité expiré;;
1017;SR;582123;Particuliers non commerciaux;987533;ANOMALIE - Mineur de plus de 21 ans;;;;
1017;SR;582308;Particuliers non commerciaux;989686;;;ANOMALIE - Document d'identité expiré;;
1017;SR;581254;Particuliers non commerciaux;947829;;;ANOMALIE - Document d'identité expiré;;
1017;SR;582187;Particuliers non commerciaux;988755;ANOMALIE - Mineur de plus de 21 ans;;;;
1017;SR;582164;Particuliers non commerciaux;988383;;;ANOMALIE - Document d'identité expiré;;
1017;SR;582683;Particuliers non commerciaux;993920;ANOMALIE - Mineur de plus de 21 ans;;;;
1017;SR;582672;Particuliers non commerciaux;993900;ANOMALIE - Mineur de plus de 21 ans;;;;
1017;SR;582500;Particuliers non commerciaux;991655;ANOMALIE - Mineur de plus de 21 ans;;;;
1017;SR;582535;Particuliers non commerciaux;992059;ANOMALIE - Mineur de plus de 21 ans;;;;
1017;SR;582726;Particuliers non commerciaux;994236;;;ANOMALIE - Document d'identité expiré;;
1017;SR;581993;Particuliers non commerciaux;985038;;;ANOMALIE - Document d'identité expiré;;
1017;SR;582017;Particuliers non commerciaux;985167;;;ANOMALIE - Document d'identité expiré;;
1017;SR;582011;Particuliers non commerciaux;985152;;;ANOMALIE - Document d'identité expiré;;
1017;SR;582384;Particuliers non commerciaux;990562;ANOMALIE - Mineur de plus de 21 ans;;;;
1017;SR;582543;Particuliers non commerciaux;992262;ANOMALIE - Mineur de plus de 21 ans;;;;
1017;SR;582052;Particuliers non commerciaux;986526;;;ANOMALIE - Document d'identité expiré;;
1017;SR;583250;Particuliers non commerciaux;1002467;ANOMALIE - Mineur de plus de 21 ans;;ANOMALIE - Document d'identité expiré;;
1017;SR;583312;Particuliers non commerciaux;1006273;;;ANOMALIE - Document d'identité expiré;;
1017;SR;583397;Particuliers non commerciaux;1011083;ANOMALIE - Mineur de plus de 21 ans;;ANOMALIE - Document d'identité expiré;;
1017;SR;583451;Particuliers non commerciaux;1014583;;;ANOMALIE - Document d'identité expiré;;
1017;SR;583557;Particuliers non commerciaux;1017058;;;ANOMALIE - Document d'identité expiré;;
1017;SR;583570;Particuliers non commerciaux;1018012;;;ANOMALIE - Document d'identité expiré;;
1017;SR;583563;Particuliers non commerciaux;1017727;;;ANOMALIE - Document d'identité expiré;;
1017;SR;583688;Particuliers non commerciaux;1024939;;;ANOMALIE - Document d'identité expiré;;
1017;SR;583680;Particuliers non commerciaux;1024859;;;ANOMALIE - Document d'identité expiré;;
1017;SR;583836;Particuliers non commerciaux;1028039;ANOMALIE - Mineur de plus de 21 ans;;;;
1017;SR;583286;Particuliers non commerciaux;1004397;ANOMALIE - Mineur de plus de 21 ans;;ANOMALIE - Document d'identité expiré;;
1017;SR;584043;Particuliers non commerciaux;1036766;ANOMALIE - Mineur de plus de 21 ans;;ANOMALIE - Document d'identité expiré;;
1017;SR;584146;Particuliers non commerciaux;1041744;ANOMALIE - Mineur de plus de 21 ans;;;;
1017;SR;584426;Particuliers non commerciaux;1052820;;;ANOMALIE - Document d'identité expiré;;
1017;SR;584442;Particuliers non commerciaux;1053990;;;ANOMALIE - Document d'identité expiré;;
1017;SR;577394;;124554;;;ANOMALIE - Document d'identité expiré;;
1017;SR;602157;;74623;;;ANOMALIE - Document d'identité expiré;;
1017;SR;577023;Autres services NCA;119314;;;ANOMALIE - Document d'identité expiré;;
1017;SR;577428;;125002;;;ANOMALIE - Document d'identité expiré;;
1017;SR;577715;;129777;;;ANOMALIE - Document d'identité expiré;;
1017;SR;577709;;129757;;;ANOMALIE - Document d'identité expiré;;
1017;SR;577638;;128532;;;ANOMALIE - Document d'identité expiré;;
1017;SR;577701;;129674;;;ANOMALIE - Document d'identité expiré;;
1017;SR;577555;Autres services NCA;126940;;;ANOMALIE - Document d'identité expiré;;
1017;SR;577892;;132890;;;ANOMALIE - Document d'identité expiré;;
1017;SR;577951;;133791;ANOMALIE - Mineur de plus de 21 ans;;;;
1017;SR;578017;Autres services NCA;134619;;;ANOMALIE - Document d'identité expiré;;
1017;SR;577941;;133757;ANOMALIE - Mineur de plus de 21 ans;;;;
1017;SR;578144;;136748;;;ANOMALIE - Document d'identité expiré;;
1017;SR;578120;;136145;;;ANOMALIE - Document d'identité expiré;;
1017;SR;578412;;142748;;;ANOMALIE - Document d'identité expiré;;
1017;SR;578505;;143737;ANOMALIE - Mineur de plus de 21 ans;;;;
1017;SR;578407;;142604;;;ANOMALIE - Document d'identité expiré;;
1017;SR;578697;;147785;ANOMALIE - Mineur de plus de 21 ans;;ANOMALIE - Document d'identité expiré;;
1017;SR;578770;;150174;;;ANOMALIE - Document d'identité expiré;;
1017;SR;578666;;147411;ANOMALIE - Mineur de plus de 21 ans;;;;
1017;SR;578782;;150749;;;ANOMALIE - Document d'identité expiré;;
1017;SR;578768;;150154;;;ANOMALIE - Document d'identité expiré;;
1017;SR;578724;;148843;;;ANOMALIE - Document d'identité expiré;;
1017;SR;578640;;146947;;;ANOMALIE - Document d'identité expiré;;
1017;SR;578683;;147581;ANOMALIE - Mineur de plus de 21 ans;;;;
1017;SR;578929;;155299;;;ANOMALIE - Document d'identité expiré;;
1017;SR;578862;Autres services NCA;153289;;;ANOMALIE - Document d'identité expiré;;
1017;SR;578809;;151577;;;ANOMALIE - Document d'identité expiré;;
1017;SR;579057;;159221;;;ANOMALIE - Document d'identité expiré;;
1017;SR;579113;;161140;ANOMALIE - Mineur de plus de 21 ans;;;;
1017;SR;579151;;161918;;;ANOMALIE - Document d'identité expiré;;
1017;SR;579238;;163622;;;ANOMALIE - Document d'identité expiré;;
1017;SR;579217;;162975;;;ANOMALIE - Document d'identité expiré;;
1017;SR;579305;;165685;;;ANOMALIE - Document d'identité expiré;;
1017;SR;579437;;167790;;;ANOMALIE - Document d'identité expiré;;
1017;SR;579327;;166417;;;ANOMALIE - Document d'identité expiré;;
1017;SR;579371;;166914;ANOMALIE - Mineur de plus de 21 ans;;ANOMALIE - Document d'identité expiré;;
1017;SR;579462;;168079;;;ANOMALIE - Document d'identité expiré;;
1017;SR;579474;;168260;;;ANOMALIE - Document d'identité expiré;;
1017;SR;579542;;169211;ANOMALIE - Mineur de plus de 21 ans;;;;
1017;SR;579562;;169415;ANOMALIE - Mineur de plus de 21 ans;;ANOMALIE - Document d'identité expiré;;
1017;SR;579488;;168457;;;ANOMALIE - Document d'identité expiré;;
1017;SR;579514;;168806;;;ANOMALIE - Document d'identité expiré;;
1017;SR;579475;;168271;;;ANOMALIE - Document d'identité expiré;;
1017;SR;579478;;168302;;;ANOMALIE - Document d'identité expiré;;
1017;SR;579471;;168217;;;ANOMALIE - Document d'identité expiré;;
1017;SR;579530;;168993;ANOMALIE - Mineur de plus de 21 ans;;ANOMALIE - Document d'identité expiré;;
1017;SR;579973;;174252;;;ANOMALIE - Document d'identité expiré;;
1017;SR;579990;;174428;;;ANOMALIE - Document d'identité expiré;;
1017;SR;580095;;175976;;;ANOMALIE - Document d'identité expiré;;
1017;SR;579808;;172309;;;ANOMALIE - Document d'identité expiré;;
1017;SR;579800;;101416;;;ANOMALIE - Document d'identité expiré;;
1017;SR;579996;;174511;;;ANOMALIE - Document d'identité expiré;;
1017;SR;580093;;175932;;;ANOMALIE - Document d'identité expiré;;
1017;SR;579707;;171186;ANOMALIE - Mineur de plus de 21 ans;;ANOMALIE - Document d'identité expiré;;
1017;SR;579965;;174103;;;ANOMALIE - Document d'identité expiré;;
1017;SR;579653;;170584;;;ANOMALIE - Document d'identité expiré;;
1017;SR;580201;;178536;;;ANOMALIE - Document d'identité expiré;;
1017;SR;579785;;172098;ANOMALIE - Mineur de plus de 21 ans;;ANOMALIE - Document d'identité expiré;;
1017;SR;580151;;177024;;;ANOMALIE - Document d'identité expiré;;
1017;SR;580175;;177704;;;ANOMALIE - Document d'identité expiré;;
1017;SR;580046;;175219;;;ANOMALIE - Document d'identité expiré;;
1017;SR;579691;;171022;;;ANOMALIE - Document d'identité expiré;;
1017;SR;580062;;175453;;;ANOMALIE - Document d'identité expiré;;
1017;SR;579949;;173894;;;ANOMALIE - Document d'identité expiré;;
1017;SR;579895;;17411;;;ANOMALIE - Document d'identité expiré;;
1017;SR;580393;;185673;;;ANOMALIE - Document d'identité expiré;;
1017;SR;580304;;182522;;;ANOMALIE - Document d'identité expiré;;
1017;SR;580412;;186195;;;ANOMALIE - Document d'identité expiré;;
1017;SR;580360;;184608;;;ANOMALIE - Document d'identité expiré;;
1017;SR;580604;;190917;ANOMALIE - Mineur de plus de 21 ans;;ANOMALIE - Document d'identité expiré;;
1017;SR;580559;;189949;;;ANOMALIE - Document d'identité expiré;;
1017;SR;580623;;191573;;;ANOMALIE - Document d'identité expiré;;
1017;SR;580677;;193261;;;ANOMALIE - Document d'identité expiré;;
1017;SR;580699;;193796;;;ANOMALIE - Document d'identité expiré;;
1017;SR;580746;;195800;ANOMALIE - Mineur de plus de 21 ans;;;;
1017;SR;580832;Autres ind des telecom;198205;;;ANOMALIE - Document d'identité expiré;;
1017;SR;580844;Particuliers non commerciaux;198462;;;ANOMALIE - Document d'identité expiré;;
1017;SR;580827;;198049;;;ANOMALIE - Document d'identité expiré;;
1017;SR;580925;Particuliers non commerciaux;200704;;;ANOMALIE - Document d'identité expiré;;
1017;SR;580884;Particuliers non commerciaux;199304;;;ANOMALIE - Document d'identité expiré;;
1017;SR;580937;Particuliers non commerciaux;201295;;;ANOMALIE - Document d'identité expiré;;
1017;SR;580877;Particuliers non commerciaux;199093;;;ANOMALIE - Document d'identité expiré;;
1017;SR;580892;Particuliers non commerciaux;199549;;;ANOMALIE - Document d'identité expiré;;
1017;SR;581013;Particuliers non commerciaux;936577;;;ANOMALIE - Document d'identité expiré;;
1017;SR;581178;Particuliers non commerciaux;945093;;;ANOMALIE - Document d'identité expiré;;
1017;SR;581126;Particuliers non commerciaux;943714;;;ANOMALIE - Document d'identité expiré;;
1017;SR;581069;Particuliers non commerciaux;940336;;;ANOMALIE - Document d'identité expiré;;
1017;SR;581115;Particuliers non commerciaux;943559;;;ANOMALIE - Document d'identité expiré;;
1017;SR;581192;Particuliers non commerciaux;945387;;;ANOMALIE - Document d'identité expiré;;
1017;SR;581310;Particuliers non commerciaux;949433;;;ANOMALIE - Document d'identité expiré;;
1017;SR;581345;Particuliers non commerciaux;950927;;;ANOMALIE - Document d'identité expiré;;
1017;SR;581303;Particuliers non commerciaux;949242;;;ANOMALIE - Document d'identité expiré;;
1017;SR;581283;Particuliers non commerciaux;948646;;;ANOMALIE - Document d'identité expiré;;
1017;SR;581318;Particuliers non commerciaux;949724;;;ANOMALIE - Document d'identité expiré;;
1017;SR;581331;Particuliers non commerciaux;950143;;;ANOMALIE - Document d'identité expiré;;
1017;SR;581379;Particuliers non commerciaux;952133;;;ANOMALIE - Document d'identité expiré;;
1017;SR;581227;ARTICLES HABILLT;946911;;;ANOMALIE - Document d'identité expiré;;
1017;SR;581409;Particuliers non commerciaux;953687;ANOMALIE - Mineur de plus de 21 ans;;ANOMALIE - Document d'identité expiré;;
1017;SR;581477;Particuliers non commerciaux;956473;;;ANOMALIE - Document d'identité expiré;;
1017;SR;581479;Particuliers non commerciaux;956663;;;ANOMALIE - Document d'identité expiré;;
1017;SR;581584;Particuliers non commerciaux;962239;;;ANOMALIE - Document d'identité expiré;;
1017;SR;581707;Particuliers non commerciaux;970247;ANOMALIE - Mineur de plus de 21 ans;;ANOMALIE - Document d'identité expiré;;
1017;SR;581689;Particuliers non commerciaux;968560;;;ANOMALIE - Document d'identité expiré;;
1017;SR;581719;Particuliers non commerciaux;971310;;;ANOMALIE - Document d'identité expiré;;
1017;SR;581698;Particuliers non commerciaux;969110;;;ANOMALIE - Document d'identité expiré;;
1017;SR;581790;Particuliers non commerciaux;976377;;;ANOMALIE - Document d'identité expiré;;
1017;SR;581871;Particuliers non commerciaux;980437;;;ANOMALIE - Document d'identité expiré;;
1017;SR;581898;Particuliers non commerciaux;981500;;;ANOMALIE - Document d'identité expiré;;
1017;SR;581948;Particuliers non commerciaux;983793;;;ANOMALIE - Document d'identité expiré;;
1017;SR;581964;Particuliers non commerciaux;984212;;;ANOMALIE - Document d'identité expiré;;
1017;SR;582223;Particuliers non commerciaux;989301;ANOMALIE - Mineur de plus de 21 ans;;ANOMALIE - Document d'identité expiré;;
1017;SR;582073;Particuliers non commerciaux;987035;ANOMALIE - Mineur de plus de 21 ans;;ANOMALIE - Document d'identité expiré;;
1017;SR;582749;Particuliers non commerciaux;994284;;;ANOMALIE - Document d'identité expiré;;
1017;SR;582263;Particuliers non commerciaux;989538;ANOMALIE - Mineur de plus de 21 ans;;;;
1017;SR;582110;Particuliers non commerciaux;987423;;;ANOMALIE - Document d'identité expiré;;
1017;SR;582086;Particuliers non commerciaux;987132;;;ANOMALIE - Document d'identité expiré;;
1017;SR;582931;Particuliers non commerciaux;996615;ANOMALIE - Mineur de plus de 21 ans;;;;
1017;SR;582944;Particuliers non commerciaux;996711;ANOMALIE - Mineur de plus de 21 ans;;;;
1017;SR;582808;Particuliers non commerciaux;994968;;;ANOMALIE - Document d'identité expiré;;
1017;SR;582901;Particuliers non commerciaux;996252;;;ANOMALIE - Document d'identité expiré;;
1017;SR;583085;Particuliers non commerciaux;998615;;;ANOMALIE - Document d'identité expiré;;
1017;SR;583169;Particuliers non commerciaux;999717;ANOMALIE - Mineur de plus de 21 ans;;;;
1017;SR;583025;Particuliers non commerciaux;997608;;;ANOMALIE - Document d'identité expiré;;
1017;SR;583279;Particuliers non commerciaux;1003953;ANOMALIE - Mineur de plus de 21 ans;;ANOMALIE - Document d'identité expiré;;
1017;SR;583295;Particuliers non commerciaux;1005192;;;ANOMALIE - Document d'identité expiré;;
1017;SR;583500;Particuliers non commerciaux;1016279;;;ANOMALIE - Document d'identité expiré;;
1017;SR;578940;;156219;;;ANOMALIE - Document d'identité expiré;;
1017;SR;583547;Particuliers non commerciaux;1016732;ANOMALIE - Mineur de plus de 21 ans;;ANOMALIE - Document d'identité expiré;;
1017;SR;583611;Particuliers non commerciaux;1021670;ANOMALIE - Mineur de plus de 21 ans;;;;
1017;SR;583643;Particuliers non commerciaux;1023425;ANOMALIE - Mineur de plus de 21 ans;;;;
1017;SR;583652;Particuliers non commerciaux;1023893;;;ANOMALIE - Document d'identité expiré;;
1017;SR;581968;Particuliers non commerciaux;984470;ANOMALIE - Mineur de plus de 21 ans;;ANOMALIE - Document d'identité expiré;;
1017;SR;581270;Particuliers non commerciaux;948358;;;ANOMALIE - Document d'identité expiré;;
1017;SR;581878;Particuliers non commerciaux;980728;;;ANOMALIE - Document d'identité expiré;;
1017;SR;579298;;165477;;;ANOMALIE - Document d'identité expiré;;
1017;SR;583841;Particuliers non commerciaux;1028066;;;ANOMALIE - Document d'identité expiré;;
1017;SR;578753;;149780;;;ANOMALIE - Document d'identité expiré;;
1017;SR;583900;Particuliers non commerciaux;1029704;ANOMALIE - Mineur de plus de 21 ans;;;;
1017;SR;584080;Particuliers non commerciaux;1037944;ANOMALIE - Mineur de plus de 21 ans;;;;
1017;SR;584246;Particuliers non commerciaux;1043597;ANOMALIE - Mineur de plus de 21 ans;;;;
1017;SR;584281;Particuliers non commerciaux;1044914;ANOMALIE - Mineur de plus de 21 ans;;;;
1017;SR;584188;Particuliers non commerciaux;1042569;ANOMALIE - Mineur de plus de 21 ans;;;;
1017;SR;577342;Autres services NCA;123681;;;ANOMALIE - Document d'identité expiré;;
1017;SR;601986;Autres services NCA;69587;;;ANOMALIE - Document d'identité expiré;;
1017;SR;577379;;124230;;;ANOMALIE - Document d'identité expiré;;
1017;SR;577140;Autres services NCA;121055;ANOMALIE - Mineur de plus de 21 ans;;ANOMALIE - Document d'identité expiré;;
1017;SR;577218;;122055;;;ANOMALIE - Document d'identité expiré;;
1017;SR;577028;;119347;;;ANOMALIE - Document d'identité expiré;;
1017;SR;577444;;125484;ANOMALIE - Mineur de plus de 21 ans;;ANOMALIE - Document d'identité expiré;;
1017;SR;577186;Autres services NCA;121485;;;ANOMALIE - Document d'identité expiré;;
1017;SR;577279;Autres services NCA;122961;;;ANOMALIE - Document d'identité expiré;;
1017;SR;577630;;128400;;;ANOMALIE - Document d'identité expiré;;
1017;SR;577692;;129460;;;ANOMALIE - Document d'identité expiré;;
1017;SR;577791;;131011;;;ANOMALIE - Document d'identité expiré;;
1017;SR;577751;;130463;;;ANOMALIE - Document d'identité expiré;;
1017;SR;578050;;135232;ANOMALIE - Mineur de plus de 21 ans;;;;
1017;SR;578377;;141844;;;ANOMALIE - Document d'identité expiré;;
1017;SR;578446;;143240;ANOMALIE - Mineur de plus de 21 ans;;;;
1017;SR;578216;Autres services NCA;138443;;;ANOMALIE - Document d'identité expiré;;
1017;SR;578437;;143116;ANOMALIE - Mineur de plus de 21 ans;;;;
1017;SR;578443;;143160;ANOMALIE - Mineur de plus de 21 ans;;;;
1017;SR;578424;;143067;ANOMALIE - Mineur de plus de 21 ans;;;;
1017;SR;578577;;145377;;;ANOMALIE - Document d'identité expiré;;
1017;SR;578597;;145880;;;ANOMALIE - Document d'identité expiré;;
1017;SR;578606;;146175;;;ANOMALIE - Document d'identité expiré;;
1017;SR;578943;;156403;;;ANOMALIE - Document d'identité expiré;;
1017;SR;578843;;152719;;;ANOMALIE - Document d'identité expiré;;
1017;SR;578878;;153440;;;ANOMALIE - Document d'identité expiré;;
1017;SR;578816;;151970;;;ANOMALIE - Document d'identité expiré;;
1017;SR;578817;;151974;;;ANOMALIE - Document d'identité expiré;;
1017;SR;579094;;160538;;;ANOMALIE - Document d'identité expiré;;
1017;SR;579090;;160235;;;ANOMALIE - Document d'identité expiré;;
1017;SR;579124;PDT PHARM ET MEDICAMENTS;161382;;;ANOMALIE - Document d'identité expiré;;
1017;SR;579268;;164357;ANOMALIE - Mineur de plus de 21 ans;;;;
1017;SR;579277;Autres services NCA;164672;;;ANOMALIE - Document d'identité expiré;;
1017;SR;579297;;165476;;;ANOMALIE - Document d'identité expiré;;
1017;SR;579322;;166269;;;ANOMALIE - Document d'identité expiré;;
1017;SR;579367;;166897;;;ANOMALIE - Document d'identité expiré;;
1017;SR;579436;;167752;ANOMALIE - Mineur de plus de 21 ans;;ANOMALIE - Document d'identité expiré;;
1017;SR;579386;Vetements;167134;;;ANOMALIE - Document d'identité expiré;;
1017;SR;579405;;167283;ANOMALIE - Mineur de plus de 21 ans;;ANOMALIE - Document d'identité expiré;;
1017;SR;579422;;167534;;;ANOMALIE - Document d'identité expiré;;
1017;SR;579598;;169811;;;ANOMALIE - Document d'identité expiré;;
1017;SR;579550;;169255;;;ANOMALIE - Document d'identité expiré;;
1017;SR;579575;;169533;;;ANOMALIE - Document d'identité expiré;;
1017;SR;579455;;167997;;;ANOMALIE - Document d'identité expiré;;
1017;SR;579606;;169900;;;ANOMALIE - Document d'identité expiré;;
1017;SR;579616;;170062;ANOMALIE - Mineur de plus de 21 ans;;;;
1017;SR;579840;;172645;;;ANOMALIE - Document d'identité expiré;;
1017;SR;580028;;174976;;;ANOMALIE - Document d'identité expiré;;
1017;SR;580058;Autres services NCA;175395;ANOMALIE - Mineur de plus de 21 ans;;ANOMALIE - Document d'identité expiré;;
1017;SR;580061;;175413;;;ANOMALIE - Document d'identité expiré;;
1017;SR;580073;;175638;;;ANOMALIE - Document d'identité expiré;;
1017;SR;579708;;171189;ANOMALIE - Mineur de plus de 21 ans;;ANOMALIE - Document d'identité expiré;;
1017;SR;580103;;176119;;;ANOMALIE - Document d'identité expiré;;
1017;SR;580229;;179491;;;ANOMALIE - Document d'identité expiré;;
1017;SR;579758;;171773;;;ANOMALIE - Document d'identité expiré;;
1017;SR;580070;;175614;;;ANOMALIE - Document d'identité expiré;;
1017;SR;579650;;170535;;;ANOMALIE - Document d'identité expiré;;
1017;SR;579647;;170460;;;ANOMALIE - Document d'identité expiré;;
1017;SR;579688;;170994;;;ANOMALIE - Document d'identité expiré;;
1017;SR;579690;;171017;;;ANOMALIE - Document d'identité expiré;;
1017;SR;580036;;175122;;;ANOMALIE - Document d'identité expiré;;
1017;SR;579899;;173245;;;ANOMALIE - Document d'identité expiré;;
1017;SR;579982;;174352;;;ANOMALIE - Document d'identité expiré;;
1017;SR;580131;;176630;;;ANOMALIE - Document d'identité expiré;;
1017;SR;579750;;171655;ANOMALIE - Mineur de plus de 21 ans;;ANOMALIE - Document d'identité expiré;;
1017;SR;579745;;171618;ANOMALIE - Mineur de plus de 21 ans;;ANOMALIE - Document d'identité expiré;;
1017;SR;580355;Autres services NCA;184417;;;ANOMALIE - Document d'identité expiré;;
1017;SR;580443;;187198;;;ANOMALIE - Document d'identité expiré;;
1017;SR;580310;;182626;ANOMALIE - Mineur de plus de 21 ans;;ANOMALIE - Document d'identité expiré;;
1017;SR;580241;Autres services NCA;180089;;;ANOMALIE - Document d'identité expiré;;
1017;SR;580320;;183168;;;ANOMALIE - Document d'identité expiré;;
1017;SR;580330;;183538;ANOMALIE - Mineur de plus de 21 ans;;ANOMALIE - Document d'identité expiré;;
1017;SR;580374;;185052;;;ANOMALIE - Document d'identité expiré;;
1017;SR;580489;;188275;;;ANOMALIE - Document d'identité expiré;;
1017;SR;580506;;188610;ANOMALIE - Mineur de plus de 21 ans;;ANOMALIE - Document d'identité expiré;;
1017;SR;580529;;189313;;;ANOMALIE - Document d'identité expiré;;
1017;SR;580588;;190714;;;ANOMALIE - Document d'identité expiré;;
1017;SR;580705;;193994;ANOMALIE - Mineur de plus de 21 ans;;ANOMALIE - Document d'identité expiré;;
1017;SR;580859;Particuliers non commerciaux;198782;;;ANOMALIE - Document d'identité expiré;;
1017;SR;580861;Particuliers non commerciaux;198790;;;ANOMALIE - Document d'identité expiré;;
1017;SR;580837;Particuliers non commerciaux;198301;;;ANOMALIE - Document d'identité expiré;;
1017;SR;580946;Particuliers non commerciaux;202036;;;ANOMALIE - Document d'identité expiré;;
1017;SR;580935;Particuliers non commerciaux;201141;;;ANOMALIE - Document d'identité expiré;;
1017;SR;580871;Particuliers non commerciaux;199006;;;ANOMALIE - Document d'identité expiré;;
1017;SR;580958;Particuliers non commerciaux;933026;;;ANOMALIE - Document d'identité expiré;;
1017;SR;580982;Particuliers non commerciaux;934405;;;ANOMALIE - Document d'identité expiré;;
1017;SR;581025;Particuliers non commerciaux;937419;;;ANOMALIE - Document d'identité expiré;;
1017;SR;581170;Particuliers non commerciaux;944900;;;ANOMALIE - Document d'identité expiré;;
1017;SR;581164;Particuliers non commerciaux;944743;;;ANOMALIE - Document d'identité expiré;;
1017;SR;581067;Particuliers non commerciaux;940142;;;ANOMALIE - Document d'identité expiré;;
1017;SR;581104;Particuliers non commerciaux;942835;ANOMALIE - Mineur de plus de 21 ans;;ANOMALIE - Document d'identité expiré;;
1017;SR;581367;Particuliers non commerciaux;951534;;;ANOMALIE - Document d'identité expiré;;
1017;SR;581307;Particuliers non commerciaux;949326;;;ANOMALIE - Document d'identité expiré;;
1017;SR;581410;Particuliers non commerciaux;953704;;;ANOMALIE - Document d'identité expiré;;
1017;SR;581372;Particuliers non commerciaux;951876;;;ANOMALIE - Document d'identité expiré;;
1017;SR;581320;Particuliers non commerciaux;949760;;;ANOMALIE - Document d'identité expiré;;
1017;SR;581296;Particuliers non commerciaux;949003;;;ANOMALIE - Document d'identité expiré;;
1017;SR;581431;Particuliers non commerciaux;955220;;;ANOMALIE - Document d'identité expiré;;
1017;SR;581425;Particuliers non commerciaux;954623;;;ANOMALIE - Document d'identité expiré;;
1017;SR;581437;Particuliers non commerciaux;955465;;;ANOMALIE - Document d'identité expiré;;
1017;SR;581606;Particuliers non commerciaux;963846;;;ANOMALIE - Document d'identité expiré;;
1017;SR;581622;Particuliers non commerciaux;965058;;;ANOMALIE - Document d'identité expiré;;
1017;SR;581647;Particuliers non commerciaux;966215;ANOMALIE - Mineur de plus de 21 ans;;ANOMALIE - Document d'identité expiré;;
1017;SR;581537;Particuliers non commerciaux;960522;;;ANOMALIE - Document d'identité expiré;;
1017;SR;581706;Particuliers non commerciaux;970155;;;ANOMALIE - Document d'identité expiré;;
1017;SR;581675;Particuliers non commerciaux;967720;ANOMALIE - Mineur de plus de 21 ans;;ANOMALIE - Document d'identité expiré;;
1017;SR;581665;Particuliers non commerciaux;967323;;;ANOMALIE - Document d'identité expiré;;
1017;SR;581679;Particuliers non commerciaux;967927;;;ANOMALIE - Document d'identité expiré;;
1017;SR;581763;Particuliers non commerciaux;974238;;;ANOMALIE - Document d'identité expiré;;
1017;SR;581754;Particuliers non commerciaux;973914;;;ANOMALIE - Document d'identité expiré;;
1017;SR;581863;Particuliers non commerciaux;980024;;;ANOMALIE - Document d'identité expiré;;
1017;SR;581879;Particuliers non commerciaux;980787;;;ANOMALIE - Document d'identité expiré;;
1017;SR;581975;Particuliers non commerciaux;984636;ANOMALIE - Mineur de plus de 21 ans;;ANOMALIE - Document d'identité expiré;;
1017;SR;581918;Particuliers non commerciaux;982369;ANOMALIE - Mineur de plus de 21 ans;;ANOMALIE - Document d'identité expiré;;
1017;SR;582311;Particuliers non commerciaux;989731;ANOMALIE - Mineur de plus de 21 ans;;;;
1017;SR;582042;Particuliers non commerciaux;986173;ANOMALIE - Mineur de plus de 21 ans;;;;
1017;SR;582558;Particuliers non commerciaux;992451;ANOMALIE - Mineur de plus de 21 ans;;;;
1017;SR;582227;Particuliers non commerciaux;989314;;;ANOMALIE - Document d'identité expiré;;
1017;SR;582733;Particuliers non commerciaux;994244;;;ANOMALIE - Document d'identité expiré;;
1017;SR;582693;Particuliers non commerciaux;994009;ANOMALIE - Mineur de plus de 21 ans;;;;
1017;SR;582048;Particuliers non commerciaux;986369;;;ANOMALIE - Document d'identité expiré;;
1017;SR;582429;Particuliers non commerciaux;990845;ANOMALIE - Mineur de plus de 21 ans;;;;
1017;SR;582898;Particuliers non commerciaux;996206;;;ANOMALIE - Document d'identité expiré;;
1017;SR;582905;Particuliers non commerciaux;996423;ANOMALIE - Mineur de plus de 21 ans;;;;
1017;SR;582833;Particuliers non commerciaux;995406;ANOMALIE - Mineur de plus de 21 ans;;;;
1017;SR;583201;Particuliers non commerciaux;1000590;ANOMALIE - Mineur de plus de 21 ans;;;;
1017;SR;583113;Particuliers non commerciaux;998966;;;ANOMALIE - Document d'identité expiré;;
1017;SR;583345;Particuliers non commerciaux;1008651;;;ANOMALIE - Document d'identité expiré;;
1017;SR;583351;Particuliers non commerciaux;1008984;;;ANOMALIE - Document d'identité expiré;;
1017;SR;581440;Particuliers non commerciaux;955496;;;ANOMALIE - Document d'identité expiré;;
1017;SR;583620;Particuliers non commerciaux;1022503;;;ANOMALIE - Document d'identité expiré;;
1017;SR;581418;TRANSPORTS ET ENTREPOTS;954112;;;ANOMALIE - Document d'identité expiré;;
1017;SR;583719;Particuliers non commerciaux;1025505;;;ANOMALIE - Document d'identité expiré;;
1017;SR;583664;Particuliers non commerciaux;1024576;;;ANOMALIE - Document d'identité expiré;;
1017;SR;583674;Particuliers non commerciaux;1024803;ANOMALIE - Mineur de plus de 21 ans;;;;
1017;SR;583858;Particuliers non commerciaux;1029353;ANOMALIE - Mineur de plus de 21 ans;;;;
1017;SR;581535;Particuliers non commerciaux;960354;;;ANOMALIE - Document d'identité expiré;;
1017;SR;583969;Particuliers non commerciaux;1032711;ANOMALIE - Mineur de plus de 21 ans;;;;
1017;SR;584172;Particuliers non commerciaux;1042274;ANOMALIE - Mineur de plus de 21 ans;;;;
1017;SR;584256;Particuliers non commerciaux;1043794;ANOMALIE - Mineur de plus de 21 ans;;;;
1017;SR;584155;Particuliers non commerciaux;1041893;ANOMALIE - Mineur de plus de 21 ans;;;;
1017;SR;584260;Particuliers non commerciaux;1043931;;;ANOMALIE - Document d'identité expiré;;
1017;SR;584371;Particuliers non commerciaux;1049982;;;ANOMALIE - Document d'identité expiré;;
1017;SR;577307;Autres services NCA;123235;;;ANOMALIE - Document d'identité expiré;;
1017;SR;577396;Vetements;124592;;;ANOMALIE - Document d'identité expiré;;
1017;SR;577403;;124769;;;ANOMALIE - Document d'identité expiré;;
1017;SR;577228;comptes internes;122260;;;ANOMALIE - Document d'identité expiré;;
1017;SR;577198;Autres services NCA;121703;;;ANOMALIE - Document d'identité expiré;;
1017;SR;577624;;128362;;;ANOMALIE - Document d'identité expiré;;
1017;SR;577810;;131349;;;ANOMALIE - Document d'identité expiré;;
1017;SR;578171;;137253;;;ANOMALIE - Document d'identité expiré;;
1017;SR;578172;;137261;;;ANOMALIE - Document d'identité expiré;;
1017;SR;578528;;144021;;;ANOMALIE - Document d'identité expiré;;
1017;SR;578447;;143242;ANOMALIE - Mineur de plus de 21 ans;;;;
1017;SR;578263;;139714;;;ANOMALIE - Document d'identité expiré;;
1017;SR;578344;ORGANISAT RELIGIEUSE;141168;;;ANOMALIE - Document d'identité expiré;;
1017;SR;578590;;145717;;;ANOMALIE - Document d'identité expiré;;
1017;SR;578613;;146363;;;ANOMALIE - Document d'identité expiré;;
1017;SR;578678;;147541;;;ANOMALIE - Document d'identité expiré;;
1017;SR;578599;Autres services NCA;145929;;;ANOMALIE - Document d'identité expiré;;
1017;SR;578646;;147195;;;ANOMALIE - Document d'identité expiré;;
1017;SR;578836;;152517;;;ANOMALIE - Document d'identité expiré;;
1017;SR;578913;;154437;;;ANOMALIE - Document d'identité expiré;;
1017;SR;578849;;152944;;;ANOMALIE - Document d'identité expiré;;
1017;SR;578920;;154747;;;ANOMALIE - Document d'identité expiré;;
1017;SR;578971;Autres services NCA;157817;;;ANOMALIE - Document d'identité expiré;;
1017;SR;579077;;159976;;;ANOMALIE - Document d'identité expiré;;
1017;SR;579074;;159823;;;ANOMALIE - Document d'identité expiré;;
1017;SR;579300;;165555;;;ANOMALIE - Document d'identité expiré;;
1017;SR;579255;;164040;;;ANOMALIE - Document d'identité expiré;;
1017;SR;579229;;163375;;;ANOMALIE - Document d'identité expiré;;
1017;SR;579274;;164502;ANOMALIE - Mineur de plus de 21 ans;;ANOMALIE - Document d'identité expiré;;
1017;SR;579269;;164359;ANOMALIE - Mineur de plus de 21 ans;;;;
1017;SR;579339;;166509;;;ANOMALIE - Document d'identité expiré;;
1017;SR;579341;;166514;;;ANOMALIE - Document d'identité expiré;;
1017;SR;579330;;166425;;;ANOMALIE - Document d'identité expiré;;
1017;SR;579435;;167727;;;ANOMALIE - Document d'identité expiré;;
1017;SR;579567;;145623;;;ANOMALIE - Document d'identité expiré;;
1017;SR;579549;;169253;;;ANOMALIE - Document d'identité expiré;;
1017;SR;579487;;168454;;;ANOMALIE - Document d'identité expiré;;
1017;SR;579631;;170236;ANOMALIE - Mineur de plus de 21 ans;;;;
1017;SR;579665;;170717;ANOMALIE - Mineur de plus de 21 ans;;ANOMALIE - Document d'identité expiré;;
1017;SR;579726;;171371;;;ANOMALIE - Document d'identité expiré;;
1017;SR;580158;;177286;;;ANOMALIE - Document d'identité expiré;;
1017;SR;580202;;178576;;;ANOMALIE - Document d'identité expiré;;
1017;SR;579880;;173018;;;ANOMALIE - Document d'identité expiré;;
1017;SR;580099;;176047;;;ANOMALIE - Document d'identité expiré;;
1017;SR;579916;;173496;;;ANOMALIE - Document d'identité expiré;;
1017;SR;580177;;177824;;;ANOMALIE - Document d'identité expiré;;
1017;SR;579768;;171865;;;ANOMALIE - Document d'identité expiré;;
1017;SR;579757;;171771;;;ANOMALIE - Document d'identité expiré;;
1017;SR;579760;;171776;;;ANOMALIE - Document d'identité expiré;;
1017;SR;579930;;173662;;;ANOMALIE - Document d'identité expiré;;
1017;SR;580053;;175339;;;ANOMALIE - Document d'identité expiré;;
1017;SR;580190;;178210;ANOMALIE - Mineur de plus de 21 ans;;ANOMALIE - Document d'identité expiré;;
1017;SR;580169;;177649;;;ANOMALIE - Document d'identité expiré;;
1017;SR;580044;;175217;;;ANOMALIE - Document d'identité expiré;;
1017;SR;580183;;177989;;;ANOMALIE - Document d'identité expiré;;
1017;SR;580240;;180084;;;ANOMALIE - Document d'identité expiré;;
1017;SR;580242;;180092;;;ANOMALIE - Document d'identité expiré;;
1017;SR;580246;;180419;;;ANOMALIE - Document d'identité expiré;;
1017;SR;580366;;184812;;;ANOMALIE - Document d'identité expiré;;
1017;SR;580257;;181031;;;ANOMALIE - Document d'identité expiré;;
1017;SR;580354;;184412;;;ANOMALIE - Document d'identité expiré;;
1017;SR;580282;;181952;;;ANOMALIE - Document d'identité expiré;;
1017;SR;580268;;181417;;;ANOMALIE - Document d'identité expiré;;
1017;SR;580425;;186695;;;ANOMALIE - Document d'identité expiré;;
1017;SR;580371;;184911;;;ANOMALIE - Document d'identité expiré;;
1017;SR;580373;;185040;;;ANOMALIE - Document d'identité expiré;;
1017;SR;580499;;188480;ANOMALIE - Mineur de plus de 21 ans;;ANOMALIE - Document d'identité expiré;;
1017;SR;580597;;190804;;;ANOMALIE - Document d'identité expiré;;
1017;SR;580556;Autres services NCA;189884;;;ANOMALIE - Document d'identité expiré;;
1017;SR;580561;;190019;;;ANOMALIE - Document d'identité expiré;;
1017;SR;580866;Particuliers non commerciaux;198900;;;ANOMALIE - Document d'identité expiré;;
1017;SR;580865;Particuliers non commerciaux;198897;;;ANOMALIE - Document d'identité expiré;;
1017;SR;580912;Particuliers non commerciaux;200122;ANOMALIE - Mineur de plus de 21 ans;;ANOMALIE - Document d'identité expiré;;
1017;SR;580887;Particuliers non commerciaux;199430;;;ANOMALIE - Document d'identité expiré;;
1017;SR;581021;Particuliers non commerciaux;937219;;;ANOMALIE - Document d'identité expiré;;
1017;SR;581017;Particuliers non commerciaux;936668;;;ANOMALIE - Document d'identité expiré;;
1017;SR;580999;Particuliers non commerciaux;935734;ANOMALIE - Mineur de plus de 21 ans;;ANOMALIE - Document d'identité expiré;;
1017;SR;580967;Particuliers non commerciaux;933456;;;ANOMALIE - Document d'identité expiré;;
1017;SR;581046;Particuliers non commerciaux;938840;;;ANOMALIE - Document d'identité expiré;;
1017;SR;581193;Particuliers non commerciaux;945426;;;ANOMALIE - Document d'identité expiré;;
1017;SR;581058;AUX TRANSP AERIENS;939434;;;ANOMALIE - Document d'identité expiré;;
1017;SR;581105;AUTRES COMMUNICATIONS;942887;;;ANOMALIE - Document d'identité expiré;;
1017;SR;581159;Particuliers non commerciaux;944566;ANOMALIE - Mineur de plus de 21 ans;;;;
1017;SR;581265;Particuliers non commerciaux;948244;;;ANOMALIE - Document d'identité expiré;;
1017;SR;581328;Particuliers non commerciaux;949953;ANOMALIE - Mineur de plus de 21 ans;;ANOMALIE - Document d'identité expiré;;
1017;SR;581288;Particuliers non commerciaux;948778;;;ANOMALIE - Document d'identité expiré;;
1017;SR;581299;Particuliers non commerciaux;949016;;;ANOMALIE - Document d'identité expiré;;
1017;SR;581432;Particuliers non commerciaux;955314;ANOMALIE - Mineur de plus de 21 ans;;ANOMALIE - Document d'identité expiré;;
1017;SR;581476;Enseignement elementaire et seco;956467;;;ANOMALIE - Document d'identité expiré;;
1017;SR;581605;Particuliers non commerciaux;963817;;;ANOMALIE - Document d'identité expiré;;
1017;SR;581567;Particuliers non commerciaux;961364;;;ANOMALIE - Document d'identité expiré;;
1017;SR;581503;Particuliers non commerciaux;958239;;;ANOMALIE - Document d'identité expiré;;
1017;SR;581562;Particuliers non commerciaux;961030;ANOMALIE - Mineur de plus de 21 ans;;;;
1017;SR;581739;Particuliers non commerciaux;972998;;;ANOMALIE - Document d'identité expiré;;
1017;SR;581688;Particuliers non commerciaux;968531;;;ANOMALIE - Document d'identité expiré;;
1017;SR;581651;Particuliers non commerciaux;966446;;;ANOMALIE - Document d'identité expiré;;
1017;SR;581671;Particuliers non commerciaux;967555;;;ANOMALIE - Document d'identité expiré;;
1017;SR;581653;Particuliers non commerciaux;966536;;;ANOMALIE - Document d'identité expiré;;
1017;SR;581660;Particuliers non commerciaux;967051;;;ANOMALIE - Document d'identité expiré;;
1017;SR;581756;Particuliers non commerciaux;973919;;;ANOMALIE - Document d'identité expiré;;
1017;SR;581755;Particuliers non commerciaux;973916;;;ANOMALIE - Document d'identité expiré;;
1017;SR;581819;Particuliers non commerciaux;977758;;;ANOMALIE - Document d'identité expiré;;
1017;SR;581827;Particuliers non commerciaux;978003;;;ANOMALIE - Document d'identité expiré;;
1017;SR;581838;Particuliers non commerciaux;978747;;;ANOMALIE - Document d'identité expiré;;
1017;SR;581974;Particuliers non commerciaux;984621;;;ANOMALIE - Document d'identité expiré;;
1017;SR;581920;Particuliers non commerciaux;982377;ANOMALIE - Mineur de plus de 21 ans;;;;
1017;SR;582715;Particuliers non commerciaux;994168;ANOMALIE - Mineur de plus de 21 ans;;;;
1017;SR;582261;Particuliers non commerciaux;1031041;;;ANOMALIE - Document d'identité expiré;;
1017;SR;582088;Particuliers non commerciaux;987190;ANOMALIE - Mineur de plus de 21 ans;;;;
1017;SR;582343;Particuliers non commerciaux;990110;ANOMALIE - Mineur de plus de 21 ans;;;;
1017;SR;582087;Particuliers non commerciaux;987135;;;ANOMALIE - Document d'identité expiré;;
1017;SR;582595;Particuliers non commerciaux;992834;;;ANOMALIE - Document d'identité expiré;;
1017;SR;582664;Particuliers non commerciaux;993818;;;ANOMALIE - Document d'identité expiré;;
1017;SR;582075;Particuliers non commerciaux;987066;;;ANOMALIE - Document d'identité expiré;;
1017;SR;582691;Particuliers non commerciaux;994002;;;ANOMALIE - Document d'identité expiré;;
1017;SR;582875;Particuliers non commerciaux;995743;ANOMALIE - Mineur de plus de 21 ans;;;;
1017;SR;582885;Particuliers non commerciaux;995903;ANOMALIE - Mineur de plus de 21 ans;;ANOMALIE - Document d'identité expiré;;
1017;SR;582881;Particuliers non commerciaux;995886;ANOMALIE - Mineur de plus de 21 ans;;;;
1017;SR;583109;Particuliers non commerciaux;998929;ANOMALIE - Mineur de plus de 21 ans;;;;
1017;SR;583165;Particuliers non commerciaux;999709;ANOMALIE - Mineur de plus de 21 ans;;ANOMALIE - Document d'identité expiré;;
1017;SR;583117;Particuliers non commerciaux;999114;;;ANOMALIE - Document d'identité expiré;;
1017;SR;583231;Particuliers non commerciaux;1001822;;;ANOMALIE - Document d'identité expiré;;
1017;SR;583267;Particuliers non commerciaux;1003516;;;ANOMALIE - Document d'identité expiré;;
1017;SR;583302;Particuliers non commerciaux;1005566;ANOMALIE - Mineur de plus de 21 ans;;;;
1017;SR;583296;Particuliers non commerciaux;1005289;;;ANOMALIE - Document d'identité expiré;;
1017;SR;583314;Particuliers non commerciaux;1006417;;;ANOMALIE - Document d'identité expiré;;
1017;SR;583438;Particuliers non commerciaux;1013771;;;ANOMALIE - Document d'identité expiré;;
1017;SR;583419;Particuliers non commerciaux;1012809;;;ANOMALIE - Document d'identité expiré;;
1017;SR;583543;Particuliers non commerciaux;1016669;ANOMALIE - Mineur de plus de 21 ans;;;;
1017;SR;583669;Particuliers non commerciaux;1024792;;;ANOMALIE - Document d'identité expiré;;
1017;SR;583219;Particuliers non commerciaux;1001195;;;ANOMALIE - Document d'identité expiré;;
1017;SR;583831;Particuliers non commerciaux;1028033;ANOMALIE - Mineur de plus de 21 ans;;;;
1017;SR;583887;Particuliers non commerciaux;1029547;ANOMALIE - Mineur de plus de 21 ans;;;;
1017;SR;583973;Particuliers non commerciaux;1032798;;;;;
1017;SR;584296;Particuliers non commerciaux;1045743;ANOMALIE - Mineur de plus de 21 ans;;;;
1017;SR;584154;Particuliers non commerciaux;1041883;ANOMALIE - Mineur de plus de 21 ans;;;;
1017;SR;584275;Particuliers non commerciaux;1044481;;;ANOMALIE - Document d'identité expiré;;
1017;SR;584239;Particuliers non commerciaux;1043529;ANOMALIE - Mineur de plus de 21 ans;;;;
1017;SR;584190;Particuliers non commerciaux;1042579;;;ANOMALIE - Document d'identité expiré;;
1017;SR;584418;Particuliers non commerciaux;1051959;ANOMALIE - Mineur de plus de 21 ans;;;;
1017;SR;807940;PARTICULIERS SALARIES;51979;;;ANOMALIE - Document d'identité expiré;;
1017;SR;577402;;124766;;;ANOMALIE - Document d'identité expiré;;
1017;SR;577202;Autres services NCA;121739;;;ANOMALIE - Document d'identité expiré;;
1017;SR;577242;COMMERCE DE DETAIL;122479;;;ANOMALIE - Document d'identité expiré;;
1017;SR;577724;;129946;;;ANOMALIE - Document d'identité expiré;;
1017;SR;577620;;128176;;;ANOMALIE - Document d'identité expiré;;
1017;SR;577876;;132567;;;ANOMALIE - Document d'identité expiré;;
1017;SR;577737;;130260;;;ANOMALIE - Document d'identité expiré;;
1017;SR;577991;;134028;;;ANOMALIE - Document d'identité expiré;;
1017;SR;577937;;133705;;;ANOMALIE - Document d'identité expiré;;
1017;SR;577796;;131158;;;ANOMALIE - Document d'identité expiré;;
1017;SR;578173;;137266;ANOMALIE - Mineur de plus de 21 ans;;ANOMALIE - Document d'identité expiré;;
1017;SR;578207;;138126;;;ANOMALIE - Document d'identité expiré;;
1017;SR;578336;;141022;;;ANOMALIE - Document d'identité expiré;;
1017;SR;578264;;139829;;;ANOMALIE - Document d'identité expiré;;
1017;SR;578479;;143512;ANOMALIE - Mineur de plus de 21 ans;;;;
1017;SR;578699;;147792;ANOMALIE - Mineur de plus de 21 ans;;;;
1017;SR;578759;;149830;;;ANOMALIE - Document d'identité expiré;;
1017;SR;578750;;149706;;;ANOMALIE - Document d'identité expiré;;
1017;SR;578751;;149733;;;ANOMALIE - Document d'identité expiré;;
1017;SR;578767;;150138;;;ANOMALIE - Document d'identité expiré;;
1017;SR;578691;;147673;;;ANOMALIE - Document d'identité expiré;;
1017;SR;578736;;149262;;;ANOMALIE - Document d'identité expiré;;
1017;SR;578687;;147633;;;ANOMALIE - Document d'identité expiré;;
1017;SR;578633;;146811;;;ANOMALIE - Document d'identité expiré;;
1017;SR;578930;;155304;ANOMALIE - Mineur de plus de 21 ans;;ANOMALIE - Document d'identité expiré;;
1017;SR;578875;Autres services NCA;153386;;;ANOMALIE - Document d'identité expiré;;
1017;SR;578876;;153394;;;ANOMALIE - Document d'identité expiré;;
1017;SR;578848;;152922;;;ANOMALIE - Document d'identité expiré;;
1017;SR;578877;;153438;;;ANOMALIE - Document d'identité expiré;;
1017;SR;578882;Autres services NCA;153455;;;ANOMALIE - Document d'identité expiré;;
1017;SR;578992;;158248;ANOMALIE - Mineur de plus de 21 ans;;;;
1017;SR;578976;;157996;;;ANOMALIE - Document d'identité expiré;;
1017;SR;579137;;161709;;;ANOMALIE - Document d'identité expiré;;
1017;SR;579228;;163290;ANOMALIE - Mineur de plus de 21 ans;;;;
1017;SR;579296;;165476;;;ANOMALIE - Document d'identité expiré;;
1017;SR;579352;;166724;;;ANOMALIE - Document d'identité expiré;;
1017;SR;579423;;167546;;;ANOMALIE - Document d'identité expiré;;
1017;SR;579489;;168458;;;ANOMALIE - Document d'identité expiré;;
1017;SR;579500;;168596;;;ANOMALIE - Document d'identité expiré;;
1017;SR;579513;;168805;;;ANOMALIE - Document d'identité expiré;;
1017;SR;579468;;168184;;;ANOMALIE - Document d'identité expiré;;
1017;SR;579608;;169955;;;ANOMALIE - Document d'identité expiré;;
1017;SR;579533;;169084;;;ANOMALIE - Document d'identité expiré;;
1017;SR;579673;;170789;ANOMALIE - Mineur de plus de 21 ans;;ANOMALIE - Document d'identité expiré;;
1017;SR;579849;comptes internes;22492;;;ANOMALIE - Document d'identité expiré;;
1017;SR;579844;;172658;;;ANOMALIE - Document d'identité expiré;;
1017;SR;580120;;176431;;;ANOMALIE - Document d'identité expiré;;
1017;SR;579999;;174519;;;ANOMALIE - Document d'identité expiré;;
1017;SR;580104;;176138;ANOMALIE - Mineur de plus de 21 ans;;ANOMALIE - Document d'identité expiré;;
1017;SR;580077;;175696;;;ANOMALIE - Document d'identité expiré;;
1017;SR;580147;;176992;;;ANOMALIE - Document d'identité expiré;;
1017;SR;579661;;170697;ANOMALIE - Mineur de plus de 21 ans;;ANOMALIE - Document d'identité expiré;;
1017;SR;580215;;178934;;;ANOMALIE - Document d'identité expiré;;
1017;SR;579874;;173009;;;ANOMALIE - Document d'identité expiré;;
1017;SR;579970;;174244;;;ANOMALIE - Document d'identité expiré;;
1017;SR;579998;;174515;;;ANOMALIE - Document d'identité expiré;;
1017;SR;579825;;172473;;;ANOMALIE - Document d'identité expiré;;
1017;SR;579712;;171216;ANOMALIE - Mineur de plus de 21 ans;;ANOMALIE - Document d'identité expiré;;
1017;SR;579701;;171100;;;ANOMALIE - Document d'identité expiré;;
1017;SR;579968;;174106;;;ANOMALIE - Document d'identité expiré;;
1017;SR;579770;;171878;ANOMALIE - Mineur de plus de 21 ans;;ANOMALIE - Document d'identité expiré;;
1017;SR;579933;;173670;;;ANOMALIE - Document d'identité expiré;;
1017;SR;580145;;176961;;;ANOMALIE - Document d'identité expiré;;
1017;SR;580197;;178405;;;ANOMALIE - Document d'identité expiré;;
1017;SR;579763;;171833;;;ANOMALIE - Document d'identité expiré;;
1017;SR;579871;;172910;;;ANOMALIE - Document d'identité expiré;;
1017;SR;580243;;180098;;;ANOMALIE - Document d'identité expiré;;
1017;SR;580280;;181863;;;ANOMALIE - Document d'identité expiré;;
1017;SR;580467;;187804;;;ANOMALIE - Document d'identité expiré;;
1017;SR;580632;;191802;;;ANOMALIE - Document d'identité expiré;;
1017;SR;580730;;195164;;;ANOMALIE - Document d'identité expiré;;
1017;SR;580804;;197346;;;ANOMALIE - Document d'identité expiré;;
1017;SR;580851;Particuliers non commerciaux;198504;;;ANOMALIE - Document d'identité expiré;;
1017;SR;580894;Particuliers non commerciaux;199614;;;ANOMALIE - Document d'identité expiré;;
1017;SR;580959;Particuliers non commerciaux;933038;;;ANOMALIE - Document d'identité expiré;;
1017;SR;581090;Particuliers non commerciaux;941450;;;ANOMALIE - Document d'identité expiré;;
1017;SR;581173;Particuliers non commerciaux;944982;;;ANOMALIE - Document d'identité expiré;;
1017;SR;581177;Particuliers non commerciaux;945087;;;ANOMALIE - Document d'identité expiré;;
1017;SR;581073;Particuliers non commerciaux;940614;ANOMALIE - Mineur de plus de 21 ans;;ANOMALIE - Document d'identité expiré;;
1017;SR;581231;Particuliers non commerciaux;947039;;;ANOMALIE - Document d'identité expiré;;
1017;SR;581308;Particuliers non commerciaux;949347;;;ANOMALIE - Document d'identité expiré;;
1017;SR;581222;Particuliers non commerciaux;946734;;;ANOMALIE - Document d'identité expiré;;
1017;SR;581255;Particuliers non commerciaux;947862;ANOMALIE - Mineur de plus de 21 ans;;ANOMALIE - Document d'identité expiré;;
1017;SR;581304;Particuliers non commerciaux;949312;;;ANOMALIE - Document d'identité expiré;;
1017;SR;581333;Particuliers non commerciaux;950421;;;ANOMALIE - Document d'identité expiré;;
1017;SR;581226;Particuliers non commerciaux;946887;ANOMALIE - Mineur de plus de 21 ans;;ANOMALIE - Document d'identité expiré;;
1017;SR;581380;Particuliers non commerciaux;952172;;;ANOMALIE - Document d'identité expiré;;
1017;SR;581518;Particuliers non commerciaux;959136;;;ANOMALIE - Document d'identité expiré;;
1017;SR;581635;Particuliers non commerciaux;965543;ANOMALIE - Mineur de plus de 21 ans;;ANOMALIE - Document d'identité expiré;;
1017;SR;581648;Particuliers non commerciaux;966247;ANOMALIE - Mineur de plus de 21 ans;;ANOMALIE - Document d'identité expiré;;
1017;SR;581510;Particuliers non commerciaux;958646;;;ANOMALIE - Document d'identité expiré;;
1017;SR;581563;Particuliers non commerciaux;961031;ANOMALIE - Mineur de plus de 21 ans;;;;
1017;SR;581661;Particuliers non commerciaux;967095;;;ANOMALIE - Document d'identité expiré;;
1017;SR;581742;Particuliers non commerciaux;973100;;;ANOMALIE - Document d'identité expiré;;
1017;SR;581711;Particuliers non commerciaux;971121;;;ANOMALIE - Document d'identité expiré;;
1017;SR;581720;Particuliers non commerciaux;975143;;;ANOMALIE - Document d'identité expiré;;
1017;SR;581767;Particuliers non commerciaux;974455;;;ANOMALIE - Document d'identité expiré;;
1017;SR;581752;Particuliers non commerciaux;973681;;;ANOMALIE - Document d'identité expiré;;
1017;SR;582230;Particuliers non commerciaux;989358;;;ANOMALIE - Document d'identité expiré;;
1017;SR;582654;Particuliers non commerciaux;993727;;;ANOMALIE - Document d'identité expiré;;
1017;SR;582732;Particuliers non commerciaux;994243;;;ANOMALIE - Document d'identité expiré;;
1017;SR;582787;Particuliers non commerciaux;994728;ANOMALIE - Mineur de plus de 21 ans;;;;
1017;SR;582864;Particuliers non commerciaux;995645;ANOMALIE - Mineur de plus de 21 ans;;;;
1017;SR;583140;Particuliers non commerciaux;999473;ANOMALIE - Mineur de plus de 21 ans;;;;
1017;SR;583160;Particuliers non commerciaux;999694;;;ANOMALIE - Document d'identité expiré;;
1017;SR;583303;Particuliers non commerciaux;1005657;;;ANOMALIE - Document d'identité expiré;;
1017;SR;583456;Particuliers non commerciaux;1014882;ANOMALIE - Mineur de plus de 21 ans;;;;
1017;SR;583592;Particuliers non commerciaux;1020441;;;ANOMALIE - Document d'identité expiré;;
1017;SR;583588;Particuliers non commerciaux;1019709;ANOMALIE - Mineur de plus de 21 ans;;;;
1017;SR;581455;Particuliers non commerciaux;955800;;;ANOMALIE - Document d'identité expiré;;
1017;SR;583659;Particuliers non commerciaux;1024266;ANOMALIE - Mineur de plus de 21 ans;;;;
1017;SR;583676;Particuliers non commerciaux;1024807;ANOMALIE - Mineur de plus de 21 ans;;;;
1017;SR;583755;Particuliers non commerciaux;1025970;;;ANOMALIE - Document d'identité expiré;;
1017;SR;583827;Particuliers non commerciaux;1027897;;;ANOMALIE - Document d'identité expiré;;
1017;SR;583880;Particuliers non commerciaux;1029102;;;ANOMALIE - Document d'identité expiré;;
1017;SR;583938;Particuliers non commerciaux;1032137;ANOMALIE - Mineur de plus de 21 ans;;;;
1017;SR;584082;Particuliers non commerciaux;1038095;ANOMALIE - Mineur de plus de 21 ans;;;;
1017;SR;584317;Particuliers non commerciaux;1046870;ANOMALIE - Mineur de plus de 21 ans;;;;
1017;SR;584387;Particuliers non commerciaux;1050346;;;ANOMALIE - Document d'identité expiré;;
1017;SR;577375;;124083;;;ANOMALIE - Document d'identité expiré;;
1017;SR;577239;SERVICES DOMESTIQUES;122443;;;ANOMALIE - Document d'identité expiré;;
1017;SR;577182;Autres services NCA;121437;;;ANOMALIE - Document d'identité expiré;;
1017;SR;577029;COMMERCE DE DETAIL;119363;;;ANOMALIE - Document d'identité expiré;;
1017;SR;577480;;125669;;;ANOMALIE - Document d'identité expiré;;
1017;SR;577244;AGRICULTURE ET CHASSE;122514;;;ANOMALIE - Document d'identité expiré;;
1017;SR;577562;Autres services NCA;127053;;;ANOMALIE - Document d'identité expiré;;
1017;SR;577622;;128223;;;ANOMALIE - Document d'identité expiré;;
1017;SR;577986;;134020;ANOMALIE - Mineur de plus de 21 ans;;;;
1017;SR;577787;COMMERCE DE GROS;130779;;;ANOMALIE - Document d'identité expiré;;
1017;SR;578228;;138673;;;ANOMALIE - Document d'identité expiré;;
1017;SR;578237;;138937;;;ANOMALIE - Document d'identité expiré;;
1017;SR;578224;;138612;;;ANOMALIE - Document d'identité expiré;;
1017;SR;578242;;139082;;;ANOMALIE - Document d'identité expiré;;
1017;SR;578533;;144136;;;ANOMALIE - Document d'identité expiré;;
1017;SR;578350;;141221;;;ANOMALIE - Document d'identité expiré;;
1017;SR;578389;;142150;;;ANOMALIE - Document d'identité expiré;;
1017;SR;578549;;144523;;;ANOMALIE - Document d'identité expiré;;
1017;SR;578721;;148683;;;ANOMALIE - Document d'identité expiré;;
1017;SR;578686;comptes internes;147606;ANOMALIE - Mineur de plus de 21 ans;;ANOMALIE - Document d'identité expiré;;
1017;SR;578709;;148070;;;ANOMALIE - Document d'identité expiré;;
1017;SR;578774;;150388;;;ANOMALIE - Document d'identité expiré;;
1017;SR;578574;;145261;;;ANOMALIE - Document d'identité expiré;;
1017;SR;578634;;146820;;;ANOMALIE - Document d'identité expiré;;
1017;SR;578794;;151292;;;ANOMALIE - Document d'identité expiré;;
1017;SR;578911;Autres services NCA;154368;;;ANOMALIE - Document d'identité expiré;;
1017;SR;578869;Autres services NCA;153370;;;ANOMALIE - Document d'identité expiré;;
1017;SR;578822;;152152;;;ANOMALIE - Document d'identité expiré;;
1017;SR;579006;;158353;ANOMALIE - Mineur de plus de 21 ans;;;;
1017;SR;578970;;157738;;;ANOMALIE - Document d'identité expiré;;
1017;SR;579057;;159193;;;ANOMALIE - Document d'identité expiré;;
1017;SR;579267;;164345;;;ANOMALIE - Document d'identité expiré;;
1017;SR;579262;;164191;;;ANOMALIE - Document d'identité expiré;;
1017;SR;579224;;163256;;;ANOMALIE - Document d'identité expiré;;
1017;SR;579421;;167531;;;ANOMALIE - Document d'identité expiré;;
1017;SR;579593;;169793;;;ANOMALIE - Document d'identité expiré;;
1017;SR;579597;;169802;;;ANOMALIE - Document d'identité expiré;;
1017;SR;579610;;169985;;;ANOMALIE - Document d'identité expiré;;
1017;SR;579576;;169542;;;ANOMALIE - Document d'identité expiré;;
1017;SR;579457;;168003;;;ANOMALIE - Document d'identité expiré;;
1017;SR;579516;;168810;;;ANOMALIE - Document d'identité expiré;;
1017;SR;579531;;169062;ANOMALIE - Mineur de plus de 21 ans;;ANOMALIE - Document d'identité expiré;;
1017;SR;579860;;172825;;;ANOMALIE - Document d'identité expiré;;
1017;SR;579671;;170783;ANOMALIE - Mineur de plus de 21 ans;;ANOMALIE - Document d'identité expiré;;
1017;SR;580025;;174952;;;ANOMALIE - Document d'identité expiré;;
1017;SR;580026;;174969;;;ANOMALIE - Document d'identité expiré;;
1017;SR;579853;;172732;;;ANOMALIE - Document d'identité expiré;;
1017;SR;579681;;170911;ANOMALIE - Mineur de plus de 21 ans;;ANOMALIE - Document d'identité expiré;;
1017;SR;579819;;172437;;;ANOMALIE - Document d'identité expiré;;
1017;SR;580059;;175398;ANOMALIE - Mineur de plus de 21 ans;;ANOMALIE - Document d'identité expiré;;
1017;SR;580063;;175463;;;ANOMALIE - Document d'identité expiré;;
1017;SR;580148;;176994;;;ANOMALIE - Document d'identité expiré;;
1017;SR;580205;;178701;;;ANOMALIE - Document d'identité expiré;;
1017;SR;579876;;173011;;;ANOMALIE - Document d'identité expiré;;
1017;SR;579839;;172579;;;ANOMALIE - Document d'identité expiré;;
1017;SR;579822;;172463;;;ANOMALIE - Document d'identité expiré;;
1017;SR;579714;;171219;ANOMALIE - Mineur de plus de 21 ans;;ANOMALIE - Document d'identité expiré;;
1017;SR;580135;;46377;ANOMALIE - Mineur de plus de 21 ans;;ANOMALIE - Document d'identité expiré;;
1017;SR;580221;;179157;;;ANOMALIE - Document d'identité expiré;;
1017;SR;580069;Autres services NCA;175606;;;ANOMALIE - Document d'identité expiré;;
1017;SR;579931;;173665;;;ANOMALIE - Document d'identité expiré;;
1017;SR;579945;;173873;;;ANOMALIE - Document d'identité expiré;;
1017;SR;580192;;178242;;;ANOMALIE - Document d'identité expiré;;
1017;SR;580176;;177727;ANOMALIE - Mineur de plus de 21 ans;;;;
1017;SR;579952;;173959;;;ANOMALIE - Document d'identité expiré;;
1017;SR;579869;;172893;;;ANOMALIE - Document d'identité expiré;;
1017;SR;579870;;172897;;;ANOMALIE - Document d'identité expiré;;
1017;SR;580308;;182617;;;ANOMALIE - Document d'identité expiré;;
1017;SR;580388;Autres services NCA;185521;;;ANOMALIE - Document d'identité expiré;;
1017;SR;580429;;186764;;;ANOMALIE - Document d'identité expiré;;
1017;SR;580340;;183884;;;ANOMALIE - Document d'identité expiré;;
1017;SR;580422;;186582;;;ANOMALIE - Document d'identité expiré;;
1017;SR;580331;Autres services NCA;183586;;;ANOMALIE - Document d'identité expiré;;
1017;SR;580486;;188222;;;ANOMALIE - Document d'identité expiré;;
1017;SR;580490;;188276;;;ANOMALIE - Document d'identité expiré;;
1017;SR;580471;;187880;;;ANOMALIE - Document d'identité expiré;;
1017;SR;580289;;182161;;;ANOMALIE - Document d'identité expiré;;
1017;SR;580504;;188565;;;ANOMALIE - Document d'identité expiré;;
1017;SR;580509;;188729;;;ANOMALIE - Document d'identité expiré;;
1017;SR;580567;;190259;;;ANOMALIE - Document d'identité expiré;;
1017;SR;580545;;189693;;;ANOMALIE - Document d'identité expiré;;
1017;SR;580594;;190784;;;ANOMALIE - Document d'identité expiré;;
1017;SR;580586;;190597;;;ANOMALIE - Document d'identité expiré;;
1017;SR;580514;;188862;ANOMALIE - Mineur de plus de 21 ans;;;;
1017;SR;580616;;191370;;;ANOMALIE - Document d'identité expiré;;
1017;SR;580600;;190873;ANOMALIE - Mineur de plus de 21 ans;;ANOMALIE - Document d'identité expiré;;
1017;SR;580777;;196362;;;ANOMALIE - Document d'identité expiré;;
1017;SR;215625;;196265;;;ANOMALIE - Document d'identité expiré;;
1017;SR;580654;;192513;;;ANOMALIE - Document d'identité expiré;;
1017;SR;580736;;195511;;;ANOMALIE - Document d'identité expiré;;
1017;SR;580707;;194092;;;ANOMALIE - Document d'identité expiré;;
1017;SR;580639;;191982;;;ANOMALIE - Document d'identité expiré;;
1017;SR;580820;;197799;;;ANOMALIE - Document d'identité expiré;;
1017;SR;580852;Particuliers non commerciaux;198601;ANOMALIE - Mineur de plus de 21 ans;;ANOMALIE - Document d'identité expiré;;
1017;SR;581033;Particuliers non commerciaux;937871;;;ANOMALIE - Document d'identité expiré;;
1017;SR;580962;Particuliers non commerciaux;933123;;;ANOMALIE - Document d'identité expiré;;
1017;SR;580990;Particuliers non commerciaux;935453;;;ANOMALIE - Document d'identité expiré;;
1017;SR;581056;Particuliers non commerciaux;939330;;;ANOMALIE - Document d'identité expiré;;
1017;SR;581187;BATIMENTS TRAVAUX PUBLICS;945249;;;ANOMALIE - Document d'identité expiré;;
1017;SR;581230;Particuliers non commerciaux;947012;;;ANOMALIE - Document d'identité expiré;;
1017;SR;581305;Particuliers non commerciaux;949315;;;ANOMALIE - Document d'identité expiré;;
1017;SR;581332;Particuliers non commerciaux;950161;;;ANOMALIE - Document d'identité expiré;;
1017;SR;581233;Particuliers non commerciaux;947084;;;ANOMALIE - Document d'identité expiré;;
1017;SR;581358;Particuliers non commerciaux;951254;;;ANOMALIE - Document d'identité expiré;;
1017;SR;581346;Particuliers non commerciaux;950951;;;ANOMALIE - Document d'identité expiré;;
1017;SR;581263;Particuliers non commerciaux;948136;;;ANOMALIE - Document d'identité expiré;;
1017;SR;581457;Particuliers non commerciaux;955821;;;ANOMALIE - Document d'identité expiré;;
1017;SR;581475;Particuliers non commerciaux;956460;;;ANOMALIE - Document d'identité expiré;;
1017;SR;581467;Particuliers non commerciaux;956233;;;ANOMALIE - Document d'identité expiré;;
1017;SR;581566;Particuliers non commerciaux;961302;;;ANOMALIE - Document d'identité expiré;;
1017;SR;581626;Particuliers non commerciaux;965234;;;ANOMALIE - Document d'identité expiré;;
1017;SR;581517;Particuliers non commerciaux;959099;;;ANOMALIE - Document d'identité expiré;;
1017;SR;581585;Particuliers non commerciaux;962248;;;ANOMALIE - Document d'identité expiré;;
1017;SR;581738;Particuliers non commerciaux;972913;;;ANOMALIE - Document d'identité expiré;;
1017;SR;581721;Particuliers non commerciaux;971868;;;ANOMALIE - Document d'identité expiré;;
1017;SR;581687;Particuliers non commerciaux;968483;;;ANOMALIE - Document d'identité expiré;;
1017;SR;581794;Particuliers non commerciaux;976562;;;ANOMALIE - Document d'identité expiré;;
1017;SR;581803;Particuliers non commerciaux;976766;;;ANOMALIE - Document d'identité expiré;;
1017;SR;581859;Particuliers non commerciaux;979787;;;ANOMALIE - Document d'identité expiré;;
1017;SR;582540;Particuliers non commerciaux;992214;ANOMALIE - Mineur de plus de 21 ans;;ANOMALIE - Document d'identité expiré;;
1017;SR;582226;Particuliers non commerciaux;989309;;;ANOMALIE - Document d'identité expiré;;
1017;SR;582364;Particuliers non commerciaux;990259;ANOMALIE - Mineur de plus de 21 ans;;;;
1017;SR;582259;Particuliers non commerciaux;989534;ANOMALIE - Mineur de plus de 21 ans;;;;
1017;SR;582106;Particuliers non commerciaux;987330;ANOMALIE - Mineur de plus de 21 ans;;;;
1017;SR;582084;Particuliers non commerciaux;987123;ANOMALIE - Mineur de plus de 21 ans;;ANOMALIE - Document d'identité expiré;;
1017;SR;582038;Particuliers non commerciaux;985814;;;ANOMALIE - Document d'identité expiré;;
1017;SR;583206;Particuliers non commerciaux;1000595;ANOMALIE - Mineur de plus de 21 ans;;;;
1017;SR;583230;Particuliers non commerciaux;1001816;;;ANOMALIE - Document d'identité expiré;;
1017;SR;583024;Particuliers non commerciaux;997606;;;ANOMALIE - Document d'identité expiré;;
1017;SR;583368;Particuliers non commerciaux;1009799;ANOMALIE - Mineur de plus de 21 ans;;;;
1017;SR;583422;Particuliers non commerciaux;1012931;;;ANOMALIE - Document d'identité expiré;;
1017;SR;583544;Particuliers non commerciaux;1016674;ANOMALIE - Mineur de plus de 21 ans;;;;
1017;SR;583525;Particuliers non commerciaux;1016423;;;ANOMALIE - Document d'identité expiré;;
1017;SR;583645;Particuliers non commerciaux;1023436;ANOMALIE - Mineur de plus de 21 ans;;;;
1017;SR;583758;Particuliers non commerciaux;1026042;ANOMALIE - Mineur de plus de 21 ans;;;;
1017;SR;583983;Particuliers non commerciaux;1033152;ANOMALIE - Mineur de plus de 21 ans;;;;
1017;SR;583987;Particuliers non commerciaux;1033235;;;ANOMALIE - Document d'identité expiré;;
1017;SR;584055;Particuliers non commerciaux;1037049;ANOMALIE - Mineur de plus de 21 ans;;;;
1017;SR;584295;Particuliers non commerciaux;1045740;ANOMALIE - Mineur de plus de 21 ans;;;;
1017;SR;584274;Particuliers non commerciaux;1044429;;;ANOMALIE - Document d'identité expiré;;
1017;SR;186855;Particuliers non commerciaux;22663;;;ANOMALIE - Document d'identité expiré;;
1017;SR;480211;PARTICULIERS SALARIES;36916;;;ANOMALIE - Document d'identité expiré;;
1017;SR;577338;;123625;;;ANOMALIE - Document d'identité expiré;;
1017;SR;577191;Enseignement elementaire et seco;121526;;;ANOMALIE - Document d'identité expiré;;
1017;SR;577081;Autres services NCA;120383;;;ANOMALIE - Document d'identité expiré;;
1017;SR;577491;;125870;;;ANOMALIE - Document d'identité expiré;;
1017;SR;577494;;125891;;;ANOMALIE - Document d'identité expiré;;
1017;SR;577043;Autres services NCA;119671;;;ANOMALIE - Document d'identité expiré;;
1017;SR;577236;COMMERCE DE DETAIL;122417;;;ANOMALIE - Document d'identité expiré;;
1017;SR;577245;Services de soins de sante;122515;;;ANOMALIE - Document d'identité expiré;;
1017;SR;577696;;129544;;;ANOMALIE - Document d'identité expiré;;
1017;SR;577943;;133763;ANOMALIE - Mineur de plus de 21 ans;;;;
1017;SR;578074;Autres services NCA;135413;;;ANOMALIE - Document d'identité expiré;;
1017;SR;577866;;132338;;;ANOMALIE - Document d'identité expiré;;
1017;SR;577889;;132796;;;ANOMALIE - Document d'identité expiré;;
1017;SR;578102;;135762;;;ANOMALIE - Document d'identité expiré;;
1017;SR;578119;Autres services NCA;136097;;;ANOMALIE - Document d'identité expiré;;
1017;SR;578215;;138359;;;ANOMALIE - Document d'identité expiré;;
1017;SR;578439;;143139;;;ANOMALIE - Document d'identité expiré;;
1017;SR;578475;;143481;;;ANOMALIE - Document d'identité expiré;;
1017;SR;578265;;139830;;;ANOMALIE - Document d'identité expiré;;
1017;SR;578247;;139141;;;ANOMALIE - Document d'identité expiré;;
1017;SR;578535;;144189;;;ANOMALIE - Document d'identité expiré;;
1017;SR;578357;;141341;ANOMALIE - Mineur de plus de 21 ans;;;;
1017;SR;578607;;146205;;;ANOMALIE - Document d'identité expiré;;
1017;SR;578592;Autres services NCA;145758;;;ANOMALIE - Document d'identité expiré;;
1017;SR;578576;Autres services NCA;145334;;;ANOMALIE - Document d'identité expiré;;
1017;SR;578570;Autres services NCA;145195;;;ANOMALIE - Document d'identité expiré;;
1017;SR;578594;;145806;;;ANOMALIE - Document d'identité expiré;;
1017;SR;578696;;147744;;;ANOMALIE - Document d'identité expiré;;
1017;SR;578952;;156815;;;ANOMALIE - Document d'identité expiré;;
1017;SR;578847;;152921;;;ANOMALIE - Document d'identité expiré;;
1017;SR;579054;;159184;ANOMALIE - Mineur de plus de 21 ans;;;;
1017;SR;579096;;160594;;;ANOMALIE - Document d'identité expiré;;
1017;SR;579069;;159615;ANOMALIE - Mineur de plus de 21 ans;;;;
1017;SR;579037;;158889;;;ANOMALIE - Document d'identité expiré;;
1017;SR;579078;;159977;;;ANOMALIE - Document d'identité expiré;;
1017;SR;578988;Autres services NCA;158233;;;ANOMALIE - Document d'identité expiré;;
1017;SR;579135;;161646;;;ANOMALIE - Document d'identité expiré;;
1017;SR;579248;Autres services NCA;163895;;;ANOMALIE - Document d'identité expiré;;
1017;SR;579279;;164877;;;ANOMALIE - Document d'identité expiré;;
1017;SR;579214;;162866;;;ANOMALIE - Document d'identité expiré;;
1017;SR;579388;;167146;;;ANOMALIE - Document d'identité expiré;;
1017;SR;579578;;169559;;;ANOMALIE - Document d'identité expiré;;
1017;SR;579548;;169242;;;ANOMALIE - Document d'identité expiré;;
1017;SR;579627;;170185;;;ANOMALIE - Document d'identité expiré;;
1017;SR;579505;;168701;;;ANOMALIE - Document d'identité expiré;;
1017;SR;579623;;170155;ANOMALIE - Mineur de plus de 21 ans;;;;
1017;SR;579664;;170704;ANOMALIE - Mineur de plus de 21 ans;;ANOMALIE - Document d'identité expiré;;
1017;SR;579936;;173760;ANOMALIE - Mineur de plus de 21 ans;;ANOMALIE - Document d'identité expiré;;
1017;SR;580213;;178899;;;ANOMALIE - Document d'identité expiré;;
1017;SR;579821;;172459;;;ANOMALIE - Document d'identité expiré;;
1017;SR;579771;;171909;;;ANOMALIE - Document d'identité expiré;;
1017;SR;580160;;177350;;;ANOMALIE - Document d'identité expiré;;
1017;SR;579927;;173651;;;ANOMALIE - Document d'identité expiré;;
1017;SR;579642;;170399;ANOMALIE - Mineur de plus de 21 ans;;ANOMALIE - Document d'identité expiré;;
1017;SR;580082;;175786;;;ANOMALIE - Document d'identité expiré;;
1017;SR;580045;;175218;;;ANOMALIE - Document d'identité expiré;;
1017;SR;579885;;173131;;;ANOMALIE - Document d'identité expiré;;
1017;SR;579663;;170703;ANOMALIE - Mineur de plus de 21 ans;;ANOMALIE - Document d'identité expiré;;
1017;SR;580006;;174656;;;ANOMALIE - Document d'identité expiré;;
1017;SR;579744;;171616;ANOMALIE - Mineur de plus de 21 ans;;ANOMALIE - Document d'identité expiré;;
1017;SR;580454;;187536;;;ANOMALIE - Document d'identité expiré;;
1017;SR;580284;;181985;;;ANOMALIE - Document d'identité expiré;;
1017;SR;580460;;187633;;;ANOMALIE - Document d'identité expiré;;
1017;SR;580468;;187808;;;ANOMALIE - Document d'identité expiré;;
1017;SR;580349;;184134;;;ANOMALIE - Document d'identité expiré;;
1017;SR;580630;;191722;ANOMALIE - Mineur de plus de 21 ans;;ANOMALIE - Document d'identité expiré;;
1017;SR;580571;;190330;;;ANOMALIE - Document d'identité expiré;;
1017;SR;580577;;190413;;;ANOMALIE - Document d'identité expiré;;
1017;SR;580548;;189794;;;ANOMALIE - Document d'identité expiré;;
1017;SR;580656;;192539;;;ANOMALIE - Document d'identité expiré;;
1017;SR;580692;Papier et produit du papier;193673;;;ANOMALIE - Document d'identité expiré;;
1017;SR;580774;;196280;;;ANOMALIE - Document d'identité expiré;;
1017;SR;580653;;192509;;;ANOMALIE - Document d'identité expiré;;
1017;SR;580816;;197626;ANOMALIE - Mineur de plus de 21 ans;;ANOMALIE - Document d'identité expiré;;
1017;SR;580850;TRANS VOIES NAVIG ET INT;198501;;;ANOMALIE - Document d'identité expiré;;
1017;SR;580855;Particuliers non commerciaux;198693;;;ANOMALIE - Document d'identité expiré;;
1017;SR;580917;Particuliers non commerciaux;200312;;;ANOMALIE - Document d'identité expiré;;
1017;SR;580880;Particuliers non commerciaux;199203;;;ANOMALIE - Document d'identité expiré;;
1017;SR;580893;Particuliers non commerciaux;199581;;;ANOMALIE - Document d'identité expiré;;
1017;SR;580979;Particuliers non commerciaux;934251;;;ANOMALIE - Document d'identité expiré;;
1017;SR;581009;Particuliers non commerciaux;936390;;;ANOMALIE - Document d'identité expiré;;
1017;SR;581029;Particuliers non commerciaux;937683;;;ANOMALIE - Document d'identité expiré;;
1017;SR;581110;Particuliers non commerciaux;943256;;;ANOMALIE - Document d'identité expiré;;
1017;SR;581107;Particuliers non commerciaux;943205;;;ANOMALIE - Document d'identité expiré;;
1017;SR;581060;Particuliers non commerciaux;939459;ANOMALIE - Mineur de plus de 21 ans;;ANOMALIE - Document d'identité expiré;;
1017;SR;581071;Particuliers non commerciaux;940540;;;ANOMALIE - Document d'identité expiré;;
1017;SR;581042;Particuliers non commerciaux;938625;;;ANOMALIE - Document d'identité expiré;;
1017;SR;581051;Particuliers non commerciaux;938961;;;ANOMALIE - Document d'identité expiré;;
1017;SR;581239;Particuliers non commerciaux;947251;;;ANOMALIE - Document d'identité expiré;;
1017;SR;581242;Particuliers non commerciaux;947316;;;ANOMALIE - Document d'identité expiré;;
1017;SR;581314;Particuliers non commerciaux;949570;;;ANOMALIE - Document d'identité expiré;;
1017;SR;581390;Autres ind de services public;952444;;;ANOMALIE - Document d'identité expiré;;
1017;SR;581243;Particuliers non commerciaux;947340;;;ANOMALIE - Document d'identité expiré;;
1017;SR;581236;Particuliers non commerciaux;947138;;;ANOMALIE - Document d'identité expiré;;
1017;SR;581384;Particuliers non commerciaux;952287;;;ANOMALIE - Document d'identité expiré;;
1017;SR;581386;Particuliers non commerciaux;952294;;;ANOMALIE - Document d'identité expiré;;
1017;SR;581357;Particuliers non commerciaux;951240;;;ANOMALIE - Document d'identité expiré;;
1017;SR;581316;Particuliers non commerciaux;949639;;;ANOMALIE - Document d'identité expiré;;
1017;SR;581257;Particuliers non commerciaux;947973;ANOMALIE - Mineur de plus de 21 ans;;ANOMALIE - Document d'identité expiré;;
1017;SR;581377;Particuliers non commerciaux;952040;;;ANOMALIE - Document d'identité expiré;;
1017;SR;581639;Particuliers non commerciaux;965776;ANOMALIE - Mineur de plus de 21 ans;;ANOMALIE - Document d'identité expiré;;
1017;SR;581677;Particuliers non commerciaux;967859;;;ANOMALIE - Document d'identité expiré;;
1017;SR;581716;Particuliers non commerciaux;971269;;;ANOMALIE - Document d'identité expiré;;
1017;SR;581664;Particuliers non commerciaux;967318;;;ANOMALIE - Document d'identité expiré;;
1017;SR;581747;Particuliers non commerciaux;973355;;;ANOMALIE - Document d'identité expiré;;
1017;SR;581712;Particuliers non commerciaux;971124;;;ANOMALIE - Document d'identité expiré;;
1017;SR;581832;Particuliers non commerciaux;978239;;;ANOMALIE - Document d'identité expiré;;
1017;SR;581811;Particuliers non commerciaux;977343;;;ANOMALIE - Document d'identité expiré;;
1017;SR;581910;Particuliers non commerciaux;981832;;;ANOMALIE - Document d'identité expiré;;
1017;SR;581967;Particuliers non commerciaux;984419;;;ANOMALIE - Document d'identité expiré;;
1017;SR;581930;Particuliers non commerciaux;982563;;;ANOMALIE - Document d'identité expiré;;
1017;SR;581985;Particuliers non commerciaux;984762;;;ANOMALIE - Document d'identité expiré;;
1017;SR;581997;Particuliers non commerciaux;985058;;;ANOMALIE - Document d'identité expiré;;
1017;SR;582216;Particuliers non commerciaux;989194;ANOMALIE - Mineur de plus de 21 ans;;;;
1017;SR;582033;Particuliers non commerciaux;985533;ANOMALIE - Mineur de plus de 21 ans;;ANOMALIE - Document d'identité expiré;;
1017;SR;582669;Particuliers non commerciaux;993860;;;ANOMALIE - Document d'identité expiré;;
1017;SR;583088;Particuliers non commerciaux;998641;;;ANOMALIE - Document d'identité expiré;;
1017;SR;583027;Particuliers non commerciaux;997634;ANOMALIE - Mineur de plus de 21 ans;;;;
1017;SR;583280;Particuliers non commerciaux;1004061;ANOMALIE - Mineur de plus de 21 ans;;ANOMALIE - Document d'identité expiré;;
1017;SR;583357;Particuliers non commerciaux;1009219;ANOMALIE - Mineur de plus de 21 ans;;;;
1017;SR;583396;Particuliers non commerciaux;1011030;ANOMALIE - Mineur de plus de 21 ans;;ANOMALIE - Document d'identité expiré;;
1017;SR;583431;Particuliers non commerciaux;1013361;;;ANOMALIE - Document d'identité expiré;;
1017;SR;583449;Particuliers non commerciaux;1014533;;;ANOMALIE - Document d'identité expiré;;
1017;SR;583506;Particuliers non commerciaux;1016320;;;ANOMALIE - Document d'identité expiré;;
1017;SR;583510;Particuliers non commerciaux;1016347;;;ANOMALIE - Document d'identité expiré;;
1017;SR;581180;Particuliers non commerciaux;945113;ANOMALIE - Mineur de plus de 21 ans;;ANOMALIE - Document d'identité expiré;;
1017;SR;583829;Particuliers non commerciaux;1027936;ANOMALIE - Mineur de plus de 21 ans;;;;
1017;SR;583960;Particuliers non commerciaux;1032641;ANOMALIE - Mineur de plus de 21 ans;;;;
1017;SR;584072;Particuliers non commerciaux;1037625;ANOMALIE - Mineur de plus de 21 ans;;ANOMALIE - Document d'identité expiré;;
1017;SR;584090;Particuliers non commerciaux;1038566;;;ANOMALIE - Document d'identité expiré;;
1017;SR;584066;Particuliers non commerciaux;1037465;;;ANOMALIE - Document d'identité expiré;;
1017;SR;584255;Particuliers non commerciaux;1043793;ANOMALIE - Mineur de plus de 21 ans;;;;
1017;SR;584264;Particuliers non commerciaux;1043958;ANOMALIE - Mineur de plus de 21 ans;;;;
1017;SR;584194;Particuliers non commerciaux;1042662;ANOMALIE - Mineur de plus de 21 ans;;;;
1017;SR;584343;Particuliers non commerciaux;1048640;ANOMALIE - Mineur de plus de 21 ans;;;;
1017;SR;584382;Particuliers non commerciaux;1050245;ANOMALIE - Mineur de plus de 21 ans;;;;
1017;SR;584438;Particuliers non commerciaux;1053666;ANOMALIE - Mineur de plus de 21 ans;;;;
1017;SR;577331;Autres services NCA;123491;;;ANOMALIE - Document d'identité expiré;;
1017;SR;311878;PARTICULIERS SALARIES;61379;;;ANOMALIE - Document d'identité expiré;;
1017;SR;577241;COMMERCE DE DETAIL;122458;;;ANOMALIE - Document d'identité expiré;;
1017;SR;711048;;115178;ANOMALIE - Mineur de plus de 21 ans;;ANOMALIE - Document d'identité expiré;;
1017;SR;577101;Autres services NCA;120590;ANOMALIE - Mineur de plus de 21 ans;;ANOMALIE - Document d'identité expiré;;
1017;SR;578067;;135351;ANOMALIE - Mineur de plus de 21 ans;;;;
1017;SR;577790;;130990;;;ANOMALIE - Document d'identité expiré;;
1017;SR;578014;Autres services NCA;134587;;;ANOMALIE - Document d'identité expiré;;
1017;SR;577844;;131812;;;ANOMALIE - Document d'identité expiré;;
1017;SR;577826;Autres services NCA;131642;;;ANOMALIE - Document d'identité expiré;;
1017;SR;578176;;137387;ANOMALIE - Mineur de plus de 21 ans;;;;
1017;SR;578143;;136726;ANOMALIE - Mineur de plus de 21 ans;;ANOMALIE - Document d'identité expiré;;
1017;SR;578137;;136616;;;ANOMALIE - Document d'identité expiré;;
1017;SR;578175;;137373;;;ANOMALIE - Document d'identité expiré;;
1017;SR;578280;Autres services NCA;140183;;;ANOMALIE - Document d'identité expiré;;
1017;SR;578282;;140249;;;ANOMALIE - Document d'identité expiré;;
1017;SR;578284;;140356;;;ANOMALIE - Document d'identité expiré;;
1017;SR;578422;;143064;ANOMALIE - Mineur de plus de 21 ans;;;;
1017;SR;578334;;140992;;;ANOMALIE - Document d'identité expiré;;
1017;SR;578451;Autres produits NCA;143280;ANOMALIE - Mineur de plus de 21 ans;;;;
1017;SR;578469;;143396;ANOMALIE - Mineur de plus de 21 ans;;;;
1017;SR;578539;;144220;;;ANOMALIE - Document d'identité expiré;;
1017;SR;578560;;144954;;;ANOMALIE - Document d'identité expiré;;
1017;SR;578858;;153275;;;ANOMALIE - Document d'identité expiré;;
1017;SR;578961;Autres services NCA;157275;;;ANOMALIE - Document d'identité expiré;;
1017;SR;579032;;158640;;;ANOMALIE - Document d'identité expiré;;
1017;SR;579123;Autres services NCA;161359;;;ANOMALIE - Document d'identité expiré;;
1017;SR;579052;;159174;ANOMALIE - Mineur de plus de 21 ans;;;;
1017;SR;579283;;164950;;;ANOMALIE - Document d'identité expiré;;
1017;SR;579236;;163594;;;ANOMALIE - Document d'identité expiré;;
1017;SR;579293;;165375;;;ANOMALIE - Document d'identité expiré;;
1017;SR;579259;;164135;;;ANOMALIE - Document d'identité expiré;;
1017;SR;579361;;166782;;;ANOMALIE - Document d'identité expiré;;
1017;SR;579336;;166503;;;ANOMALIE - Document d'identité expiré;;
1017;SR;579428;;167623;;;ANOMALIE - Document d'identité expiré;;
1017;SR;579348;;166698;;;ANOMALIE - Document d'identité expiré;;
1017;SR;579430;;167646;;;ANOMALIE - Document d'identité expiré;;
1017;SR;579400;;167261;;;ANOMALIE - Document d'identité expiré;;
1017;SR;579409;;167375;;;ANOMALIE - Document d'identité expiré;;
1017;SR;579383;;167111;;;ANOMALIE - Document d'identité expiré;;
1017;SR;579561;;169406;;;ANOMALIE - Document d'identité expiré;;
1017;SR;579585;;169661;;;ANOMALIE - Document d'identité expiré;;
1017;SR;579491;;168464;;;ANOMALIE - Document d'identité expiré;;
1017;SR;579466;;168134;;;ANOMALIE - Document d'identité expiré;;
1017;SR;579912;PARTICULIERS SALARIES;173468;;;ANOMALIE - Document d'identité expiré;;
1017;SR;580122;;176443;;;ANOMALIE - Document d'identité expiré;;
1017;SR;579906;;173325;;;ANOMALIE - Document d'identité expiré;;
1017;SR;579657;;170641;ANOMALIE - Mineur de plus de 21 ans;;ANOMALIE - Document d'identité expiré;;
1017;SR;579662;;170700;ANOMALIE - Mineur de plus de 21 ans;;ANOMALIE - Document d'identité expiré;;
1017;SR;580108;;176175;;;ANOMALIE - Document d'identité expiré;;
1017;SR;580218;;179011;;;ANOMALIE - Document d'identité expiré;;
1017;SR;579909;;173378;;;ANOMALIE - Document d'identité expiré;;
1017;SR;579831;;172581;ANOMALIE - Mineur de plus de 21 ans;;ANOMALIE - Document d'identité expiré;;
1017;SR;579889;;173142;ANOMALIE - Mineur de plus de 21 ans;;;;
1017;SR;580232;Travaux sur chantier;179740;;;ANOMALIE - Document d'identité expiré;;
1017;SR;580350;;184286;;;ANOMALIE - Document d'identité expiré;;
1017;SR;580427;;186759;;;ANOMALIE - Document d'identité expiré;;
1017;SR;580414;;186327;;;ANOMALIE - Document d'identité expiré;;
1017;SR;580283;;181960;;;ANOMALIE - Document d'identité expiré;;
1017;SR;580478;;188022;;;ANOMALIE - Document d'identité expiré;;
1017;SR;580512;;188808;;;ANOMALIE - Document d'identité expiré;;
1017;SR;580599;;190872;;;ANOMALIE - Document d'identité expiré;;
1017;SR;580605;;190928;ANOMALIE - Mineur de plus de 21 ans;;ANOMALIE - Document d'identité expiré;;
1017;SR;580583;;190524;;;ANOMALIE - Document d'identité expiré;;
1017;SR;580764;;196141;;;ANOMALIE - Document d'identité expiré;;
1017;SR;580663;;192796;ANOMALIE - Mineur de plus de 21 ans;;ANOMALIE - Document d'identité expiré;;
1017;SR;580769;;196201;ANOMALIE - Mineur de plus de 21 ans;;ANOMALIE - Document d'identité expiré;;
1017;SR;580806;;197409;;;ANOMALIE - Document d'identité expiré;;
1017;SR;580914;Particuliers non commerciaux;200167;;;ANOMALIE - Document d'identité expiré;;
1017;SR;580870;Particuliers non commerciaux;198992;;;ANOMALIE - Document d'identité expiré;;
1017;SR;581027;Particuliers non commerciaux;937630;;;ANOMALIE - Document d'identité expiré;;
1017;SR;580993;Particuliers non commerciaux;935522;;;ANOMALIE - Document d'identité expiré;;
1017;SR;581082;Particuliers non commerciaux;941102;;;ANOMALIE - Document d'identité expiré;;
1017;SR;581184;Particuliers non commerciaux;945175;;;ANOMALIE - Document d'identité expiré;;
1017;SR;581208;Particuliers non commerciaux;946086;;;ANOMALIE - Document d'identité expiré;;
1017;SR;581052;Particuliers non commerciaux;938972;;;ANOMALIE - Document d'identité expiré;;
1017;SR;581246;Particuliers non commerciaux;947444;ANOMALIE - Mineur de plus de 21 ans;;ANOMALIE - Document d'identité expiré;;
1017;SR;581269;Particuliers non commerciaux;948315;ANOMALIE - Mineur de plus de 21 ans;;ANOMALIE - Document d'identité expiré;;
1017;SR;581609;Particuliers non commerciaux;964154;;;ANOMALIE - Document d'identité expiré;;
1017;SR;581521;Particuliers non commerciaux;959195;;;ANOMALIE - Document d'identité expiré;;
1017;SR;581546;Particuliers non commerciaux;960896;ANOMALIE - Mineur de plus de 21 ans;;;;
1017;SR;581780;Particuliers non commerciaux;975205;ANOMALIE - Mineur de plus de 21 ans;;;;
1017;SR;581867;Particuliers non commerciaux;980111;;;ANOMALIE - Document d'identité expiré;;
1017;SR;582494;Particuliers non commerciaux;991593;ANOMALIE - Mineur de plus de 21 ans;;;;
1017;SR;582688;Particuliers non commerciaux;993969;;;ANOMALIE - Document d'identité expiré;;
1017;SR;582698;Particuliers non commerciaux;994076;;;ANOMALIE - Document d'identité expiré;;
1017;SR;582487;Particuliers non commerciaux;991432;ANOMALIE - Mineur de plus de 21 ans;;;;
1017;SR;582374;Particuliers non commerciaux;990455;ANOMALIE - Mineur de plus de 21 ans;;;;
1017;SR;582902;Particuliers non commerciaux;996253;;;ANOMALIE - Document d'identité expiré;;
1017;SR;583073;Particuliers non commerciaux;998481;ANOMALIE - Mineur de plus de 21 ans;;ANOMALIE - Document d'identité expiré;;
1017;SR;583082;Particuliers non commerciaux;998573;;;ANOMALIE - Document d'identité expiré;;
1017;SR;583290;Particuliers non commerciaux;1004877;;;ANOMALIE - Document d'identité expiré;;
1017;SR;583330;Particuliers non commerciaux;1007232;;;ANOMALIE - Document d'identité expiré;;
1017;SR;583317;Particuliers non commerciaux;1006619;;;ANOMALIE - Document d'identité expiré;;
1017;SR;583408;Particuliers non commerciaux;1011871;;;ANOMALIE - Document d'identité expiré;;
1017;SR;583365;Particuliers non commerciaux;1009643;;;ANOMALIE - Document d'identité expiré;;
1017;SR;583648;Particuliers non commerciaux;1023862;;;ANOMALIE - Document d'identité expiré;;
1017;SR;583207;Particuliers non commerciaux;1000638;;;ANOMALIE - Document d'identité expiré;;
1017;SR;581809;Particuliers non commerciaux;977229;ANOMALIE - Mineur de plus de 21 ans;;ANOMALIE - Document d'identité expiré;;
1017;SR;583765;Particuliers non commerciaux;1026564;ANOMALIE - Mineur de plus de 21 ans;;;;
1017;SR;583981;Particuliers non commerciaux;1033101;;;ANOMALIE - Document d'identité expiré;;
1017;SR;583991;Particuliers non commerciaux;1033410;;;ANOMALIE - Document d'identité expiré;;
1017;SR;584130;Particuliers non commerciaux;1041221;;;ANOMALIE - Document d'identité expiré;;
1017;SR;584152;Particuliers non commerciaux;1041864;ANOMALIE - Mineur de plus de 21 ans;;;;
1017;SR;584377;comptes internes;1050165;;;ANOMALIE - Document d'identité expiré;;
1017;SR;209639;Particuliers non commerciaux;23101;;;ANOMALIE - Document d'identité expiré;;
1017;SR;707531;;32220;ANOMALIE - Mineur de plus de 21 ans;;;;
1017;SR;807404;PARTICULIERS SALARIES;35829;;;ANOMALIE - Document d'identité expiré;;
1017;SR;601317;PARTICULIERS SALARIES;45216;;;ANOMALIE - Document d'identité expiré;;
1017;SR;577206;Autres services NCA;121814;;;ANOMALIE - Document d'identité expiré;;
1017;SR;577349;;123807;;;ANOMALIE - Document d'identité expiré;;
1017;SR;577018;COMMERCE DE DETAIL;119186;;;ANOMALIE - Document d'identité expiré;;
1017;SR;577486;;125719;;;ANOMALIE - Document d'identité expiré;;
1017;SR;577013;;119096;;;ANOMALIE - Document d'identité expiré;;
1017;SR;577733;;130088;;;ANOMALIE - Document d'identité expiré;;
1017;SR;577580;;127412;;;ANOMALIE - Document d'identité expiré;;
1017;SR;577687;;129416;;;ANOMALIE - Document d'identité expiré;;
1017;SR;577636;;128526;;;ANOMALIE - Document d'identité expiré;;
1017;SR;577637;;128529;;;ANOMALIE - Document d'identité expiré;;
1017;SR;577561;Autres services NCA;127007;;;ANOMALIE - Document d'identité expiré;;
1017;SR;578038;;135085;;;ANOMALIE - Document d'identité expiré;;
1017;SR;578040;;135088;;;ANOMALIE - Document d'identité expiré;;
1017;SR;578037;;135010;;;ANOMALIE - Document d'identité expiré;;
1017;SR;577988;;134023;ANOMALIE - Mineur de plus de 21 ans;;;;
1017;SR;577942;Autres produits NCA;133759;ANOMALIE - Mineur de plus de 21 ans;;;;
1017;SR;578174;;137365;ANOMALIE - Mineur de plus de 21 ans;;ANOMALIE - Document d'identité expiré;;
1017;SR;578125;;136296;;;ANOMALIE - Document d'identité expiré;;
1017;SR;578128;Autres services NCA;136338;;;ANOMALIE - Document d'identité expiré;;
1017;SR;578217;;138469;;;ANOMALIE - Document d'identité expiré;;
1017;SR;578218;;138474;;;ANOMALIE - Document d'identité expiré;;
1017;SR;578388;;142063;;;ANOMALIE - Document d'identité expiré;;
1017;SR;578413;;142753;;;ANOMALIE - Document d'identité expiré;;
1017;SR;578448;;143243;ANOMALIE - Mineur de plus de 21 ans;;;;
1017;SR;578433;;143112;ANOMALIE - Mineur de plus de 21 ans;;;;
1017;SR;578276;;140041;;;ANOMALIE - Document d'identité expiré;;
1017;SR;578701;;147806;ANOMALIE - Mineur de plus de 21 ans;;;;
1017;SR;578583;;145565;;;ANOMALIE - Document d'identité expiré;;
1017;SR;578710;;148110;;;ANOMALIE - Document d'identité expiré;;
1017;SR;578765;;150004;;;ANOMALIE - Document d'identité expiré;;
1017;SR;578775;;150402;;;ANOMALIE - Document d'identité expiré;;
1017;SR;578777;;150601;;;ANOMALIE - Document d'identité expiré;;
1017;SR;578584;;145611;;;ANOMALIE - Document d'identité expiré;;
1017;SR;578895;Autres services NCA;153752;;;ANOMALIE - Document d'identité expiré;;
1017;SR;578854;;153204;ANOMALIE - Mineur de plus de 21 ans;;ANOMALIE - Document d'identité expiré;;
1017;SR;578908;;154335;;;ANOMALIE - Document d'identité expiré;;
1017;SR;578828;;152309;;;ANOMALIE - Document d'identité expiré;;
1017;SR;579117;;161240;;;ANOMALIE - Document d'identité expiré;;
1017;SR;578978;;158116;;;ANOMALIE - Document d'identité expiré;;
1017;SR;579128;;161469;;;ANOMALIE - Document d'identité expiré;;
1017;SR;579170;;161966;ANOMALIE - Mineur de plus de 21 ans;;;;
1017;SR;579227;;163276;;;ANOMALIE - Document d'identité expiré;;
1017;SR;579223;;163245;;;ANOMALIE - Document d'identité expiré;;
1017;SR;579311;;165868;;;ANOMALIE - Document d'identité expiré;;
1017;SR;579441;;167803;ANOMALIE - Mineur de plus de 21 ans;;;;
1017;SR;579564;Particuliers non commerciaux;169428;ANOMALIE - Mineur de plus de 21 ans;;;;
1017;SR;579590;;169742;;;ANOMALIE - Document d'identité expiré;;
1017;SR;579636;;170332;;;ANOMALIE - Document d'identité expiré;;
1017;SR;579544;;169216;;;ANOMALIE - Document d'identité expiré;;
1017;SR;580020;;174882;;;ANOMALIE - Document d'identité expiré;;
1017;SR;579675;;170830;ANOMALIE - Mineur de plus de 21 ans;;ANOMALIE - Document d'identité expiré;;
1017;SR;579780;Autres services NCA;172033;;;ANOMALIE - Document d'identité expiré;;
1017;SR;580132;;176636;;;ANOMALIE - Document d'identité expiré;;
1017;SR;579704;;171116;;;ANOMALIE - Document d'identité expiré;;
1017;SR;579991;;174434;;;ANOMALIE - Document d'identité expiré;;
1017;SR;580178;;177841;;;ANOMALIE - Document d'identité expiré;;
1017;SR;579767;;171862;ANOMALIE - Mineur de plus de 21 ans;;ANOMALIE - Document d'identité expiré;;
1017;SR;579929;;173660;;;ANOMALIE - Document d'identité expiré;;
1017;SR;580054;;175352;ANOMALIE - Mineur de plus de 21 ans;;ANOMALIE - Document d'identité expiré;;
1017;SR;579923;;173572;;;ANOMALIE - Document d'identité expiré;;
1017;SR;580031;;175033;;;ANOMALIE - Document d'identité expiré;;
1017;SR;579746;;171619;ANOMALIE - Mineur de plus de 21 ans;;ANOMALIE - Document d'identité expiré;;
1017;SR;580234;;179760;;;ANOMALIE - Document d'identité expiré;;
1017;SR;580452;;187441;;;ANOMALIE - Document d'identité expiré;;
1017;SR;580288;;182113;;;ANOMALIE - Document d'identité expiré;;
1017;SR;580416;;186410;;;ANOMALIE - Document d'identité expiré;;
1017;SR;580251;;180875;;;ANOMALIE - Document d'identité expiré;;
1017;SR;580500;;188538;;;ANOMALIE - Document d'identité expiré;;
1017;SR;580633;Autres services NCA;191824;;;ANOMALIE - Document d'identité expiré;;
1017;SR;580584;Autres services NCA;190562;;;ANOMALIE - Document d'identité expiré;;
1017;SR;580753;;195860;;;ANOMALIE - Document d'identité expiré;;
1017;SR;580691;;193666;;;ANOMALIE - Document d'identité expiré;;
1017;SR;580729;Autres services NCA;195152;;;ANOMALIE - Document d'identité expiré;;
1017;SR;580762;Autres services NCA;196099;;;ANOMALIE - Document d'identité expiré;;
1017;SR;580819;;197769;;;ANOMALIE - Document d'identité expiré;;
1017;SR;580864;Particuliers non commerciaux;198896;;;ANOMALIE - Document d'identité expiré;;
1017;SR;580886;Particuliers non commerciaux;199423;;;ANOMALIE - Document d'identité expiré;;
1017;SR;580942;Particuliers non commerciaux;201410;;;ANOMALIE - Document d'identité expiré;;
1017;SR;580989;Particuliers non commerciaux;935251;;;ANOMALIE - Document d'identité expiré;;
1017;SR;580978;Particuliers non commerciaux;934044;;;ANOMALIE - Document d'identité expiré;;
1017;SR;580969;Particuliers non commerciaux;933567;ANOMALIE - Mineur de plus de 21 ans;;ANOMALIE - Document d'identité expiré;;
1017;SR;581006;Particuliers non commerciaux;935939;;;ANOMALIE - Document d'identité expiré;;
1017;SR;580956;Particuliers non commerciaux;932918;;;ANOMALIE - Document d'identité expiré;;
1017;SR;581221;Particuliers non commerciaux;946584;ANOMALIE - Mineur de plus de 21 ans;;ANOMALIE - Document d'identité expiré;;
1017;SR;581191;Particuliers non commerciaux;945385;;;ANOMALIE - Document d'identité expiré;;
1017;SR;581161;UNIVERST ET GRDES ECOLES;944678;ANOMALIE - Mineur de plus de 21 ans;;ANOMALIE - Document d'identité expiré;;
1017;SR;581248;Particuliers non commerciaux;947489;;;ANOMALIE - Document d'identité expiré;;
1017;SR;581417;Particuliers non commerciaux;954065;;;ANOMALIE - Document d'identité expiré;;
1017;SR;581259;Particuliers non commerciaux;948037;;;ANOMALIE - Document d'identité expiré;;
1017;SR;581400;Particuliers non commerciaux;952887;ANOMALIE - Mineur de plus de 21 ans;;ANOMALIE - Document d'identité expiré;;
1017;SR;581262;Particuliers non commerciaux;948088;ANOMALIE - Mineur de plus de 21 ans;;ANOMALIE - Document d'identité expiré;;
1017;SR;581396;Particuliers non commerciaux;952636;;;ANOMALIE - Document d'identité expiré;;
1017;SR;581443;Particuliers non commerciaux;955643;ANOMALIE - Mineur de plus de 21 ans;;;;
1017;SR;581615;Particuliers non commerciaux;964433;ANOMALIE - Mineur de plus de 21 ans;;ANOMALIE - Document d'identité expiré;;
1017;SR;581560;Particuliers non commerciaux;961027;ANOMALIE - Mineur de plus de 21 ans;;;;
1017;SR;581637;Particuliers non commerciaux;965548;;;ANOMALIE - Document d'identité expiré;;
1017;SR;581528;Particuliers non commerciaux;959760;;;ANOMALIE - Document d'identité expiré;;
1017;SR;581532;Etat;960136;;;ANOMALIE - Document d'identité expiré;;
1017;SR;581645;Particuliers non commerciaux;966194;;;ANOMALIE - Document d'identité expiré;;
1017;SR;581644;Particuliers non commerciaux;965993;;;ANOMALIE - Document d'identité expiré;;
1017;SR;581672;Particuliers non commerciaux;967582;;;ANOMALIE - Document d'identité expiré;;
1017;SR;581773;Particuliers non commerciaux;974779;;;ANOMALIE - Document d'identité expiré;;
1017;SR;581826;Particuliers non commerciaux;977954;;;ANOMALIE - Document d'identité expiré;;
1017;SR;581847;Particuliers non commerciaux;979299;;;ANOMALIE - Document d'identité expiré;;
1017;SR;581917;Particuliers non commerciaux;982365;ANOMALIE - Mineur de plus de 21 ans;;ANOMALIE - Document d'identité expiré;;
1017;SR;582065;Particuliers non commerciaux;986881;;;ANOMALIE - Document d'identité expiré;;
1017;SR;582511;Particuliers non commerciaux;991834;ANOMALIE - Mineur de plus de 21 ans;;;;
1017;SR;582002;Particuliers non commerciaux;985097;ANOMALIE - Mineur de plus de 21 ans;;ANOMALIE - Document d'identité expiré;;
1017;SR;582217;Particuliers non commerciaux;989195;ANOMALIE - Mineur de plus de 21 ans;;;;
1017;SR;582587;Particuliers non commerciaux;992753;ANOMALIE - Mineur de plus de 21 ans;;;;
1017;SR;581995;Particuliers non commerciaux;985050;ANOMALIE - Mineur de plus de 21 ans;;ANOMALIE - Document d'identité expiré;;
1017;SR;582001;Particuliers non commerciaux;985083;ANOMALIE - Mineur de plus de 21 ans;;ANOMALIE - Document d'identité expiré;;
1017;SR;582689;Particuliers non commerciaux;994000;;;ANOMALIE - Document d'identité expiré;;
1017;SR;581992;Particuliers non commerciaux;984962;;;ANOMALIE - Document d'identité expiré;;
1017;SR;582198;Particuliers non commerciaux;988833;;;ANOMALIE - Document d'identité expiré;;
1017;SR;582942;Particuliers non commerciaux;996705;ANOMALIE - Mineur de plus de 21 ans;;;;
1017;SR;582863;Particuliers non commerciaux;995642;ANOMALIE - Mineur de plus de 21 ans;;;;
1017;SR;582941;Particuliers non commerciaux;996701;ANOMALIE - Mineur de plus de 21 ans;;;;
1017;SR;583222;Particuliers non commerciaux;1001434;ANOMALIE - Mineur de plus de 21 ans;;;;
1017;SR;583039;Particuliers non commerciaux;997830;;;ANOMALIE - Document d'identité expiré;;
1017;SR;583152;Particuliers non commerciaux;999570;ANOMALIE - Mineur de plus de 21 ans;;ANOMALIE - Document d'identité expiré;;
1017;SR;583305;Particuliers non commerciaux;1005799;ANOMALIE - Mineur de plus de 21 ans;;ANOMALIE - Document d'identité expiré;;
1017;SR;583266;Particuliers non commerciaux;1003503;;;ANOMALIE - Document d'identité expiré;;
1017;SR;583361;Particuliers non commerciaux;1009572;;;ANOMALIE - Document d'identité expiré;;
1017;SR;583335;Particuliers non commerciaux;1008053;;;ANOMALIE - Document d'identité expiré;;
1017;SR;583439;Particuliers non commerciaux;1013829;;;ANOMALIE - Document d'identité expiré;;
1017;SR;583590;Particuliers non commerciaux;1019895;;;ANOMALIE - Document d'identité expiré;;
1017;SR;583589;Particuliers non commerciaux;1019772;;;ANOMALIE - Document d'identité expiré;;
1017;SR;583530;Particuliers non commerciaux;1016474;;;ANOMALIE - Document d'identité expiré;;
1017;SR;583490;Particuliers non commerciaux;1016212;;;ANOMALIE - Document d'identité expiré;;
1017;SR;583644;Particuliers non commerciaux;1023431;ANOMALIE - Mineur de plus de 21 ans;;;;
1017;SR;583601;Particuliers non commerciaux;1020814;;;ANOMALIE - Document d'identité expiré;;
1017;SR;583626;Particuliers non commerciaux;1022531;;;ANOMALIE - Document d'identité expiré;;
1017;SR;583698;Particuliers non commerciaux;1025166;ANOMALIE - Mineur de plus de 21 ans;;;;
1017;SR;583639;Particuliers non commerciaux;1023210;;;ANOMALIE - Document d'identité expiré;;
1017;SR;584243;Particuliers non commerciaux;1043543;ANOMALIE - Mineur de plus de 21 ans;;;;
1017;SR;584158;Particuliers non commerciaux;1041914;ANOMALIE - Mineur de plus de 21 ans;;;;
1017;SR;584237;Particuliers non commerciaux;1043524;ANOMALIE - Mineur de plus de 21 ans;;;;
1017;SR;584182;Particuliers non commerciaux;1042546;;;ANOMALIE - Document d'identité expiré;;
1017;SR;584186;Particuliers non commerciaux;1042560;ANOMALIE - Mineur de plus de 21 ans;;;;
1017;SR;584201;Particuliers non commerciaux;1042740;ANOMALIE - Mineur de plus de 21 ans;;;;
1017;SR;584330;Particuliers non commerciaux;1047683;ANOMALIE - Mineur de plus de 21 ans;;;;
1017;SR;809177;PARTICULIERS SALARIES;81729;;;ANOMALIE - Document d'identité expiré;;
1017;SR;577384;;124349;;;ANOMALIE - Document d'identité expiré;;
1017;SR;577262;Autres services NCA;122683;;;ANOMALIE - Document d'identité expiré;;
1017;SR;577019;COMMERCE DE DETAIL;119188;;;ANOMALIE - Document d'identité expiré;;
1017;SR;577022;COMMERCE DE DETAIL;119247;;;ANOMALIE - Document d'identité expiré;;
1017;SR;577162;Autres services NCA;121182;;;ANOMALIE - Document d'identité expiré;;
1017;SR;577727;;130002;;;ANOMALIE - Document d'identité expiré;;
1017;SR;577654;;128756;;;ANOMALIE - Document d'identité expiré;;
1017;SR;577985;Autres services NCA;133997;;;ANOMALIE - Document d'identité expiré;;
1017;SR;577755;;130477;;;ANOMALIE - Document d'identité expiré;;
1017;SR;578069;;135397;;;ANOMALIE - Document d'identité expiré;;
1017;SR;578287;;140464;;;ANOMALIE - Document d'identité expiré;;
1017;SR;578454;;143287;ANOMALIE - Mineur de plus de 21 ans;;;;
1017;SR;578314;;1030926;;;ANOMALIE - Document d'identité expiré;;
1017;SR;578249;;139188;;;ANOMALIE - Document d'identité expiré;;
1017;SR;578416;;142860;ANOMALIE - Mineur de plus de 21 ans;;ANOMALIE - Document d'identité expiré;;
1017;SR;578704;;147813;;;ANOMALIE - Document d'identité expiré;;
1017;SR;578730;;149047;;;ANOMALIE - Document d'identité expiré;;
1017;SR;578663;;147400;ANOMALIE - Mineur de plus de 21 ans;;;;
1017;SR;578585;;145616;;;ANOMALIE - Document d'identité expiré;;
1017;SR;578864;Autres services NCA;153330;;;ANOMALIE - Document d'identité expiré;;
1017;SR;578944;Autres services NCA;156635;;;ANOMALIE - Document d'identité expiré;;
1017;SR;578945;;156638;;;ANOMALIE - Document d'identité expiré;;
1017;SR;578948;;156665;;;ANOMALIE - Document d'identité expiré;;
1017;SR;578860;Autres services NCA;153283;;;ANOMALIE - Document d'identité expiré;;
1017;SR;579004;;158347;ANOMALIE - Mineur de plus de 21 ans;;;;
1017;SR;579125;;161402;;;ANOMALIE - Document d'identité expiré;;
1017;SR;579072;;159714;;;ANOMALIE - Document d'identité expiré;;
1017;SR;579237;;163620;;;ANOMALIE - Document d'identité expiré;;
1017;SR;579301;;165561;;;ANOMALIE - Document d'identité expiré;;
1017;SR;579316;;166180;;;ANOMALIE - Document d'identité expiré;;
1017;SR;579273;;164417;ANOMALIE - Mineur de plus de 21 ans;;ANOMALIE - Document d'identité expiré;;
1017;SR;579209;;162736;ANOMALIE - Mineur de plus de 21 ans;;ANOMALIE - Document d'identité expiré;;
1017;SR;579218;;163047;;;ANOMALIE - Document d'identité expiré;;
1017;SR;579394;;167315;;;ANOMALIE - Document d'identité expiré;;
1017;SR;579328;;166441;;;ANOMALIE - Document d'identité expiré;;
1017;SR;579340;;166510;;;ANOMALIE - Document d'identité expiré;;
1017;SR;579392;;167165;;;ANOMALIE - Document d'identité expiré;;
1017;SR;579470;;168214;;;ANOMALIE - Document d'identité expiré;;
1017;SR;579747;;171623;;;ANOMALIE - Document d'identité expiré;;
1017;SR;579800;;172252;ANOMALIE - Mineur de plus de 21 ans;;ANOMALIE - Document d'identité expiré;;
1017;SR;580210;;178823;;;ANOMALIE - Document d'identité expiré;;
1017;SR;579824;;172470;;;ANOMALIE - Document d'identité expiré;;
1017;SR;579762;;171823;;;ANOMALIE - Document d'identité expiré;;
1017;SR;580126;;176524;;;ANOMALIE - Document d'identité expiré;;
1017;SR;579643;;170413;;;ANOMALIE - Document d'identité expiré;;
1017;SR;579790;;172176;;;ANOMALIE - Document d'identité expiré;;
1017;SR;579818;;172398;;;ANOMALIE - Document d'identité expiré;;
1017;SR;579896;;173235;;;ANOMALIE - Document d'identité expiré;;
1017;SR;580080;;175722;;;ANOMALIE - Document d'identité expiré;;
1017;SR;579710;;171209;ANOMALIE - Mineur de plus de 21 ans;;ANOMALIE - Document d'identité expiré;;
1017;SR;580369;Autres services NCA;184863;;;ANOMALIE - Document d'identité expiré;;
1017;SR;580459;Autres services NCA;187632;;;ANOMALIE - Document d'identité expiré;;
1017;SR;580480;;188061;;;ANOMALIE - Document d'identité expiré;;
1017;SR;580440;;187137;;;ANOMALIE - Document d'identité expiré;;
1017;SR;580391;;185598;ANOMALIE - Mineur de plus de 21 ans;;ANOMALIE - Document d'identité expiré;;
1017;SR;580477;;187979;;;ANOMALIE - Document d'identité expiré;;
1017;SR;580483;;188129;;;ANOMALIE - Document d'identité expiré;;
1017;SR;580339;;183844;;;ANOMALIE - Document d'identité expiré;;
1017;SR;580492;;188304;;;ANOMALIE - Document d'identité expiré;;
1017;SR;580348;;184133;;;ANOMALIE - Document d'identité expiré;;
1017;SR;580555;;189878;ANOMALIE - Mineur de plus de 21 ans;;ANOMALIE - Document d'identité expiré;;
1017;SR;580750;;195836;;;ANOMALIE - Document d'identité expiré;;
1017;SR;580682;;193406;;;ANOMALIE - Document d'identité expiré;;
1017;SR;580810;;197451;;;ANOMALIE - Document d'identité expiré;;
1017;SR;580802;;197248;;;ANOMALIE - Document d'identité expiré;;
1017;SR;580862;Particuliers non commerciaux;198873;;;ANOMALIE - Document d'identité expiré;;
1017;SR;580858;Particuliers non commerciaux;198760;;;ANOMALIE - Document d'identité expiré;;
1017;SR;580868;Service de defense national;198941;;;ANOMALIE - Document d'identité expiré;;
1017;SR;580943;Particuliers non commerciaux;201416;;;ANOMALIE - Document d'identité expiré;;
1017;SR;580891;Particuliers non commerciaux;199540;;;ANOMALIE - Document d'identité expiré;;
1017;SR;581183;Particuliers non commerciaux;945158;;;ANOMALIE - Document d'identité expiré;;
1017;SR;581040;Particuliers non commerciaux;938536;;;ANOMALIE - Document d'identité expiré;;
1017;SR;581163;Particuliers non commerciaux;944690;ANOMALIE - Mineur de plus de 21 ans;;ANOMALIE - Document d'identité expiré;;
1017;SR;581108;Particuliers non commerciaux;943207;ANOMALIE - Mineur de plus de 21 ans;;ANOMALIE - Document d'identité expiré;;
1017;SR;581395;Particuliers non commerciaux;952594;;;ANOMALIE - Document d'identité expiré;;
1017;SR;581260;Particuliers non commerciaux;948049;;;ANOMALIE - Document d'identité expiré;;
1017;SR;581238;Particuliers non commerciaux;947231;;;ANOMALIE - Document d'identité expiré;;
1017;SR;581352;Particuliers non commerciaux;951048;;;ANOMALIE - Document d'identité expiré;;
1017;SR;581495;Particuliers non commerciaux;957908;;;ANOMALIE - Document d'identité expiré;;
1017;SR;581442;Particuliers non commerciaux;955627;;;ANOMALIE - Document d'identité expiré;;
1017;SR;581607;Particuliers non commerciaux;963934;;;ANOMALIE - Document d'identité expiré;;
1017;SR;581523;Particuliers non commerciaux;959410;;;ANOMALIE - Document d'identité expiré;;
1017;SR;581539;Particuliers non commerciaux;960682;;;ANOMALIE - Document d'identité expiré;;
1017;SR;581656;Particuliers non commerciaux;966698;;;ANOMALIE - Document d'identité expiré;;
1017;SR;581728;Particuliers non commerciaux;972552;;;ANOMALIE - Document d'identité expiré;;
1017;SR;581817;Particuliers non commerciaux;977742;;;ANOMALIE - Document d'identité expiré;;
1017;SR;581852;Particuliers non commerciaux;979369;ANOMALIE - Mineur de plus de 21 ans;;;;
1017;SR;581885;Particuliers non commerciaux;981021;;;ANOMALIE - Document d'identité expiré;;
1017;SR;582040;Particuliers non commerciaux;986110;ANOMALIE - Mineur de plus de 21 ans;;ANOMALIE - Document d'identité expiré;;
1017;SR;582063;Particuliers non commerciaux;986766;;;ANOMALIE - Document d'identité expiré;;
1017;SR;582092;Particuliers non commerciaux;987207;ANOMALIE - Mineur de plus de 21 ans;;ANOMALIE - Document d'identité expiré;;
1017;SR;582331;Particuliers non commerciaux;989996;ANOMALIE - Mineur de plus de 21 ans;;;;
1017;SR;582479;Particuliers non commerciaux;991324;ANOMALIE - Mineur de plus de 21 ans;;;;
1017;SR;582822;Particuliers non commerciaux;995243;ANOMALIE - Mineur de plus de 21 ans;;ANOMALIE - Document d'identité expiré;;
1017;SR;582923;Particuliers non commerciaux;996591;;;ANOMALIE - Document d'identité expiré;;
1017;SR;583203;Particuliers non commerciaux;1000592;ANOMALIE - Mineur de plus de 21 ans;;;;
1017;SR;583134;Particuliers non commerciaux;999329;ANOMALIE - Mineur de plus de 21 ans;;;;
1017;SR;583331;Particuliers non commerciaux;1007264;ANOMALIE - Mineur de plus de 21 ans;;ANOMALIE - Document d'identité expiré;;
1017;SR;583329;Particuliers non commerciaux;1007149;;;ANOMALIE - Document d'identité expiré;;
1017;SR;583333;Particuliers non commerciaux;1007435;ANOMALIE - Mineur de plus de 21 ans;;ANOMALIE - Document d'identité expiré;;
1017;SR;583538;Particuliers non commerciaux;1016498;ANOMALIE - Mineur de plus de 21 ans;;;;
1017;SR;583369;Particuliers non commerciaux;1009933;ANOMALIE - Mineur de plus de 21 ans;;ANOMALIE - Document d'identité expiré;;
1017;SR;583693;Particuliers non commerciaux;1024954;ANOMALIE - Mineur de plus de 21 ans;;;;
1017;SR;583830;Particuliers non commerciaux;1027948;;;ANOMALIE - Document d'identité expiré;;
1017;SR;583879;Particuliers non commerciaux;1029089;ANOMALIE - Mineur de plus de 21 ans;;ANOMALIE - Document d'identité expiré;;
1017;SR;583930;Particuliers non commerciaux;1031906;ANOMALIE - Mineur de plus de 21 ans;;;;
1017;SR;583952;Particuliers non commerciaux;1032483;ANOMALIE - Mineur de plus de 21 ans;;;;
1017;SR;584213;Particuliers non commerciaux;1042959;;;ANOMALIE - Document d'identité expiré;;
1017;SR;584198;Particuliers non commerciaux;1042672;ANOMALIE - Mineur de plus de 21 ans;;;;
1017;SR;584199;Particuliers non commerciaux;1042681;ANOMALIE - Mineur de plus de 21 ans;;;;
1017;SR;584381;Particuliers non commerciaux;1050242;;;ANOMALIE - Document d'identité expiré;;
1017;X0;584545;Particuliers non commerciaux;4208171;ANOMALIE - Mineur de plus de 21 ans;;;;
1017;X0;584511;Particuliers non commerciaux;4207324;ANOMALIE - Mineur de plus de 21 ans;;;;
1017;X0;584540;Particuliers non commerciaux;4208160;ANOMALIE - Mineur de plus de 21 ans;;;;
1017;X0;584524;Particuliers non commerciaux;4207857;ANOMALIE - Mineur de plus de 21 ans;;;;
1017;X0;584523;Particuliers non commerciaux;4207700;ANOMALIE - Mineur de plus de 21 ans;;;;
1017;X0;584533;Particuliers non commerciaux;4208008;ANOMALIE - Mineur de plus de 21 ans;;;;
1017;X0;584519;Particuliers non commerciaux;4207565;ANOMALIE - Mineur de plus de 21 ans;;;;
1017;X0;584522;Particuliers non commerciaux;4207618;ANOMALIE - Mineur de plus de 21 ans;;;;
1017;X0;584542;Particuliers non commerciaux;4208167;ANOMALIE - Mineur de plus de 21 ans;;;;
1017;X0;584517;Particuliers non commerciaux;4207562;ANOMALIE - Mineur de plus de 21 ans;;;;
1017;X0;584518;Particuliers non commerciaux;4207563;ANOMALIE - Mineur de plus de 21 ans;;;;
1017;EB;584556;Particuliers non commerciaux;4208366;;;ANOMALIE - Document d'identité expiré;;
1017;EB;584551;Particuliers non commerciaux;4208339;;;ANOMALIE - Document d'identité expiré;;
1017;EB;584561;Particuliers non commerciaux;4210305;ANOMALIE - Mineur de plus de 21 ans;;;;
1017;EB;584578;Particuliers non commerciaux;4210452;ANOMALIE - Mineur de plus de 21 ans;;;;
1017;EB;580397;;185777;;;ANOMALIE - Document d'identité expiré;;
1017;EB;584618;Particuliers non commerciaux;4209387;ANOMALIE - Mineur de plus de 21 ans;;;;
1017;EB;584580;Particuliers non commerciaux;4210458;ANOMALIE - Mineur de plus de 21 ans;;;;
1017;EB;584691;Particuliers non commerciaux;4212965;ANOMALIE - Mineur de plus de 21 ans;;;;
1017;EB;584581;Particuliers non commerciaux;4210460;ANOMALIE - Mineur de plus de 21 ans;;;;
1017;EB;584573;Particuliers non commerciaux;4210415;ANOMALIE - Mineur de plus de 21 ans;;;;
1017;EB;584700;Particuliers non commerciaux;4213321;;;;;
1017;EB;584584;Particuliers non commerciaux;4210468;ANOMALIE - Mineur de plus de 21 ans;;;;
1017;EB;584680;Particuliers non commerciaux;4212422;ANOMALIE - Mineur de plus de 21 ans;;;;
1017;EB;584655;Particuliers non commerciaux;4211046;ANOMALIE - Mineur de plus de 21 ans;;;;
1017;EB;584559;Particuliers non commerciaux;4210293;ANOMALIE - Mineur de plus de 21 ans;;;;
1017;EB;584664;Particuliers non commerciaux;4211575;ANOMALIE - Mineur de plus de 21 ans;;;;
1017;EB;584637;Particuliers non commerciaux;4209898;;;ANOMALIE - Document d'identité expiré;;
1017;EB;530323;Autres services NCA;186156;;;ANOMALIE - Document d'identité expiré;;
1017;EB;584569;Particuliers non commerciaux;4210402;ANOMALIE - Mineur de plus de 21 ans;;;;
1017;EB;426108;PARTICULIERS SALARIES;31836;;;ANOMALIE - Document d'identité expiré;;
1017;EB;584577;Particuliers non commerciaux;4210444;ANOMALIE - Mineur de plus de 21 ans;;;;
1017;EB;583999;Particuliers non commerciaux;1033731;ANOMALIE - Mineur de plus de 21 ans;;;;
1017;EB;584568;Particuliers non commerciaux;4210484;ANOMALIE - Mineur de plus de 21 ans;;;;
1017;EB;584692;Particuliers non commerciaux;4212987;ANOMALIE - Mineur de plus de 21 ans;;;;
1017;EB;584562;Particuliers non commerciaux;4210311;ANOMALIE - Mineur de plus de 21 ans;;;;
1017;EB;584558;PARTICULIERS SALARIES;4210288;ANOMALIE - Mineur de plus de 21 ans;;;;
1017;EB;584696;Particuliers non commerciaux;4213116;ANOMALIE - Mineur de plus de 21 ans;;;;
1017;EB;426106;PARTICULIERS SALARIES;31838;;;ANOMALIE - Document d'identité expiré;;
1017;EB;584570;Particuliers non commerciaux;4210407;ANOMALIE - Mineur de plus de 21 ans;;;;
1017;6S;432630;Particuliers non commerciaux;119858;;;ANOMALIE - Document d'identité expiré;;
1017;WJ;580115;Particuliers non commerciaux;176335;;;ANOMALIE - Document d'identité expiré;;
1017;FR;312482;PARTICULIERS SALARIES;78527;;;ANOMALIE - Document d'identité expiré;;
