20169,BOA MG,NULL,[4,2026-02-28,95,2026-03-17 06:54:00.4282650 +00:00,F,P
20170,BOA MG,NULL,AUD,2026-02-28,96,2026-03-17 06:54:00.4282650 +00:00,F,P
20171,BOA MG,NULL,NI,2026-02-28,72,2026-03-17 06:54:00.4282650 +00:00,F,P
20172,BOA MG,NULL,0K,2026-02-28,92,2026-03-17 06:54:00.4282650 +00:00,F,P
20173,BOA MG,NULL,27,2026-02-28,92,2026-03-17 06:54:00.4282650 +00:00,F,P
20174,BOA MG,NULL,[9,2026-02-28,79,2026-03-17 06:54:00.4282650 +00:00,F,P
20175,BOA MG,NULL,57,2026-02-28,100,2026-03-17 06:54:00.4282650 +00:00,F,P
20176,BOA MG,NULL,BDB,2026-02-28,90,2026-03-17 06:54:00.4282650 +00:00,F,P
20177,BOA MG,NULL,AQ,2026-02-28,62,2026-03-17 06:54:00.4282650 +00:00,F,P
20178,BOA MG,NULL,4},2026-02-28,0,2026-03-17 06:54:00.4282650 +00:00,F,P
20179,BOA MG,NULL,}F,2026-02-28,85,2026-03-17 06:54:00.4282650 +00:00,F,P
20180,BOA MG,NULL,AUG,2026-02-28,55,2026-03-17 06:54:00.4282650 +00:00,F,P
20181,BOA MG,NULL,BBM,2026-02-28,100,2026-03-17 06:54:00.4282650 +00:00,F,P
20182,BOA MG,NULL,7W,2026-02-28,86,2026-03-17 06:54:00.4282650 +00:00,F,P
20183,BOA MG,NULL,}L,2026-02-28,58,2026-03-17 06:54:00.4282650 +00:00,F,P
20184,BOA MG,NULL,J4,2026-02-28,88,2026-03-17 06:54:00.4282650 +00:00,F,P
20185,BOA MG,NULL,82,2026-02-28,73,2026-03-17 06:54:00.4282650 +00:00,F,P
20186,BOA MG,NULL,BLQ,2026-02-28,92,2026-03-17 06:54:00.4282650 +00:00,F,P
20187,BOA MG,NULL,O},2026-02-28,100,2026-03-17 06:54:00.4282650 +00:00,F,P
20188,BOA MG,NULL,BCR,2026-02-28,94,2026-03-17 06:54:00.4282650 +00:00,F,P
20189,BOA MG,NULL,AML,2026-02-28,66,2026-03-17 06:54:00.4282650 +00:00,F,P
20190,BOA MG,NULL,BDJ,2026-02-28,100,2026-03-17 06:54:00.4282650 +00:00,F,P
20191,BOA MG,NULL,J3,2026-02-28,92,2026-03-17 06:54:00.4282650 +00:00,F,P
20192,BOA MG,NULL,V8,2026-02-28,100,2026-03-17 06:54:00.4282650 +00:00,F,P
20193,BOA MG,NULL,BSV,2026-02-28,92,2026-03-17 06:54:00.4282650 +00:00,F,P
20194,BOA MG,NULL,AMM,2026-02-28,75,2026-03-17 06:54:00.4282650 +00:00,F,P
20195,BOA MG,NULL,ASP,2026-02-28,89,2026-03-17 06:54:00.4282650 +00:00,F,P
20196,BOA MG,NULL,{T,2026-02-28,86,2026-03-17 06:54:00.4282650 +00:00,F,P
20197,BOA MG,NULL,BLS,2026-02-28,85,2026-03-17 06:54:00.4282650 +00:00,F,P
20198,BOA MG,NULL,3},2026-02-28,85,2026-03-17 06:54:00.4292710 +00:00,F,P
20199,BOA MG,NULL,AUC,2026-02-28,85,2026-03-17 06:54:00.4292710 +00:00,F,P
20200,BOA MG,NULL,36,2026-02-28,71,2026-03-17 06:54:00.4292710 +00:00,F,P
20201,BOA MG,NULL,ARW,2026-02-28,87,2026-03-17 06:54:00.4292710 +00:00,F,P
20202,BOA MG,NULL,BLL,2026-02-28,90,2026-03-17 06:54:00.4292710 +00:00,F,P
20203,BOA MG,NULL,6H,2026-02-28,96,2026-03-17 06:54:00.4292710 +00:00,F,P
20204,BOA MG,NULL,BVU,2026-02-28,90,2026-03-17 06:54:00.4292710 +00:00,F,P
20205,BOA MG,NULL,BBS,2026-02-28,81,2026-03-17 06:54:00.4292710 +00:00,F,P
20206,BOA MG,NULL,ALU,2026-02-28,91,2026-03-17 06:54:00.4292710 +00:00,F,P
20207,BOA MG,NULL,1,2026-02-28,84,2026-03-17 06:54:00.4292710 +00:00,F,P
20208,BOA MG,NULL,H7,2026-02-28,80,2026-03-17 06:54:00.4292710 +00:00,F,P
20209,BOA MG,NULL,7Z,2026-02-28,89,2026-03-17 06:54:00.4292710 +00:00,F,P
20210,BOA MG,NULL,5{,2026-02-28,87,2026-03-17 06:54:00.4292710 +00:00,F,P
20211,BOA MG,NULL,MU,2026-02-28,75,2026-03-17 06:54:00.4292710 +00:00,F,P
20212,BOA MG,NULL,ATD,2026-02-28,90,2026-03-17 06:54:00.4292710 +00:00,F,P
20213,BOA MG,NULL,-3,2026-02-28,85,2026-03-17 06:54:00.4292710 +00:00,F,P
20214,BOA MG,NULL,BVV,2026-02-28,100,2026-03-17 06:54:00.4292710 +00:00,F,P
20215,BOA MG,NULL,Y3,2026-02-28,93,2026-03-17 06:54:00.4292710 +00:00,F,P
20216,BOA MG,NULL,H5,2026-02-28,81,2026-03-17 06:54:00.4292710 +00:00,F,P
20217,BOA MG,NULL,}Z,2026-02-28,84,2026-03-17 06:54:00.4292710 +00:00,F,P
20218,BOA MG,NULL,OI,2026-02-28,63,2026-03-17 06:54:00.4292710 +00:00,F,P
20219,BOA MG,NULL,9[,2026-02-28,82,2026-03-17 06:54:00.4292710 +00:00,F,P
20220,BOA MG,NULL,5-,2026-02-28,100,2026-03-17 06:54:00.4292710 +00:00,F,P
20221,BOA MG,NULL,0X,2026-02-28,92,2026-03-17 06:54:00.4292710 +00:00,F,P
20222,BOA MG,NULL,AOA,2026-02-28,92,2026-03-17 06:54:00.4292710 +00:00,F,P
20223,BOA MG,NULL,17,2026-02-28,92,2026-03-17 06:54:00.4292710 +00:00,F,P
20224,BOA MG,NULL,BJJ,2026-02-28,100,2026-03-17 06:54:00.4292710 +00:00,F,P
20225,BOA MG,NULL,{Q,2026-02-28,90,2026-03-17 06:54:00.4292710 +00:00,F,P
20226,BOA MG,NULL,W8,2026-02-28,94,2026-03-17 06:54:00.4300320 +00:00,F,P
20227,BOA MG,NULL,JH,2026-02-28,100,2026-03-17 06:54:00.4300320 +00:00,F,P
20228,BOA MG,NULL,H3,2026-02-28,98,2026-03-17 06:54:00.4300320 +00:00,F,P
20229,BOA MG,NULL,8],2026-02-28,100,2026-03-17 06:54:00.4300320 +00:00,F,P
20230,BOA MG,NULL,8},2026-02-28,93,2026-03-17 06:54:00.4300320 +00:00,F,P
20231,BOA MG,NULL,-9,2026-02-28,93,2026-03-17 06:54:00.4300320 +00:00,F,P
20232,BOA MG,NULL,CVI,2026-02-28,81,2026-03-17 06:54:00.4300320 +00:00,F,P
20233,BOA MG,NULL,}Y,2026-02-28,92,2026-03-17 06:54:00.4300320 +00:00,F,P
20234,BOA MG,NULL,ANZ,2026-02-28,96,2026-03-17 06:54:00.4300320 +00:00,F,P
20235,BOA MG,NULL,COD,2026-02-28,100,2026-03-17 06:54:00.4300320 +00:00,F,P
20236,BOA MG,NULL,I4,2026-02-28,100,2026-03-17 06:54:00.4300320 +00:00,F,P
20237,BOA MG,NULL,I{,2026-02-28,97,2026-03-17 06:54:00.4300320 +00:00,F,P
20238,BOA MG,NULL,#NOM?,2026-02-28,94,2026-03-17 06:54:00.4300320 +00:00,F,P
20239,BOA MG,NULL,S-,2026-02-28,100,2026-03-17 06:54:00.4300320 +00:00,F,P
20240,BOA MG,NULL,}U,2026-02-28,94,2026-03-17 06:54:00.4300320 +00:00,F,P
20241,BOA MG,NULL,{N,2026-02-28,95,2026-03-17 06:54:00.4300320 +00:00,F,P
20242,BOA MG,NULL,-C,2026-02-28,100,2026-03-17 06:54:00.4300320 +00:00,F,P
20243,BOA MG,NULL,[J,2026-02-28,100,2026-03-17 06:54:00.4300320 +00:00,F,P
20244,BOA MG,NULL,AMN,2026-02-28,90,2026-03-17 06:54:00.4300320 +00:00,F,P
20245,BOA MG,NULL,8{,2026-02-28,53,2026-03-17 06:54:00.4300320 +00:00,F,P
20246,BOA MG,NULL,KY,2026-02-28,80,2026-03-17 06:54:00.4300320 +00:00,F,P
20247,BOA MG,NULL,AY,2026-02-28,75,2026-03-17 06:54:00.4300320 +00:00,F,P
20248,BOA MG,NULL,79,2026-02-28,94,2026-03-17 06:54:00.4300320 +00:00,F,P
20249,BOA MG,NULL,Z},2026-02-28,83,2026-03-17 06:54:00.4300320 +00:00,F,P
20250,BOA MG,NULL,O8,2026-02-28,95,2026-03-17 06:54:00.4300320 +00:00,F,P
20251,BOA MG,NULL,AMR,2026-02-28,81,2026-03-17 06:54:00.4300320 +00:00,F,P
20252,BOA MG,NULL,M[,2026-02-28,93,2026-03-17 06:54:00.4300320 +00:00,F,P
20253,BOA MG,NULL,I[,2026-02-28,82,2026-03-17 06:54:00.4300320 +00:00,F,P
20254,BOA MG,NULL,[0,2026-02-28,96,2026-03-17 06:54:00.4300320 +00:00,F,P
20255,BOA MG,NULL,5},2026-02-28,96,2026-03-17 06:54:00.4300320 +00:00,F,P
20256,BOA MG,NULL,]4,2026-02-28,92,2026-03-17 06:54:00.4300320 +00:00,F,P
20257,BOA MG,NULL,A1,2026-02-28,96,2026-03-17 06:54:00.4300320 +00:00,F,P
20258,BOA MG,NULL,{5,2026-02-28,100,2026-03-17 06:54:00.4300320 +00:00,F,P
20259,BOA MG,NULL,87,2026-02-28,81,2026-03-17 06:54:00.4300320 +00:00,F,P
20260,BOA MG,NULL,H9,2026-02-28,61,2026-03-17 06:54:00.4300320 +00:00,F,P
20261,BOA MG,NULL,AMJ,2026-02-28,100,2026-03-17 06:54:00.4300320 +00:00,F,P
20262,BOA MG,NULL,BCS,2026-02-28,93,2026-03-17 06:54:00.4300320 +00:00,F,P
20263,BOA MG,NULL,K2,2026-02-28,100,2026-03-17 06:54:00.4300320 +00:00,F,P
20264,BOA MG,NULL,}V,2026-02-28,25,2026-03-17 06:54:00.4300320 +00:00,F,P
20265,BOA MG,NULL,]T,2026-02-28,89,2026-03-17 06:54:00.4300320 +00:00,F,P
20266,BOA MG,NULL,7-,2026-02-28,57,2026-03-17 06:54:00.4300320 +00:00,F,P
20267,BOA MG,NULL,]B,2026-02-28,50,2026-03-17 06:54:00.4300320 +00:00,F,P
20268,BOA MG,NULL,V],2026-02-28,80,2026-03-17 06:54:00.4300320 +00:00,F,P
20269,BOA MG,NULL,B-,2026-02-28,91,2026-03-17 06:54:00.4300320 +00:00,F,P
20270,BOA MG,NULL,[4,2026-02-28,25,2026-03-17 06:54:00.4300320 +00:00,F,M
20271,BOA MG,NULL,AUD,2026-02-28,0,2026-03-17 06:54:00.4300320 +00:00,F,M
20272,BOA MG,NULL,NI,2026-02-28,100,2026-03-17 06:54:00.4300320 +00:00,F,M
20273,BOA MG,NULL,0K,2026-02-28,0,2026-03-17 06:54:00.4300320 +00:00,F,M
20274,BOA MG,NULL,27,2026-02-28,100,2026-03-17 06:54:00.4300320 +00:00,F,M
20275,BOA MG,NULL,IX,2026-02-28,0,2026-03-17 06:54:00.4300320 +00:00,F,M
20276,BOA MG,NULL,AQ,2026-02-28,0,2026-03-17 06:54:00.4300320 +00:00,F,M
20277,BOA MG,NULL,}F,2026-02-28,0,2026-03-17 06:54:00.4300320 +00:00,F,M
20278,BOA MG,NULL,7W,2026-02-28,0,2026-03-17 06:54:00.4300320 +00:00,F,M
20279,BOA MG,NULL,}L,2026-02-28,0,2026-03-17 06:54:00.4300320 +00:00,F,M
20280,BOA MG,NULL,J4,2026-02-28,0,2026-03-17 06:54:00.4300320 +00:00,F,M
20281,BOA MG,NULL,82,2026-02-28,0,2026-03-17 06:54:00.4300320 +00:00,F,M
20282,BOA MG,NULL,BLQ,2026-02-28,100,2026-03-17 06:54:00.4300320 +00:00,F,M
20283,BOA MG,NULL,BCR,2026-02-28,0,2026-03-17 06:54:00.4300320 +00:00,F,M
20284,BOA MG,NULL,AML,2026-02-28,100,2026-03-17 06:54:00.4300320 +00:00,F,M
20285,BOA MG,NULL,J3,2026-02-28,50,2026-03-17 06:54:00.4300320 +00:00,F,M
20286,BOA MG,NULL,BSV,2026-02-28,100,2026-03-17 06:54:00.4300320 +00:00,F,M
20287,BOA MG,NULL,ASP,2026-02-28,50,2026-03-17 06:54:00.4300320 +00:00,F,M
20288,BOA MG,NULL,{T,2026-02-28,0,2026-03-17 06:54:00.4300320 +00:00,F,M
20289,BOA MG,NULL,3},2026-02-28,0,2026-03-17 06:54:00.4300320 +00:00,F,M
20290,BOA MG,NULL,AUC,2026-02-28,0,2026-03-17 06:54:00.4300320 +00:00,F,M
20291,BOA MG,NULL,36,2026-02-28,50,2026-03-17 06:54:00.4300320 +00:00,F,M
20292,BOA MG,NULL,ARW,2026-02-28,0,2026-03-17 06:54:00.4300320 +00:00,F,M
20293,BOA MG,NULL,6H,2026-02-28,0,2026-03-17 06:54:00.4312560 +00:00,F,M
20294,BOA MG,NULL,BBS,2026-02-28,0,2026-03-17 06:54:00.4312560 +00:00,F,M
20295,BOA MG,NULL,ALU,2026-02-28,100,2026-03-17 06:54:00.4312560 +00:00,F,M
20296,BOA MG,NULL,1,2026-02-28,0,2026-03-17 06:54:00.4312560 +00:00,F,M
20297,BOA MG,NULL,7Z,2026-02-28,0,2026-03-17 06:54:00.5207390 +00:00,F,M
20298,BOA MG,NULL,MU,2026-02-28,100,2026-03-17 06:54:00.5207390 +00:00,F,M
20299,BOA MG,NULL,ATD,2026-02-28,0,2026-03-17 06:54:00.5207390 +00:00,F,M
20300,BOA MG,NULL,BVV,2026-02-28,100,2026-03-17 06:54:00.5217570 +00:00,F,M
20301,BOA MG,NULL,Y3,2026-02-28,0,2026-03-17 06:54:00.5217570 +00:00,F,M
20302,BOA MG,NULL,9[,2026-02-28,0,2026-03-17 06:54:00.5218390 +00:00,F,M
20303,BOA MG,NULL,5-,2026-02-28,0,2026-03-17 06:54:00.5218390 +00:00,F,M
20304,BOA MG,NULL,0X,2026-02-28,100,2026-03-17 06:54:00.5218390 +00:00,F,M
20305,BOA MG,NULL,AOA,2026-02-28,0,2026-03-17 06:54:00.5218390 +00:00,F,M
20306,BOA MG,NULL,{Q,2026-02-28,0,2026-03-17 06:54:00.5218390 +00:00,F,M
20307,BOA MG,NULL,W8,2026-02-28,0,2026-03-17 06:54:00.5218390 +00:00,F,M
20308,BOA MG,NULL,H3,2026-02-28,33,2026-03-17 06:54:00.5218390 +00:00,F,M
20309,BOA MG,NULL,ASU,2026-02-28,0,2026-03-17 06:54:00.5218390 +00:00,F,M
20310,BOA MG,NULL,CVI,2026-02-28,0,2026-03-17 06:54:00.5220660 +00:00,F,M
20311,BOA MG,NULL,}Y,2026-02-28,0,2026-03-17 06:54:00.5220660 +00:00,F,M
20312,BOA MG,NULL,I{,2026-02-28,0,2026-03-17 06:54:00.5220660 +00:00,F,M
20313,BOA MG,NULL,#NOM?,2026-02-28,0,2026-03-17 06:54:00.5220660 +00:00,F,M
20314,BOA MG,NULL,}U,2026-02-28,100,2026-03-17 06:54:00.5220660 +00:00,F,M
20315,BOA MG,NULL,{N,2026-02-28,0,2026-03-17 06:54:00.5220660 +00:00,F,M
20316,BOA MG,NULL,-C,2026-02-28,0,2026-03-17 06:54:00.5220660 +00:00,F,M
20317,BOA MG,NULL,8{,2026-02-28,0,2026-03-17 06:54:00.5220660 +00:00,F,M
20318,BOA MG,NULL,KY,2026-02-28,37,2026-03-17 06:54:00.5220660 +00:00,F,M
20319,BOA MG,NULL,AY,2026-02-28,100,2026-03-17 06:54:00.5220660 +00:00,F,M
20320,BOA MG,NULL,O8,2026-02-28,0,2026-03-17 06:54:00.5220660 +00:00,F,M
20321,BOA MG,NULL,AMR,2026-02-28,100,2026-03-17 06:54:00.5220660 +00:00,F,M
20322,BOA MG,NULL,I[,2026-02-28,0,2026-03-17 06:54:00.5220660 +00:00,F,M
20323,BOA MG,NULL,[0,2026-02-28,25,2026-03-17 06:54:00.5220660 +00:00,F,M
20324,BOA MG,NULL,5},2026-02-28,0,2026-03-17 06:54:00.5220660 +00:00,F,M
20325,BOA MG,NULL,]4,2026-02-28,0,2026-03-17 06:54:00.5220660 +00:00,F,M
20326,BOA MG,NULL,A1,2026-02-28,66,2026-03-17 06:54:00.5220660 +00:00,F,M
20327,BOA MG,NULL,{5,2026-02-28,0,2026-03-17 06:54:00.5220660 +00:00,F,M
20328,BOA MG,NULL,87,2026-02-28,0,2026-03-17 06:54:00.5220660 +00:00,F,M
20329,BOA MG,NULL,BCS,2026-02-28,75,2026-03-17 06:54:00.5223460 +00:00,F,M
20330,BOA MG,NULL,7-,2026-02-28,0,2026-03-17 06:54:00.5223460 +00:00,F,M
20331,BOA MG,NULL,B-,2026-02-28,0,2026-03-17 06:54:00.5223460 +00:00,F,M
20332,BOA MG,NULL,CIP,2026-02-28,0,2026-03-17 06:54:00.5223930 +00:00,F,M
20333,BOA MG,NULL,BWQ,2026-02-28,0,2026-03-17 06:54:00.5223930 +00:00,F,M
20334,BOA MG,NULL,0E,2026-02-28,0,2026-03-17 06:54:00.5223930 +00:00,F,M
20335,BOA MG,NULL,0[,2026-02-28,0,2026-03-17 06:54:00.5223930 +00:00,F,M
20336,BOA MG,NULL,-3,2026-02-28,60,2026-03-17 06:54:00.5223930 +00:00,S,P
20337,BOA MG,NULL,#NOM?,2026-02-28,74,2026-03-17 06:54:00.5223930 +00:00,S,P
20338,BOA MG,NULL,0H,2026-02-28,77,2026-03-17 06:54:00.5223930 +00:00,S,P
20339,BOA MG,NULL,17,2026-02-28,79,2026-03-17 06:54:00.5223930 +00:00,S,P
20340,BOA MG,NULL,8I,2026-02-28,50,2026-03-17 06:54:00.5223930 +00:00,S,P
20341,BOA MG,NULL,MG,2026-02-28,40,2026-03-17 06:54:00.5223930 +00:00,S,P
20342,BOA MG,NULL,QK,2026-02-28,75,2026-03-17 06:54:00.5223930 +00:00,S,P
20343,BOA MG,NULL,SC,2026-02-28,71,2026-03-17 06:54:00.5223930 +00:00,S,P
20344,BOA MG,NULL,[4,2026-02-28,62,2026-03-17 06:54:00.5223930 +00:00,S,P
20345,BOA MG,NULL,}Z,2026-02-28,78,2026-03-17 06:54:00.5223930 +00:00,S,P
20346,BOA MG,NULL,0K,2026-02-28,65,2026-03-17 06:54:00.5223930 +00:00,S,P
20347,BOA MG,NULL,27,2026-02-28,66,2026-03-17 06:54:00.5223930 +00:00,S,P
20348,BOA MG,NULL,54,2026-02-28,100,2026-03-17 06:54:00.5223930 +00:00,S,P
20349,BOA MG,NULL,6H,2026-02-28,66,2026-03-17 06:54:00.5223930 +00:00,S,P
20350,BOA MG,NULL,8},2026-02-28,70,2026-03-17 06:54:00.5223930 +00:00,S,P
20351,BOA MG,NULL,AMQ,2026-02-28,77,2026-03-17 06:54:00.5223930 +00:00,S,P
20352,BOA MG,NULL,ANZ,2026-02-28,88,2026-03-17 06:54:00.5223930 +00:00,S,P
20353,BOA MG,NULL,AO,2026-02-28,93,2026-03-17 06:54:00.5223930 +00:00,S,P
20354,BOA MG,NULL,BDB,2026-02-28,90,2026-03-17 06:54:00.5223930 +00:00,S,P
20355,BOA MG,NULL,BU,2026-02-28,73,2026-03-17 06:54:00.5223930 +00:00,S,P
20356,BOA MG,NULL,H7,2026-02-28,65,2026-03-17 06:54:00.5223930 +00:00,S,P
20357,BOA MG,NULL,JK,2026-02-28,70,2026-03-17 06:54:00.5223930 +00:00,S,P
20358,BOA MG,NULL,P[,2026-02-28,59,2026-03-17 06:54:00.5223930 +00:00,S,P
20359,BOA MG,NULL,QT,2026-02-28,78,2026-03-17 06:54:00.5223930 +00:00,S,P
20360,BOA MG,NULL,U5,2026-02-28,100,2026-03-17 06:54:00.5223930 +00:00,S,P
20361,BOA MG,NULL,[9,2026-02-28,72,2026-03-17 06:54:00.5223930 +00:00,S,P
20362,BOA MG,NULL,]4,2026-02-28,85,2026-03-17 06:54:00.5223930 +00:00,S,P
20363,BOA MG,NULL,]B,2026-02-28,63,2026-03-17 06:54:00.5223930 +00:00,S,P
20364,BOA MG,NULL,1,2026-02-28,66,2026-03-17 06:54:00.5223930 +00:00,S,P
20365,BOA MG,NULL,1P,2026-02-28,84,2026-03-17 06:54:00.5223930 +00:00,S,P
20366,BOA MG,NULL,2G,2026-02-28,61,2026-03-17 06:54:00.5223930 +00:00,S,P
20367,BOA MG,NULL,57,2026-02-28,79,2026-03-17 06:54:00.5223930 +00:00,S,P
20368,BOA MG,NULL,6C,2026-02-28,76,2026-03-17 06:54:00.5223930 +00:00,S,P
20369,BOA MG,NULL,9[,2026-02-28,72,2026-03-17 06:54:00.5223930 +00:00,S,P
20370,BOA MG,NULL,AMJ,2026-02-28,72,2026-03-17 06:54:00.5223930 +00:00,S,P
20371,BOA MG,NULL,AMK,2026-02-28,62,2026-03-17 06:54:00.5223930 +00:00,S,P
20372,BOA MG,NULL,AUD,2026-02-28,76,2026-03-17 06:54:00.5223930 +00:00,S,P
20373,BOA MG,NULL,BK,2026-02-28,57,2026-03-17 06:54:00.5223930 +00:00,S,P
20374,BOA MG,NULL,BKC,2026-02-28,100,2026-03-17 06:54:00.5223930 +00:00,S,P
20375,BOA MG,NULL,CF,2026-02-28,83,2026-03-17 06:54:00.5223930 +00:00,S,P
20376,BOA MG,NULL,CGM,2026-02-28,100,2026-03-17 06:54:00.5223930 +00:00,S,P
20377,BOA MG,NULL,CK,2026-02-28,76,2026-03-17 06:54:00.5223930 +00:00,S,P
20378,BOA MG,NULL,CNQ,2026-02-28,100,2026-03-17 06:54:00.5223930 +00:00,S,P
20379,BOA MG,NULL,D6,2026-02-28,80,2026-03-17 06:54:00.5223930 +00:00,S,P
20380,BOA MG,NULL,ED,2026-02-28,65,2026-03-17 06:54:00.5223930 +00:00,S,P
20381,BOA MG,NULL,H3,2026-02-28,75,2026-03-17 06:54:00.5223930 +00:00,S,P
20382,BOA MG,NULL,HY,2026-02-28,88,2026-03-17 06:54:00.5223930 +00:00,S,P
20383,BOA MG,NULL,IG,2026-02-28,65,2026-03-17 06:54:00.5223930 +00:00,S,P
20384,BOA MG,NULL,J3,2026-02-28,71,2026-03-17 06:54:00.5223930 +00:00,S,P
20385,BOA MG,NULL,KW,2026-02-28,100,2026-03-17 06:54:00.5223930 +00:00,S,P
20386,BOA MG,NULL,PE,2026-02-28,88,2026-03-17 06:54:00.5223930 +00:00,S,P
20387,BOA MG,NULL,P],2026-02-28,66,2026-03-17 06:54:00.5223930 +00:00,S,P
20388,BOA MG,NULL,QJ,2026-02-28,73,2026-03-17 06:54:00.5234000 +00:00,S,P
20389,BOA MG,NULL,SS,2026-02-28,76,2026-03-17 06:54:00.5234000 +00:00,S,P
20390,BOA MG,NULL,UF,2026-02-28,61,2026-03-17 06:54:00.5234000 +00:00,S,P
20391,BOA MG,NULL,W3,2026-02-28,100,2026-03-17 06:54:00.5234000 +00:00,S,P
20392,BOA MG,NULL,XX,2026-02-28,50,2026-03-17 06:54:00.5234000 +00:00,S,P
20393,BOA MG,NULL,YM,2026-02-28,68,2026-03-17 06:54:00.5234000 +00:00,S,P
20394,BOA MG,NULL,ZK,2026-02-28,65,2026-03-17 06:54:00.5234000 +00:00,S,P
20395,BOA MG,NULL,[2,2026-02-28,65,2026-03-17 06:54:00.5234000 +00:00,S,P
20396,BOA MG,NULL,}R,2026-02-28,83,2026-03-17 06:54:00.5234000 +00:00,S,P
20397,BOA MG,NULL,}V,2026-02-28,72,2026-03-17 06:54:00.5234000 +00:00,S,P
20398,BOA MG,NULL,0},2026-02-28,100,2026-03-17 06:54:00.5234000 +00:00,S,P
20399,BOA MG,NULL,NI,2026-02-28,69,2026-03-17 06:54:00.5234000 +00:00,S,P
20400,BOA MG,NULL,ATD,2026-02-28,62,2026-03-17 06:54:00.5234000 +00:00,S,P
20401,BOA MG,NULL,BO,2026-02-28,0,2026-03-17 06:54:00.5234000 +00:00,S,P
20402,BOA MG,NULL,BP,2026-02-28,50,2026-03-17 06:54:00.5234000 +00:00,S,P
20403,BOA MG,NULL,I[,2026-02-28,65,2026-03-17 06:54:00.5234000 +00:00,S,P
20404,BOA MG,NULL,OK,2026-02-28,75,2026-03-17 06:54:00.5234000 +00:00,S,P
20405,BOA MG,NULL,V],2026-02-28,66,2026-03-17 06:54:00.5234000 +00:00,S,P
20406,BOA MG,NULL,24,2026-02-28,100,2026-03-17 06:54:00.5234000 +00:00,S,P
20407,BOA MG,NULL,AQ,2026-02-28,71,2026-03-17 06:54:00.5234000 +00:00,S,P
20408,BOA MG,NULL,DA,2026-02-28,83,2026-03-17 06:54:00.5234000 +00:00,S,P
20409,BOA MG,NULL,KY,2026-02-28,65,2026-03-17 06:54:00.5234000 +00:00,S,P
20410,BOA MG,NULL,UE,2026-02-28,71,2026-03-17 06:54:00.5234000 +00:00,S,P
20411,BOA MG,NULL,Y3,2026-02-28,72,2026-03-17 06:54:00.5234000 +00:00,S,P
20412,BOA MG,NULL,}F,2026-02-28,58,2026-03-17 06:54:00.5234000 +00:00,S,P
20413,BOA MG,NULL,59,2026-02-28,50,2026-03-17 06:54:00.5234000 +00:00,S,P
20414,BOA MG,NULL,AK,2026-02-28,50,2026-03-17 06:54:00.5234000 +00:00,S,P
20415,BOA MG,NULL,AVA,2026-02-28,0,2026-03-17 06:54:00.5234000 +00:00,S,P
20416,BOA MG,NULL,CZF,2026-02-28,0,2026-03-17 06:54:00.5234000 +00:00,S,P
20417,BOA MG,NULL,DN,2026-02-28,86,2026-03-17 06:54:00.5234000 +00:00,S,P
20418,BOA MG,NULL,IX,2026-02-28,67,2026-03-17 06:54:00.5234000 +00:00,S,P
20419,BOA MG,NULL,39,2026-02-28,66,2026-03-17 06:54:00.5234000 +00:00,S,P
20420,BOA MG,NULL,BI,2026-02-28,33,2026-03-17 06:54:00.5234000 +00:00,S,P
20421,BOA MG,NULL,CA,2026-02-28,50,2026-03-17 06:54:00.5234000 +00:00,S,P
20422,BOA MG,NULL,CR,2026-02-28,70,2026-03-17 06:54:00.5234000 +00:00,S,P
20423,BOA MG,NULL,HB,2026-02-28,81,2026-03-17 06:54:00.5234000 +00:00,S,P
20424,BOA MG,NULL,O},2026-02-28,66,2026-03-17 06:54:00.5234000 +00:00,S,P
20425,BOA MG,NULL,UQ,2026-02-28,100,2026-03-17 06:54:00.6070040 +00:00,S,P
20426,BOA MG,NULL,}L,2026-02-28,62,2026-03-17 06:54:00.6070040 +00:00,S,P
20427,BOA MG,NULL,-7,2026-02-28,81,2026-03-17 06:54:00.6070040 +00:00,S,P
20428,BOA MG,NULL,0X,2026-02-28,71,2026-03-17 06:54:00.6070040 +00:00,S,P
20429,BOA MG,NULL,1W,2026-02-28,66,2026-03-17 06:54:00.6070040 +00:00,S,P
20430,BOA MG,NULL,4V,2026-02-28,100,2026-03-17 06:54:00.6070040 +00:00,S,P
20431,BOA MG,NULL,AG,2026-02-28,100,2026-03-17 06:54:00.6070040 +00:00,S,P
20432,BOA MG,NULL,BBD,2026-02-28,66,2026-03-17 06:54:00.6070040 +00:00,S,P
20433,BOA MG,NULL,BD,2026-02-28,100,2026-03-17 06:54:00.6070040 +00:00,S,P
20434,BOA MG,NULL,BJW,2026-02-28,0,2026-03-17 06:54:00.6070040 +00:00,S,P
20435,BOA MG,NULL,BTP,2026-02-28,100,2026-03-17 06:54:00.6070040 +00:00,S,P
20436,BOA MG,NULL,BVU,2026-02-28,77,2026-03-17 06:54:00.6070040 +00:00,S,P
20437,BOA MG,NULL,CV,2026-02-28,66,2026-03-17 06:54:00.6070040 +00:00,S,P
20438,BOA MG,NULL,DB,2026-02-28,100,2026-03-17 06:54:00.6070040 +00:00,S,P
20439,BOA MG,NULL,DLR,2026-02-28,100,2026-03-17 06:54:00.6070040 +00:00,S,P
20440,BOA MG,NULL,P9,2026-02-28,70,2026-03-17 06:54:00.6070040 +00:00,S,P
20441,BOA MG,NULL,CFP,2026-02-28,100,2026-03-17 06:54:00.6070040 +00:00,S,P
20442,BOA MG,NULL,CT,2026-02-28,81,2026-03-17 06:54:00.6070040 +00:00,S,P
20443,BOA MG,NULL,H5,2026-02-28,71,2026-03-17 06:54:00.6070040 +00:00,S,P
20444,BOA MG,NULL,-6,2026-02-28,51,2026-03-17 06:54:00.6070040 +00:00,S,P
20445,BOA MG,NULL,0L,2026-02-28,85,2026-03-17 06:54:00.6070040 +00:00,S,P
20446,BOA MG,NULL,0[,2026-02-28,41,2026-03-17 06:54:00.6070040 +00:00,S,P
20447,BOA MG,NULL,4},2026-02-28,0,2026-03-17 06:54:00.6070040 +00:00,S,P
20448,BOA MG,NULL,5-,2026-02-28,70,2026-03-17 06:54:00.6070040 +00:00,S,P
20449,BOA MG,NULL,5{,2026-02-28,70,2026-03-17 06:54:00.6070040 +00:00,S,P
20450,BOA MG,NULL,67,2026-02-28,75,2026-03-17 06:54:00.6070040 +00:00,S,P
20451,BOA MG,NULL,6D,2026-02-28,58,2026-03-17 06:54:00.6070040 +00:00,S,P
20452,BOA MG,NULL,7W,2026-02-28,86,2026-03-17 06:54:00.6070040 +00:00,S,P
20453,BOA MG,NULL,8W,2026-02-28,72,2026-03-17 06:54:00.6070040 +00:00,S,P
20454,BOA MG,NULL,9K,2026-02-28,100,2026-03-17 06:54:00.6070040 +00:00,S,P
20455,BOA MG,NULL,ALP,2026-02-28,56,2026-03-17 06:54:00.6070040 +00:00,S,P
20456,BOA MG,NULL,BLQ,2026-02-28,71,2026-03-17 06:54:00.6070040 +00:00,S,P
20457,BOA MG,NULL,CGG,2026-02-28,50,2026-03-17 06:54:00.6070040 +00:00,S,P
20458,BOA MG,NULL,G5,2026-02-28,90,2026-03-17 06:54:00.6070040 +00:00,S,P
20459,BOA MG,NULL,GH,2026-02-28,100,2026-03-17 06:54:00.6150520 +00:00,S,P
20460,BOA MG,NULL,HF,2026-02-28,94,2026-03-17 06:54:00.6150520 +00:00,S,P
20461,BOA MG,NULL,IE,2026-02-28,80,2026-03-17 06:54:00.6150520 +00:00,S,P
20462,BOA MG,NULL,IQ,2026-02-28,80,2026-03-17 06:54:00.6150520 +00:00,S,P
20463,BOA MG,NULL,JY,2026-02-28,62,2026-03-17 06:54:00.6150520 +00:00,S,P
20464,BOA MG,NULL,K2,2026-02-28,66,2026-03-17 06:54:00.6150520 +00:00,S,P
20465,BOA MG,NULL,KB,2026-02-28,81,2026-03-17 06:54:00.6150520 +00:00,S,P
20466,BOA MG,NULL,LJ,2026-02-28,66,2026-03-17 06:54:00.6150520 +00:00,S,P
20467,BOA MG,NULL,LK,2026-02-28,100,2026-03-17 06:54:00.6150520 +00:00,S,P
20468,BOA MG,NULL,LL,2026-02-28,51,2026-03-17 06:54:00.6150520 +00:00,S,P
20469,BOA MG,NULL,MU,2026-02-28,70,2026-03-17 06:54:00.6150520 +00:00,S,P
20470,BOA MG,NULL,OL,2026-02-28,83,2026-03-17 06:54:00.6150520 +00:00,S,P
20471,BOA MG,NULL,QX,2026-02-28,100,2026-03-17 06:54:00.6150520 +00:00,S,P
20472,BOA MG,NULL,T9,2026-02-28,50,2026-03-17 06:54:00.6150520 +00:00,S,P
20473,BOA MG,NULL,UR,2026-02-28,69,2026-03-17 06:54:00.6150520 +00:00,S,P
20474,BOA MG,NULL,VE,2026-02-28,63,2026-03-17 06:54:00.6150520 +00:00,S,P
20475,BOA MG,NULL,WM,2026-02-28,75,2026-03-17 06:54:00.6150520 +00:00,S,P
20476,BOA MG,NULL,XO,2026-02-28,100,2026-03-17 06:54:00.6150520 +00:00,S,P
20477,BOA MG,NULL,XQ,2026-02-28,74,2026-03-17 06:54:00.6150520 +00:00,S,P
20478,BOA MG,NULL,XR,2026-02-28,0,2026-03-17 06:54:00.6150520 +00:00,S,P
20479,BOA MG,NULL,YR,2026-02-28,85,2026-03-17 06:54:00.6150520 +00:00,S,P
20480,BOA MG,NULL,[5,2026-02-28,37,2026-03-17 06:54:00.6150520 +00:00,S,P
20481,BOA MG,NULL,]F,2026-02-28,83,2026-03-17 06:54:00.6150520 +00:00,S,P
20482,BOA MG,NULL,]T,2026-02-28,71,2026-03-17 06:54:00.6150520 +00:00,S,P
20483,BOA MG,NULL,{F,2026-02-28,75,2026-03-17 06:54:00.6150520 +00:00,S,P
20484,BOA MG,NULL,{W,2026-02-28,40,2026-03-17 06:54:00.6150520 +00:00,S,P
20485,BOA MG,NULL,}T,2026-02-28,88,2026-03-17 06:54:00.6150520 +00:00,S,P
20486,BOA MG,NULL,49,2026-02-28,100,2026-03-17 06:54:00.6150520 +00:00,S,P
20487,BOA MG,NULL,AUG,2026-02-28,74,2026-03-17 06:54:00.6150520 +00:00,S,P
20488,BOA MG,NULL,BBM,2026-02-28,66,2026-03-17 06:54:00.6150520 +00:00,S,P
20489,BOA MG,NULL,HA,2026-02-28,60,2026-03-17 06:54:00.6150520 +00:00,S,P
20490,BOA MG,NULL,BLS,2026-02-28,92,2026-03-17 06:54:00.6150520 +00:00,S,P
20491,BOA MG,NULL,BSG,2026-02-28,91,2026-03-17 06:54:00.6150520 +00:00,S,P
20492,BOA MG,NULL,0V,2026-02-28,69,2026-03-17 06:54:00.6150520 +00:00,S,P
20493,BOA MG,NULL,1C,2026-02-28,100,2026-03-17 06:54:00.6150520 +00:00,S,P
20494,BOA MG,NULL,43,2026-02-28,43,2026-03-17 06:54:00.6150520 +00:00,S,P
20495,BOA MG,NULL,AML,2026-02-28,63,2026-03-17 06:54:00.6150520 +00:00,S,P
20496,BOA MG,NULL,BCR,2026-02-28,70,2026-03-17 06:54:00.6150520 +00:00,S,P
20497,BOA MG,NULL,M[,2026-02-28,64,2026-03-17 06:54:00.6150520 +00:00,S,P
20498,BOA MG,NULL,M{,2026-02-28,66,2026-03-17 06:54:00.6150520 +00:00,S,P
20499,BOA MG,NULL,M},2026-02-28,100,2026-03-17 06:54:00.6150520 +00:00,S,P
20500,BOA MG,NULL,O8,2026-02-28,70,2026-03-17 06:54:00.6150520 +00:00,S,P
20501,BOA MG,NULL,]L,2026-02-28,88,2026-03-17 06:54:00.6150520 +00:00,S,P
20502,BOA MG,NULL,5Q,2026-02-28,75,2026-03-17 06:54:00.6150520 +00:00,S,P
20503,BOA MG,NULL,BBQ,2026-02-28,66,2026-03-17 06:54:00.6150520 +00:00,S,P
20504,BOA MG,NULL,IO,2026-02-28,100,2026-03-17 06:54:00.6150520 +00:00,S,P
20505,BOA MG,NULL,J4,2026-02-28,68,2026-03-17 06:54:00.6150520 +00:00,S,P
20506,BOA MG,NULL,3C,2026-02-28,100,2026-03-17 06:54:00.6150520 +00:00,S,P
20507,BOA MG,NULL,82,2026-02-28,70,2026-03-17 06:54:00.6150520 +00:00,S,P
20508,BOA MG,NULL,ALT,2026-02-28,100,2026-03-17 06:54:00.6150520 +00:00,S,P
20509,BOA MG,NULL,EV,2026-02-28,100,2026-03-17 06:54:00.6150520 +00:00,S,P
20510,BOA MG,NULL,-9,2026-02-28,87,2026-03-17 06:54:00.6150520 +00:00,S,P
20511,BOA MG,NULL,AY,2026-02-28,82,2026-03-17 06:54:00.6150520 +00:00,S,P
20512,BOA MG,NULL,BCQ,2026-02-28,100,2026-03-17 06:54:00.6150520 +00:00,S,P
20513,BOA MG,NULL,BQL,2026-02-28,100,2026-03-17 06:54:00.6150520 +00:00,S,P
20514,BOA MG,NULL,W4,2026-02-28,50,2026-03-17 06:54:00.6150520 +00:00,S,P
20515,BOA MG,NULL,[H,2026-02-28,100,2026-03-17 06:54:00.6150520 +00:00,S,P
20516,BOA MG,NULL,8{,2026-02-28,66,2026-03-17 06:54:00.6150520 +00:00,S,P
20517,BOA MG,NULL,A1,2026-02-28,87,2026-03-17 06:54:00.6150520 +00:00,S,P
20518,BOA MG,NULL,ALM,2026-02-28,100,2026-03-17 06:54:00.6150520 +00:00,S,P
20519,BOA MG,NULL,AMR,2026-02-28,76,2026-03-17 06:54:00.6150520 +00:00,S,P
20520,BOA MG,NULL,BCS,2026-02-28,83,2026-03-17 06:54:00.6150520 +00:00,S,P
20521,BOA MG,NULL,CQI,2026-02-28,85,2026-03-17 06:54:00.6150520 +00:00,S,P
20522,BOA MG,NULL,DKS,2026-02-28,100,2026-03-17 06:54:00.6150520 +00:00,S,P
20523,BOA MG,NULL,ML,2026-02-28,50,2026-03-17 06:54:00.6150520 +00:00,S,P
20524,BOA MG,NULL,}W,2026-02-28,72,2026-03-17 06:54:00.6150520 +00:00,S,P
20525,BOA MG,NULL,35,2026-02-28,50,2026-03-17 06:54:00.6150520 +00:00,S,P
20526,BOA MG,NULL,7Z,2026-02-28,74,2026-03-17 06:54:00.6150520 +00:00,S,P
20527,BOA MG,NULL,AUC,2026-02-28,82,2026-03-17 06:54:00.6150520 +00:00,S,P
20528,BOA MG,NULL,BAJ,2026-02-28,100,2026-03-17 06:54:00.6150520 +00:00,S,P
20529,BOA MG,NULL,BDF,2026-02-28,50,2026-03-17 06:54:00.6150520 +00:00,S,P
20530,BOA MG,NULL,BDJ,2026-02-28,70,2026-03-17 06:54:00.6150520 +00:00,S,P
20531,BOA MG,NULL,BDK,2026-02-28,0,2026-03-17 06:54:00.6150520 +00:00,S,P
20532,BOA MG,NULL,BFX,2026-02-28,100,2026-03-17 06:54:00.6150520 +00:00,S,P
20533,BOA MG,NULL,BRY,2026-02-28,100,2026-03-17 06:54:00.6150520 +00:00,S,P
20534,BOA MG,NULL,BVC,2026-02-28,80,2026-03-17 06:54:00.6150520 +00:00,S,P
20535,BOA MG,NULL,CWO,2026-02-28,100,2026-03-17 06:54:00.6150520 +00:00,S,P
20536,BOA MG,NULL,DBJ,2026-02-28,75,2026-03-17 06:54:00.6150520 +00:00,S,P
20537,BOA MG,NULL,EAL,2026-02-28,100,2026-03-17 06:54:00.6150520 +00:00,S,P
20538,BOA MG,NULL,IR,2026-02-28,66,2026-03-17 06:54:00.6150520 +00:00,S,P
20539,BOA MG,NULL,N[,2026-02-28,100,2026-03-17 06:54:00.6150520 +00:00,S,P
20540,BOA MG,NULL,QC,2026-02-28,100,2026-03-17 06:54:00.6150520 +00:00,S,P
20541,BOA MG,NULL,U-,2026-02-28,50,2026-03-17 06:54:00.6150520 +00:00,S,P
20542,BOA MG,NULL,V8,2026-02-28,94,2026-03-17 06:54:00.6150520 +00:00,S,P
20543,BOA MG,NULL,{T,2026-02-28,70,2026-03-17 06:54:00.6150520 +00:00,S,P
20544,BOA MG,NULL,3},2026-02-28,81,2026-03-17 06:54:00.6150520 +00:00,S,P
20545,BOA MG,NULL,40,2026-02-28,33,2026-03-17 06:54:00.6150520 +00:00,S,P
20546,BOA MG,NULL,BKI,2026-02-28,100,2026-03-17 06:54:00.6150520 +00:00,S,P
20547,BOA MG,NULL,CGO,2026-02-28,0,2026-03-17 06:54:00.6150520 +00:00,S,P
20548,BOA MG,NULL,CXW,2026-02-28,0,2026-03-17 06:54:00.6150520 +00:00,S,P
20549,BOA MG,NULL,DJ,2026-02-28,50,2026-03-17 06:54:00.6150520 +00:00,S,P
20550,BOA MG,NULL,DLI,2026-02-28,50,2026-03-17 06:54:00.6150520 +00:00,S,P
20551,BOA MG,NULL,ECD,2026-02-28,100,2026-03-17 06:54:00.6150520 +00:00,S,P
20552,BOA MG,NULL,J2,2026-02-28,66,2026-03-17 06:54:00.6150520 +00:00,S,P
20553,BOA MG,NULL,J3B,2026-02-28,100,2026-03-17 06:54:00.7090340 +00:00,S,P
20554,BOA MG,NULL,{D,2026-02-28,66,2026-03-17 06:54:00.7090340 +00:00,S,P
20555,BOA MG,NULL,BBJ,2026-02-28,100,2026-03-17 06:54:00.7090340 +00:00,S,P
20556,BOA MG,NULL,BNS,2026-02-28,100,2026-03-17 06:54:00.7090340 +00:00,S,P
20557,BOA MG,NULL,BSV,2026-02-28,85,2026-03-17 06:54:00.7090340 +00:00,S,P
20558,BOA MG,NULL,CSW,2026-02-28,100,2026-03-17 06:54:00.7090340 +00:00,S,P
20559,BOA MG,NULL,9S,2026-02-28,100,2026-03-17 06:54:00.7090340 +00:00,S,P
20560,BOA MG,NULL,AAM,2026-02-28,0,2026-03-17 06:54:00.7090340 +00:00,S,P
20561,BOA MG,NULL,AF,2026-02-28,100,2026-03-17 06:54:00.7090340 +00:00,S,P
20562,BOA MG,NULL,AMM,2026-02-28,69,2026-03-17 06:54:00.7090340 +00:00,S,P
20563,BOA MG,NULL,CH,2026-02-28,50,2026-03-17 06:54:00.7090340 +00:00,S,P
20564,BOA MG,NULL,CZ,2026-02-28,81,2026-03-17 06:54:00.7090340 +00:00,S,P
20565,BOA MG,NULL,G6,2026-02-28,44,2026-03-17 06:54:00.7090340 +00:00,S,P
20566,BOA MG,NULL,H9,2026-02-28,76,2026-03-17 06:54:00.7090340 +00:00,S,P
20567,BOA MG,NULL,-4,2026-02-28,100,2026-03-17 06:54:00.7090340 +00:00,S,P
20568,BOA MG,NULL,9M,2026-02-28,47,2026-03-17 06:54:00.7090340 +00:00,S,P
20569,BOA MG,NULL,ASP,2026-02-28,93,2026-03-17 06:54:00.7090340 +00:00,S,P
20570,BOA MG,NULL,DIW,2026-02-28,100,2026-03-17 06:54:00.7090340 +00:00,S,P
20571,BOA MG,NULL,F9,2026-02-28,100,2026-03-17 06:54:00.7090340 +00:00,S,P
20572,BOA MG,NULL,J5,2026-02-28,94,2026-03-17 06:54:00.7090340 +00:00,S,P
20573,BOA MG,NULL,LD,2026-02-28,95,2026-03-17 06:54:00.7090340 +00:00,S,P
20574,BOA MG,NULL,P8,2026-02-28,100,2026-03-17 06:54:00.7090340 +00:00,S,P
20575,BOA MG,NULL,PA,2026-02-28,87,2026-03-17 06:54:00.7090340 +00:00,S,P
20576,BOA MG,NULL,SP,2026-02-28,50,2026-03-17 06:54:00.7090340 +00:00,S,P
20577,BOA MG,NULL,ASG,2026-02-28,100,2026-03-17 06:54:00.7090340 +00:00,S,P
20578,BOA MG,NULL,BKW,2026-02-28,100,2026-03-17 06:54:00.7090340 +00:00,S,P
20579,BOA MG,NULL,CPR,2026-02-28,0,2026-03-17 06:54:00.7090340 +00:00,S,P
20580,BOA MG,NULL,CXI,2026-02-28,50,2026-03-17 06:54:00.7090340 +00:00,S,P
20581,BOA MG,NULL,CYP,2026-02-28,100,2026-03-17 06:54:00.7090340 +00:00,S,P
20582,BOA MG,NULL,YZ,2026-02-28,70,2026-03-17 06:54:00.7090340 +00:00,S,P
20583,BOA MG,NULL,APF,2026-02-28,100,2026-03-17 06:54:00.7090340 +00:00,S,P
20584,BOA MG,NULL,AU,2026-02-28,0,2026-03-17 06:54:00.7185750 +00:00,S,P
20585,BOA MG,NULL,CEU,2026-02-28,50,2026-03-17 06:54:00.7185750 +00:00,S,P
20586,BOA MG,NULL,COL,2026-02-28,100,2026-03-17 06:54:00.7185750 +00:00,S,P
20587,BOA MG,NULL,CSZ,2026-02-28,100,2026-03-17 06:54:00.7185750 +00:00,S,P
20588,BOA MG,NULL,UC,2026-02-28,50,2026-03-17 06:54:00.7185750 +00:00,S,P
20589,BOA MG,NULL,ACF,2026-02-28,100,2026-03-17 06:54:00.7185750 +00:00,S,P
20590,BOA MG,NULL,CWS,2026-02-28,0,2026-03-17 06:54:00.7185750 +00:00,S,P
20591,BOA MG,NULL,GP,2026-02-28,0,2026-03-17 06:54:00.7185750 +00:00,S,P
20592,BOA MG,NULL,N},2026-02-28,66,2026-03-17 06:54:00.7185750 +00:00,S,P
20593,BOA MG,NULL,Q},2026-02-28,86,2026-03-17 06:54:00.7185750 +00:00,S,P
20594,BOA MG,NULL,}3,2026-02-28,50,2026-03-17 06:54:00.7185750 +00:00,S,P
20595,BOA MG,NULL,}B,2026-02-28,33,2026-03-17 06:54:00.7185750 +00:00,S,P
20596,BOA MG,NULL,}Y,2026-02-28,79,2026-03-17 06:54:00.7185750 +00:00,S,P
20597,BOA MG,NULL,AVC,2026-02-28,100,2026-03-17 06:54:00.7185750 +00:00,S,P
20598,BOA MG,NULL,CNA,2026-02-28,100,2026-03-17 06:54:00.7185750 +00:00,S,P
20599,BOA MG,NULL,36,2026-02-28,73,2026-03-17 06:54:00.7185750 +00:00,S,P
20600,BOA MG,NULL,6-,2026-02-28,25,2026-03-17 06:54:00.7185750 +00:00,S,P
20601,BOA MG,NULL,ARW,2026-02-28,88,2026-03-17 06:54:00.7185750 +00:00,S,P
20602,BOA MG,NULL,BBS,2026-02-28,65,2026-03-17 06:54:00.7185750 +00:00,S,P
20603,BOA MG,NULL,CGJ,2026-02-28,100,2026-03-17 06:54:00.7185750 +00:00,S,P
20604,BOA MG,NULL,ECQ,2026-02-28,100,2026-03-17 06:54:00.7185750 +00:00,S,P
20605,BOA MG,NULL,F,2026-02-28,100,2026-03-17 06:54:00.7185750 +00:00,S,P
20606,BOA MG,NULL,Y2,2026-02-28,0,2026-03-17 06:54:00.7185750 +00:00,S,P
20607,BOA MG,NULL,}4,2026-02-28,76,2026-03-17 06:54:00.7185750 +00:00,S,P
20608,BOA MG,NULL,3[,2026-02-28,71,2026-03-17 06:54:00.7185750 +00:00,S,P
20609,BOA MG,NULL,BBL,2026-02-28,100,2026-03-17 06:54:00.7185750 +00:00,S,P
20610,BOA MG,NULL,BLL,2026-02-28,82,2026-03-17 06:54:00.7185750 +00:00,S,P
20611,BOA MG,NULL,DCS,2026-02-28,100,2026-03-17 06:54:00.7185750 +00:00,S,P
20612,BOA MG,NULL,0Y,2026-02-28,62,2026-03-17 06:54:00.7185750 +00:00,S,P
20613,BOA MG,NULL,[6,2026-02-28,66,2026-03-17 06:54:00.7185750 +00:00,S,P
20614,BOA MG,NULL,]E,2026-02-28,0,2026-03-17 06:54:00.7185750 +00:00,S,P
20615,BOA MG,NULL,AFB,2026-02-28,100,2026-03-17 06:54:00.7185750 +00:00,S,P
20616,BOA MG,NULL,AOA,2026-02-28,84,2026-03-17 06:54:00.7185750 +00:00,S,P
20617,BOA MG,NULL,BFV,2026-02-28,100,2026-03-17 06:54:00.7185750 +00:00,S,P
20618,BOA MG,NULL,BVY,2026-02-28,50,2026-03-17 06:54:00.7185750 +00:00,S,P
20619,BOA MG,NULL,TE,2026-02-28,68,2026-03-17 06:54:00.7185750 +00:00,S,P
20620,BOA MG,NULL,WK,2026-02-28,61,2026-03-17 06:54:00.7185750 +00:00,S,P
20621,BOA MG,NULL,[0,2026-02-28,66,2026-03-17 06:54:00.7185750 +00:00,S,P
20622,BOA MG,NULL,]C,2026-02-28,100,2026-03-17 06:54:00.7185750 +00:00,S,P
20623,BOA MG,NULL,{Y,2026-02-28,76,2026-03-17 06:54:00.7185750 +00:00,S,P
20624,BOA MG,NULL,-8,2026-02-28,100,2026-03-17 06:54:00.7185750 +00:00,S,P
20625,BOA MG,NULL,8-,2026-02-28,93,2026-03-17 06:54:00.7185750 +00:00,S,P
20626,BOA MG,NULL,BGC,2026-02-28,50,2026-03-17 06:54:00.7185750 +00:00,S,P
20627,BOA MG,NULL,BSB,2026-02-28,0,2026-03-17 06:54:00.7185750 +00:00,S,P
20628,BOA MG,NULL,JP,2026-02-28,100,2026-03-17 06:54:00.7185750 +00:00,S,P
20629,BOA MG,NULL,MQ,2026-02-28,60,2026-03-17 06:54:00.7185750 +00:00,S,P
20630,BOA MG,NULL,S3,2026-02-28,100,2026-03-17 06:54:00.7185750 +00:00,S,P
20631,BOA MG,NULL,ALU,2026-02-28,75,2026-03-17 06:54:00.7185750 +00:00,S,P
20632,BOA MG,NULL,ASN,2026-02-28,0,2026-03-17 06:54:00.7185750 +00:00,S,P
20633,BOA MG,NULL,BTQ,2026-02-28,33,2026-03-17 06:54:00.7185750 +00:00,S,P
20634,BOA MG,NULL,DIR_AGENCE_4200,2026-02-28,74,2026-03-17 06:54:00.7185750 +00:00,S,P
20635,BOA MG,NULL,88,2026-02-28,75,2026-03-17 06:54:00.7185750 +00:00,S,P
20636,BOA MG,NULL,BE,2026-02-28,0,2026-03-17 06:54:00.7185750 +00:00,S,P
20637,BOA MG,NULL,DDR,2026-02-28,0,2026-03-17 06:54:00.7185750 +00:00,S,P
20638,BOA MG,NULL,LH,2026-02-28,100,2026-03-17 06:54:00.7185750 +00:00,S,P
20639,BOA MG,NULL,]9,2026-02-28,33,2026-03-17 06:54:00.7185750 +00:00,S,P
20640,BOA MG,NULL,]I,2026-02-28,0,2026-03-17 06:54:00.7185750 +00:00,S,P
20641,BOA MG,NULL,]O,2026-02-28,100,2026-03-17 06:54:00.7185750 +00:00,S,P
20642,BOA MG,NULL,]R,2026-02-28,100,2026-03-17 06:54:00.7185750 +00:00,S,P
20643,BOA MG,NULL,CE,2026-02-28,66,2026-03-17 06:54:00.7185750 +00:00,S,P
20644,BOA MG,NULL,KZ,2026-02-28,0,2026-03-17 06:54:00.7185750 +00:00,S,P
20645,BOA MG,NULL,UH,2026-02-28,100,2026-03-17 06:54:00.7185750 +00:00,S,P
20646,BOA MG,NULL,2X,2026-02-28,100,2026-03-17 06:54:00.7185750 +00:00,S,P
20647,BOA MG,NULL,87,2026-02-28,66,2026-03-17 06:54:00.7185750 +00:00,S,P
20648,BOA MG,NULL,BZX,2026-02-28,0,2026-03-17 06:54:00.7185750 +00:00,S,P
20649,BOA MG,NULL,COU,2026-02-28,0,2026-03-17 06:54:00.7185750 +00:00,S,P
20650,BOA MG,NULL,CQN,2026-02-28,90,2026-03-17 06:54:00.7185750 +00:00,S,P
20651,BOA MG,NULL,IL,2026-02-28,100,2026-03-17 06:54:00.7185750 +00:00,S,P
20652,BOA MG,NULL,I],2026-02-28,85,2026-03-17 06:54:00.7185750 +00:00,S,P
20653,BOA MG,NULL,I{,2026-02-28,79,2026-03-17 06:54:00.7185750 +00:00,S,P
20654,BOA MG,NULL,I},2026-02-28,75,2026-03-17 06:54:00.7185750 +00:00,S,P
20655,BOA MG,NULL,X},2026-02-28,100,2026-03-17 06:54:00.7185750 +00:00,S,P
20656,BOA MG,NULL,-C,2026-02-28,71,2026-03-17 06:54:00.7185750 +00:00,S,P
20657,BOA MG,NULL,4{,2026-02-28,100,2026-03-17 06:54:00.7185750 +00:00,S,P
20658,BOA MG,NULL,5(,2026-02-28,100,2026-03-17 06:54:00.7185750 +00:00,S,P
20659,BOA MG,NULL,5[,2026-02-28,100,2026-03-17 06:54:00.7185750 +00:00,S,P
20660,BOA MG,NULL,5},2026-02-28,65,2026-03-17 06:54:00.7185750 +00:00,S,P
20661,BOA MG,NULL,9{,2026-02-28,71,2026-03-17 06:54:00.7185750 +00:00,S,P
20662,BOA MG,NULL,ARS,2026-02-28,93,2026-03-17 06:54:00.7185750 +00:00,S,P
20663,BOA MG,NULL,G-,2026-02-28,66,2026-03-17 06:54:00.7185750 +00:00,S,P
20664,BOA MG,NULL,DIR_AGENCE_4600,2026-02-28,100,2026-03-17 06:54:00.7185750 +00:00,S,P
20665,BOA MG,NULL,[A,2026-02-28,100,2026-03-17 06:54:00.7185750 +00:00,S,P
20666,BOA MG,NULL,{5,2026-02-28,85,2026-03-17 06:54:00.7185750 +00:00,S,P
20667,BOA MG,NULL,}U,2026-02-28,83,2026-03-17 06:54:00.7185750 +00:00,S,P
20668,BOA MG,NULL,KK,2026-02-28,100,2026-03-17 06:54:00.7185750 +00:00,S,P
20669,BOA MG,NULL,ME,2026-02-28,100,2026-03-17 06:54:00.7185750 +00:00,S,P
20670,BOA MG,NULL,WN,2026-02-28,68,2026-03-17 06:54:00.7185750 +00:00,S,P
20671,BOA MG,NULL,ATS,2026-02-28,50,2026-03-17 06:54:00.7185750 +00:00,S,P
20672,BOA MG,NULL,CG,2026-02-28,0,2026-03-17 06:54:00.7185750 +00:00,S,P
20673,BOA MG,NULL,1X,2026-02-28,83,2026-03-17 06:54:00.7185750 +00:00,S,P
20674,BOA MG,NULL,AHJ,2026-02-28,100,2026-03-17 06:54:00.7185750 +00:00,S,P
20675,BOA MG,NULL,R8,2026-02-28,69,2026-03-17 06:54:00.7185750 +00:00,S,P
20676,BOA MG,NULL,WX,2026-02-28,75,2026-03-17 06:54:00.7185750 +00:00,S,P
20677,BOA MG,NULL,76,2026-02-28,0,2026-03-17 06:54:00.7185750 +00:00,S,P
20678,BOA MG,NULL,BVV,2026-02-28,66,2026-03-17 06:54:00.7185750 +00:00,S,P
20679,BOA MG,NULL,BW,2026-02-28,100,2026-03-17 06:54:00.7185750 +00:00,S,P
20680,BOA MG,NULL,3Y,2026-02-28,100,2026-03-17 06:54:00.7185750 +00:00,S,P
20681,BOA MG,NULL,BSW,2026-02-28,85,2026-03-17 06:54:00.8026250 +00:00,S,P
20682,BOA MG,NULL,CTV,2026-02-28,100,2026-03-17 06:54:00.8026250 +00:00,S,P
20683,BOA MG,NULL,DF,2026-02-28,2,2026-03-17 06:54:00.8026250 +00:00,S,P
20684,BOA MG,NULL,MZ,2026-02-28,0,2026-03-17 06:54:00.8026250 +00:00,S,P
20685,BOA MG,NULL,QF,2026-02-28,100,2026-03-17 06:54:00.8026250 +00:00,S,P
20686,BOA MG,NULL,W8,2026-02-28,92,2026-03-17 06:54:00.8026250 +00:00,S,P
20687,BOA MG,NULL,Y9,2026-02-28,86,2026-03-17 06:54:00.8026250 +00:00,S,P
20688,BOA MG,NULL,YK,2026-02-28,50,2026-03-17 06:54:00.8026250 +00:00,S,P
20689,BOA MG,NULL,]M,2026-02-28,85,2026-03-17 06:54:00.8026250 +00:00,S,P
20690,BOA MG,NULL,{L,2026-02-28,100,2026-03-17 06:54:00.8026250 +00:00,S,P
20691,BOA MG,NULL,}0,2026-02-28,66,2026-03-17 06:54:00.8026250 +00:00,S,P
20692,BOA MG,NULL,}7,2026-02-28,100,2026-03-17 06:54:00.8026250 +00:00,S,P
20693,BOA MG,NULL,}M,2026-02-28,67,2026-03-17 06:54:00.8026250 +00:00,S,P
20694,BOA MG,NULL,3,2026-02-28,60,2026-03-17 06:54:00.8026250 +00:00,S,P
20695,BOA MG,NULL,AMN,2026-02-28,75,2026-03-17 06:54:00.8026250 +00:00,S,P
20696,BOA MG,NULL,AVK,2026-02-28,50,2026-03-17 06:54:00.8026250 +00:00,S,P
20697,BOA MG,NULL,BCT,2026-02-28,66,2026-03-17 06:54:00.8026250 +00:00,S,P
20698,BOA MG,NULL,HS,2026-02-28,0,2026-03-17 06:54:00.8026250 +00:00,S,P
20699,BOA MG,NULL,YG,2026-02-28,66,2026-03-17 06:54:00.8026250 +00:00,S,P
20700,BOA MG,NULL,2Y,2026-02-28,7,2026-03-17 06:54:00.8026250 +00:00,S,P
20701,BOA MG,NULL,6{,2026-02-28,100,2026-03-17 06:54:00.8026250 +00:00,S,P
20702,BOA MG,NULL,BJO,2026-02-28,75,2026-03-17 06:54:00.8026250 +00:00,S,P
20703,BOA MG,NULL,BYJ,2026-02-28,100,2026-03-17 06:54:00.8026250 +00:00,S,P
20704,BOA MG,NULL,CQ,2026-02-28,50,2026-03-17 06:54:00.8026250 +00:00,S,P
20705,BOA MG,NULL,JH,2026-02-28,76,2026-03-17 06:54:00.8026250 +00:00,S,P
20706,BOA MG,NULL,WT,2026-02-28,76,2026-03-17 06:54:00.8026250 +00:00,S,P
20707,BOA MG,NULL,]Z,2026-02-28,50,2026-03-17 06:54:00.8026250 +00:00,S,P
20708,BOA MG,NULL,ALE,2026-02-28,100,2026-03-17 06:54:00.8026250 +00:00,S,P
20709,BOA MG,NULL,BSF,2026-02-28,69,2026-03-17 06:54:00.8026250 +00:00,S,P
20710,BOA MG,NULL,BWL,2026-02-28,100,2026-03-17 06:54:00.8026250 +00:00,S,P
20711,BOA MG,NULL,CEJ,2026-02-28,100,2026-03-17 06:54:00.8026250 +00:00,S,P
20712,BOA MG,NULL,OI,2026-02-28,76,2026-03-17 06:54:00.8026250 +00:00,S,P
20713,BOA MG,NULL,SY,2026-02-28,100,2026-03-17 06:54:00.8026250 +00:00,S,P
20714,BOA MG,NULL,9H,2026-02-28,100,2026-03-17 06:54:00.8026250 +00:00,S,P
20715,BOA MG,NULL,AMI,2026-02-28,0,2026-03-17 06:54:00.8026250 +00:00,S,P
20716,BOA MG,NULL,BCM,2026-02-28,100,2026-03-17 06:54:00.8026250 +00:00,S,P
20717,BOA MG,NULL,BLM,2026-02-28,100,2026-03-17 06:54:00.8026250 +00:00,S,P
20718,BOA MG,NULL,CFN,2026-02-28,0,2026-03-17 06:54:00.8026250 +00:00,S,P
20719,BOA MG,NULL,CPB,2026-02-28,100,2026-03-17 06:54:00.8026250 +00:00,S,P
20720,BOA MG,NULL,GA,2026-02-28,0,2026-03-17 06:54:00.8026250 +00:00,S,P
20721,BOA MG,NULL,P},2026-02-28,68,2026-03-17 06:54:00.8026250 +00:00,S,P
20722,BOA MG,NULL,XY,2026-02-28,100,2026-03-17 06:54:00.8026250 +00:00,S,P
20723,BOA MG,NULL,-5,2026-02-28,66,2026-03-17 06:54:00.8026250 +00:00,S,P
20724,BOA MG,NULL,S-,2026-02-28,100,2026-03-17 06:54:00.8026250 +00:00,S,P
20725,BOA MG,NULL,0C,2026-02-28,100,2026-03-17 06:54:00.8026250 +00:00,S,P
20726,BOA MG,NULL,BCW,2026-02-28,50,2026-03-17 06:54:00.8026250 +00:00,S,P
20727,BOA MG,NULL,CQD,2026-02-28,100,2026-03-17 06:54:00.8026250 +00:00,S,P
20728,BOA MG,NULL,EAS,2026-02-28,100,2026-03-17 06:54:00.8026250 +00:00,S,P
20729,BOA MG,NULL,OX,2026-02-28,90,2026-03-17 06:54:00.8026250 +00:00,S,P
20730,BOA MG,NULL,]7,2026-02-28,100,2026-03-17 06:54:00.8026250 +00:00,S,P
20731,BOA MG,NULL,64,2026-02-28,100,2026-03-17 06:54:00.8026250 +00:00,S,P
20732,BOA MG,NULL,AGU,2026-02-28,33,2026-03-17 06:54:00.8026250 +00:00,S,P
20733,BOA MG,NULL,BOF,2026-02-28,100,2026-03-17 06:54:00.8026250 +00:00,S,P
20734,BOA MG,NULL,G4,2026-02-28,60,2026-03-17 06:54:00.8026250 +00:00,S,P
20735,BOA MG,NULL,M4,2026-02-28,60,2026-03-17 06:54:00.8026250 +00:00,S,P
20736,BOA MG,NULL,17A,2026-02-28,100,2026-03-17 06:54:00.8026250 +00:00,S,P
20737,BOA MG,NULL,ASV,2026-02-28,50,2026-03-17 06:54:00.8026250 +00:00,S,P
20738,BOA MG,NULL,CBK,2026-02-28,0,2026-03-17 06:54:00.8026250 +00:00,S,P
20739,BOA MG,NULL,CEL,2026-02-28,100,2026-03-17 06:54:00.8026250 +00:00,S,P
20740,BOA MG,NULL,CJI,2026-02-28,100,2026-03-17 06:54:00.8026250 +00:00,S,P
20741,BOA MG,NULL,CZB,2026-02-28,0,2026-03-17 06:54:00.8026250 +00:00,S,P
20742,BOA MG,NULL,TD,2026-02-28,50,2026-03-17 06:54:00.8026250 +00:00,S,P
20743,BOA MG,NULL,{N,2026-02-28,95,2026-03-17 06:54:00.8026250 +00:00,S,P
20744,BOA MG,NULL,BJJ,2026-02-28,100,2026-03-17 06:54:00.8026250 +00:00,S,P
20745,BOA MG,NULL,{Q,2026-02-28,90,2026-03-17 06:54:00.8026250 +00:00,S,P
20746,BOA MG,NULL,}Q,2026-02-28,100,2026-03-17 06:54:00.8026250 +00:00,S,P
20747,BOA MG,NULL,6],2026-02-28,92,2026-03-17 06:54:00.8026250 +00:00,S,P
20748,BOA MG,NULL,7-,2026-02-28,54,2026-03-17 06:54:00.8026250 +00:00,S,P
20749,BOA MG,NULL,ALR,2026-02-28,100,2026-03-17 06:54:00.8026250 +00:00,S,P
20750,BOA MG,NULL,ANV,2026-02-28,100,2026-03-17 06:54:00.8026250 +00:00,S,P
20751,BOA MG,NULL,BY,2026-02-28,100,2026-03-17 06:54:00.8026250 +00:00,S,P
20752,BOA MG,NULL,CFL,2026-02-28,100,2026-03-17 06:54:00.8026250 +00:00,S,P
20753,BOA MG,NULL,EAU,2026-02-28,100,2026-03-17 06:54:00.8026250 +00:00,S,P
20754,BOA MG,NULL,W9,2026-02-28,100,2026-03-17 06:54:00.8026250 +00:00,S,P
20755,BOA MG,NULL,WE,2026-02-28,33,2026-03-17 06:54:00.8026250 +00:00,S,P
20756,BOA MG,NULL,WF,2026-02-28,100,2026-03-17 06:54:00.8026250 +00:00,S,P
20757,BOA MG,NULL,WQ,2026-02-28,66,2026-03-17 06:54:00.8026250 +00:00,S,P
20758,BOA MG,NULL,WW,2026-02-28,81,2026-03-17 06:54:00.8026250 +00:00,S,P
20759,BOA MG,NULL,XK,2026-02-28,100,2026-03-17 06:54:00.8026250 +00:00,S,P
20760,BOA MG,NULL,0,2026-02-28,100,2026-03-17 06:54:00.8026250 +00:00,S,P
20761,BOA MG,NULL,E9,2026-02-28,50,2026-03-17 06:54:00.8026250 +00:00,S,P
20762,BOA MG,NULL,]Y,2026-02-28,100,2026-03-17 06:54:00.8026250 +00:00,S,P
20763,BOA MG,NULL,{A,2026-02-28,75,2026-03-17 06:54:00.8026250 +00:00,S,P
20764,BOA MG,NULL,}N,2026-02-28,100,2026-03-17 06:54:00.8026250 +00:00,S,P
20765,BOA MG,NULL,SB,2026-02-28,100,2026-03-17 06:54:00.8026250 +00:00,S,P
20766,BOA MG,NULL,8[,2026-02-28,0,2026-03-17 06:54:00.8026250 +00:00,S,P
20767,BOA MG,NULL,8],2026-02-28,83,2026-03-17 06:54:00.8026250 +00:00,S,P
20768,BOA MG,NULL,ASR,2026-02-28,100,2026-03-17 06:54:00.8026250 +00:00,S,P
20769,BOA MG,NULL,BVO,2026-02-28,100,2026-03-17 06:54:00.8026250 +00:00,S,P
20770,BOA MG,NULL,DMA,2026-02-28,100,2026-03-17 06:54:00.8026250 +00:00,S,P
20771,BOA MG,NULL,K8,2026-02-28,100,2026-03-17 06:54:00.8026250 +00:00,S,P
20772,BOA MG,NULL,TU,2026-02-28,100,2026-03-17 06:54:00.8026250 +00:00,S,P
20773,BOA MG,NULL,XA,2026-02-28,57,2026-03-17 06:54:00.8026250 +00:00,S,P
20774,BOA MG,NULL,[I,2026-02-28,100,2026-03-17 06:54:00.8026250 +00:00,S,P
20775,BOA MG,NULL,[K,2026-02-28,100,2026-03-17 06:54:00.8026250 +00:00,S,P
20776,BOA MG,NULL,{8,2026-02-28,85,2026-03-17 06:54:00.8026250 +00:00,S,P
20777,BOA MG,NULL,}8,2026-02-28,100,2026-03-17 06:54:00.8026250 +00:00,S,P
20778,BOA MG,NULL,69,2026-02-28,100,2026-03-17 06:54:00.8026250 +00:00,S,P
20779,BOA MG,NULL,BQN,2026-02-28,100,2026-03-17 06:54:00.8026250 +00:00,S,P
20780,BOA MG,NULL,BUE,2026-02-28,100,2026-03-17 06:54:00.8026250 +00:00,S,P
20781,BOA MG,NULL,GJ,2026-02-28,100,2026-03-17 06:54:00.8026250 +00:00,S,P
20782,BOA MG,NULL,RE,2026-02-28,100,2026-03-17 06:54:00.8026250 +00:00,S,P
20783,BOA MG,NULL,RF,2026-02-28,0,2026-03-17 06:54:00.8026250 +00:00,S,P
20784,BOA MG,NULL,X-,2026-02-28,100,2026-03-17 06:54:00.8026250 +00:00,S,P
20785,BOA MG,NULL,BBA,2026-02-28,50,2026-03-17 06:54:00.8026250 +00:00,S,P
20786,BOA MG,NULL,BJK,2026-02-28,50,2026-03-17 06:54:00.8026250 +00:00,S,P
20787,BOA MG,NULL,CMQ,2026-02-28,100,2026-03-17 06:54:00.8026250 +00:00,S,P
20788,BOA MG,NULL,CVI,2026-02-28,79,2026-03-17 06:54:00.8026250 +00:00,S,P
20789,BOA MG,NULL,G{,2026-02-28,80,2026-03-17 06:54:00.8026250 +00:00,S,P
20790,BOA MG,NULL,H5A,2026-02-28,100,2026-03-17 06:54:00.8026250 +00:00,S,P
20791,BOA MG,NULL,K3,2026-02-28,100,2026-03-17 06:54:00.8026250 +00:00,S,P
20792,BOA MG,NULL,B{,2026-02-28,0,2026-03-17 06:54:00.8026250 +00:00,S,P
20793,BOA MG,NULL,DK,2026-02-28,50,2026-03-17 06:54:00.8026250 +00:00,S,P
20794,BOA MG,NULL,TO,2026-02-28,0,2026-03-17 06:54:00.8026250 +00:00,S,P
20795,BOA MG,NULL,XD,2026-02-28,0,2026-03-17 06:54:00.8026250 +00:00,S,P
20796,BOA MG,NULL,[W,2026-02-28,100,2026-03-17 06:54:00.8026250 +00:00,S,P
20797,BOA MG,NULL,9],2026-02-28,50,2026-03-17 06:54:00.8026250 +00:00,S,P
20798,BOA MG,NULL,AN,2026-02-28,100,2026-03-17 06:54:00.8026250 +00:00,S,P
20799,BOA MG,NULL,ASS,2026-02-28,50,2026-03-17 06:54:00.8026250 +00:00,S,P
20800,BOA MG,NULL,AZN,2026-02-28,100,2026-03-17 06:54:00.8026250 +00:00,S,P
20801,BOA MG,NULL,BJM,2026-02-28,100,2026-03-17 06:54:00.8026250 +00:00,S,P
20802,BOA MG,NULL,BMP,2026-02-28,100,2026-03-17 06:54:00.8026250 +00:00,S,P
20803,BOA MG,NULL,BNO,2026-02-28,50,2026-03-17 06:54:00.8026250 +00:00,S,P
20804,BOA MG,NULL,COD,2026-02-28,100,2026-03-17 06:54:00.8026250 +00:00,S,P
20805,BOA MG,NULL,CQB,2026-02-28,33,2026-03-17 06:54:00.8026250 +00:00,S,P
20806,BOA MG,NULL,CRG,2026-02-28,100,2026-03-17 06:54:00.8026250 +00:00,S,P
20807,BOA MG,NULL,DDF,2026-02-28,100,2026-03-17 06:54:00.8026250 +00:00,S,P
20808,BOA MG,NULL,[J,2026-02-28,75,2026-03-17 06:54:00.8026250 +00:00,S,P
20809,BOA MG,NULL,BCC,2026-02-28,100,2026-03-17 06:54:00.9091760 +00:00,S,P
20810,BOA MG,NULL,BUD,2026-02-28,100,2026-03-17 06:54:00.9091760 +00:00,S,P
20811,BOA MG,NULL,CVW,2026-02-28,100,2026-03-17 06:54:00.9091760 +00:00,S,P
20812,BOA MG,NULL,DDB,2026-02-28,100,2026-03-17 06:54:00.9091760 +00:00,S,P
20813,BOA MG,NULL,HZ,2026-02-28,100,2026-03-17 06:54:00.9091760 +00:00,S,P
20814,BOA MG,NULL,I4,2026-02-28,100,2026-03-17 06:54:00.9091760 +00:00,S,P
20815,BOA MG,NULL,{I,2026-02-28,100,2026-03-17 06:54:00.9091760 +00:00,S,P
20816,BOA MG,NULL,3P,2026-02-28,100,2026-03-17 06:54:00.9091760 +00:00,S,P
20817,BOA MG,NULL,CGD,2026-02-28,100,2026-03-17 06:54:00.9091760 +00:00,S,P
20818,BOA MG,NULL,70,2026-02-28,50,2026-03-17 06:54:00.9091760 +00:00,S,P
20819,BOA MG,NULL,EBG,2026-02-28,100,2026-03-17 06:54:00.9091760 +00:00,S,P
20820,BOA MG,NULL,]U,2026-02-28,0,2026-03-17 06:54:00.9091760 +00:00,S,P
20821,BOA MG,NULL,{M,2026-02-28,66,2026-03-17 06:54:00.9091760 +00:00,S,P
20822,BOA MG,NULL,{U,2026-02-28,100,2026-03-17 06:54:00.9091760 +00:00,S,P
20823,BOA MG,NULL,5H,2026-02-28,100,2026-03-17 06:54:00.9091760 +00:00,S,P
20824,BOA MG,NULL,A{,2026-02-28,100,2026-03-17 06:54:00.9091760 +00:00,S,P
20825,BOA MG,NULL,BVT,2026-02-28,0,2026-03-17 06:54:00.9091760 +00:00,S,P
20826,BOA MG,NULL,CDC,2026-02-28,0,2026-03-17 06:54:00.9091760 +00:00,S,P
20827,BOA MG,NULL,DCY,2026-02-28,50,2026-03-17 06:54:00.9091760 +00:00,S,P
20828,BOA MG,NULL,HJ,2026-02-28,100,2026-03-17 06:54:00.9091760 +00:00,S,P
20829,BOA MG,NULL,[N,2026-02-28,100,2026-03-17 06:54:00.9091760 +00:00,S,P
20830,BOA MG,NULL,]V,2026-02-28,50,2026-03-17 06:54:00.9091760 +00:00,S,P
20831,BOA MG,NULL,JR,2026-02-28,100,2026-03-17 06:54:00.9091760 +00:00,S,P
20832,BOA MG,NULL,68,2026-02-28,50,2026-03-17 06:54:00.9091760 +00:00,S,P
20833,BOA MG,NULL,6P,2026-02-28,88,2026-03-17 06:54:00.9091760 +00:00,S,P
20834,BOA MG,NULL,6[,2026-02-28,50,2026-03-17 06:54:00.9091760 +00:00,S,P
20835,BOA MG,NULL,79,2026-02-28,75,2026-03-17 06:54:00.9091760 +00:00,S,P
20836,BOA MG,NULL,A0,2026-02-28,77,2026-03-17 06:54:00.9091760 +00:00,S,P
20837,BOA MG,NULL,AGE,2026-02-28,100,2026-03-17 06:54:00.9091760 +00:00,S,P
20838,BOA MG,NULL,CJ,2026-02-28,100,2026-03-17 06:54:00.9091760 +00:00,S,P
20839,BOA MG,NULL,LP,2026-02-28,0,2026-03-17 06:54:00.9091760 +00:00,S,P
20840,BOA MG,NULL,U0,2026-02-28,100,2026-03-17 06:54:00.9091760 +00:00,S,P
20841,BOA MG,NULL,XL,2026-02-28,100,2026-03-17 06:54:00.9091760 +00:00,S,P
20842,BOA MG,NULL,2P,2026-02-28,100,2026-03-17 06:54:00.9091760 +00:00,S,P
20843,BOA MG,NULL,LR,2026-02-28,100,2026-03-17 06:54:00.9091760 +00:00,S,P
20844,BOA MG,NULL,[F,2026-02-28,100,2026-03-17 06:54:00.9091760 +00:00,S,P
20845,BOA MG,NULL,84,2026-02-28,100,2026-03-17 06:54:00.9091760 +00:00,S,P
20846,BOA MG,NULL,DCT,2026-02-28,50,2026-03-17 06:54:00.9091760 +00:00,S,P
20847,BOA MG,NULL,6J,2026-02-28,100,2026-03-17 06:54:00.9091760 +00:00,S,P
20848,BOA MG,NULL,BTW,2026-02-28,100,2026-03-17 06:54:00.9091760 +00:00,S,P
20849,BOA MG,NULL,H6,2026-02-28,33,2026-03-17 06:54:00.9091760 +00:00,S,P
20850,BOA MG,NULL,RG,2026-02-28,87,2026-03-17 06:54:00.9091760 +00:00,S,P
20851,BOA MG,NULL,B2,2026-02-28,62,2026-03-17 06:54:00.9091760 +00:00,S,P
20852,BOA MG,NULL,CBY,2026-02-28,0,2026-03-17 06:54:00.9091760 +00:00,S,P
20853,BOA MG,NULL,MO,2026-02-28,100,2026-03-17 06:54:00.9091760 +00:00,S,P
20854,BOA MG,NULL,RI,2026-02-28,50,2026-03-17 06:54:00.9091760 +00:00,S,P
20855,BOA MG,NULL,TC,2026-02-28,75,2026-03-17 06:54:00.9091760 +00:00,S,P
20856,BOA MG,NULL,YA,2026-02-28,66,2026-03-17 06:54:00.9091760 +00:00,S,P
20857,BOA MG,NULL,5],2026-02-28,76,2026-03-17 06:54:00.9091760 +00:00,S,P
20858,BOA MG,NULL,COX,2026-02-28,0,2026-03-17 06:54:00.9091760 +00:00,S,P
20859,BOA MG,NULL,XI,2026-02-28,100,2026-03-17 06:54:00.9091760 +00:00,S,P
20860,BOA MG,NULL,Z},2026-02-28,73,2026-03-17 06:54:00.9091760 +00:00,S,P
20861,BOA MG,NULL,[Z,2026-02-28,80,2026-03-17 06:54:00.9091760 +00:00,S,P
20862,BOA MG,NULL,{Z,2026-02-28,100,2026-03-17 06:54:00.9091760 +00:00,S,P
20863,BOA MG,NULL,8,2026-02-28,100,2026-03-17 06:54:00.9091760 +00:00,S,P
20864,BOA MG,NULL,8O,2026-02-28,100,2026-03-17 06:54:00.9091760 +00:00,S,P
20865,BOA MG,NULL,CQQ,2026-02-28,100,2026-03-17 06:54:00.9091760 +00:00,S,P
20866,BOA MG,NULL,ARX,2026-02-28,33,2026-03-17 06:54:00.9091760 +00:00,S,P
20867,BOA MG,NULL,CES,2026-02-28,0,2026-03-17 06:54:00.9091760 +00:00,S,P
20868,BOA MG,NULL,CQH,2026-02-28,100,2026-03-17 06:54:00.9091760 +00:00,S,P
20869,BOA MG,NULL,{X,2026-02-28,66,2026-03-17 06:54:00.9091760 +00:00,S,P
20870,BOA MG,NULL,CGQ,2026-02-28,0,2026-03-17 06:54:00.9091760 +00:00,S,P
20871,BOA MG,NULL,JT,2026-02-28,66,2026-03-17 06:54:00.9091760 +00:00,S,P
20872,BOA MG,NULL,1[,2026-02-28,50,2026-03-17 06:54:00.9091760 +00:00,S,P
20873,BOA MG,NULL,2[,2026-02-28,100,2026-03-17 06:54:00.9091760 +00:00,S,P
20874,BOA MG,NULL,52,2026-02-28,100,2026-03-17 06:54:00.9091760 +00:00,S,P
20875,BOA MG,NULL,BKU,2026-02-28,66,2026-03-17 06:54:00.9091760 +00:00,S,P
20876,BOA MG,NULL,BMT,2026-02-28,100,2026-03-17 06:54:00.9091760 +00:00,S,P
20877,BOA MG,NULL,CWW,2026-02-28,100,2026-03-17 06:54:00.9091760 +00:00,S,P
20878,BOA MG,NULL,I5,2026-02-28,100,2026-03-17 06:54:00.9091760 +00:00,S,P
20879,BOA MG,NULL,O[,2026-02-28,0,2026-03-17 06:54:00.9091760 +00:00,S,P
20880,BOA MG,NULL,SD,2026-02-28,50,2026-03-17 06:54:00.9091760 +00:00,S,P
20881,BOA MG,NULL,T8,2026-02-28,63,2026-03-17 06:54:00.9091760 +00:00,S,P
20882,BOA MG,NULL,V7,2026-02-28,100,2026-03-17 06:54:00.9091760 +00:00,S,P
20883,BOA MG,NULL,]2,2026-02-28,50,2026-03-17 06:54:00.9091760 +00:00,S,P
20884,BOA MG,NULL,50,2026-02-28,100,2026-03-17 06:54:00.9091760 +00:00,S,P
20885,BOA MG,NULL,A[,2026-02-28,100,2026-03-17 06:54:00.9091760 +00:00,S,P
20886,BOA MG,NULL,BLZ,2026-02-28,0,2026-03-17 06:54:00.9091760 +00:00,S,P
20887,BOA MG,NULL,CWQ,2026-02-28,100,2026-03-17 06:54:00.9091760 +00:00,S,P
20888,BOA MG,NULL,G3,2026-02-28,100,2026-03-17 06:54:00.9091760 +00:00,S,P
20889,BOA MG,NULL,[O,2026-02-28,78,2026-03-17 06:54:00.9091760 +00:00,S,P
20890,BOA MG,NULL,]0,2026-02-28,100,2026-03-17 06:54:00.9091760 +00:00,S,P
20891,BOA MG,NULL,73,2026-02-28,83,2026-03-17 06:54:00.9091760 +00:00,S,P
20892,BOA MG,NULL,AKA,2026-02-28,100,2026-03-17 06:54:00.9091760 +00:00,S,P
20893,BOA MG,NULL,CFJ,2026-02-28,0,2026-03-17 06:54:00.9091760 +00:00,S,P
20894,BOA MG,NULL,}5,2026-02-28,33,2026-03-17 06:54:00.9091760 +00:00,S,P
20895,BOA MG,NULL,4K,2026-02-28,100,2026-03-17 06:54:00.9091760 +00:00,S,P
20896,BOA MG,NULL,4],2026-02-28,100,2026-03-17 06:54:00.9091760 +00:00,S,P
20897,BOA MG,NULL,A8,2026-02-28,100,2026-03-17 06:54:00.9091760 +00:00,S,P
20898,BOA MG,NULL,1A,2026-02-28,100,2026-03-17 06:54:00.9091760 +00:00,S,P
20899,BOA MG,NULL,AEE,2026-02-28,100,2026-03-17 06:54:00.9091760 +00:00,S,P
20900,BOA MG,NULL,AI,2026-02-28,100,2026-03-17 06:54:00.9091760 +00:00,S,P
20901,BOA MG,NULL,AP,2026-02-28,100,2026-03-17 06:54:00.9091760 +00:00,S,P
20902,BOA MG,NULL,XW,2026-02-28,100,2026-03-17 06:54:00.9091760 +00:00,S,P
20903,BOA MG,NULL,BVE,2026-02-28,0,2026-03-17 06:54:00.9091760 +00:00,S,P
20904,BOA MG,NULL,COQ,2026-02-28,77,2026-03-17 06:54:00.9091760 +00:00,S,P
20905,BOA MG,NULL,D0,2026-02-28,87,2026-03-17 06:54:00.9091760 +00:00,S,P
20906,BOA MG,NULL,78,2026-02-28,100,2026-03-17 06:54:00.9091760 +00:00,S,P
20907,BOA MG,NULL,ARP,2026-02-28,93,2026-03-17 06:54:00.9091760 +00:00,S,P
20908,BOA MG,NULL,O-,2026-02-28,100,2026-03-17 06:54:00.9091760 +00:00,S,P
20909,BOA MG,NULL,Z1,2026-02-28,100,2026-03-17 06:54:00.9091760 +00:00,S,P
20910,BOA MG,NULL,{G,2026-02-28,0,2026-03-17 06:54:00.9091760 +00:00,S,P
20911,BOA MG,NULL,DIX,2026-02-28,100,2026-03-17 06:54:00.9091760 +00:00,S,P
20912,BOA MG,NULL,AM,2026-02-28,100,2026-03-17 06:54:00.9091760 +00:00,S,P
20913,BOA MG,NULL,AMG,2026-02-28,100,2026-03-17 06:54:00.9091760 +00:00,S,P
20914,BOA MG,NULL,ARL,2026-02-28,40,2026-03-17 06:54:00.9091760 +00:00,S,P
20915,BOA MG,NULL,YF,2026-02-28,40,2026-03-17 06:54:00.9091760 +00:00,S,P
20916,BOA MG,NULL,YP,2026-02-28,0,2026-03-17 06:54:00.9091760 +00:00,S,P
20917,BOA MG,NULL,JN,2026-02-28,66,2026-03-17 06:54:00.9091760 +00:00,S,P
20918,BOA MG,NULL,M],2026-02-28,50,2026-03-17 06:54:00.9091760 +00:00,S,P
20919,BOA MG,NULL,89,2026-02-28,100,2026-03-17 06:54:00.9091760 +00:00,S,P
20920,BOA MG,NULL,BBC,2026-02-28,50,2026-03-17 06:54:00.9091760 +00:00,S,P
20921,BOA MG,NULL,BSC,2026-02-28,100,2026-03-17 06:54:00.9091760 +00:00,S,P
20922,BOA MG,NULL,BSZ,2026-02-28,66,2026-03-17 06:54:00.9091760 +00:00,S,P
20923,BOA MG,NULL,H1,2026-02-28,50,2026-03-17 06:54:00.9091760 +00:00,S,P
20924,BOA MG,NULL,S},2026-02-28,100,2026-03-17 06:54:00.9091760 +00:00,S,P
20925,BOA MG,NULL,BGS,2026-02-28,66,2026-03-17 06:54:00.9091760 +00:00,S,P
20926,BOA MG,NULL,BQG,2026-02-28,100,2026-03-17 06:54:00.9091760 +00:00,S,P
20927,BOA MG,NULL,BS,2026-02-28,100,2026-03-17 06:54:00.9091760 +00:00,S,P
20928,BOA MG,NULL,BSD,2026-02-28,0,2026-03-17 06:54:00.9091760 +00:00,S,P
20929,BOA MG,NULL,BSS,2026-02-28,100,2026-03-17 06:54:00.9091760 +00:00,S,P
20930,BOA MG,NULL,V},2026-02-28,100,2026-03-17 06:54:00.9091760 +00:00,S,P
20931,BOA MG,NULL,YV,2026-02-28,100,2026-03-17 06:54:00.9091760 +00:00,S,P
20932,BOA MG,NULL,AAD,2026-02-28,0,2026-03-17 06:54:00.9091760 +00:00,S,P
20933,BOA MG,NULL,BMB,2026-02-28,100,2026-03-17 06:54:00.9091760 +00:00,S,P
20934,BOA MG,NULL,CFQ,2026-02-28,100,2026-03-17 06:54:00.9091760 +00:00,S,P
20935,BOA MG,NULL,CGR,2026-02-28,83,2026-03-17 06:54:00.9091760 +00:00,S,P
20936,BOA MG,NULL,F5,2026-02-28,100,2026-03-17 06:54:00.9091760 +00:00,S,P
20937,BOA MG,NULL,[T,2026-02-28,100,2026-03-17 06:54:00.9902630 +00:00,S,P
20938,BOA MG,NULL,1B,2026-02-28,66,2026-03-17 06:54:00.9902630 +00:00,S,P
20939,BOA MG,NULL,BWD,2026-02-28,33,2026-03-17 06:54:00.9902630 +00:00,S,P
20940,BOA MG,NULL,EH,2026-02-28,100,2026-03-17 06:54:00.9902630 +00:00,S,P
20941,BOA MG,NULL,FP,2026-02-28,50,2026-03-17 06:54:00.9902630 +00:00,S,P
20942,BOA MG,NULL,ADD,2026-02-28,0,2026-03-17 06:54:00.9902630 +00:00,S,P
20943,BOA MG,NULL,BBO,2026-02-28,0,2026-03-17 06:54:00.9902630 +00:00,S,P
20944,BOA MG,NULL,F},2026-02-28,100,2026-03-17 06:54:00.9902630 +00:00,S,P
20945,BOA MG,NULL,MJ,2026-02-28,0,2026-03-17 06:54:00.9902630 +00:00,S,P
20946,BOA MG,NULL,[B,2026-02-28,100,2026-03-17 06:54:00.9902630 +00:00,S,P
20947,BOA MG,NULL,AGP,2026-02-28,50,2026-03-17 06:54:00.9902630 +00:00,S,P
20948,BOA MG,NULL,BWR,2026-02-28,50,2026-03-17 06:54:00.9902630 +00:00,S,P
20949,BOA MG,NULL,L{,2026-02-28,100,2026-03-17 06:54:00.9902630 +00:00,S,P
20950,BOA MG,NULL,V[,2026-02-28,100,2026-03-17 06:54:00.9902630 +00:00,S,P
20951,BOA MG,NULL,ANU,2026-02-28,33,2026-03-17 06:54:00.9902630 +00:00,S,P
20952,BOA MG,NULL,B-,2026-02-28,89,2026-03-17 06:54:00.9902630 +00:00,S,P
20953,BOA MG,NULL,BKQ,2026-02-28,100,2026-03-17 06:54:00.9902630 +00:00,S,P
20954,BOA MG,NULL,DCZ,2026-02-28,0,2026-03-17 06:54:00.9902630 +00:00,S,P
20955,BOA MG,NULL,Q9,2026-02-28,100,2026-03-17 06:54:00.9902630 +00:00,S,P
20956,BOA MG,NULL,F8,2026-02-28,9,2026-03-17 06:54:00.9902630 +00:00,S,P
20957,BOA MG,NULL,ZP,2026-02-28,0,2026-03-17 06:54:00.9902630 +00:00,S,P
20958,BOA MG,NULL,CIP,2026-02-28,0,2026-03-17 06:54:00.9902630 +00:00,S,P
20959,BOA MG,NULL,BWQ,2026-02-28,3,2026-03-17 06:54:00.9902630 +00:00,S,P
20960,BOA MG,NULL,0E,2026-02-28,50,2026-03-17 06:54:00.9902630 +00:00,S,P
20961,BOA MG,NULL,DIR_AGENCE_9999,2026-02-28,0,2026-03-17 06:54:00.9902630 +00:00,S,P
20962,BOA MG,NULL,4V,2026-02-28,0,2026-03-17 06:54:00.9902630 +00:00,S,M
20963,BOA MG,NULL,AA,2026-02-28,0,2026-03-17 06:54:00.9902630 +00:00,S,M
20964,BOA MG,NULL,QT,2026-02-28,66,2026-03-17 06:54:00.9902630 +00:00,S,M
20965,BOA MG,NULL,[4,2026-02-28,37,2026-03-17 06:54:00.9902630 +00:00,S,M
20966,BOA MG,NULL,AO,2026-02-28,0,2026-03-17 06:54:00.9902630 +00:00,S,M
20967,BOA MG,NULL,AUD,2026-02-28,6,2026-03-17 06:54:00.9902630 +00:00,S,M
20968,BOA MG,NULL,H7,2026-02-28,25,2026-03-17 06:54:00.9902630 +00:00,S,M
20969,BOA MG,NULL,HY,2026-02-28,6,2026-03-17 06:54:00.9902630 +00:00,S,M
20970,BOA MG,NULL,P[,2026-02-28,14,2026-03-17 06:54:00.9902630 +00:00,S,M
20971,BOA MG,NULL,NI,2026-02-28,49,2026-03-17 06:54:00.9902630 +00:00,S,M
20972,BOA MG,NULL,0K,2026-02-28,57,2026-03-17 06:54:00.9902630 +00:00,S,M
20973,BOA MG,NULL,BO,2026-02-28,0,2026-03-17 06:54:00.9902630 +00:00,S,M
20974,BOA MG,NULL,27,2026-02-28,80,2026-03-17 06:54:00.9902630 +00:00,S,M
20975,BOA MG,NULL,BU,2026-02-28,100,2026-03-17 06:54:00.9902630 +00:00,S,M
20976,BOA MG,NULL,UE,2026-02-28,0,2026-03-17 06:54:00.9902630 +00:00,S,M
20977,BOA MG,NULL,IX,2026-02-28,62,2026-03-17 06:54:00.9902630 +00:00,S,M
20978,BOA MG,NULL,[9,2026-02-28,10,2026-03-17 06:54:00.9902630 +00:00,S,M
20979,BOA MG,NULL,}9,2026-02-28,100,2026-03-17 06:54:00.9902630 +00:00,S,M
20980,BOA MG,NULL,57,2026-02-28,28,2026-03-17 06:54:00.9902630 +00:00,S,M
20981,BOA MG,NULL,CK,2026-02-28,13,2026-03-17 06:54:00.9902630 +00:00,S,M
20982,BOA MG,NULL,O},2026-02-28,19,2026-03-17 06:54:00.9902630 +00:00,S,M
20983,BOA MG,NULL,1W,2026-02-28,0,2026-03-17 06:54:00.9902630 +00:00,S,M
20984,BOA MG,NULL,BDB,2026-02-28,19,2026-03-17 06:54:00.9902630 +00:00,S,M
20985,BOA MG,NULL,JK,2026-02-28,16,2026-03-17 06:54:00.9902630 +00:00,S,M
20986,BOA MG,NULL,AQ,2026-02-28,30,2026-03-17 06:54:00.9902630 +00:00,S,M
20987,BOA MG,NULL,CF,2026-02-28,33,2026-03-17 06:54:00.9902630 +00:00,S,M
20988,BOA MG,NULL,CFP,2026-02-28,100,2026-03-17 06:54:00.9902630 +00:00,S,M
20989,BOA MG,NULL,CT,2026-02-28,11,2026-03-17 06:54:00.9902630 +00:00,S,M
20990,BOA MG,NULL,0L,2026-02-28,8,2026-03-17 06:54:00.9902630 +00:00,S,M
20991,BOA MG,NULL,2G,2026-02-28,4,2026-03-17 06:54:00.9902630 +00:00,S,M
20992,BOA MG,NULL,5-,2026-02-28,10,2026-03-17 06:54:00.9902630 +00:00,S,M
20993,BOA MG,NULL,6D,2026-02-28,0,2026-03-17 06:54:00.9902630 +00:00,S,M
20994,BOA MG,NULL,HF,2026-02-28,25,2026-03-17 06:54:00.9902630 +00:00,S,M
20995,BOA MG,NULL,JY,2026-02-28,94,2026-03-17 06:54:00.9902630 +00:00,S,M
20996,BOA MG,NULL,LJ,2026-02-28,0,2026-03-17 06:54:00.9902630 +00:00,S,M
20997,BOA MG,NULL,PE,2026-02-28,0,2026-03-17 06:54:00.9902630 +00:00,S,M
20998,BOA MG,NULL,SS,2026-02-28,47,2026-03-17 06:54:00.9902630 +00:00,S,M
20999,BOA MG,NULL,XQ,2026-02-28,14,2026-03-17 06:54:00.9902630 +00:00,S,M
21000,BOA MG,NULL,}F,2026-02-28,12,2026-03-17 06:54:00.9902630 +00:00,S,M
21001,BOA MG,NULL,-6,2026-02-28,0,2026-03-17 06:54:00.9902630 +00:00,S,M
21002,BOA MG,NULL,BBM,2026-02-28,0,2026-03-17 06:54:00.9902630 +00:00,S,M
21003,BOA MG,NULL,HA,2026-02-28,0,2026-03-17 06:54:00.9902630 +00:00,S,M
21004,BOA MG,NULL,7W,2026-02-28,32,2026-03-17 06:54:00.9902630 +00:00,S,M
21005,BOA MG,NULL,43,2026-02-28,0,2026-03-17 06:54:00.9902630 +00:00,S,M
21006,BOA MG,NULL,B-,2026-02-28,59,2026-03-17 06:54:00.9902630 +00:00,S,M
21007,BOA MG,NULL,LL,2026-02-28,0,2026-03-17 06:54:00.9902630 +00:00,S,M
21008,BOA MG,NULL,M[,2026-02-28,21,2026-03-17 06:54:00.9902630 +00:00,S,M
21009,BOA MG,NULL,}L,2026-02-28,13,2026-03-17 06:54:00.9902630 +00:00,S,M
21010,BOA MG,NULL,J4,2026-02-28,8,2026-03-17 06:54:00.9902630 +00:00,S,M
21011,BOA MG,NULL,1,2026-02-28,16,2026-03-17 06:54:00.9902630 +00:00,S,M
21012,BOA MG,NULL,82,2026-02-28,42,2026-03-17 06:54:00.9902630 +00:00,S,M
21013,BOA MG,NULL,CPC,2026-02-28,100,2026-03-17 06:54:00.9902630 +00:00,S,M
21014,BOA MG,NULL,[5,2026-02-28,0,2026-03-17 06:54:00.9902630 +00:00,S,M
21015,BOA MG,NULL,BLQ,2026-02-28,45,2026-03-17 06:54:00.9902630 +00:00,S,M
21016,BOA MG,NULL,BCR,2026-02-28,3,2026-03-17 06:54:00.9902630 +00:00,S,M
21017,BOA MG,NULL,6C,2026-02-28,100,2026-03-17 06:54:00.9902630 +00:00,S,M
21018,BOA MG,NULL,AML,2026-02-28,49,2026-03-17 06:54:00.9902630 +00:00,S,M
21019,BOA MG,NULL,BDC,2026-02-28,0,2026-03-17 06:54:00.9902630 +00:00,S,M
21020,BOA MG,NULL,BDJ,2026-02-28,61,2026-03-17 06:54:00.9902630 +00:00,S,M
21021,BOA MG,NULL,DBJ,2026-02-28,0,2026-03-17 06:54:00.9902630 +00:00,S,M
21022,BOA MG,NULL,J3,2026-02-28,17,2026-03-17 06:54:00.9902630 +00:00,S,M
21023,BOA MG,NULL,SC,2026-02-28,34,2026-03-17 06:54:00.9902630 +00:00,S,M
21024,BOA MG,NULL,V9,2026-02-28,0,2026-03-17 06:54:00.9902630 +00:00,S,M
21025,BOA MG,NULL,ZK,2026-02-28,80,2026-03-17 06:54:00.9902630 +00:00,S,M
21026,BOA MG,NULL,6H,2026-02-28,12,2026-03-17 06:54:00.9902630 +00:00,S,M
21027,BOA MG,NULL,AMQ,2026-02-28,0,2026-03-17 06:54:00.9902630 +00:00,S,M
21028,BOA MG,NULL,DQ,2026-02-28,100,2026-03-17 06:54:00.9902630 +00:00,S,M
21029,BOA MG,NULL,BSV,2026-02-28,48,2026-03-17 06:54:00.9902630 +00:00,S,M
21030,BOA MG,NULL,7Z,2026-02-28,43,2026-03-17 06:54:00.9902630 +00:00,S,M
21031,BOA MG,NULL,AMM,2026-02-28,84,2026-03-17 06:54:00.9902630 +00:00,S,M
21032,BOA MG,NULL,CR,2026-02-28,100,2026-03-17 06:54:00.9902630 +00:00,S,M
21033,BOA MG,NULL,ASP,2026-02-28,55,2026-03-17 06:54:00.9902630 +00:00,S,M
21034,BOA MG,NULL,J5,2026-02-28,100,2026-03-17 06:54:00.9902630 +00:00,S,M
21035,BOA MG,NULL,P9,2026-02-28,86,2026-03-17 06:54:00.9902630 +00:00,S,M
21036,BOA MG,NULL,CQY,2026-02-28,100,2026-03-17 06:54:00.9902630 +00:00,S,M
21037,BOA MG,NULL,{T,2026-02-28,96,2026-03-17 06:54:00.9902630 +00:00,S,M
21038,BOA MG,NULL,AUC,2026-02-28,20,2026-03-17 06:54:00.9902630 +00:00,S,M
21039,BOA MG,NULL,BLS,2026-02-28,0,2026-03-17 06:54:00.9902630 +00:00,S,M
21040,BOA MG,NULL,CE,2026-02-28,0,2026-03-17 06:54:00.9902630 +00:00,S,M
21041,BOA MG,NULL,I[,2026-02-28,60,2026-03-17 06:54:00.9902630 +00:00,S,M
21042,BOA MG,NULL,3},2026-02-28,6,2026-03-17 06:54:00.9902630 +00:00,S,M
21043,BOA MG,NULL,H6,2026-02-28,0,2026-03-17 06:54:00.9902630 +00:00,S,M
21044,BOA MG,NULL,Q},2026-02-28,25,2026-03-17 06:54:00.9902630 +00:00,S,M
21045,BOA MG,NULL,]B,2026-02-28,4,2026-03-17 06:54:00.9902630 +00:00,S,M
21046,BOA MG,NULL,ALP,2026-02-28,5,2026-03-17 06:54:00.9902630 +00:00,S,M
21047,BOA MG,NULL,36,2026-02-28,16,2026-03-17 06:54:00.9902630 +00:00,S,M
21048,BOA MG,NULL,6-,2026-02-28,0,2026-03-17 06:54:00.9902630 +00:00,S,M
21049,BOA MG,NULL,ARW,2026-02-28,0,2026-03-17 06:54:00.9902630 +00:00,S,M
21050,BOA MG,NULL,TE,2026-02-28,50,2026-03-17 06:54:00.9902630 +00:00,S,M
21051,BOA MG,NULL,Y3,2026-02-28,36,2026-03-17 06:54:00.9902630 +00:00,S,M
21052,BOA MG,NULL,}V,2026-02-28,12,2026-03-17 06:54:00.9902630 +00:00,S,M
21053,BOA MG,NULL,}4,2026-02-28,0,2026-03-17 06:54:00.9902630 +00:00,S,M
21054,BOA MG,NULL,0Y,2026-02-28,100,2026-03-17 06:54:00.9902630 +00:00,S,M
21055,BOA MG,NULL,8},2026-02-28,14,2026-03-17 06:54:00.9902630 +00:00,S,M
21056,BOA MG,NULL,BVU,2026-02-28,0,2026-03-17 06:54:00.9902630 +00:00,S,M
21057,BOA MG,NULL,{Y,2026-02-28,0,2026-03-17 06:54:00.9902630 +00:00,S,M
21058,BOA MG,NULL,8-,2026-02-28,50,2026-03-17 06:54:00.9902630 +00:00,S,M
21059,BOA MG,NULL,BBS,2026-02-28,68,2026-03-17 06:54:00.9902630 +00:00,S,M
21060,BOA MG,NULL,MQ,2026-02-28,100,2026-03-17 06:54:00.9902630 +00:00,S,M
21061,BOA MG,NULL,ALU,2026-02-28,35,2026-03-17 06:54:00.9902630 +00:00,S,M
21062,BOA MG,NULL,DIR_AGENCE_4200,2026-02-28,0,2026-03-17 06:54:00.9902630 +00:00,S,M
21063,BOA MG,NULL,[6,2026-02-28,11,2026-03-17 06:54:00.9902630 +00:00,S,M
21064,BOA MG,NULL,}R,2026-02-28,0,2026-03-17 06:54:00.9902630 +00:00,S,M
21065,BOA MG,NULL,YZ,2026-02-28,42,2026-03-17 06:54:01.0840530 +00:00,S,M
21066,BOA MG,NULL,]9,2026-02-28,50,2026-03-17 06:54:01.0840530 +00:00,S,M
21067,BOA MG,NULL,UF,2026-02-28,4,2026-03-17 06:54:01.0840530 +00:00,S,M
21068,BOA MG,NULL,QJ,2026-02-28,51,2026-03-17 06:54:01.0840530 +00:00,S,M
21069,BOA MG,NULL,X},2026-02-28,100,2026-03-17 06:54:01.0840530 +00:00,S,M
21070,BOA MG,NULL,5{,2026-02-28,26,2026-03-17 06:54:01.0840530 +00:00,S,M
21071,BOA MG,NULL,{5,2026-02-28,20,2026-03-17 06:54:01.0840530 +00:00,S,M
21072,BOA MG,NULL,MU,2026-02-28,9,2026-03-17 06:54:01.0840530 +00:00,S,M
21073,BOA MG,NULL,ATD,2026-02-28,37,2026-03-17 06:54:01.0840530 +00:00,S,M
21074,BOA MG,NULL,-3,2026-02-28,3,2026-03-17 06:54:01.0840530 +00:00,S,M
21075,BOA MG,NULL,ARS,2026-02-28,100,2026-03-17 06:54:01.0840530 +00:00,S,M
21076,BOA MG,NULL,R8,2026-02-28,0,2026-03-17 06:54:01.0840530 +00:00,S,M
21077,BOA MG,NULL,WX,2026-02-28,0,2026-03-17 06:54:01.0840530 +00:00,S,M
21078,BOA MG,NULL,BVV,2026-02-28,28,2026-03-17 06:54:01.0840530 +00:00,S,M
21079,BOA MG,NULL,0H,2026-02-28,10,2026-03-17 06:54:01.0840530 +00:00,S,M
21080,BOA MG,NULL,CIA,2026-02-28,0,2026-03-17 06:54:01.0840530 +00:00,S,M
21081,BOA MG,NULL,DF,2026-02-28,0,2026-03-17 06:54:01.0840530 +00:00,S,M
21082,BOA MG,NULL,MZ,2026-02-28,0,2026-03-17 06:54:01.0840530 +00:00,S,M
21083,BOA MG,NULL,OH,2026-02-28,0,2026-03-17 06:54:01.0840530 +00:00,S,M
21084,BOA MG,NULL,QK,2026-02-28,0,2026-03-17 06:54:01.0840530 +00:00,S,M
21085,BOA MG,NULL,}Z,2026-02-28,30,2026-03-17 06:54:01.0840530 +00:00,S,M
21086,BOA MG,NULL,8I,2026-02-28,0,2026-03-17 06:54:01.0840530 +00:00,S,M
21087,BOA MG,NULL,9K,2026-02-28,50,2026-03-17 06:54:01.0840530 +00:00,S,M
21088,BOA MG,NULL,9[,2026-02-28,42,2026-03-17 06:54:01.0840530 +00:00,S,M
21089,BOA MG,NULL,GA,2026-02-28,0,2026-03-17 06:54:01.0840530 +00:00,S,M
21090,BOA MG,NULL,KY,2026-02-28,24,2026-03-17 06:54:01.0840530 +00:00,S,M
21091,BOA MG,NULL,-C,2026-02-28,16,2026-03-17 06:54:01.0840530 +00:00,S,M
21092,BOA MG,NULL,0X,2026-02-28,41,2026-03-17 06:54:01.0840530 +00:00,S,M
21093,BOA MG,NULL,AW,2026-02-28,50,2026-03-17 06:54:01.0840530 +00:00,S,M
21094,BOA MG,NULL,BMJ,2026-02-28,0,2026-03-17 06:54:01.0840530 +00:00,S,M
21095,BOA MG,NULL,DMB,2026-02-28,100,2026-03-17 06:54:01.0840530 +00:00,S,M
21096,BOA MG,NULL,PD,2026-02-28,100,2026-03-17 06:54:01.0840530 +00:00,S,M
21097,BOA MG,NULL,YM,2026-02-28,66,2026-03-17 06:54:01.0840530 +00:00,S,M
21098,BOA MG,NULL,3,2026-02-28,0,2026-03-17 06:54:01.0840530 +00:00,S,M
21099,BOA MG,NULL,0V,2026-02-28,0,2026-03-17 06:54:01.0840530 +00:00,S,M
21100,BOA MG,NULL,AOA,2026-02-28,71,2026-03-17 06:54:01.0840530 +00:00,S,M
21101,BOA MG,NULL,}U,2026-02-28,87,2026-03-17 06:54:01.0840530 +00:00,S,M
21102,BOA MG,NULL,17,2026-02-28,3,2026-03-17 06:54:01.0840530 +00:00,S,M
21103,BOA MG,NULL,TD,2026-02-28,33,2026-03-17 06:54:01.0840530 +00:00,S,M
21104,BOA MG,NULL,{Q,2026-02-28,15,2026-03-17 06:54:01.0840530 +00:00,S,M
21105,BOA MG,NULL,6],2026-02-28,100,2026-03-17 06:54:01.0840530 +00:00,S,M
21106,BOA MG,NULL,AMI,2026-02-28,66,2026-03-17 06:54:01.0840530 +00:00,S,M
21107,BOA MG,NULL,BCS,2026-02-28,91,2026-03-17 06:54:01.0840530 +00:00,S,M
21108,BOA MG,NULL,CVI,2026-02-28,7,2026-03-17 06:54:01.0840530 +00:00,S,M
21109,BOA MG,NULL,I{,2026-02-28,8,2026-03-17 06:54:01.0840530 +00:00,S,M
21110,BOA MG,NULL,KB,2026-02-28,98,2026-03-17 06:54:01.0840530 +00:00,S,M
21111,BOA MG,NULL,LB,2026-02-28,100,2026-03-17 06:54:01.0840530 +00:00,S,M
21112,BOA MG,NULL,T7,2026-02-28,100,2026-03-17 06:54:01.0840530 +00:00,S,M
21113,BOA MG,NULL,W8,2026-02-28,60,2026-03-17 06:54:01.0840530 +00:00,S,M
21114,BOA MG,NULL,WK,2026-02-28,82,2026-03-17 06:54:01.0840530 +00:00,S,M
21115,BOA MG,NULL,Y9,2026-02-28,100,2026-03-17 06:54:01.0840530 +00:00,S,M
21116,BOA MG,NULL,[0,2026-02-28,31,2026-03-17 06:54:01.0840530 +00:00,S,M
21117,BOA MG,NULL,}Y,2026-02-28,90,2026-03-17 06:54:01.0840530 +00:00,S,M
21118,BOA MG,NULL,JH,2026-02-28,8,2026-03-17 06:54:01.0840530 +00:00,S,M
21119,BOA MG,NULL,{N,2026-02-28,48,2026-03-17 06:54:01.0840530 +00:00,S,M
21120,BOA MG,NULL,H3,2026-02-28,91,2026-03-17 06:54:01.0840530 +00:00,S,M
21121,BOA MG,NULL,-9,2026-02-28,34,2026-03-17 06:54:01.0840530 +00:00,S,M
21122,BOA MG,NULL,#NOM?,2026-02-28,58,2026-03-17 06:54:01.0840530 +00:00,S,M
21123,BOA MG,NULL,CIP,2026-02-28,36,2026-03-17 06:54:01.0840530 +00:00,S,M
21124,BOA MG,NULL,F8,2026-02-28,32,2026-03-17 06:54:01.0840530 +00:00,S,M
21125,BOA MG,NULL,HB,2026-02-28,0,2026-03-17 06:54:01.0840530 +00:00,S,M
21126,BOA MG,NULL,ASU,2026-02-28,0,2026-03-17 06:54:01.0840530 +00:00,S,M
21127,BOA MG,NULL,BUU,2026-02-28,1,2026-03-17 06:54:01.0840530 +00:00,S,M
21128,BOA MG,NULL,DUM,2026-02-28,0,2026-03-17 06:54:01.0840530 +00:00,S,M
21129,BOA MG,NULL,G{,2026-02-28,50,2026-03-17 06:54:01.0840530 +00:00,S,M
21130,BOA MG,NULL,H5,2026-02-28,13,2026-03-17 06:54:01.0840530 +00:00,S,M
21131,BOA MG,NULL,QW,2026-02-28,0,2026-03-17 06:54:01.0840530 +00:00,S,M
21132,BOA MG,NULL,ZP,2026-02-28,35,2026-03-17 06:54:01.0840530 +00:00,S,M
21133,BOA MG,NULL,TL,2026-02-28,100,2026-03-17 06:54:01.0840530 +00:00,S,M
21134,BOA MG,NULL,-7,2026-02-28,87,2026-03-17 06:54:01.0840530 +00:00,S,M
21135,BOA MG,NULL,ANZ,2026-02-28,50,2026-03-17 06:54:01.0840530 +00:00,S,M
21136,BOA MG,NULL,D6,2026-02-28,100,2026-03-17 06:54:01.0840530 +00:00,S,M
21137,BOA MG,NULL,6P,2026-02-28,89,2026-03-17 06:54:01.0840530 +00:00,S,M
21138,BOA MG,NULL,79,2026-02-28,47,2026-03-17 06:54:01.0840530 +00:00,S,M
21139,BOA MG,NULL,ST,2026-02-28,100,2026-03-17 06:54:01.0840530 +00:00,S,M
21140,BOA MG,NULL,[J,2026-02-28,74,2026-03-17 06:54:01.0840530 +00:00,S,M
21141,BOA MG,NULL,}M,2026-02-28,93,2026-03-17 06:54:01.0840530 +00:00,S,M
21142,BOA MG,NULL,AMN,2026-02-28,15,2026-03-17 06:54:01.0840530 +00:00,S,M
21143,BOA MG,NULL,8{,2026-02-28,10,2026-03-17 06:54:01.0840530 +00:00,S,M
21144,BOA MG,NULL,ED,2026-02-28,0,2026-03-17 06:54:01.0840530 +00:00,S,M
21145,BOA MG,NULL,O8,2026-02-28,26,2026-03-17 06:54:01.0840530 +00:00,S,M
21146,BOA MG,NULL,RG,2026-02-28,0,2026-03-17 06:54:01.0840530 +00:00,S,M
21147,BOA MG,NULL,9M,2026-02-28,33,2026-03-17 06:54:01.0840530 +00:00,S,M
21148,BOA MG,NULL,AY,2026-02-28,64,2026-03-17 06:54:01.0840530 +00:00,S,M
21149,BOA MG,NULL,TC,2026-02-28,100,2026-03-17 06:54:01.0840530 +00:00,S,M
21150,BOA MG,NULL,5},2026-02-28,64,2026-03-17 06:54:01.0840530 +00:00,S,M
21151,BOA MG,NULL,Z},2026-02-28,1,2026-03-17 06:54:01.0840530 +00:00,S,M
21152,BOA MG,NULL,AMR,2026-02-28,95,2026-03-17 06:54:01.0840530 +00:00,S,M
21153,BOA MG,NULL,]4,2026-02-28,29,2026-03-17 06:54:01.0840530 +00:00,S,M
21154,BOA MG,NULL,H9,2026-02-28,33,2026-03-17 06:54:01.0840530 +00:00,S,M
21155,BOA MG,NULL,IE,2026-02-28,36,2026-03-17 06:54:01.0840530 +00:00,S,M
21156,BOA MG,NULL,WN,2026-02-28,100,2026-03-17 06:54:01.0840530 +00:00,S,M
21157,BOA MG,NULL,[2,2026-02-28,22,2026-03-17 06:54:01.0840530 +00:00,S,M
21158,BOA MG,NULL,0[,2026-02-28,55,2026-03-17 06:54:01.0840530 +00:00,S,M
21159,BOA MG,NULL,ALM,2026-02-28,0,2026-03-17 06:54:01.0840530 +00:00,S,M
21160,BOA MG,NULL,5],2026-02-28,100,2026-03-17 06:54:01.0840530 +00:00,S,M
21161,BOA MG,NULL,BMP,2026-02-28,100,2026-03-17 06:54:01.0840530 +00:00,S,M
21162,BOA MG,NULL,P},2026-02-28,100,2026-03-17 06:54:01.0840530 +00:00,S,M
21163,BOA MG,NULL,A1,2026-02-28,23,2026-03-17 06:54:01.0840530 +00:00,S,M
21164,BOA MG,NULL,DLG,2026-02-28,0,2026-03-17 06:54:01.0840530 +00:00,S,M
21165,BOA MG,NULL,P],2026-02-28,0,2026-03-17 06:54:01.0840530 +00:00,S,M
21166,BOA MG,NULL,IG,2026-02-28,100,2026-03-17 06:54:01.0840530 +00:00,S,M
21167,BOA MG,NULL,ARP,2026-02-28,100,2026-03-17 06:54:01.0840530 +00:00,S,M
21168,BOA MG,NULL,G4,2026-02-28,100,2026-03-17 06:54:01.0840530 +00:00,S,M
21169,BOA MG,NULL,87,2026-02-28,26,2026-03-17 06:54:01.0840530 +00:00,S,M
21170,BOA MG,NULL,G5,2026-02-28,0,2026-03-17 06:54:01.0840530 +00:00,S,M
21171,BOA MG,NULL,AMJ,2026-02-28,5,2026-03-17 06:54:01.0840530 +00:00,S,M
21172,BOA MG,NULL,DKS,2026-02-28,0,2026-03-17 06:54:01.0840530 +00:00,S,M
21173,BOA MG,NULL,TP,2026-02-28,0,2026-03-17 06:54:01.0840530 +00:00,S,M
21174,BOA MG,NULL,JN,2026-02-28,100,2026-03-17 06:54:01.0840530 +00:00,S,M
21175,BOA MG,NULL,BK,2026-02-28,46,2026-03-17 06:54:01.0840530 +00:00,S,M
21176,BOA MG,NULL,BSG,2026-02-28,24,2026-03-17 06:54:01.0840530 +00:00,S,M
21177,BOA MG,NULL,K2,2026-02-28,84,2026-03-17 06:54:01.0840530 +00:00,S,M
21178,BOA MG,NULL,]T,2026-02-28,4,2026-03-17 06:54:01.0840530 +00:00,S,M
21179,BOA MG,NULL,7-,2026-02-28,26,2026-03-17 06:54:01.0840530 +00:00,S,M
21180,BOA MG,NULL,FL,2026-02-28,0,2026-03-17 06:54:01.0840530 +00:00,S,M
21181,BOA MG,NULL,VE,2026-02-28,4,2026-03-17 06:54:01.0840530 +00:00,S,M
21182,BOA MG,NULL,EH,2026-02-28,0,2026-03-17 06:54:01.0840530 +00:00,S,M
21183,BOA MG,NULL,MJ,2026-02-28,0,2026-03-17 06:54:01.0840530 +00:00,S,M
21184,BOA MG,NULL,}W,2026-02-28,100,2026-03-17 06:54:01.0840530 +00:00,S,M
21185,BOA MG,NULL,V],2026-02-28,27,2026-03-17 06:54:01.0840530 +00:00,S,M
21186,BOA MG,NULL,G2,2026-02-28,100,2026-03-17 06:54:01.0840530 +00:00,S,M
21187,BOA MG,NULL,Q9,2026-02-28,50,2026-03-17 06:54:01.0840530 +00:00,S,M
21188,BOA MG,NULL,AMT,2026-02-28,100,2026-03-17 06:54:01.0840530 +00:00,S,M
21189,BOA MG,NULL,BDD,2026-02-28,0,2026-03-17 06:54:01.0840530 +00:00,S,M
21190,BOA MG,NULL,BMN,2026-02-28,0,2026-03-17 06:54:01.0840530 +00:00,S,M
21191,BOA MG,NULL,DSZ,2026-02-28,25,2026-03-17 06:54:01.0840530 +00:00,S,M
21192,BOA MG,NULL,BWQ,2026-02-28,39,2026-03-17 06:54:01.0840530 +00:00,S,M
21193,BOA MG,NULL,J7,2026-02-28,0,2026-03-17 06:54:01.1789910 +00:00,S,M
21194,BOA MG,NULL,0E,2026-02-28,33,2026-03-17 06:54:01.1789910 +00:00,S,M
21195,BOA MG,NULL,0M,2026-02-28,14,2026-03-17 06:54:01.1789910 +00:00,S,M
21196,BOA MG,NULL,BCX,2026-02-28,0,2026-03-17 06:54:01.1789910 +00:00,S,M
21197,BOA MG,NULL,WU,2026-02-28,0,2026-03-17 06:54:01.1789910 +00:00,S,M
21198,BOA MG,NULL,O[,2026-02-28,0,2026-03-17 06:54:01.1789910 +00:00,S,M
21199,BOA MG,NULL,[O,2026-02-28,0,2026-03-17 06:54:01.1789910 +00:00,S,M
21200,BOA MG,NULL,2Y,2026-02-28,0,2026-03-17 06:54:01.1789910 +00:00,S,M
21201,BOA MG,NULL,5K,2026-02-28,0,2026-03-17 06:54:01.1789910 +00:00,S,M
21202,BOA MG,NULL,6E,2026-02-28,0,2026-03-17 06:54:01.1789910 +00:00,S,M
21203,BOA MG,NULL,6M,2026-02-28,0,2026-03-17 06:54:01.1789910 +00:00,S,M
21204,BOA MG,NULL,6N,2026-02-28,0,2026-03-17 06:54:01.1789910 +00:00,S,M
21205,BOA MG,NULL,6Z,2026-02-28,0,2026-03-17 06:54:01.1789910 +00:00,S,M
21206,BOA MG,NULL,SD,2026-02-28,0,2026-03-17 06:54:01.1789910 +00:00,S,M
21207,BOA MG,NULL,DIR_AGENCE_9999,2026-02-28,0,2026-03-17 06:54:01.1789910 +00:00,S,M
21208,BOA SN,NULL,AEH,2025-12-31,100,2026-03-23 15:02:24.8971400 +00:00,F,P
21209,BOA SN,NULL,HS,2025-12-31,100,2026-03-23 15:02:24.8971400 +00:00,F,P
21210,BOA SN,NULL,AIO,2025-12-31,100,2026-03-23 15:02:24.8971400 +00:00,F,P
21211,BOA SN,NULL,0V,2025-12-31,100,2026-03-23 15:02:24.8971400 +00:00,F,P
21212,BOA SN,NULL,VS,2025-12-31,100,2026-03-23 15:02:24.8971400 +00:00,F,P
21213,BOA SN,NULL,AEX,2025-12-31,100,2026-03-23 15:02:24.8971400 +00:00,F,P
21214,BOA SN,NULL,0N,2025-12-31,100,2026-03-23 15:02:24.8971400 +00:00,F,P
21215,BOA SN,NULL,6E,2025-12-31,100,2026-03-23 15:02:24.8971400 +00:00,F,P
21216,BOA SN,NULL,EU,2025-12-31,100,2026-03-23 15:02:24.8971400 +00:00,F,P
21217,BOA SN,NULL,EY,2025-12-31,100,2026-03-23 15:02:24.8971400 +00:00,F,P
21218,BOA SN,NULL,J5,2025-12-31,100,2026-03-23 15:02:24.8971400 +00:00,F,P
21219,BOA SN,NULL,MEF,2025-12-31,100,2026-03-23 15:02:24.8971400 +00:00,F,P
21220,BOA SN,NULL,7E,2025-12-31,100,2026-03-23 15:02:24.8971400 +00:00,F,P
21221,BOA SN,NULL,MFC,2025-12-31,100,2026-03-23 15:02:24.8971400 +00:00,F,P
21222,BOA SN,NULL,6C,2025-12-31,100,2026-03-23 15:02:24.8971400 +00:00,F,P
21223,BOA SN,NULL,MEV,2025-12-31,100,2026-03-23 15:02:24.8971400 +00:00,F,P
21224,BOA SN,NULL,7V,2025-12-31,100,2026-03-23 15:02:24.8971400 +00:00,F,P
21225,BOA SN,NULL,4C,2025-12-31,0,2026-03-23 15:02:24.8971400 +00:00,F,M
21226,BOA SN,NULL,SJ,2025-12-31,0,2026-03-23 15:02:24.8971400 +00:00,F,M
21227,BOA SN,NULL,RL,2025-12-31,0,2026-03-23 15:02:24.8971400 +00:00,F,M
21228,BOA SN,NULL,OX,2025-12-31,0,2026-03-23 15:02:24.8971400 +00:00,F,M
21229,BOA SN,NULL,7G,2025-12-31,0,2026-03-23 15:02:24.8971400 +00:00,F,M
21230,BOA SN,NULL,SC,2025-12-31,0,2026-03-23 15:02:24.8971400 +00:00,F,M
21231,BOA SN,NULL,7L,2025-12-31,0,2026-03-23 15:02:24.8971400 +00:00,F,M
21232,BOA SN,NULL,ADT,2025-12-31,0,2026-03-23 15:02:24.8971400 +00:00,F,M
21233,BOA SN,NULL,8S,2025-12-31,0,2026-03-23 15:02:24.8971400 +00:00,F,M
21234,BOA SN,NULL,YA,2025-12-31,0,2026-03-23 15:02:24.8971400 +00:00,F,M
21235,BOA SN,NULL,QN,2025-12-31,0,2026-03-23 15:02:24.8971400 +00:00,F,M
21236,BOA SN,NULL,FX,2025-12-31,0,2026-03-23 15:02:24.8971400 +00:00,F,M
21237,BOA SN,NULL,AOW,2025-12-31,0,2026-03-23 15:02:24.8971400 +00:00,F,M
21238,BOA SN,NULL,AOZ,2025-12-31,0,2026-03-23 15:02:24.8971400 +00:00,F,M
21239,BOA SN,NULL,G7,2025-12-31,0,2026-03-23 15:02:24.8971400 +00:00,F,M
21240,BOA SN,NULL,O8,2025-12-31,0,2026-03-23 15:02:24.8971400 +00:00,F,M
21241,BOA SN,NULL,0G,2025-12-31,0,2026-03-23 15:02:24.8971400 +00:00,F,M
21242,BOA SN,NULL,3D,2025-12-31,0,2026-03-23 15:02:24.8971400 +00:00,F,M
21243,BOA SN,NULL,IB,2025-12-31,0,2026-03-23 15:02:24.8971400 +00:00,F,M
21244,BOA SN,NULL,EH,2025-12-31,0,2026-03-23 15:02:24.8971400 +00:00,F,M
21245,BOA SN,NULL,MDY,2025-12-31,0,2026-03-23 15:02:24.8971400 +00:00,F,M
21246,BOA SN,NULL,GX,2025-12-31,0,2026-03-23 15:02:24.8971400 +00:00,F,M
21247,BOA SN,NULL,8J,2025-12-31,0,2026-03-23 15:02:24.8971400 +00:00,F,M
21248,BOA SN,NULL,IA,2025-12-31,0,2026-03-23 15:02:24.8971400 +00:00,F,M
21249,BOA SN,NULL,ADN,2025-12-31,0,2026-03-23 15:02:24.8971400 +00:00,F,M
21250,BOA SN,NULL,XA,2025-12-31,0,2026-03-23 15:02:24.8971400 +00:00,F,M
21251,BOA SN,NULL,7M,2025-12-31,0,2026-03-23 15:02:24.8971400 +00:00,F,M
21252,BOA SN,NULL,LW,2025-12-31,0,2026-03-23 15:02:24.8971400 +00:00,F,M
21253,BOA SN,NULL,F7,2025-12-31,0,2026-03-23 15:02:24.8971400 +00:00,F,M
21254,BOA SN,NULL,EI,2025-12-31,0,2026-03-23 15:02:24.8971400 +00:00,F,M
21255,BOA SN,NULL,QR,2025-12-31,0,2026-03-23 15:02:24.8971400 +00:00,F,M
21256,BOA SN,NULL,L6,2025-12-31,0,2026-03-23 15:02:24.8971400 +00:00,F,M
21257,BOA SN,NULL,S3,2025-12-31,0,2026-03-23 15:02:24.8971400 +00:00,F,M
21258,BOA SN,NULL,8I,2025-12-31,0,2026-03-23 15:02:24.8971400 +00:00,F,M
21259,BOA SN,NULL,MDM,2025-12-31,0,2026-03-23 15:02:24.8971400 +00:00,F,M
21260,BOA SN,NULL,G1,2025-12-31,0,2026-03-23 15:02:24.8971400 +00:00,F,M
21261,BOA SN,NULL,YC,2025-12-31,0,2026-03-23 15:02:24.8971400 +00:00,F,M
21262,BOA SN,NULL,C9,2025-12-31,0,2026-03-23 15:02:24.8971400 +00:00,F,M
21263,BOA SN,NULL,ET,2025-12-31,0,2026-03-23 15:02:24.8971400 +00:00,F,M
21264,BOA SN,NULL,1E,2025-12-31,0,2026-03-23 15:02:24.8971400 +00:00,F,M
21265,BOA SN,NULL,KI,2025-12-31,0,2026-03-23 15:02:24.8971400 +00:00,F,M
21266,BOA SN,NULL,0U,2025-12-31,0,2026-03-23 15:02:24.8971400 +00:00,F,M
21267,BOA SN,NULL,FL,2025-12-31,0,2026-03-23 15:02:24.8971400 +00:00,F,M
21268,BOA SN,NULL,XM,2025-12-31,0,2026-03-23 15:02:24.8971400 +00:00,F,M
21269,BOA SN,NULL,PK,2025-12-31,0,2026-03-23 15:02:24.8971400 +00:00,F,M
21270,BOA SN,NULL,MCS,2025-12-31,0,2026-03-23 15:02:24.8971400 +00:00,F,M
21271,BOA SN,NULL,QX,2025-12-31,0,2026-03-23 15:02:24.8971400 +00:00,F,M
21272,BOA SN,NULL,O4,2025-12-31,0,2026-03-23 15:02:24.8971400 +00:00,F,M
21273,BOA SN,NULL,T3,2025-12-31,0,2026-03-23 15:02:24.8971400 +00:00,F,M
21274,BOA SN,NULL,NB,2025-12-31,0,2026-03-23 15:02:24.8971400 +00:00,S,P
21275,BOA SN,NULL,00,2025-12-31,100,2026-03-23 15:02:24.8971400 +00:00,S,P
21276,BOA SN,NULL,2K,2025-12-31,50,2026-03-23 15:02:24.8971400 +00:00,S,P
21277,BOA SN,NULL,9C,2025-12-31,100,2026-03-23 15:02:24.8971400 +00:00,S,P
21278,BOA SN,NULL,APJ,2025-12-31,84,2026-03-23 15:02:24.8971400 +00:00,S,P
21279,BOA SN,NULL,DN,2025-12-31,97,2026-03-23 15:02:24.8971400 +00:00,S,P
21280,BOA SN,NULL,EJ,2025-12-31,100,2026-03-23 15:02:24.8971400 +00:00,S,P
21281,BOA SN,NULL,KN,2025-12-31,100,2026-03-23 15:02:24.8971400 +00:00,S,P
21282,BOA SN,NULL,L4,2025-12-31,100,2026-03-23 15:02:24.8971400 +00:00,S,P
21283,BOA SN,NULL,MAG,2025-12-31,100,2026-03-23 15:02:24.8971400 +00:00,S,P
21284,BOA SN,NULL,MAY,2025-12-31,100,2026-03-23 15:02:24.8971400 +00:00,S,P
21285,BOA SN,NULL,MCE,2025-12-31,100,2026-03-23 15:02:24.8971400 +00:00,S,P
21286,BOA SN,NULL,MEQ,2025-12-31,91,2026-03-23 15:02:24.8971400 +00:00,S,P
21287,BOA SN,NULL,MFG,2025-12-31,66,2026-03-23 15:02:24.8971400 +00:00,S,P
21288,BOA SN,NULL,W6,2025-12-31,100,2026-03-23 15:02:24.8971400 +00:00,S,P
21289,BOA SN,NULL,ADS,2025-12-31,0,2026-03-23 15:02:24.8971400 +00:00,S,P
21290,BOA SN,NULL,IN,2025-12-31,81,2026-03-23 15:02:24.8971400 +00:00,S,P
21291,BOA SN,NULL,MBP,2025-12-31,71,2026-03-23 15:02:24.8971400 +00:00,S,P
21292,BOA SN,NULL,MDP,2025-12-31,100,2026-03-23 15:02:24.8971400 +00:00,S,P
21293,BOA SN,NULL,MPB,2025-12-31,100,2026-03-23 15:02:24.8971400 +00:00,S,P
21294,BOA SN,NULL,WS,2025-12-31,100,2026-03-23 15:02:24.8971400 +00:00,S,P
21295,BOA SN,NULL,WZ,2025-12-31,100,2026-03-23 15:02:24.8971400 +00:00,S,P
21296,BOA SN,NULL,ZM,2025-12-31,100,2026-03-23 15:02:24.8971400 +00:00,S,P
21297,BOA SN,NULL,ADG,2025-12-31,50,2026-03-23 15:02:24.8971400 +00:00,S,P
21298,BOA SN,NULL,AGS,2025-12-31,100,2026-03-23 15:02:24.8971400 +00:00,S,P
21299,BOA SN,NULL,G0,2025-12-31,100,2026-03-23 15:02:24.8971400 +00:00,S,P
21300,BOA SN,NULL,OZ,2025-12-31,100,2026-03-23 15:02:24.8971400 +00:00,S,P
21301,BOA SN,NULL,TV,2025-12-31,40,2026-03-23 15:02:24.8971400 +00:00,S,P
21302,BOA SN,NULL,AAL,2025-12-31,100,2026-03-23 15:02:24.8971400 +00:00,S,P
21303,BOA SN,NULL,AKG,2025-12-31,98,2026-03-23 15:02:24.8971400 +00:00,S,P
21304,BOA SN,NULL,EZ,2025-12-31,100,2026-03-23 15:02:24.8971400 +00:00,S,P
21305,BOA SN,NULL,MQ,2025-12-31,100,2026-03-23 15:02:24.8971400 +00:00,S,P
21306,BOA SN,NULL,MCR,2025-12-31,100,2026-03-23 15:02:24.8971400 +00:00,S,P
21307,BOA SN,NULL,SK,2025-12-31,90,2026-03-23 15:02:24.8971400 +00:00,S,P
21308,BOA SN,NULL,AEA,2025-12-31,100,2026-03-23 15:02:24.8971400 +00:00,S,P
21309,BOA SN,NULL,AEP,2025-12-31,96,2026-03-23 15:02:24.8971400 +00:00,S,P
21310,BOA SN,NULL,AIW,2025-12-31,95,2026-03-23 15:02:24.8971400 +00:00,S,P
21311,BOA SN,NULL,D7,2025-12-31,100,2026-03-23 15:02:24.8971400 +00:00,S,P
21312,BOA SN,NULL,ON,2025-12-31,100,2026-03-23 15:02:24.8971400 +00:00,S,P
21313,BOA SN,NULL,MBB,2025-12-31,100,2026-03-23 15:02:24.8971400 +00:00,S,P
21314,BOA SN,NULL,MEU,2025-12-31,100,2026-03-23 15:02:24.8971400 +00:00,S,P
21315,BOA SN,NULL,RU,2025-12-31,100,2026-03-23 15:02:24.8971400 +00:00,S,P
21316,BOA SN,NULL,AJB,2025-12-31,100,2026-03-23 15:02:24.8971400 +00:00,S,P
21317,BOA SN,NULL,U5,2025-12-31,100,2026-03-23 15:02:24.8971400 +00:00,S,P
21318,BOA SN,NULL,7X,2025-12-31,100,2026-03-23 15:02:24.8971400 +00:00,S,P
21319,BOA SN,NULL,II,2025-12-31,100,2026-03-23 15:02:24.8971400 +00:00,S,P
21320,BOA SN,NULL,J0,2025-12-31,91,2026-03-23 15:02:24.8971400 +00:00,S,P
21321,BOA SN,NULL,JN,2025-12-31,85,2026-03-23 15:02:24.8971400 +00:00,S,P
21322,BOA SN,NULL,JO,2025-12-31,100,2026-03-23 15:02:24.8971400 +00:00,S,P
21323,BOA SN,NULL,MT,2025-12-31,94,2026-03-23 15:02:24.8971400 +00:00,S,P
21324,BOA SN,NULL,5C,2025-12-31,100,2026-03-23 15:02:24.8971400 +00:00,S,P
21325,BOA SN,NULL,7F,2025-12-31,0,2026-03-23 15:02:24.8971400 +00:00,S,P
21326,BOA SN,NULL,AOG,2025-12-31,100,2026-03-23 15:02:24.8971400 +00:00,S,P
21327,BOA SN,NULL,EUE,2025-12-31,100,2026-03-23 15:02:24.8971400 +00:00,S,P
21328,BOA SN,NULL,SQ,2025-12-31,100,2026-03-23 15:02:24.8971400 +00:00,S,P
21329,BOA SN,NULL,VE,2025-12-31,100,2026-03-23 15:02:24.8971400 +00:00,S,P
21330,BOA SN,NULL,AHO,2025-12-31,100,2026-03-23 15:02:24.8971400 +00:00,S,P
21331,BOA SN,NULL,JC,2025-12-31,100,2026-03-23 15:02:24.8971400 +00:00,S,P
21332,BOA SN,NULL,MAX,2025-12-31,100,2026-03-23 15:02:24.8971400 +00:00,S,P
21333,BOA SN,NULL,MED,2025-12-31,100,2026-03-23 15:02:24.8971400 +00:00,S,P
21334,BOA SN,NULL,HA,2025-12-31,0,2026-03-23 15:02:24.8971400 +00:00,S,M
21335,BOA SN,NULL,LE,2025-12-31,0,2026-03-23 15:02:24.8971400 +00:00,S,M
21336,BOA SN,NULL,AHS,2025-12-31,0,2026-03-23 15:02:25.0464130 +00:00,S,M
21337,BOA SN,NULL,MG,2025-12-31,0,2026-03-23 15:02:25.0464130 +00:00,S,M
21338,BOA SN,NULL,PB,2025-12-31,0,2026-03-23 15:02:25.0464130 +00:00,S,M
21339,BOA SN,NULL,G5,2025-12-31,0,2026-03-23 15:02:25.0464130 +00:00,S,M
21340,BOA SN,NULL,PN,2025-12-31,0,2026-03-23 15:02:25.0464130 +00:00,S,M
21341,BOA SN,NULL,P0,2025-12-31,0,2026-03-23 15:02:25.0464130 +00:00,S,M
21342,BOA SN,NULL,E3,2025-12-31,0,2026-03-23 15:02:25.0464130 +00:00,S,M
21343,BOA SN,NULL,I9,2025-12-31,0,2026-03-23 15:02:25.0464130 +00:00,S,M
21344,BOA SN,NULL,AHQ,2025-12-31,0,2026-03-23 15:02:25.0464130 +00:00,S,M
21345,BOA SN,NULL,AMJ,2025-12-31,0,2026-03-23 15:02:25.0464130 +00:00,S,M
21346,BOA SN,NULL,M6,2025-12-31,7,2026-03-23 15:02:25.0464130 +00:00,S,M
21347,BOA SN,NULL,WV,2025-12-31,5,2026-03-23 15:02:25.0464130 +00:00,S,M
21348,BOA SN,NULL,AEN,2025-12-31,1,2026-03-23 15:02:25.0464130 +00:00,S,M
21349,BOA SN,NULL,MDH,2025-12-31,0,2026-03-23 15:02:25.0464130 +00:00,S,M
21350,BOA SN,NULL,MHD,2025-12-31,0,2026-03-23 15:02:25.0464130 +00:00,S,M
21351,BOA SN,NULL,2V,2025-12-31,0,2026-03-23 15:02:25.0464130 +00:00,S,M
21352,BOA SN,NULL,N7,2025-12-31,0,2026-03-23 15:02:25.0464130 +00:00,S,M
21353,BOA SN,NULL,GQ,2025-12-31,0,2026-03-23 15:02:25.0464130 +00:00,S,M
21354,BOA SN,NULL,MN,2025-12-31,0,2026-03-23 15:02:25.0464130 +00:00,S,M
21355,BOA SN,NULL,DIR_AGENCE_1021,2025-12-31,0,2026-03-23 15:02:25.0464130 +00:00,S,M
21356,BOA SN,NULL,Z6,2025-12-31,0,2026-03-23 15:02:25.0464130 +00:00,S,M
21357,BOA SN,NULL,A4,2025-12-31,0,2026-03-23 15:02:25.0464130 +00:00,S,M
21358,BOA SN,NULL,OU,2025-12-31,0,2026-03-23 15:02:25.0464130 +00:00,S,M
21359,BOA SN,NULL,5M,2025-12-31,0,2026-03-23 15:02:25.0464130 +00:00,S,M
21360,BOA SN,NULL,8Q,2025-12-31,4,2026-03-23 15:02:25.0464130 +00:00,S,M
21361,BOA SN,NULL,AEM,2025-12-31,2,2026-03-23 15:02:25.0464130 +00:00,S,M
21362,BOA SN,NULL,AUN,2025-12-31,0,2026-03-23 15:02:25.0464130 +00:00,S,M
21363,BOA SN,NULL,MBH,2025-12-31,0,2026-03-23 15:02:25.0464130 +00:00,S,M
21364,BOA SN,NULL,3H,2025-12-31,0,2026-03-23 15:02:25.0464130 +00:00,S,M
21365,BOA SN,NULL,MAL,2025-12-31,6,2026-03-23 15:02:25.0464130 +00:00,S,M
21366,BOA SN,NULL,PP,2025-12-31,0,2026-03-23 15:02:25.0464130 +00:00,S,M
21367,BOA SN,NULL,W8,2025-12-31,0,2026-03-23 15:02:25.0464130 +00:00,S,M
21368,BOA SN,NULL,YU,2025-12-31,0,2026-03-23 15:02:25.0464130 +00:00,S,M
21369,BOA SN,NULL,H3,2025-12-31,0,2026-03-23 15:02:25.0464130 +00:00,S,M
21370,BOA SN,NULL,SB,2025-12-31,0,2026-03-23 15:02:25.0464130 +00:00,S,M
21371,BOA SN,NULL,V9,2025-12-31,0,2026-03-23 15:02:25.0464130 +00:00,S,M
21372,BOA SN,NULL,AIQ,2025-12-31,0,2026-03-23 15:02:25.0464130 +00:00,S,M
21373,BOA SN,NULL,K6,2025-12-31,0,2026-03-23 15:02:25.0464130 +00:00,S,M
21374,BOA SN,NULL,MCN,2025-12-31,0,2026-03-23 15:02:25.0464130 +00:00,S,M
21375,BOA SN,NULL,Q9,2025-12-31,10,2026-03-23 15:02:25.0464130 +00:00,S,M
21376,BOA SN,NULL,XW,2025-12-31,0,2026-03-23 15:02:25.0464130 +00:00,S,M
21377,BOA SN,NULL,MH,2025-12-31,0,2026-03-23 15:02:25.0464130 +00:00,S,M
21378,BOA SN,NULL,GO,2025-12-31,0,2026-03-23 15:02:25.0464130 +00:00,S,M
21379,BOA SN,NULL,MAZ,2025-12-31,3,2026-03-23 15:02:25.0464130 +00:00,S,M
21380,BOA SN,NULL,4Q,2025-12-31,30,2026-03-23 15:02:25.0464130 +00:00,S,M
21381,BOA SN,NULL,ACH,2025-12-31,7,2026-03-23 15:02:25.0464130 +00:00,S,M
21382,BOA SN,NULL,1B,2025-12-31,0,2026-03-23 15:02:25.0464130 +00:00,S,M
21383,BOA SN,NULL,9D,2025-12-31,0,2026-03-23 15:02:25.0464130 +00:00,S,M
21384,BOA SN,NULL,HK,2025-12-31,0,2026-03-23 15:02:25.0464130 +00:00,S,M
21385,BOA SN,NULL,T4,2025-12-31,5,2026-03-23 15:02:25.0464130 +00:00,S,M
21386,BOA SN,NULL,TA,2025-12-31,100,2026-03-23 15:02:25.0464130 +00:00,S,M
21387,BOA SN,NULL,DIR_AGENCE_4001,2025-12-31,0,2026-03-23 15:02:25.0464130 +00:00,S,M
21388,BOA SN,NULL,DW,2025-12-31,0,2026-03-23 15:02:25.0464130 +00:00,S,M
21389,BOA SN,NULL,U9,2025-12-31,0,2026-03-23 15:02:25.0464130 +00:00,S,M
21390,BOA SN,NULL,1C,2025-12-31,1,2026-03-23 15:02:25.0464130 +00:00,S,M
21391,BOA SN,NULL,MBA,2025-12-31,0,2026-03-23 15:02:25.0464130 +00:00,S,M
21392,BOA SN,NULL,DIR_AGENCE_5001,2025-12-31,0,2026-03-23 15:02:25.0464130 +00:00,S,M
21393,BOA SN,NULL,8V,2025-12-31,0,2026-03-23 15:02:25.0464130 +00:00,S,M
21394,BOA SN,NULL,ASO,2025-12-31,0,2026-03-23 15:02:25.0464130 +00:00,S,M
21395,BOA SN,NULL,N8,2025-12-31,0,2026-03-23 15:02:25.0464130 +00:00,S,M
21396,BOA SN,NULL,DV,2025-12-31,0,2026-03-23 15:02:25.0464130 +00:00,S,M
21397,BOA SN,NULL,MHQ,2025-12-31,0,2026-03-23 15:02:25.0464130 +00:00,S,M
21398,BOA SN,NULL,RJ,2025-12-31,0,2026-03-23 15:02:25.0464130 +00:00,S,M
21399,BOA SN,NULL,MQZ,2025-12-31,0,2026-03-23 15:02:25.0464130 +00:00,S,M
21400,BOA SN,NULL,GY,2025-12-31,6,2026-03-23 15:02:25.0464130 +00:00,S,M
21401,BOA SN,NULL,I1,2025-12-31,12,2026-03-23 15:02:25.0464130 +00:00,S,M
21402,BOA SN,NULL,4J,2025-12-31,0,2026-03-23 15:02:25.0464130 +00:00,S,M
21403,BOA SN,NULL,1Y,2025-12-31,0,2026-03-23 15:02:25.0464130 +00:00,S,M
21404,BOA SN,NULL,S9,2025-12-31,0,2026-03-23 15:02:25.0464130 +00:00,S,M
21405,BOA SN,NULL,AKD,2025-12-31,0,2026-03-23 15:02:25.0464130 +00:00,S,M
21406,BOA SN,NULL,DIR_AGENCE_10001,2025-12-31,0,2026-03-23 15:02:25.0464130 +00:00,S,M
21407,BOA SN,NULL,AEK,2025-12-31,0,2026-03-23 15:02:25.0464130 +00:00,S,M
21408,BOA SN,NULL,W9,2025-12-31,6,2026-03-23 15:02:25.0464130 +00:00,S,M
21409,BOA SN,NULL,UC,2025-12-31,5,2026-03-23 15:02:25.0464130 +00:00,S,M
21410,BOA SN,NULL,0J,2025-12-31,13,2026-03-23 15:02:25.0464130 +00:00,S,M
21411,BOA SN,NULL,QH,2025-12-31,0,2026-03-23 15:02:25.0464130 +00:00,S,M
21412,BOA BJ,NULL,IDJ,2025-12-31,12,2026-03-23 15:02:25.1179920 +00:00,F,P
21413,BOA BJ,NULL,OG,2025-12-31,100,2026-03-23 15:02:25.1179920 +00:00,F,P
21414,BOA BJ,NULL,06,2025-12-31,100,2026-03-23 15:02:25.1179920 +00:00,F,P
21415,BOA BJ,NULL,FK,2025-12-31,100,2026-03-23 15:02:25.1179920 +00:00,F,P
21416,BOA BJ,NULL,HS,2025-12-31,100,2026-03-23 15:02:25.1179920 +00:00,F,P
21417,BOA BJ,NULL,HY,2025-12-31,100,2026-03-23 15:02:25.1179920 +00:00,F,P
21418,BOA BJ,NULL,MQ,2025-12-31,100,2026-03-23 15:02:25.1179920 +00:00,F,P
21419,BOA BJ,NULL,Q0,2025-12-31,100,2026-03-23 15:02:25.1179920 +00:00,F,P
21420,BOA BJ,NULL,V4,2025-12-31,100,2026-03-23 15:02:25.1179920 +00:00,F,P
21421,BOA BJ,NULL,9R,2025-12-31,100,2026-03-23 15:02:25.1179920 +00:00,F,P
21422,BOA BJ,NULL,9Y,2025-12-31,100,2026-03-23 15:02:25.1179920 +00:00,F,P
21423,BOA BJ,NULL,BV,2025-12-31,100,2026-03-23 15:02:25.1179920 +00:00,F,P
21424,BOA BJ,NULL,X0,2025-12-31,100,2026-03-23 15:02:25.1179920 +00:00,F,P
21425,BOA BJ,NULL,DA,2025-12-31,100,2026-03-23 15:02:25.1179920 +00:00,F,P
21426,BOA BJ,NULL,5G,2025-12-31,100,2026-03-23 15:02:25.1179920 +00:00,F,P
21427,BOA BJ,NULL,OA,2025-12-31,100,2026-03-23 15:02:25.1179920 +00:00,F,P
21428,BOA BJ,NULL,1I,2025-12-31,100,2026-03-23 15:02:25.1179920 +00:00,F,P
21429,BOA BJ,NULL,NQ,2025-12-31,100,2026-03-23 15:02:25.1179920 +00:00,F,P
21430,BOA BJ,NULL,FM,2025-12-31,100,2026-03-23 15:02:25.1179920 +00:00,F,P
21431,BOA BJ,NULL,3N,2025-12-31,100,2026-03-23 15:02:25.1179920 +00:00,F,P
21432,BOA BJ,NULL,UA,2025-12-31,100,2026-03-23 15:02:25.1179920 +00:00,F,P
21433,BOA BJ,NULL,RU,2025-12-31,100,2026-03-23 15:02:25.1179920 +00:00,F,P
21434,BOA BJ,NULL,4V,2025-12-31,100,2026-03-23 15:02:25.1179920 +00:00,F,P
21435,BOA BJ,NULL,HH,2025-12-31,100,2026-03-23 15:02:25.1179920 +00:00,F,P
21436,BOA BJ,NULL,J8,2025-12-31,100,2026-03-23 15:02:25.1179920 +00:00,F,P
21437,BOA BJ,NULL,MD,2025-12-31,100,2026-03-23 15:02:25.1179920 +00:00,F,P
21438,BOA BJ,NULL,CI,2025-12-31,100,2026-03-23 15:02:25.1179920 +00:00,F,P
21439,BOA BJ,NULL,CO,2025-12-31,100,2026-03-23 15:02:25.1179920 +00:00,F,P
21440,BOA BJ,NULL,2S,2025-12-31,100,2026-03-23 15:02:25.1179920 +00:00,F,P
21441,BOA BJ,NULL,SA,2025-12-31,100,2026-03-23 15:02:25.1179920 +00:00,F,P
21442,BOA BJ,NULL,D2,2025-12-31,0,2026-03-23 15:02:25.1179920 +00:00,F,M
21443,BOA BJ,NULL,LT,2025-12-31,0,2026-03-23 15:02:25.1179920 +00:00,F,M
21444,BOA BJ,NULL,6Y,2025-12-31,66,2026-03-23 15:02:25.1179920 +00:00,F,M
21445,BOA BJ,NULL,I7,2025-12-31,0,2026-03-23 15:02:25.1179920 +00:00,F,M
21446,BOA BJ,NULL,IL,2025-12-31,66,2026-03-23 15:02:25.1179920 +00:00,F,M
21447,BOA BJ,NULL,W8,2025-12-31,0,2026-03-23 15:02:25.1179920 +00:00,F,M
21448,BOA BJ,NULL,SV,2025-12-31,71,2026-03-23 15:02:25.1179920 +00:00,F,M
21449,BOA BJ,NULL,BK,2025-12-31,0,2026-03-23 15:02:25.1179920 +00:00,F,M
21450,BOA BJ,NULL,TH,2025-12-31,66,2026-03-23 15:02:25.1179920 +00:00,F,M
21451,BOA BJ,NULL,B3,2025-12-31,100,2026-03-23 15:02:25.1179920 +00:00,F,M
21452,BOA BJ,NULL,YM,2025-12-31,0,2026-03-23 15:02:25.1179920 +00:00,F,M
21453,BOA BJ,NULL,FI,2025-12-31,0,2026-03-23 15:02:25.1179920 +00:00,F,M
21454,BOA BJ,NULL,10,2025-12-31,0,2026-03-23 15:02:25.1179920 +00:00,F,M
21455,BOA BJ,NULL,SX,2025-12-31,100,2026-03-23 15:02:25.1179920 +00:00,F,M
21456,BOA BJ,NULL,TD,2025-12-31,0,2026-03-23 15:02:25.1179920 +00:00,F,M
21457,BOA BJ,NULL,R6,2025-12-31,0,2026-03-23 15:02:25.1179920 +00:00,F,M
21458,BOA BJ,NULL,PA,2025-12-31,0,2026-03-23 15:02:25.1179920 +00:00,F,M
21459,BOA BJ,NULL,YK,2025-12-31,0,2026-03-23 15:02:25.1179920 +00:00,F,M
21460,BOA BJ,NULL,JA,2025-12-31,0,2026-03-23 15:02:25.1179920 +00:00,F,M
21461,BOA BJ,NULL,HU,2025-12-31,100,2026-03-23 15:02:25.1179920 +00:00,S,P
21462,BOA BJ,NULL,L0,2025-12-31,100,2026-03-23 15:02:25.1179920 +00:00,S,P
21463,BOA BJ,NULL,RG,2025-12-31,100,2026-03-23 15:02:25.1179920 +00:00,S,P
21464,BOA BJ,NULL,00,2025-12-31,100,2026-03-23 15:02:25.1189910 +00:00,S,P
21465,BOA BJ,NULL,0Y,2025-12-31,100,2026-03-23 15:02:25.1189910 +00:00,S,P
21466,BOA BJ,NULL,3A,2025-12-31,100,2026-03-23 15:02:25.1189910 +00:00,S,P
21467,BOA BJ,NULL,4Y,2025-12-31,95,2026-03-23 15:02:25.1189910 +00:00,S,P
21468,BOA BJ,NULL,7C,2025-12-31,100,2026-03-23 15:02:25.1189910 +00:00,S,P
21469,BOA BJ,NULL,B5,2025-12-31,87,2026-03-23 15:02:25.1189910 +00:00,S,P
21470,BOA BJ,NULL,BS,2025-12-31,100,2026-03-23 15:02:25.1189910 +00:00,S,P
21471,BOA BJ,NULL,DC,2025-12-31,100,2026-03-23 15:02:25.1189910 +00:00,S,P
21472,BOA BJ,NULL,DM,2025-12-31,88,2026-03-23 15:02:25.1189910 +00:00,S,P
21473,BOA BJ,NULL,EVA,2025-12-31,100,2026-03-23 15:02:25.1189910 +00:00,S,P
21474,BOA BJ,NULL,H5,2025-12-31,93,2026-03-23 15:02:25.1189910 +00:00,S,P
21475,BOA BJ,NULL,HG1,2025-12-31,100,2026-03-23 15:02:25.1189910 +00:00,S,P
21476,BOA BJ,NULL,HK,2025-12-31,100,2026-03-23 15:02:25.1189910 +00:00,S,P
21477,BOA BJ,NULL,ID,2025-12-31,0,2026-03-23 15:02:25.1189910 +00:00,S,P
21478,BOA BJ,NULL,IS,2025-12-31,76,2026-03-23 15:02:25.1189910 +00:00,S,P
21479,BOA BJ,NULL,KE,2025-12-31,91,2026-03-23 15:02:25.1189910 +00:00,S,P
21480,BOA BJ,NULL,LAT,2025-12-31,0,2026-03-23 15:02:25.1189910 +00:00,S,P
21481,BOA BJ,NULL,N5,2025-12-31,0,2026-03-23 15:02:25.1189910 +00:00,S,P
21482,BOA BJ,NULL,DIR_AGENCE_1001,2025-12-31,100,2026-03-23 15:02:25.1189910 +00:00,S,P
21483,BOA BJ,NULL,P6,2025-12-31,91,2026-03-23 15:02:25.1189910 +00:00,S,P
21484,BOA BJ,NULL,PO,2025-12-31,99,2026-03-23 15:02:25.1189910 +00:00,S,P
21485,BOA BJ,NULL,QR,2025-12-31,100,2026-03-23 15:02:25.1189910 +00:00,S,P
21486,BOA BJ,NULL,S0,2025-12-31,100,2026-03-23 15:02:25.1189910 +00:00,S,P
21487,BOA BJ,NULL,UE,2025-12-31,98,2026-03-23 15:02:25.1189910 +00:00,S,P
21488,BOA BJ,NULL,V5,2025-12-31,100,2026-03-23 15:02:25.1189910 +00:00,S,P
21489,BOA BJ,NULL,6V,2025-12-31,100,2026-03-23 15:02:25.1199920 +00:00,S,P
21490,BOA BJ,NULL,F3,2025-12-31,100,2026-03-23 15:02:25.1199920 +00:00,S,P
21491,BOA BJ,NULL,FG,2025-12-31,84,2026-03-23 15:02:25.1199920 +00:00,S,P
21492,BOA BJ,NULL,GB,2025-12-31,96,2026-03-23 15:02:25.1199920 +00:00,S,P
21493,BOA BJ,NULL,HV,2025-12-31,95,2026-03-23 15:02:25.1199920 +00:00,S,P
21494,BOA BJ,NULL,XU,2025-12-31,92,2026-03-23 15:02:25.1199920 +00:00,S,P
21495,BOA BJ,NULL,Y4,2025-12-31,100,2026-03-23 15:02:25.1199920 +00:00,S,P
21496,BOA BJ,NULL,39,2025-12-31,100,2026-03-23 15:02:25.1199920 +00:00,S,P
21497,BOA BJ,NULL,7A,2025-12-31,100,2026-03-23 15:02:25.1199920 +00:00,S,P
21498,BOA BJ,NULL,CN,2025-12-31,95,2026-03-23 15:02:25.1199920 +00:00,S,P
21499,BOA BJ,NULL,CW,2025-12-31,100,2026-03-23 15:02:25.1199920 +00:00,S,P
21500,BOA BJ,NULL,D0,2025-12-31,100,2026-03-23 15:02:25.1199920 +00:00,S,P
21501,BOA BJ,NULL,D5,2025-12-31,100,2026-03-23 15:02:25.1199920 +00:00,S,P
21502,BOA BJ,NULL,FS,2025-12-31,100,2026-03-23 15:02:25.1199920 +00:00,S,P
21503,BOA BJ,NULL,GJ,2025-12-31,100,2026-03-23 15:02:25.1199920 +00:00,S,P
21504,BOA BJ,NULL,LI,2025-12-31,100,2026-03-23 15:02:25.1199920 +00:00,S,P
21505,BOA BJ,NULL,LJ,2025-12-31,96,2026-03-23 15:02:25.1199920 +00:00,S,P
21506,BOA BJ,NULL,LN,2025-12-31,100,2026-03-23 15:02:25.1199920 +00:00,S,P
21507,BOA BJ,NULL,M9,2025-12-31,98,2026-03-23 15:02:25.1199920 +00:00,S,P
21508,BOA BJ,NULL,PZ,2025-12-31,81,2026-03-23 15:02:25.1199920 +00:00,S,P
21509,BOA BJ,NULL,Q9,2025-12-31,100,2026-03-23 15:02:25.1199920 +00:00,S,P
21510,BOA BJ,NULL,ST,2025-12-31,100,2026-03-23 15:02:25.1199920 +00:00,S,P
21511,BOA BJ,NULL,XV,2025-12-31,100,2026-03-23 15:02:25.1199920 +00:00,S,P
21512,BOA BJ,NULL,A0,2025-12-31,89,2026-03-23 15:02:25.1199920 +00:00,S,P
21513,BOA BJ,NULL,AS,2025-12-31,96,2026-03-23 15:02:25.1199920 +00:00,S,P
21514,BOA BJ,NULL,AX,2025-12-31,92,2026-03-23 15:02:25.1199920 +00:00,S,P
21515,BOA BJ,NULL,CC,2025-12-31,93,2026-03-23 15:02:25.1199920 +00:00,S,P
21516,BOA BJ,NULL,EU,2025-12-31,100,2026-03-23 15:02:25.1199920 +00:00,S,P
21517,BOA BJ,NULL,IN,2025-12-31,100,2026-03-23 15:02:25.1199920 +00:00,S,P
21518,BOA BJ,NULL,NH,2025-12-31,100,2026-03-23 15:02:25.1199920 +00:00,S,P
21519,BOA BJ,NULL,QU,2025-12-31,100,2026-03-23 15:02:25.1199920 +00:00,S,P
21520,BOA BJ,NULL,S6,2025-12-31,100,2026-03-23 15:02:25.1199920 +00:00,S,P
21521,BOA BJ,NULL,SS,2025-12-31,100,2026-03-23 15:02:25.1199920 +00:00,S,P
21522,BOA BJ,NULL,Y7,2025-12-31,100,2026-03-23 15:02:25.1199920 +00:00,S,P
21523,BOA BJ,NULL,11,2025-12-31,100,2026-03-23 15:02:25.1199920 +00:00,S,P
21524,BOA BJ,NULL,1L,2025-12-31,96,2026-03-23 15:02:25.1199920 +00:00,S,P
21525,BOA BJ,NULL,4I,2025-12-31,97,2026-03-23 15:02:25.1207360 +00:00,S,P
21526,BOA BJ,NULL,6T,2025-12-31,100,2026-03-23 15:02:25.1207360 +00:00,S,P
21527,BOA BJ,NULL,7Q,2025-12-31,100,2026-03-23 15:02:25.1207360 +00:00,S,P
21528,BOA BJ,NULL,DF,2025-12-31,100,2026-03-23 15:02:25.1207360 +00:00,S,P
21529,BOA BJ,NULL,GG,2025-12-31,100,2026-03-23 15:02:25.1207360 +00:00,S,P
21530,BOA BJ,NULL,KI,2025-12-31,98,2026-03-23 15:02:25.1207360 +00:00,S,P
21531,BOA BJ,NULL,OB,2025-12-31,92,2026-03-23 15:02:25.1207360 +00:00,S,P
21532,BOA BJ,NULL,OP,2025-12-31,100,2026-03-23 15:02:25.1207360 +00:00,S,P
21533,BOA BJ,NULL,P0,2025-12-31,93,2026-03-23 15:02:25.1207360 +00:00,S,P
21534,BOA BJ,NULL,PP,2025-12-31,100,2026-03-23 15:02:25.1207360 +00:00,S,P
21535,BOA BJ,NULL,SOU,2025-12-31,100,2026-03-23 15:02:25.1207360 +00:00,S,P
21536,BOA BJ,NULL,XO,2025-12-31,100,2026-03-23 15:02:25.1207360 +00:00,S,P
21537,BOA BJ,NULL,8L,2025-12-31,99,2026-03-23 15:02:25.1207360 +00:00,S,P
21538,BOA BJ,NULL,DA?,2025-12-31,100,2026-03-23 15:02:25.1207360 +00:00,S,P
21539,BOA BJ,NULL,G2,2025-12-31,97,2026-03-23 15:02:25.1207360 +00:00,S,P
21540,BOA BJ,NULL,QN,2025-12-31,99,2026-03-23 15:02:25.1980420 +00:00,S,P
21541,BOA BJ,NULL,YG,2025-12-31,93,2026-03-23 15:02:25.1980420 +00:00,S,P
21542,BOA BJ,NULL,1E,2025-12-31,98,2026-03-23 15:02:25.1980420 +00:00,S,P
21543,BOA BJ,NULL,3D,2025-12-31,98,2026-03-23 15:02:25.1980420 +00:00,S,P
21544,BOA BJ,NULL,5Y,2025-12-31,100,2026-03-23 15:02:25.1980420 +00:00,S,P
21545,BOA BJ,NULL,6D,2025-12-31,100,2026-03-23 15:02:25.1980420 +00:00,S,P
21546,BOA BJ,NULL,6K,2025-12-31,100,2026-03-23 15:02:25.1980420 +00:00,S,P
21547,BOA BJ,NULL,84,2025-12-31,100,2026-03-23 15:02:25.1980420 +00:00,S,P
21548,BOA BJ,NULL,8W,2025-12-31,100,2026-03-23 15:02:25.1980420 +00:00,S,P
21549,BOA BJ,NULL,94,2025-12-31,100,2026-03-23 15:02:25.1980420 +00:00,S,P
21550,BOA BJ,NULL,9U,2025-12-31,100,2026-03-23 15:02:25.1980420 +00:00,S,P
21551,BOA BJ,NULL,AJ,2025-12-31,100,2026-03-23 15:02:25.1980420 +00:00,S,P
21552,BOA BJ,NULL,AZI,2025-12-31,100,2026-03-23 15:02:25.1980420 +00:00,S,P
21553,BOA BJ,NULL,B2,2025-12-31,98,2026-03-23 15:02:25.1980420 +00:00,S,P
21554,BOA BJ,NULL,BP,2025-12-31,100,2026-03-23 15:02:25.1980420 +00:00,S,P
21555,BOA BJ,NULL,BU,2025-12-31,100,2026-03-23 15:02:25.1980420 +00:00,S,P
21556,BOA BJ,NULL,C4,2025-12-31,95,2026-03-23 15:02:25.1980420 +00:00,S,P
21557,BOA BJ,NULL,CB,2025-12-31,94,2026-03-23 15:02:25.1980420 +00:00,S,P
21558,BOA BJ,NULL,CG,2025-12-31,100,2026-03-23 15:02:25.1980420 +00:00,S,P
21559,BOA BJ,NULL,D4,2025-12-31,100,2026-03-23 15:02:25.1980420 +00:00,S,P
21560,BOA BJ,NULL,DR,2025-12-31,100,2026-03-23 15:02:25.1980420 +00:00,S,P
21561,BOA BJ,NULL,E2,2025-12-31,100,2026-03-23 15:02:25.1980420 +00:00,S,P
21562,BOA BJ,NULL,EGI,2025-12-31,100,2026-03-23 15:02:25.1980420 +00:00,S,P
21563,BOA BJ,NULL,EL,2025-12-31,100,2026-03-23 15:02:25.1980420 +00:00,S,P
21564,BOA BJ,NULL,GE,2025-12-31,98,2026-03-23 15:02:25.1980420 +00:00,S,P
21565,BOA BJ,NULL,GT,2025-12-31,98,2026-03-23 15:02:25.1980420 +00:00,S,P
21566,BOA BJ,NULL,JC,2025-12-31,100,2026-03-23 15:02:25.1980420 +00:00,S,P
21567,BOA BJ,NULL,KO,2025-12-31,100,2026-03-23 15:02:25.1980420 +00:00,S,P
21568,BOA BJ,NULL,KR,2025-12-31,100,2026-03-23 15:02:25.1980420 +00:00,S,P
21569,BOA BJ,NULL,L4,2025-12-31,100,2026-03-23 15:02:25.1980420 +00:00,S,P
21570,BOA BJ,NULL,LM,2025-12-31,100,2026-03-23 15:02:25.1980420 +00:00,S,P
21571,BOA BJ,NULL,ME,2025-12-31,100,2026-03-23 15:02:25.1980420 +00:00,S,P
21572,BOA BJ,NULL,MOL,2025-12-31,100,2026-03-23 15:02:25.1988750 +00:00,S,P
21573,BOA BJ,NULL,N2,2025-12-31,66,2026-03-23 15:02:25.1988750 +00:00,S,P
21574,BOA BJ,NULL,N9,2025-12-31,100,2026-03-23 15:02:25.1988750 +00:00,S,P
21575,BOA BJ,NULL,DIR_AGENCE_1010,2025-12-31,100,2026-03-23 15:02:25.1988750 +00:00,S,P
21576,BOA BJ,NULL,NC,2025-12-31,100,2026-03-23 15:02:25.1988750 +00:00,S,P
21577,BOA BJ,NULL,NE,2025-12-31,100,2026-03-23 15:02:25.1988750 +00:00,S,P
21578,BOA BJ,NULL,NG,2025-12-31,100,2026-03-23 15:02:25.1988750 +00:00,S,P
21579,BOA BJ,NULL,NJ,2025-12-31,100,2026-03-23 15:02:25.1988750 +00:00,S,P
21580,BOA BJ,NULL,NT,2025-12-31,100,2026-03-23 15:02:25.1988750 +00:00,S,P
21581,BOA BJ,NULL,ONI,2025-12-31,100,2026-03-23 15:02:25.1988750 +00:00,S,P
21582,BOA BJ,NULL,P62,2025-12-31,100,2026-03-23 15:02:25.1988750 +00:00,S,P
21583,BOA BJ,NULL,PC,2025-12-31,100,2026-03-23 15:02:25.1988750 +00:00,S,P
21584,BOA BJ,NULL,PE,2025-12-31,100,2026-03-23 15:02:25.1988750 +00:00,S,P
21585,BOA BJ,NULL,QQ,2025-12-31,100,2026-03-23 15:02:25.1988750 +00:00,S,P
21586,BOA BJ,NULL,QS,2025-12-31,96,2026-03-23 15:02:25.1988750 +00:00,S,P
21587,BOA BJ,NULL,R2,2025-12-31,100,2026-03-23 15:02:25.1988750 +00:00,S,P
21588,BOA BJ,NULL,R3,2025-12-31,100,2026-03-23 15:02:25.1988750 +00:00,S,P
21589,BOA BJ,NULL,SQ,2025-12-31,100,2026-03-23 15:02:25.1988750 +00:00,S,P
21590,BOA BJ,NULL,SY,2025-12-31,100,2026-03-23 15:02:25.1988750 +00:00,S,P
21591,BOA BJ,NULL,TOS,2025-12-31,100,2026-03-23 15:02:25.1988750 +00:00,S,P
21592,BOA BJ,NULL,U3,2025-12-31,100,2026-03-23 15:02:25.1988750 +00:00,S,P
21593,BOA BJ,NULL,U4,2025-12-31,93,2026-03-23 15:02:25.1988750 +00:00,S,P
21594,BOA BJ,NULL,UC,2025-12-31,100,2026-03-23 15:02:25.1988750 +00:00,S,P
21595,BOA BJ,NULL,UH,2025-12-31,100,2026-03-23 15:02:25.1988750 +00:00,S,P
21596,BOA BJ,NULL,X4,2025-12-31,100,2026-03-23 15:02:25.1988750 +00:00,S,P
21597,BOA BJ,NULL,XE,2025-12-31,93,2026-03-23 15:02:25.1988750 +00:00,S,P
21598,BOA BJ,NULL,YC,2025-12-31,100,2026-03-23 15:02:25.1988750 +00:00,S,P
21599,BOA BJ,NULL,ZC,2025-12-31,100,2026-03-23 15:02:25.1988750 +00:00,S,P
21600,BOA BJ,NULL,AO,2025-12-31,100,2026-03-23 15:02:25.1988750 +00:00,S,P
21601,BOA BJ,NULL,ATI,2025-12-31,100,2026-03-23 15:02:25.1988750 +00:00,S,P
21602,BOA BJ,NULL,BJ,2025-12-31,98,2026-03-23 15:02:25.1988750 +00:00,S,P
21603,BOA BJ,NULL,GP,2025-12-31,100,2026-03-23 15:02:25.1988750 +00:00,S,P
21604,BOA BJ,NULL,T8,2025-12-31,100,2026-03-23 15:02:25.1988750 +00:00,S,P
21605,BOA BJ,NULL,UB,2025-12-31,100,2026-03-23 15:02:25.1988750 +00:00,S,P
21606,BOA BJ,NULL,1A,2025-12-31,100,2026-03-23 15:02:25.1988750 +00:00,S,P
21607,BOA BJ,NULL,9B,2025-12-31,100,2026-03-23 15:02:25.1988750 +00:00,S,P
21608,BOA BJ,NULL,ML,2025-12-31,100,2026-03-23 15:02:25.1988750 +00:00,S,P
21609,BOA BJ,NULL,DIR_AGENCE_1013,2025-12-31,100,2026-03-23 15:02:25.1988750 +00:00,S,P
21610,BOA BJ,NULL,03,2025-12-31,100,2026-03-23 15:02:25.1988750 +00:00,S,P
21611,BOA BJ,NULL,4K,2025-12-31,97,2026-03-23 15:02:25.1988750 +00:00,S,P
21612,BOA BJ,NULL,HF,2025-12-31,100,2026-03-23 15:02:25.1998980 +00:00,S,P
21613,BOA BJ,NULL,N3,2025-12-31,100,2026-03-23 15:02:25.1998980 +00:00,S,P
21614,BOA BJ,NULL,UN,2025-12-31,100,2026-03-23 15:02:25.1998980 +00:00,S,P
21615,BOA BJ,NULL,XY,2025-12-31,99,2026-03-23 15:02:25.1998980 +00:00,S,P
21616,BOA BJ,NULL,25,2025-12-31,100,2026-03-23 15:02:25.1998980 +00:00,S,P
21617,BOA BJ,NULL,44,2025-12-31,100,2026-03-23 15:02:25.1998980 +00:00,S,P
21618,BOA BJ,NULL,MR,2025-12-31,97,2026-03-23 15:02:25.1998980 +00:00,S,P
21619,BOA BJ,NULL,VL,2025-12-31,100,2026-03-23 15:02:25.1998980 +00:00,S,P
21620,BOA BJ,NULL,R1,2025-12-31,100,2026-03-23 15:02:25.1998980 +00:00,S,P
21621,BOA BJ,NULL,YB,2025-12-31,100,2026-03-23 15:02:25.1998980 +00:00,S,P
21622,BOA BJ,NULL,49,2025-12-31,100,2026-03-23 15:02:25.1998980 +00:00,S,P
21623,BOA BJ,NULL,DS,2025-12-31,100,2026-03-23 15:02:25.1998980 +00:00,S,P
21624,BOA BJ,NULL,JB,2025-12-31,100,2026-03-23 15:02:25.1998980 +00:00,S,P
21625,BOA BJ,NULL,JE,2025-12-31,100,2026-03-23 15:02:25.1998980 +00:00,S,P
21626,BOA BJ,NULL,QL,2025-12-31,100,2026-03-23 15:02:25.1998980 +00:00,S,P
21627,BOA BJ,NULL,8C,2025-12-31,93,2026-03-23 15:02:25.1998980 +00:00,S,P
21628,BOA BJ,NULL,C0,2025-12-31,100,2026-03-23 15:02:25.1998980 +00:00,S,P
21629,BOA BJ,NULL,CA,2025-12-31,100,2026-03-23 15:02:25.1998980 +00:00,S,P
21630,BOA BJ,NULL,COT,2025-12-31,100,2026-03-23 15:02:25.1998980 +00:00,S,P
21631,BOA BJ,NULL,TR,2025-12-31,100,2026-03-23 15:02:25.1998980 +00:00,S,P
21632,BOA BJ,NULL,VS,2025-12-31,96,2026-03-23 15:02:25.1998980 +00:00,S,P
21633,BOA BJ,NULL,DIR_AGENCE_1025,2025-12-31,97,2026-03-23 15:02:25.1998980 +00:00,S,P
21634,BOA BJ,NULL,1D,2025-12-31,99,2026-03-23 15:02:25.1998980 +00:00,S,P
21635,BOA BJ,NULL,LD,2025-12-31,100,2026-03-23 15:02:25.1998980 +00:00,S,P
21636,BOA BJ,NULL,GM,2025-12-31,100,2026-03-23 15:02:25.1998980 +00:00,S,P
21637,BOA BJ,NULL,O6,2025-12-31,100,2026-03-23 15:02:25.1998980 +00:00,S,P
21638,BOA BJ,NULL,O8,2025-12-31,100,2026-03-23 15:02:25.1998980 +00:00,S,P
21639,BOA BJ,NULL,K7,2025-12-31,0,2026-03-23 15:02:25.1998980 +00:00,S,P
21640,BOA BJ,NULL,HC,2025-12-31,0,2026-03-23 15:02:25.1998980 +00:00,S,M
21641,BOA BJ,NULL,HD,2025-12-31,0,2026-03-23 15:02:25.1998980 +00:00,S,M
21642,BOA BJ,NULL,HI,2025-12-31,0,2026-03-23 15:02:25.1998980 +00:00,S,M
21643,BOA BJ,NULL,RA,2025-12-31,0,2026-03-23 15:02:25.1998980 +00:00,S,M
21644,BOA BJ,NULL,DIR_AGENCE_1000,2025-12-31,0,2026-03-23 15:02:25.1998980 +00:00,S,M
21645,BOA BJ,NULL,TF,2025-12-31,0,2026-03-23 15:02:25.1998980 +00:00,S,M
21646,BOA BJ,NULL,CF,2025-12-31,0,2026-03-23 15:02:25.1998980 +00:00,S,M
21647,BOA BJ,NULL,QC,2025-12-31,0,2026-03-23 15:02:25.1998980 +00:00,S,M
21648,BOA BJ,NULL,T0,2025-12-31,0,2026-03-23 15:02:25.1998980 +00:00,S,M
21649,BOA BJ,NULL,AU,2025-12-31,0,2026-03-23 15:02:25.1998980 +00:00,S,M
21650,BOA BJ,NULL,DO,2025-12-31,0,2026-03-23 15:02:25.1998980 +00:00,S,M
21651,BOA BJ,NULL,CM,2025-12-31,33,2026-03-23 15:02:25.1998980 +00:00,S,M
21652,BOA BJ,NULL,DN,2025-12-31,3,2026-03-23 15:02:25.1998980 +00:00,S,M
21653,BOA BJ,NULL,JJ,2025-12-31,0,2026-03-23 15:02:25.1998980 +00:00,S,M
21654,BOA BJ,NULL,KH,2025-12-31,0,2026-03-23 15:02:25.1998980 +00:00,S,M
21655,BOA BJ,NULL,M0,2025-12-31,0,2026-03-23 15:02:25.1998980 +00:00,S,M
21656,BOA BJ,NULL,MN,2025-12-31,0,2026-03-23 15:02:25.1998980 +00:00,S,M
21657,BOA BJ,NULL,DIR_AGENCE_1028,2025-12-31,0,2026-03-23 15:02:25.1998980 +00:00,S,M
21658,BOA BJ,NULL,P1,2025-12-31,13,2026-03-23 15:02:25.1998980 +00:00,S,M
21659,BOA BJ,NULL,TL,2025-12-31,25,2026-03-23 15:02:25.1998980 +00:00,S,M
21660,BOA BJ,NULL,U7,2025-12-31,100,2026-03-23 15:02:25.1998980 +00:00,S,M
21661,BOA BJ,NULL,AR,2025-12-31,0,2026-03-23 15:02:25.1998980 +00:00,S,M
21662,BOA BJ,NULL,KV,2025-12-31,0,2026-03-23 15:02:25.1998980 +00:00,S,M
21663,BOA BJ,NULL,U2,2025-12-31,0,2026-03-23 15:02:25.1998980 +00:00,S,M
21664,BOA BJ,NULL,0P,2025-12-31,0,2026-03-23 15:02:25.1998980 +00:00,S,M
21665,BOA BJ,NULL,D8,2025-12-31,0,2026-03-23 15:02:25.1998980 +00:00,S,M
21666,BOA BJ,NULL,TS,2025-12-31,0,2026-03-23 15:02:25.1998980 +00:00,S,M
21667,BOA BJ,NULL,UK,2025-12-31,15,2026-03-23 15:02:25.1998980 +00:00,S,M
21668,BOA BJ,NULL,NP,2025-12-31,0,2026-03-23 15:02:25.2699610 +00:00,S,M
21669,BOA BJ,NULL,O2,2025-12-31,0,2026-03-23 15:02:25.2699610 +00:00,S,M
21670,BOA BJ,NULL,QV,2025-12-31,0,2026-03-23 15:02:25.2699610 +00:00,S,M
21671,BOA BJ,NULL,B1,2025-12-31,50,2026-03-23 15:02:25.2699610 +00:00,S,M
21672,BOA BJ,NULL,AFA,2025-12-31,100,2026-03-23 15:02:25.2699610 +00:00,S,M
21673,BOA BJ,NULL,CT,2025-12-31,0,2026-03-23 15:02:25.2699610 +00:00,S,M
21674,BOA BJ,NULL,YI,2025-12-31,0,2026-03-23 15:02:25.2699610 +00:00,S,M
21675,BOA BJ,NULL,13,2025-12-31,33,2026-03-23 15:02:25.2699610 +00:00,S,M
21676,BOA BJ,NULL,2P,2025-12-31,0,2026-03-23 15:02:25.2699610 +00:00,S,M
21677,BOA BJ,NULL,H4,2025-12-31,0,2026-03-23 15:02:25.2699610 +00:00,S,M
21678,BOA BJ,NULL,5A,2025-12-31,32,2026-03-23 15:02:25.2749970 +00:00,S,M
21679,BOA BJ,NULL,6T1,2025-12-31,0,2026-03-23 15:02:25.2749970 +00:00,S,M
21680,BOA BJ,NULL,AM,2025-12-31,22,2026-03-23 15:02:25.2749970 +00:00,S,M
21681,BOA BJ,NULL,GNF,2025-12-31,0,2026-03-23 15:02:25.2749970 +00:00,S,M
21682,BOA BJ,NULL,KD,2025-12-31,0,2026-03-23 15:02:25.2749970 +00:00,S,M
21683,BOA BJ,NULL,KD1,2025-12-31,0,2026-03-23 15:02:25.2749970 +00:00,S,M
21684,BOA BJ,NULL,KW,2025-12-31,0,2026-03-23 15:02:25.2749970 +00:00,S,M
21685,BOA BJ,NULL,RN,2025-12-31,0,2026-03-23 15:02:25.2749970 +00:00,S,M
21686,BOA BJ,NULL,04,2025-12-31,0,2026-03-23 15:02:25.2749970 +00:00,S,M
21687,BOA BJ,NULL,F1,2025-12-31,0,2026-03-23 15:02:25.2749970 +00:00,S,M
21688,BOA BJ,NULL,GF,2025-12-31,0,2026-03-23 15:02:25.2749970 +00:00,S,M
21689,BOA BJ,NULL,WS,2025-12-31,0,2026-03-23 15:02:25.2749970 +00:00,S,M
21690,BOA BJ,NULL,X2,2025-12-31,0,2026-03-23 15:02:25.2749970 +00:00,S,M
21691,BOA BJ,NULL,1B,2025-12-31,0,2026-03-23 15:02:25.2749970 +00:00,S,M
21692,BOA BJ,NULL,47,2025-12-31,0,2026-03-23 15:02:25.2749970 +00:00,S,M
21693,BOA BJ,NULL,DIR_AGENCE_8001,2025-12-31,0,2026-03-23 15:02:25.2749970 +00:00,S,M
21694,BOA BJ,NULL,VB,2025-12-31,0,2026-03-23 15:02:25.2749970 +00:00,S,M
21695,BOA BJ,NULL,TJ,2025-12-31,0,2026-03-23 15:02:25.2749970 +00:00,S,M
21696,BOA BJ,NULL,5M,2025-12-31,0,2026-03-23 15:02:25.2749970 +00:00,S,M
21697,BOA BJ,NULL,BAB,2025-12-31,100,2026-03-23 15:02:25.2749970 +00:00,S,M
21698,BOA BJ,NULL,8A,2025-12-31,0,2026-03-23 15:02:25.2749970 +00:00,S,M
21699,BOA BJ,NULL,BQ,2025-12-31,0,2026-03-23 15:02:25.2749970 +00:00,S,M
21700,BOA BJ,NULL,DIR_AGENCE_12001,2025-12-31,0,2026-03-23 15:02:25.2749970 +00:00,S,M
21701,BOA BJ,NULL,4B,2025-12-31,57,2026-03-23 15:02:25.2749970 +00:00,S,M
21702,BOA BJ,NULL,4O,2025-12-31,66,2026-03-23 15:02:25.2749970 +00:00,S,M
21703,BOA BJ,NULL,7G,2025-12-31,0,2026-03-23 15:02:25.2749970 +00:00,S,M
21704,BOA BJ,NULL,AHA,2025-12-31,0,2026-03-23 15:02:25.2749970 +00:00,S,M
21705,BOA BJ,NULL,DIR_AGENCE_13001,2025-12-31,0,2026-03-23 15:02:25.2749970 +00:00,S,M
21706,BOA BJ,NULL,SSY,2025-12-31,14,2026-03-23 15:02:25.2749970 +00:00,S,M
21707,BOA BJ,NULL,K8,2025-12-31,0,2026-03-23 15:02:25.2749970 +00:00,S,M
21708,BOA BJ,NULL,RK,2025-12-31,0,2026-03-23 15:02:25.2749970 +00:00,S,M
21709,BOA BJ,NULL,T3,2025-12-31,0,2026-03-23 15:02:25.2749970 +00:00,S,M
21710,BOA NE,NULL,8D,2025-12-31,100,2026-03-23 15:02:25.3190110 +00:00,F,P
21711,BOA NE,NULL,08,2025-12-31,100,2026-03-23 15:02:25.3190110 +00:00,F,P
21712,BOA NE,NULL,UE,2025-12-31,100,2026-03-23 15:02:25.3190110 +00:00,F,P
21713,BOA NE,NULL,1F,2025-12-31,100,2026-03-23 15:02:25.3190110 +00:00,F,P
21714,BOA NE,NULL,NE,2025-12-31,97,2026-03-23 15:02:25.3190110 +00:00,F,P
21715,BOA NE,NULL,Z3,2025-12-31,100,2026-03-23 15:02:25.3190110 +00:00,F,P
21716,BOA NE,NULL,0K,2025-12-31,97,2026-03-23 15:02:25.3190110 +00:00,F,P
21717,BOA NE,NULL,VX,2025-12-31,100,2026-03-23 15:02:25.3190110 +00:00,F,P
21718,BOA NE,NULL,FA,2025-12-31,100,2026-03-23 15:02:25.3190110 +00:00,F,P
21719,BOA NE,NULL,8F,2025-12-31,100,2026-03-23 15:02:25.3200330 +00:00,F,P
21720,BOA NE,NULL,AP,2025-12-31,100,2026-03-23 15:02:25.3200330 +00:00,F,P
21721,BOA NE,NULL,SC,2025-12-31,100,2026-03-23 15:02:25.3200330 +00:00,F,P
21722,BOA NE,NULL,0J,2025-12-31,100,2026-03-23 15:02:25.3200330 +00:00,F,P
21723,BOA NE,NULL,Z5,2025-12-31,100,2026-03-23 15:02:25.3200330 +00:00,F,P
21724,BOA NE,NULL,K7,2025-12-31,100,2026-03-23 15:02:25.3200330 +00:00,F,P
21725,BOA NE,NULL,KB,2025-12-31,100,2026-03-23 15:02:25.3200330 +00:00,F,P
21726,BOA NE,NULL,Q4,2025-12-31,100,2026-03-23 15:02:25.3200330 +00:00,F,P
21727,BOA NE,NULL,IF,2025-12-31,100,2026-03-23 15:02:25.3200330 +00:00,F,P
21728,BOA NE,NULL,G2,2025-12-31,100,2026-03-23 15:02:25.3200330 +00:00,F,P
21729,BOA NE,NULL,MM,2025-12-31,100,2026-03-23 15:02:25.3200330 +00:00,F,P
21730,BOA NE,NULL,TC,2025-12-31,100,2026-03-23 15:02:25.3200330 +00:00,F,P
21731,BOA NE,NULL,NP,2025-12-31,100,2026-03-23 15:02:25.3200330 +00:00,F,P
21732,BOA NE,NULL,GJ,2025-12-31,100,2026-03-23 15:02:25.3200330 +00:00,F,P
21733,BOA NE,NULL,L8,2025-12-31,100,2026-03-23 15:02:25.3200330 +00:00,F,P
21734,BOA NE,NULL,34,2025-12-31,100,2026-03-23 15:02:25.3200330 +00:00,F,P
21735,BOA NE,NULL,QL,2025-12-31,100,2026-03-23 15:02:25.3200330 +00:00,F,P
21736,BOA NE,NULL,HF,2025-12-31,100,2026-03-23 15:02:25.3200330 +00:00,F,P
21737,BOA NE,NULL,50,2025-12-31,90,2026-03-23 15:02:25.3200330 +00:00,F,P
21738,BOA NE,NULL,TG,2025-12-31,100,2026-03-23 15:02:25.3200330 +00:00,F,P
21739,BOA NE,NULL,5X,2025-12-31,100,2026-03-23 15:02:25.3200330 +00:00,F,P
21740,BOA NE,NULL,M3,2025-12-31,100,2026-03-23 15:02:25.3200330 +00:00,F,P
21741,BOA NE,NULL,GM,2025-12-31,100,2026-03-23 15:02:25.3200330 +00:00,F,P
21742,BOA NE,NULL,ER,2025-12-31,100,2026-03-23 15:02:25.3200330 +00:00,F,P
21743,BOA NE,NULL,MB,2025-12-31,100,2026-03-23 15:02:25.3200330 +00:00,F,P
21744,BOA NE,NULL,KY,2025-12-31,100,2026-03-23 15:02:25.3200330 +00:00,F,P
21745,BOA NE,NULL,EW,2025-12-31,100,2026-03-23 15:02:25.3200330 +00:00,F,P
21746,BOA NE,NULL,VG,2025-12-31,100,2026-03-23 15:02:25.3200330 +00:00,F,P
21747,BOA NE,NULL,SK,2025-12-31,100,2026-03-23 15:02:25.3200330 +00:00,F,P
21748,BOA NE,NULL,9C,2025-12-31,100,2026-03-23 15:02:25.3200330 +00:00,F,P
21749,BOA NE,NULL,OW,2025-12-31,100,2026-03-23 15:02:25.3200330 +00:00,F,P
21750,BOA NE,NULL,UG,2025-12-31,100,2026-03-23 15:02:25.3200330 +00:00,F,P
21751,BOA NE,NULL,PB,2025-12-31,100,2026-03-23 15:02:25.3200330 +00:00,F,P
21752,BOA NE,NULL,ZX,2025-12-31,100,2026-03-23 15:02:25.3200330 +00:00,F,P
21753,BOA NE,NULL,OK,2025-12-31,100,2026-03-23 15:02:25.3200330 +00:00,F,P
21754,BOA NE,NULL,ZR,2025-12-31,100,2026-03-23 15:02:25.3200330 +00:00,F,P
21755,BOA NE,NULL,AB,2025-12-31,100,2026-03-23 15:02:25.3200330 +00:00,F,P
21756,BOA NE,NULL,GN,2025-12-31,100,2026-03-23 15:02:25.3200330 +00:00,F,P
21757,BOA NE,NULL,I8,2025-12-31,100,2026-03-23 15:02:25.3200330 +00:00,F,P
21758,BOA NE,NULL,TV,2025-12-31,100,2026-03-23 15:02:25.3200330 +00:00,F,P
21759,BOA NE,NULL,Z6,2025-12-31,100,2026-03-23 15:02:25.3200330 +00:00,F,P
21760,BOA NE,NULL,SI,2025-12-31,100,2026-03-23 15:02:25.3200330 +00:00,F,P
21761,BOA NE,NULL,TZ,2025-12-31,100,2026-03-23 15:02:25.3200330 +00:00,F,P
21762,BOA NE,NULL,CK,2025-12-31,100,2026-03-23 15:02:25.3200330 +00:00,F,P
21763,BOA NE,NULL,RS,2025-12-31,0,2026-03-23 15:02:25.3200330 +00:00,F,M
21764,BOA NE,NULL,U4,2025-12-31,0,2026-03-23 15:02:25.3200330 +00:00,F,M
21765,BOA NE,NULL,3W,2025-12-31,0,2026-03-23 15:02:25.3200330 +00:00,F,M
21766,BOA NE,NULL,FH,2025-12-31,0,2026-03-23 15:02:25.3200330 +00:00,F,M
21767,BOA NE,NULL,BD,2025-12-31,0,2026-03-23 15:02:25.3200330 +00:00,F,M
21768,BOA NE,NULL,MN,2025-12-31,98,2026-03-23 15:02:25.3200330 +00:00,S,P
21769,BOA NE,NULL,WI,2025-12-31,98,2026-03-23 15:02:25.3200330 +00:00,S,P
21770,BOA NE,NULL,TL,2025-12-31,99,2026-03-23 15:02:25.3200330 +00:00,S,P
21771,BOA NE,NULL,WM,2025-12-31,99,2026-03-23 15:02:25.3200330 +00:00,S,P
21772,BOA NE,NULL,DW,2025-12-31,99,2026-03-23 15:02:25.3200330 +00:00,S,P
21773,BOA NE,NULL,RD,2025-12-31,97,2026-03-23 15:02:25.3200330 +00:00,S,P
21774,BOA NE,NULL,DIR_AGENCE_1001,2025-12-31,100,2026-03-23 15:02:25.3200330 +00:00,S,P
21775,BOA NE,NULL,XW,2025-12-31,98,2026-03-23 15:02:25.3200330 +00:00,S,P
21776,BOA NE,NULL,95,2025-12-31,99,2026-03-23 15:02:25.3200330 +00:00,S,P
21777,BOA NE,NULL,RP,2025-12-31,98,2026-03-23 15:02:25.3200330 +00:00,S,P
21778,BOA NE,NULL,7P,2025-12-31,99,2026-03-23 15:02:25.3200330 +00:00,S,P
21779,BOA NE,NULL,EG,2025-12-31,99,2026-03-23 15:02:25.3200330 +00:00,S,P
21780,BOA NE,NULL,N3,2025-12-31,100,2026-03-23 15:02:25.3200330 +00:00,S,P
21781,BOA NE,NULL,J1,2025-12-31,98,2026-03-23 15:02:25.3200330 +00:00,S,P
21782,BOA NE,NULL,MH,2025-12-31,99,2026-03-23 15:02:25.3200330 +00:00,S,P
21783,BOA NE,NULL,SU,2025-12-31,100,2026-03-23 15:02:25.3200330 +00:00,S,P
21784,BOA NE,NULL,SR,2025-12-31,99,2026-03-23 15:02:25.3200330 +00:00,S,P
21785,BOA NE,NULL,CH,2025-12-31,100,2026-03-23 15:02:25.3200330 +00:00,S,P
21786,BOA NE,NULL,1B,2025-12-31,100,2026-03-23 15:02:25.3200330 +00:00,S,P
21787,BOA NE,NULL,UB,2025-12-31,100,2026-03-23 15:02:25.3210150 +00:00,S,P
21788,BOA NE,NULL,1T,2025-12-31,100,2026-03-23 15:02:25.3210150 +00:00,S,P
21789,BOA NE,NULL,GW,2025-12-31,100,2026-03-23 15:02:25.3210150 +00:00,S,P
21790,BOA NE,NULL,GZ,2025-12-31,100,2026-03-23 15:02:25.3210150 +00:00,S,P
21791,BOA NE,NULL,3Q,2025-12-31,100,2026-03-23 15:02:25.3210150 +00:00,S,P
21792,BOA NE,NULL,CZ,2025-12-31,100,2026-03-23 15:02:25.3210150 +00:00,S,P
21793,BOA NE,NULL,4L,2025-12-31,100,2026-03-23 15:02:25.3210150 +00:00,S,P
21794,BOA NE,NULL,5M,2025-12-31,100,2026-03-23 15:02:25.3210150 +00:00,S,P
21795,BOA NE,NULL,J7,2025-12-31,100,2026-03-23 15:02:25.3210150 +00:00,S,P
21796,BOA NE,NULL,7G,2025-12-31,100,2026-03-23 15:02:25.3210150 +00:00,S,P
21797,BOA NE,NULL,EB,2025-12-31,100,2026-03-23 15:02:25.3210150 +00:00,S,P
21798,BOA NE,NULL,54,2025-12-31,100,2026-03-23 15:02:25.3210150 +00:00,S,P
21799,BOA NE,NULL,01,2025-12-31,100,2026-03-23 15:02:25.3210150 +00:00,S,P
21800,BOA NE,NULL,NU,2025-12-31,100,2026-03-23 15:02:25.3210150 +00:00,S,P
21801,BOA NE,NULL,4T,2025-12-31,100,2026-03-23 15:02:25.3210150 +00:00,S,P
21802,BOA NE,NULL,LV,2025-12-31,100,2026-03-23 15:02:25.3210150 +00:00,S,P
21803,BOA NE,NULL,7M,2025-12-31,100,2026-03-23 15:02:25.3210150 +00:00,S,P
21804,BOA NE,NULL,J2,2025-12-31,100,2026-03-23 15:02:25.3210150 +00:00,S,P
21805,BOA NE,NULL,QU,2025-12-31,100,2026-03-23 15:02:25.3210150 +00:00,S,P
21806,BOA NE,NULL,RB,2025-12-31,100,2026-03-23 15:02:25.3210150 +00:00,S,P
21807,BOA NE,NULL,GU,2025-12-31,100,2026-03-23 15:02:25.3210150 +00:00,S,P
21808,BOA NE,NULL,LS,2025-12-31,100,2026-03-23 15:02:25.3210150 +00:00,S,P
21809,BOA NE,NULL,IX,2025-12-31,100,2026-03-23 15:02:25.3210150 +00:00,S,P
21810,BOA NE,NULL,XV,2025-12-31,100,2026-03-23 15:02:25.3210150 +00:00,S,P
21811,BOA NE,NULL,X0,2025-12-31,100,2026-03-23 15:02:25.3210150 +00:00,S,P
21812,BOA NE,NULL,ZD,2025-12-31,100,2026-03-23 15:02:25.3210150 +00:00,S,P
21813,BOA NE,NULL,38,2025-12-31,100,2026-03-23 15:02:25.3210150 +00:00,S,P
21814,BOA NE,NULL,6S,2025-12-31,100,2026-03-23 15:02:25.3210150 +00:00,S,P
21815,BOA NE,NULL,SW,2025-12-31,100,2026-03-23 15:02:25.3210150 +00:00,S,P
21816,BOA NE,NULL,5E,2025-12-31,100,2026-03-23 15:02:25.3210150 +00:00,S,P
21817,BOA NE,NULL,RZ,2025-12-31,100,2026-03-23 15:02:25.3210150 +00:00,S,P
21818,BOA NE,NULL,TA,2025-12-31,100,2026-03-23 15:02:25.3210150 +00:00,S,P
21819,BOA NE,NULL,IQ,2025-12-31,100,2026-03-23 15:02:25.3210150 +00:00,S,P
21820,BOA NE,NULL,Y9,2025-12-31,100,2026-03-23 15:02:25.3210150 +00:00,S,P
21821,BOA NE,NULL,BW,2025-12-31,100,2026-03-23 15:02:25.3210150 +00:00,S,P
21822,BOA NE,NULL,28,2025-12-31,100,2026-03-23 15:02:25.3210150 +00:00,S,P
21823,BOA NE,NULL,RJ,2025-12-31,100,2026-03-23 15:02:25.3210150 +00:00,S,P
21824,BOA NE,NULL,JW,2025-12-31,100,2026-03-23 15:02:25.3210150 +00:00,S,P
21825,BOA NE,NULL,5J,2025-12-31,100,2026-03-23 15:02:25.3210150 +00:00,S,P
21826,BOA NE,NULL,OJ,2025-12-31,87,2026-03-23 15:02:25.3210150 +00:00,S,P
21827,BOA NE,NULL,C7,2025-12-31,100,2026-03-23 15:02:25.3210150 +00:00,S,P
21828,BOA NE,NULL,MR,2025-12-31,100,2026-03-23 15:02:25.3210150 +00:00,S,P
21829,BOA NE,NULL,BL,2025-12-31,100,2026-03-23 15:02:25.3210150 +00:00,S,P
21830,BOA NE,NULL,KU,2025-12-31,100,2026-03-23 15:02:25.3210150 +00:00,S,P
21831,BOA NE,NULL,I7,2025-12-31,100,2026-03-23 15:02:25.3210150 +00:00,S,P
21832,BOA NE,NULL,92,2025-12-31,100,2026-03-23 15:02:25.3210150 +00:00,S,P
21833,BOA NE,NULL,ET,2025-12-31,100,2026-03-23 15:02:25.3210150 +00:00,S,P
21834,BOA NE,NULL,UL,2025-12-31,100,2026-03-23 15:02:25.3210150 +00:00,S,P
21835,BOA NE,NULL,WJ,2025-12-31,100,2026-03-23 15:02:25.3210150 +00:00,S,P
21836,BOA NE,NULL,EX,2025-12-31,100,2026-03-23 15:02:25.3210150 +00:00,S,P
21837,BOA NE,NULL,4E,2025-12-31,100,2026-03-23 15:02:25.3210150 +00:00,S,P
21838,BOA NE,NULL,4Q,2025-12-31,100,2026-03-23 15:02:25.3968260 +00:00,S,P
21839,BOA NE,NULL,CW,2025-12-31,100,2026-03-23 15:02:25.3968260 +00:00,S,P
21840,BOA NE,NULL,TR,2025-12-31,100,2026-03-23 15:02:25.3968260 +00:00,S,P
21841,BOA NE,NULL,BP,2025-12-31,100,2026-03-23 15:02:25.3968260 +00:00,S,P
21842,BOA NE,NULL,BM,2025-12-31,100,2026-03-23 15:02:25.3968260 +00:00,S,P
21843,BOA NE,NULL,BR,2025-12-31,100,2026-03-23 15:02:25.3968260 +00:00,S,P
21844,BOA NE,NULL,GI,2025-12-31,100,2026-03-23 15:02:25.3968260 +00:00,S,P
21845,BOA NE,NULL,C4,2025-12-31,100,2026-03-23 15:02:25.3968260 +00:00,S,P
21846,BOA NE,NULL,V2,2025-12-31,100,2026-03-23 15:02:25.3968260 +00:00,S,P
21847,BOA NE,NULL,FR,2025-12-31,100,2026-03-23 15:02:25.3968260 +00:00,S,P
21848,BOA NE,NULL,8B,2025-12-31,100,2026-03-23 15:02:25.3968260 +00:00,S,P
21849,BOA NE,NULL,FY,2025-12-31,100,2026-03-23 15:02:25.3968260 +00:00,S,P
21850,BOA NE,NULL,UX,2025-12-31,100,2026-03-23 15:02:25.3968260 +00:00,S,P
21851,BOA NE,NULL,ZA,2025-12-31,100,2026-03-23 15:02:25.3968260 +00:00,S,P
21852,BOA NE,NULL,AU,2025-12-31,100,2026-03-23 15:02:25.3968260 +00:00,S,P
21853,BOA NE,NULL,FB,2025-12-31,100,2026-03-23 15:02:25.3968260 +00:00,S,P
21854,BOA NE,NULL,Z4,2025-12-31,100,2026-03-23 15:02:25.3978380 +00:00,S,P
21855,BOA NE,NULL,9I,2025-12-31,100,2026-03-23 15:02:25.3978380 +00:00,S,P
21856,BOA NE,NULL,BO,2025-12-31,100,2026-03-23 15:02:25.3978380 +00:00,S,P
21857,BOA NE,NULL,1P,2025-12-31,100,2026-03-23 15:02:25.3978380 +00:00,S,P
21858,BOA NE,NULL,IL,2025-12-31,100,2026-03-23 15:02:25.3978380 +00:00,S,P
21859,BOA NE,NULL,CA,2025-12-31,100,2026-03-23 15:02:25.3978380 +00:00,S,P
21860,BOA NE,NULL,SH,2025-12-31,100,2026-03-23 15:02:25.3978380 +00:00,S,P
21861,BOA NE,NULL,DIR_AGENCE_1004,2025-12-31,100,2026-03-23 15:02:25.3978380 +00:00,S,P
21862,BOA NE,NULL,FF,2025-12-31,100,2026-03-23 15:02:25.3978380 +00:00,S,P
21863,BOA NE,NULL,PJ,2025-12-31,100,2026-03-23 15:02:25.3978380 +00:00,S,P
21864,BOA NE,NULL,IE,2025-12-31,100,2026-03-23 15:02:25.3978380 +00:00,S,P
21865,BOA NE,NULL,LC,2025-12-31,100,2026-03-23 15:02:25.3978380 +00:00,S,P
21866,BOA NE,NULL,CN,2025-12-31,100,2026-03-23 15:02:25.3978380 +00:00,S,P
21867,BOA NE,NULL,O6,2025-12-31,100,2026-03-23 15:02:25.3978380 +00:00,S,P
21868,BOA NE,NULL,M6,2025-12-31,100,2026-03-23 15:02:25.3978380 +00:00,S,P
21869,BOA NE,NULL,PP,2025-12-31,100,2026-03-23 15:02:25.3978380 +00:00,S,P
21870,BOA NE,NULL,04,2025-12-31,100,2026-03-23 15:02:25.3978380 +00:00,S,P
21871,BOA NE,NULL,OX,2025-12-31,100,2026-03-23 15:02:25.3978380 +00:00,S,P
21872,BOA NE,NULL,5T,2025-12-31,100,2026-03-23 15:02:25.3978380 +00:00,S,P
21873,BOA NE,NULL,B1,2025-12-31,100,2026-03-23 15:02:25.3978380 +00:00,S,P
21874,BOA NE,NULL,PA,2025-12-31,0,2026-03-23 15:02:25.3978380 +00:00,S,M
21875,BOA NE,NULL,Y6,2025-12-31,0,2026-03-23 15:02:25.3978380 +00:00,S,M
21876,BOA NE,NULL,EF,2025-12-31,0,2026-03-23 15:02:25.3978380 +00:00,S,M
21877,BOA NE,NULL,PN,2025-12-31,0,2026-03-23 15:02:25.3978380 +00:00,S,M
21878,BOA NE,NULL,99,2025-12-31,0,2026-03-23 15:02:25.3978380 +00:00,S,M
21879,BOA NE,NULL,ED,2025-12-31,0,2026-03-23 15:02:25.3978380 +00:00,S,M
21880,BOA NE,NULL,ZC,2025-12-31,0,2026-03-23 15:02:25.3978380 +00:00,S,M
21881,BOA NE,NULL,VE,2025-12-31,0,2026-03-23 15:02:25.3978380 +00:00,S,M
21882,BOA NE,NULL,O5,2025-12-31,0,2026-03-23 15:02:25.3978380 +00:00,S,M
21883,BOA NE,NULL,ZN,2025-12-31,0,2026-03-23 15:02:25.3978380 +00:00,S,M
21884,BOA NE,NULL,8I,2025-12-31,0,2026-03-23 15:02:25.3978380 +00:00,S,M
21885,BOA NE,NULL,I3,2025-12-31,0,2026-03-23 15:02:25.3978380 +00:00,S,M
21886,BOA NE,NULL,CL,2025-12-31,0,2026-03-23 15:02:25.3978380 +00:00,S,M
21887,BOA NE,NULL,SM,2025-12-31,0,2026-03-23 15:02:25.3978380 +00:00,S,M
21888,BOA BF,NULL,7U,2025-12-31,100,2026-03-23 15:02:25.4585710 +00:00,F,P
21889,BOA BF,NULL,QX,2025-12-31,100,2026-03-23 15:02:25.4585710 +00:00,F,P
21890,BOA BF,NULL,TSV,2025-12-31,100,2026-03-23 15:02:25.4585710 +00:00,F,P
21891,BOA BF,NULL,6Q,2025-12-31,100,2026-03-23 15:02:25.4585710 +00:00,F,P
21892,BOA BF,NULL,LA,2025-12-31,100,2026-03-23 15:02:25.4585710 +00:00,F,P
21893,BOA BF,NULL,OV,2025-12-31,100,2026-03-23 15:02:25.4595700 +00:00,F,P
21894,BOA BF,NULL,WX,2025-12-31,100,2026-03-23 15:02:25.4595700 +00:00,F,P
21895,BOA BF,NULL,YW,2025-12-31,100,2026-03-23 15:02:25.4595700 +00:00,F,P
21896,BOA BF,NULL,5E,2025-12-31,100,2026-03-23 15:02:25.4595700 +00:00,F,P
21897,BOA BF,NULL,ET,2025-12-31,85,2026-03-23 15:02:25.4595700 +00:00,F,P
21898,BOA BF,NULL,OAR,2025-12-31,100,2026-03-23 15:02:25.4595700 +00:00,F,P
21899,BOA BF,NULL,SDM,2025-12-31,100,2026-03-23 15:02:25.4595700 +00:00,F,P
21900,BOA BF,NULL,SKY,2025-12-31,100,2026-03-23 15:02:25.4595700 +00:00,F,P
21901,BOA BF,NULL,US,2025-12-31,100,2026-03-23 15:02:25.4595700 +00:00,F,P
21902,BOA BF,NULL,SYA,2025-12-31,100,2026-03-23 15:02:25.4595700 +00:00,F,P
21903,BOA BF,NULL,XF,2025-12-31,100,2026-03-23 15:02:25.4595700 +00:00,F,P
21904,BOA BF,NULL,1P,2025-12-31,100,2026-03-23 15:02:25.4595700 +00:00,F,P
21905,BOA BF,NULL,SIE,2025-12-31,100,2026-03-23 15:02:25.4595700 +00:00,F,P
21906,BOA BF,NULL,4Z,2025-12-31,100,2026-03-23 15:02:25.4595700 +00:00,F,P
21907,BOA BF,NULL,Q0,2025-12-31,100,2026-03-23 15:02:25.4595700 +00:00,F,P
21908,BOA BF,NULL,MF,2025-12-31,100,2026-03-23 15:02:25.4595700 +00:00,F,P
21909,BOA BF,NULL,TG,2025-12-31,100,2026-03-23 15:02:25.4595700 +00:00,F,P
21910,BOA BF,NULL,HO,2025-12-31,100,2026-03-23 15:02:25.4595700 +00:00,F,P
21911,BOA BF,NULL,GW,2025-12-31,100,2026-03-23 15:02:25.4595700 +00:00,F,P
21912,BOA BF,NULL,IM,2025-12-31,100,2026-03-23 15:02:25.4595700 +00:00,F,P
21913,BOA BF,NULL,SWO,2025-12-31,100,2026-03-23 15:02:25.4595700 +00:00,F,P
21914,BOA BF,NULL,ZY,2025-12-31,100,2026-03-23 15:02:25.4595700 +00:00,F,P
21915,BOA BF,NULL,SMA,2025-12-31,100,2026-03-23 15:02:25.4595700 +00:00,F,P
21916,BOA BF,NULL,ZAL,2025-12-31,100,2026-03-23 15:02:25.4595700 +00:00,F,P
21917,BOA BF,NULL,LR,2025-12-31,100,2026-03-23 15:02:25.4595700 +00:00,F,P
21918,BOA BF,NULL,ZOM,2025-12-31,100,2026-03-23 15:02:25.4595700 +00:00,F,P
21919,BOA BF,NULL,AB,2025-12-31,100,2026-03-23 15:02:25.4595700 +00:00,F,P
21920,BOA BF,NULL,TGN,2025-12-31,100,2026-03-23 15:02:25.4595700 +00:00,F,P
21921,BOA BF,NULL,CGM,2025-12-31,100,2026-03-23 15:02:25.4595700 +00:00,F,P
21922,BOA BF,NULL,ZSA,2025-12-31,100,2026-03-23 15:02:25.4595700 +00:00,F,P
21923,BOA BF,NULL,SOM,2025-12-31,100,2026-03-23 15:02:25.4595700 +00:00,F,P
21924,BOA BF,NULL,PW,2025-12-31,100,2026-03-23 15:02:25.4595700 +00:00,F,P
21925,BOA BF,NULL,SL,2025-12-31,100,2026-03-23 15:02:25.4595700 +00:00,F,P
21926,BOA BF,NULL,DIL,2025-12-31,100,2026-03-23 15:02:25.4595700 +00:00,F,P
21927,BOA BF,NULL,JM,2025-12-31,100,2026-03-23 15:02:25.4595700 +00:00,F,P
21928,BOA BF,NULL,LD,2025-12-31,100,2026-03-23 15:02:25.4595700 +00:00,F,P
21929,BOA BF,NULL,LQ,2025-12-31,100,2026-03-23 15:02:25.4595700 +00:00,F,P
21930,BOA BF,NULL,RF,2025-12-31,100,2026-03-23 15:02:25.4595700 +00:00,F,P
21931,BOA BF,NULL,CL,2025-12-31,100,2026-03-23 15:02:25.4595700 +00:00,F,P
21932,BOA BF,NULL,FS,2025-12-31,96,2026-03-23 15:02:25.4595700 +00:00,F,P
21933,BOA BF,NULL,KJO,2025-12-31,100,2026-03-23 15:02:25.4595700 +00:00,F,P
21934,BOA BF,NULL,CI,2025-12-31,100,2026-03-23 15:02:25.4595700 +00:00,F,P
21935,BOA BF,NULL,TC,2025-12-31,96,2026-03-23 15:02:25.4595700 +00:00,F,P
21936,BOA BF,NULL,SLM,2025-12-31,100,2026-03-23 15:02:25.4595700 +00:00,F,P
21937,BOA BF,NULL,DCI,2025-12-31,100,2026-03-23 15:02:25.4595700 +00:00,F,P
21938,BOA BF,NULL,Q5,2025-12-31,100,2026-03-23 15:02:25.4595700 +00:00,F,P
21939,BOA BF,NULL,UB,2025-12-31,100,2026-03-23 15:02:25.4595700 +00:00,F,P
21940,BOA BF,NULL,ZV,2025-12-31,100,2026-03-23 15:02:25.4595700 +00:00,F,P
21941,BOA BF,NULL,AO,2025-12-31,100,2026-03-23 15:02:25.4595700 +00:00,F,P
21942,BOA BF,NULL,KWA,2025-12-31,100,2026-03-23 15:02:25.4595700 +00:00,F,P
21943,BOA BF,NULL,TEB,2025-12-31,100,2026-03-23 15:02:25.4595700 +00:00,F,P
21944,BOA BF,NULL,KW,2025-12-31,100,2026-03-23 15:02:25.4595700 +00:00,F,P
21945,BOA BF,NULL,NF,2025-12-31,100,2026-03-23 15:02:25.4595700 +00:00,F,P
21946,BOA BF,NULL,ON,2025-12-31,100,2026-03-23 15:02:25.4595700 +00:00,F,P
21947,BOA BF,NULL,IW,2025-12-31,100,2026-03-23 15:02:25.4595700 +00:00,F,P
21948,BOA BF,NULL,3U,2025-12-31,100,2026-03-23 15:02:25.4595700 +00:00,F,P
21949,BOA BF,NULL,9I,2025-12-31,100,2026-03-23 15:02:25.4595700 +00:00,F,P
21950,BOA BF,NULL,TP,2025-12-31,100,2026-03-23 15:02:25.4595700 +00:00,F,P
21951,BOA BF,NULL,2P,2025-12-31,100,2026-03-23 15:02:25.4595700 +00:00,F,P
21952,BOA BF,NULL,BV,2025-12-31,100,2026-03-23 15:02:25.4595700 +00:00,F,M
21953,BOA BF,NULL,C0,2025-12-31,100,2026-03-23 15:02:25.4595700 +00:00,F,M
21954,BOA BF,NULL,AW,2025-12-31,100,2026-03-23 15:02:25.4595700 +00:00,F,M
21955,BOA BF,NULL,BA,2025-12-31,100,2026-03-23 15:02:25.4595700 +00:00,F,M
21956,BOA BF,NULL,K2,2025-12-31,100,2026-03-23 15:02:25.4595700 +00:00,F,M
21957,BOA BF,NULL,MO,2025-12-31,100,2026-03-23 15:02:25.4595700 +00:00,F,M
21958,BOA BF,NULL,NG,2025-12-31,100,2026-03-23 15:02:25.4595700 +00:00,F,M
21959,BOA BF,NULL,BI,2025-12-31,100,2026-03-23 15:02:25.4595700 +00:00,F,M
21960,BOA BF,NULL,E1,2025-12-31,100,2026-03-23 15:02:25.4605660 +00:00,F,M
21961,BOA BF,NULL,EV,2025-12-31,100,2026-03-23 15:02:25.4605660 +00:00,F,M
21962,BOA BF,NULL,TNO,2025-12-31,100,2026-03-23 15:02:25.4605660 +00:00,F,M
21963,BOA BF,NULL,ZML,2025-12-31,100,2026-03-23 15:02:25.4605660 +00:00,F,M
21964,BOA BF,NULL,BM,2025-12-31,100,2026-03-23 15:02:25.4605660 +00:00,F,M
21965,BOA BF,NULL,GZ,2025-12-31,100,2026-03-23 15:02:25.4605660 +00:00,F,M
21966,BOA BF,NULL,KV,2025-12-31,100,2026-03-23 15:02:25.4605660 +00:00,F,M
21967,BOA BF,NULL,JG,2025-12-31,100,2026-03-23 15:02:25.4605660 +00:00,F,M
21968,BOA BF,NULL,LV,2025-12-31,50,2026-03-23 15:02:25.4605660 +00:00,F,M
21969,BOA BF,NULL,9Q,2025-12-31,100,2026-03-23 15:02:25.4605660 +00:00,F,M
21970,BOA BF,NULL,SA,2025-12-31,100,2026-03-23 15:02:25.4605660 +00:00,F,M
21971,BOA BF,NULL,PV,2025-12-31,100,2026-03-23 15:02:25.4605660 +00:00,F,M
21972,BOA BF,NULL,SP,2025-12-31,100,2026-03-23 15:02:25.4605660 +00:00,F,M
21973,BOA BF,NULL,RG,2025-12-31,14,2026-03-23 15:02:25.4605660 +00:00,F,M
21974,BOA BF,NULL,KAK,2025-12-31,100,2026-03-23 15:02:25.4605660 +00:00,F,M
21975,BOA BF,NULL,5I,2025-12-31,100,2026-03-23 15:02:25.4605660 +00:00,F,M
21976,BOA BF,NULL,BAC,2025-12-31,100,2026-03-23 15:02:25.4605660 +00:00,F,M
21977,BOA BF,NULL,KIA,2025-12-31,100,2026-03-23 15:02:25.4605660 +00:00,F,M
21978,BOA BF,NULL,XT,2025-12-31,100,2026-03-23 15:02:25.4605660 +00:00,F,M
21979,BOA BF,NULL,RH,2025-12-31,100,2026-03-23 15:02:25.4605660 +00:00,F,M
21980,BOA BF,NULL,GY,2025-12-31,0,2026-03-23 15:02:25.4605660 +00:00,F,M
21981,BOA BF,NULL,RE,2025-12-31,0,2026-03-23 15:02:25.4605660 +00:00,F,M
21982,BOA BF,NULL,YH,2025-12-31,100,2026-03-23 15:02:25.4605660 +00:00,F,M
21983,BOA BF,NULL,TU,2025-12-31,66,2026-03-23 15:02:25.4605660 +00:00,F,M
21984,BOA BF,NULL,GG,2025-12-31,100,2026-03-23 15:02:25.4605660 +00:00,F,M
21985,BOA BF,NULL,A9,2025-12-31,97,2026-03-23 15:02:25.4605660 +00:00,S,P
21986,BOA BF,NULL,CD,2025-12-31,100,2026-03-23 15:02:25.4605660 +00:00,S,P
21987,BOA BF,NULL,CW,2025-12-31,100,2026-03-23 15:02:25.4605660 +00:00,S,P
21988,BOA BF,NULL,GF,2025-12-31,100,2026-03-23 15:02:25.4605660 +00:00,S,P
21989,BOA BF,NULL,WQ,2025-12-31,98,2026-03-23 15:02:25.4605660 +00:00,S,P
21990,BOA BF,NULL,YD,2025-12-31,99,2026-03-23 15:02:25.4605660 +00:00,S,P
21991,BOA BF,NULL,8T,2025-12-31,100,2026-03-23 15:02:25.4605660 +00:00,S,P
21992,BOA BF,NULL,9T,2025-12-31,100,2026-03-23 15:02:25.4605660 +00:00,S,P
21993,BOA BF,NULL,B7,2025-12-31,100,2026-03-23 15:02:25.4605660 +00:00,S,P
21994,BOA BF,NULL,CO,2025-12-31,100,2026-03-23 15:02:25.4605660 +00:00,S,P
21995,BOA BF,NULL,DAD,2025-12-31,100,2026-03-23 15:02:25.4605660 +00:00,S,P
21996,BOA BF,NULL,DAT,2025-12-31,100,2026-03-23 15:02:25.4605660 +00:00,S,P
21997,BOA BF,NULL,DC,2025-12-31,100,2026-03-23 15:02:25.4605660 +00:00,S,P
21998,BOA BF,NULL,GN,2025-12-31,100,2026-03-23 15:02:25.4605660 +00:00,S,P
21999,BOA BF,NULL,IJ,2025-12-31,100,2026-03-23 15:02:25.4605660 +00:00,S,P
22000,BOA BF,NULL,IL,2025-12-31,99,2026-03-23 15:02:25.4605660 +00:00,S,P
22001,BOA BF,NULL,JJ,2025-12-31,96,2026-03-23 15:02:25.4605660 +00:00,S,P
22002,BOA BF,NULL,JZ,2025-12-31,100,2026-03-23 15:02:25.4605660 +00:00,S,P
22003,BOA BF,NULL,KB,2025-12-31,100,2026-03-23 15:02:25.4605660 +00:00,S,P
22004,BOA BF,NULL,KG,2025-12-31,100,2026-03-23 15:02:25.4605660 +00:00,S,P
22005,BOA BF,NULL,KL,2025-12-31,99,2026-03-23 15:02:25.4605660 +00:00,S,P
22006,BOA BF,NULL,KT,2025-12-31,95,2026-03-23 15:02:25.4605660 +00:00,S,P
22007,BOA BF,NULL,MJ,2025-12-31,99,2026-03-23 15:02:25.4605660 +00:00,S,P
22008,BOA BF,NULL,MM,2025-12-31,100,2026-03-23 15:02:25.4605660 +00:00,S,P
22009,BOA BF,NULL,OAK,2025-12-31,98,2026-03-23 15:02:25.4605660 +00:00,S,P
22010,BOA BF,NULL,PEA,2025-12-31,100,2026-03-23 15:02:25.4605660 +00:00,S,P
22011,BOA BF,NULL,PZR,2025-12-31,99,2026-03-23 15:02:25.4605660 +00:00,S,P
22012,BOA BF,NULL,SMO,2025-12-31,83,2026-03-23 15:02:25.4605660 +00:00,S,P
22013,BOA BF,NULL,TKM,2025-12-31,100,2026-03-23 15:02:25.4605660 +00:00,S,P
22014,BOA BF,NULL,TT,2025-12-31,100,2026-03-23 15:02:25.4605660 +00:00,S,P
22015,BOA BF,NULL,UE,2025-12-31,100,2026-03-23 15:02:25.4605660 +00:00,S,P
22016,BOA BF,NULL,WG,2025-12-31,100,2026-03-23 15:02:25.5386800 +00:00,S,P
22017,BOA BF,NULL,XG,2025-12-31,100,2026-03-23 15:02:25.5386800 +00:00,S,P
22018,BOA BF,NULL,XX,2025-12-31,100,2026-03-23 15:02:25.5386800 +00:00,S,P
22019,BOA BF,NULL,ZJA,2025-12-31,100,2026-03-23 15:02:25.5386800 +00:00,S,P
22020,BOA BF,NULL,ZWM,2025-12-31,100,2026-03-23 15:02:25.5386800 +00:00,S,P
22021,BOA BF,NULL,CCY,2025-12-31,100,2026-03-23 15:02:25.5386800 +00:00,S,P
22022,BOA BF,NULL,JO,2025-12-31,100,2026-03-23 15:02:25.5386800 +00:00,S,P
22023,BOA BF,NULL,UR,2025-12-31,98,2026-03-23 15:02:25.5386800 +00:00,S,P
22024,BOA BF,NULL,8B,2025-12-31,100,2026-03-23 15:02:25.5386800 +00:00,S,P
22025,BOA BF,NULL,9R,2025-12-31,100,2026-03-23 15:02:25.5386800 +00:00,S,P
22026,BOA BF,NULL,AH,2025-12-31,100,2026-03-23 15:02:25.5386800 +00:00,S,P
22027,BOA BF,NULL,B4,2025-12-31,100,2026-03-23 15:02:25.5386800 +00:00,S,P
22028,BOA BF,NULL,BP,2025-12-31,98,2026-03-23 15:02:25.5386800 +00:00,S,P
22029,BOA BF,NULL,DD,2025-12-31,99,2026-03-23 15:02:25.5386800 +00:00,S,P
22030,BOA BF,NULL,DE,2025-12-31,100,2026-03-23 15:02:25.5386800 +00:00,S,P
22031,BOA BF,NULL,DYH,2025-12-31,100,2026-03-23 15:02:25.5386800 +00:00,S,P
22032,BOA BF,NULL,G7,2025-12-31,100,2026-03-23 15:02:25.5386800 +00:00,S,P
22033,BOA BF,NULL,HP,2025-12-31,99,2026-03-23 15:02:25.5386800 +00:00,S,P
22034,BOA BF,NULL,I6,2025-12-31,100,2026-03-23 15:02:25.5386800 +00:00,S,P
22035,BOA BF,NULL,IC,2025-12-31,100,2026-03-23 15:02:25.5386800 +00:00,S,P
22036,BOA BF,NULL,J4,2025-12-31,100,2026-03-23 15:02:25.5386800 +00:00,S,P
22037,BOA BF,NULL,JF,2025-12-31,100,2026-03-23 15:02:25.5386800 +00:00,S,P
22038,BOA BF,NULL,JJ2,2025-12-31,100,2026-03-23 15:02:25.5386800 +00:00,S,P
22039,BOA BF,NULL,LE,2025-12-31,100,2026-03-23 15:02:25.5386800 +00:00,S,P
22040,BOA BF,NULL,PP,2025-12-31,100,2026-03-23 15:02:25.5386800 +00:00,S,P
22041,BOA BF,NULL,Q6,2025-12-31,100,2026-03-23 15:02:25.5386800 +00:00,S,P
22042,BOA BF,NULL,QT,2025-12-31,99,2026-03-23 15:02:25.5386800 +00:00,S,P
22043,BOA BF,NULL,QY,2025-12-31,100,2026-03-23 15:02:25.5386800 +00:00,S,P
22044,BOA BF,NULL,RZ,2025-12-31,100,2026-03-23 15:02:25.5386800 +00:00,S,P
22045,BOA BF,NULL,ZW,2025-12-31,100,2026-03-23 15:02:25.5386800 +00:00,S,P
22046,BOA BF,NULL,DIR_AGENCE_1003,2025-12-31,100,2026-03-23 15:02:25.5386800 +00:00,S,P
22047,BOA BF,NULL,A1,2025-12-31,100,2026-03-23 15:02:25.5386800 +00:00,S,P
22048,BOA BF,NULL,BF,2025-12-31,100,2026-03-23 15:02:25.5386800 +00:00,S,P
22049,BOA BF,NULL,BH,2025-12-31,80,2026-03-23 15:02:25.5386800 +00:00,S,P
22050,BOA BF,NULL,JT,2025-12-31,99,2026-03-23 15:02:25.5386800 +00:00,S,P
22051,BOA BF,NULL,NN,2025-12-31,100,2026-03-23 15:02:25.5386800 +00:00,S,P
22052,BOA BF,NULL,PA,2025-12-31,100,2026-03-23 15:02:25.5386800 +00:00,S,P
22053,BOA BF,NULL,WC,2025-12-31,99,2026-03-23 15:02:25.5386800 +00:00,S,P
22054,BOA BF,NULL,WY,2025-12-31,100,2026-03-23 15:02:25.5386800 +00:00,S,P
22055,BOA BF,NULL,XB,2025-12-31,100,2026-03-23 15:02:25.5386800 +00:00,S,P
22056,BOA BF,NULL,1T,2025-12-31,99,2026-03-23 15:02:25.5396730 +00:00,S,P
22057,BOA BF,NULL,BAW,2025-12-31,100,2026-03-23 15:02:25.5396730 +00:00,S,P
22058,BOA BF,NULL,RP,2025-12-31,100,2026-03-23 15:02:25.5396730 +00:00,S,P
22059,BOA BF,NULL,5A,2025-12-31,100,2026-03-23 15:02:25.5396730 +00:00,S,P
22060,BOA BF,NULL,5F,2025-12-31,100,2026-03-23 15:02:25.5396730 +00:00,S,P
22061,BOA BF,NULL,8X,2025-12-31,100,2026-03-23 15:02:25.5396730 +00:00,S,P
22062,BOA BF,NULL,ASS,2025-12-31,100,2026-03-23 15:02:25.5396730 +00:00,S,P
22063,BOA BF,NULL,EJ,2025-12-31,100,2026-03-23 15:02:25.5396730 +00:00,S,P
22064,BOA BF,NULL,J9,2025-12-31,100,2026-03-23 15:02:25.5396730 +00:00,S,P
22065,BOA BF,NULL,KP,2025-12-31,100,2026-03-23 15:02:25.5396730 +00:00,S,P
22066,BOA BF,NULL,M6,2025-12-31,100,2026-03-23 15:02:25.5396730 +00:00,S,P
22067,BOA BF,NULL,MG,2025-12-31,100,2026-03-23 15:02:25.5396730 +00:00,S,P
22068,BOA BF,NULL,ML,2025-12-31,83,2026-03-23 15:02:25.5396730 +00:00,S,P
22069,BOA BF,NULL,OQ,2025-12-31,100,2026-03-23 15:02:25.5396730 +00:00,S,P
22070,BOA BF,NULL,RQ,2025-12-31,100,2026-03-23 15:02:25.5396730 +00:00,S,P
22071,BOA BF,NULL,SAS,2025-12-31,100,2026-03-23 15:02:25.5396730 +00:00,S,P
22072,BOA BF,NULL,TF,2025-12-31,100,2026-03-23 15:02:25.5396730 +00:00,S,P
22073,BOA BF,NULL,TME,2025-12-31,97,2026-03-23 15:02:25.5396730 +00:00,S,P
22074,BOA BF,NULL,BEN,2025-12-31,100,2026-03-23 15:02:25.5396730 +00:00,S,P
22075,BOA BF,NULL,CM,2025-12-31,100,2026-03-23 15:02:25.5396730 +00:00,S,P
22076,BOA BF,NULL,DI,2025-12-31,0,2026-03-23 15:02:25.5396730 +00:00,S,P
22077,BOA BF,NULL,JH,2025-12-31,100,2026-03-23 15:02:25.5396730 +00:00,S,P
22078,BOA BF,NULL,OJ,2025-12-31,100,2026-03-23 15:02:25.5396730 +00:00,S,P
22079,BOA BF,NULL,T8,2025-12-31,100,2026-03-23 15:02:25.5396730 +00:00,S,P
22080,BOA BF,NULL,TOD,2025-12-31,100,2026-03-23 15:02:25.5396730 +00:00,S,P
22081,BOA BF,NULL,YU,2025-12-31,99,2026-03-23 15:02:25.5396730 +00:00,S,P
22082,BOA BF,NULL,E2,2025-12-31,100,2026-03-23 15:02:25.5396730 +00:00,S,P
22083,BOA BF,NULL,EK,2025-12-31,100,2026-03-23 15:02:25.5396730 +00:00,S,P
22084,BOA BF,NULL,KE,2025-12-31,100,2026-03-23 15:02:25.5396730 +00:00,S,P
22085,BOA BF,NULL,LM,2025-12-31,100,2026-03-23 15:02:25.5396730 +00:00,S,P
22086,BOA BF,NULL,ZE,2025-12-31,100,2026-03-23 15:02:25.5396730 +00:00,S,P
22087,BOA BF,NULL,1B,2025-12-31,100,2026-03-23 15:02:25.5396730 +00:00,S,P
22088,BOA BF,NULL,1P1,2025-12-31,100,2026-03-23 15:02:25.5396730 +00:00,S,P
22089,BOA BF,NULL,BJ,2025-12-31,100,2026-03-23 15:02:25.5396730 +00:00,S,P
22090,BOA BF,NULL,HAW,2025-12-31,100,2026-03-23 15:02:25.5396730 +00:00,S,P
22091,BOA BF,NULL,NIK,2025-12-31,100,2026-03-23 15:02:25.5396730 +00:00,S,P
22092,BOA BF,NULL,PK,2025-12-31,99,2026-03-23 15:02:25.5396730 +00:00,S,P
22093,BOA BF,NULL,XU,2025-12-31,100,2026-03-23 15:02:25.5396730 +00:00,S,P
22094,BOA BF,NULL,GL,2025-12-31,100,2026-03-23 15:02:25.5396730 +00:00,S,P
22095,BOA BF,NULL,HR,2025-12-31,100,2026-03-23 15:02:25.5396730 +00:00,S,P
22096,BOA BF,NULL,UC,2025-12-31,100,2026-03-23 15:02:25.5396730 +00:00,S,P
22097,BOA BF,NULL,X7,2025-12-31,100,2026-03-23 15:02:25.5396730 +00:00,S,P
22098,BOA BF,NULL,0L,2025-12-31,100,2026-03-23 15:02:25.5396730 +00:00,S,P
22099,BOA BF,NULL,BD,2025-12-31,100,2026-03-23 15:02:25.5396730 +00:00,S,P
22100,BOA BF,NULL,HY,2025-12-31,100,2026-03-23 15:02:25.5396730 +00:00,S,P
22101,BOA BF,NULL,ORA,2025-12-31,100,2026-03-23 15:02:25.5396730 +00:00,S,P
22102,BOA BF,NULL,PX,2025-12-31,100,2026-03-23 15:02:25.5396730 +00:00,S,P
22103,BOA BF,NULL,RI,2025-12-31,99,2026-03-23 15:02:25.5396730 +00:00,S,P
22104,BOA BF,NULL,A5,2025-12-31,100,2026-03-23 15:02:25.5396730 +00:00,S,P
22105,BOA BF,NULL,LK,2025-12-31,100,2026-03-23 15:02:25.5396730 +00:00,S,P
22106,BOA BF,NULL,TS,2025-12-31,100,2026-03-23 15:02:25.5396730 +00:00,S,P
22107,BOA BF,NULL,NC,2025-12-31,100,2026-03-23 15:02:25.5396730 +00:00,S,P
22108,BOA BF,NULL,3C,2025-12-31,100,2026-03-23 15:02:25.5396730 +00:00,S,P
22109,BOA BF,NULL,C3,2025-12-31,100,2026-03-23 15:02:25.5396730 +00:00,S,P
22110,BOA BF,NULL,ND,2025-12-31,100,2026-03-23 15:02:25.5396730 +00:00,S,P
22111,BOA BF,NULL,PJ,2025-12-31,100,2026-03-23 15:02:25.5396730 +00:00,S,P
22112,BOA BF,NULL,WO,2025-12-31,100,2026-03-23 15:02:25.5396730 +00:00,S,P
22113,BOA BF,NULL,WZ,2025-12-31,100,2026-03-23 15:02:25.5396730 +00:00,S,P
22114,BOA BF,NULL,ZB,2025-12-31,100,2026-03-23 15:02:25.5396730 +00:00,S,P
22115,BOA BF,NULL,ZS,2025-12-31,100,2026-03-23 15:02:25.5396730 +00:00,S,P
22116,BOA BF,NULL,ZU,2025-12-31,100,2026-03-23 15:02:25.5396730 +00:00,S,P
22117,BOA BF,NULL,6L,2025-12-31,100,2026-03-23 15:02:25.5396730 +00:00,S,P
22118,BOA BF,NULL,SAM,2025-12-31,100,2026-03-23 15:02:25.5396730 +00:00,S,P
22119,BOA BF,NULL,8Z,2025-12-31,100,2026-03-23 15:02:25.5396730 +00:00,S,P
22120,BOA BF,NULL,BE,2025-12-31,99,2026-03-23 15:02:25.5406990 +00:00,S,P
22121,BOA BF,NULL,ER,2025-12-31,100,2026-03-23 15:02:25.5406990 +00:00,S,P
22122,BOA BF,NULL,MA,2025-12-31,100,2026-03-23 15:02:25.5406990 +00:00,S,P
22123,BOA BF,NULL,NDO,2025-12-31,100,2026-03-23 15:02:25.5406990 +00:00,S,P
22124,BOA BF,NULL,SS,2025-12-31,99,2026-03-23 15:02:25.5406990 +00:00,S,P
22125,BOA BF,NULL,YAN,2025-12-31,100,2026-03-23 15:02:25.5406990 +00:00,S,P
22126,BOA BF,NULL,OW,2025-12-31,100,2026-03-23 15:02:25.5406990 +00:00,S,P
22127,BOA BF,NULL,IU,2025-12-31,100,2026-03-23 15:02:25.5406990 +00:00,S,P
22128,BOA BF,NULL,KIR,2025-12-31,100,2026-03-23 15:02:25.5406990 +00:00,S,P
22129,BOA BF,NULL,WW,2025-12-31,100,2026-03-23 15:02:25.5406990 +00:00,S,P
22130,BOA BF,NULL,KAA,2025-12-31,100,2026-03-23 15:02:25.5406990 +00:00,S,P
22131,BOA BF,NULL,BL,2025-12-31,100,2026-03-23 15:02:25.5406990 +00:00,S,P
22132,BOA BF,NULL,LO,2025-12-31,100,2026-03-23 15:02:25.5406990 +00:00,S,P
22133,BOA BF,NULL,WL,2025-12-31,100,2026-03-23 15:02:25.5406990 +00:00,S,P
22134,BOA BF,NULL,BKA,2025-12-31,100,2026-03-23 15:02:25.5406990 +00:00,S,P
22135,BOA BF,NULL,DOM,2025-12-31,100,2026-03-23 15:02:25.5406990 +00:00,S,P
22136,BOA BF,NULL,GS,2025-12-31,100,2026-03-23 15:02:25.5406990 +00:00,S,P
22137,BOA BF,NULL,BB,2025-12-31,100,2026-03-23 15:02:25.5406990 +00:00,S,P
22138,BOA BF,NULL,DAK,2025-12-31,100,2026-03-23 15:02:25.5406990 +00:00,S,P
22139,BOA BF,NULL,DSY,2025-12-31,100,2026-03-23 15:02:25.5406990 +00:00,S,P
22140,BOA BF,NULL,EO,2025-12-31,100,2026-03-23 15:02:25.5406990 +00:00,S,P
22141,BOA BF,NULL,KA,2025-12-31,100,2026-03-23 15:02:25.5406990 +00:00,S,P
22142,BOA BF,NULL,KAS,2025-12-31,100,2026-03-23 15:02:25.5406990 +00:00,S,P
22143,BOA BF,NULL,KD,2025-12-31,100,2026-03-23 15:02:25.5406990 +00:00,S,P
22144,BOA BF,NULL,KN,2025-12-31,100,2026-03-23 15:02:25.6137820 +00:00,S,P
22145,BOA BF,NULL,KOU,2025-12-31,100,2026-03-23 15:02:25.6137820 +00:00,S,P
22146,BOA BF,NULL,LF,2025-12-31,100,2026-03-23 15:02:25.6137820 +00:00,S,P
22147,BOA BF,NULL,RS,2025-12-31,98,2026-03-23 15:02:25.6137820 +00:00,S,P
22148,BOA BF,NULL,SV,2025-12-31,100,2026-03-23 15:02:25.6137820 +00:00,S,P
22149,BOA BF,NULL,TD,2025-12-31,100,2026-03-23 15:02:25.6137820 +00:00,S,P
22150,BOA BF,NULL,THA,2025-12-31,100,2026-03-23 15:02:25.6137820 +00:00,S,P
22151,BOA BF,NULL,3F,2025-12-31,100,2026-03-23 15:02:25.6137820 +00:00,S,P
22152,BOA BF,NULL,CT,2025-12-31,100,2026-03-23 15:02:25.6137820 +00:00,S,P
22153,BOA BF,NULL,F5,2025-12-31,100,2026-03-23 15:02:25.6137820 +00:00,S,P
22154,BOA BF,NULL,HX,2025-12-31,100,2026-03-23 15:02:25.6137820 +00:00,S,P
22155,BOA BF,NULL,J8,2025-12-31,100,2026-03-23 15:02:25.6137820 +00:00,S,P
22156,BOA BF,NULL,LC,2025-12-31,100,2026-03-23 15:02:25.6137820 +00:00,S,P
22157,BOA BF,NULL,MC,2025-12-31,100,2026-03-23 15:02:25.6137820 +00:00,S,P
22158,BOA BF,NULL,PZ,2025-12-31,100,2026-03-23 15:02:25.6137820 +00:00,S,P
22159,BOA BF,NULL,U6,2025-12-31,100,2026-03-23 15:02:25.6137820 +00:00,S,P
22160,BOA BF,NULL,DY,2025-12-31,100,2026-03-23 15:02:25.6137820 +00:00,S,P
22161,BOA BF,NULL,RT,2025-12-31,100,2026-03-23 15:02:25.6137820 +00:00,S,P
22162,BOA BF,NULL,UI,2025-12-31,100,2026-03-23 15:02:25.6137820 +00:00,S,P
22163,BOA BF,NULL,XP,2025-12-31,100,2026-03-23 15:02:25.6137820 +00:00,S,P
22164,BOA BF,NULL,FX,2025-12-31,100,2026-03-23 15:02:25.6137820 +00:00,S,P
22165,BOA BF,NULL,IB,2025-12-31,100,2026-03-23 15:02:25.6137820 +00:00,S,P
22166,BOA BF,NULL,JI,2025-12-31,100,2026-03-23 15:02:25.6137820 +00:00,S,P
22167,BOA BF,NULL,TBI,2025-12-31,100,2026-03-23 15:02:25.6137820 +00:00,S,P
22168,BOA BF,NULL,VS,2025-12-31,100,2026-03-23 15:02:25.6137820 +00:00,S,P
22169,BOA BF,NULL,ZH,2025-12-31,100,2026-03-23 15:02:25.6137820 +00:00,S,P
22170,BOA BF,NULL,AL,2025-12-31,100,2026-03-23 15:02:25.6137820 +00:00,S,P
22171,BOA BF,NULL,MY,2025-12-31,100,2026-03-23 15:02:25.6137820 +00:00,S,P
22172,BOA BF,NULL,XO,2025-12-31,100,2026-03-23 15:02:25.6137820 +00:00,S,P
22173,BOA BF,NULL,YM,2025-12-31,100,2026-03-23 15:02:25.6137820 +00:00,S,P
22174,BOA BF,NULL,B6,2025-12-31,100,2026-03-23 15:02:25.6137820 +00:00,S,P
22175,BOA BF,NULL,CSD,2025-12-31,99,2026-03-23 15:02:25.6137820 +00:00,S,P
22176,BOA BF,NULL,FR,2025-12-31,100,2026-03-23 15:02:25.6137820 +00:00,S,P
22177,BOA BF,NULL,NO,2025-12-31,100,2026-03-23 15:02:25.6137820 +00:00,S,P
22178,BOA BF,NULL,XE,2025-12-31,100,2026-03-23 15:02:25.6137820 +00:00,S,P
22179,BOA BF,NULL,ic,2025-12-31,100,2026-03-23 15:02:25.6137820 +00:00,S,P
22180,BOA BF,NULL,BNA,2025-12-31,100,2026-03-23 15:02:25.6137820 +00:00,S,P
22181,BOA BF,NULL,WI,2025-12-31,100,2026-03-23 15:02:25.6137820 +00:00,S,P
22182,BOA BF,NULL,XW,2025-12-31,100,2026-03-23 15:02:25.6137820 +00:00,S,P
22183,BOA BF,NULL,A3,2025-12-31,100,2026-03-23 15:02:25.6137820 +00:00,S,P
22184,BOA BF,NULL,LYM,2025-12-31,100,2026-03-23 15:02:25.6137820 +00:00,S,P
22185,BOA BF,NULL,Y5,2025-12-31,100,2026-03-23 15:02:25.6137820 +00:00,S,P
22186,BOA BF,NULL,TAP,2025-12-31,100,2026-03-23 15:02:25.6137820 +00:00,S,P
22187,BOA BF,NULL,2A,2025-12-31,100,2026-03-23 15:02:25.6137820 +00:00,S,P
22188,BOA BF,NULL,GH,2025-12-31,100,2026-03-23 15:02:25.6137820 +00:00,S,P
22189,BOA BF,NULL,AA,2025-12-31,0,2026-03-23 15:02:25.6137820 +00:00,S,M
22190,BOA BF,NULL,DF,2025-12-31,0,2026-03-23 15:02:25.6137820 +00:00,S,M
22191,BOA BF,NULL,GC,2025-12-31,0,2026-03-23 15:02:25.6137820 +00:00,S,M
22192,BOA BF,NULL,HD,2025-12-31,0,2026-03-23 15:02:25.6137820 +00:00,S,M
22193,BOA BF,NULL,WS,2025-12-31,0,2026-03-23 15:02:25.6137820 +00:00,S,M
22194,BOA BF,NULL,EB,2025-12-31,0,2026-03-23 15:02:25.6137820 +00:00,S,M
22195,BOA BF,NULL,FB,2025-12-31,0,2026-03-23 15:02:25.6137820 +00:00,S,M
22196,BOA BF,NULL,FE,2025-12-31,0,2026-03-23 15:02:25.6137820 +00:00,S,M
22197,BOA BF,NULL,JB,2025-12-31,0,2026-03-23 15:02:25.6137820 +00:00,S,M
22198,BOA BF,NULL,YA,2025-12-31,100,2026-03-23 15:02:25.6137820 +00:00,S,M
22199,BOA BF,NULL,X8,2025-12-31,100,2026-03-23 15:02:25.6137820 +00:00,S,M
22200,BOA BF,NULL,B5,2025-12-31,0,2026-03-23 15:02:25.6137820 +00:00,S,M
22201,BOA BF,NULL,PQ,2025-12-31,0,2026-03-23 15:02:25.6137820 +00:00,S,M
22202,BOA BF,NULL,QP,2025-12-31,50,2026-03-23 15:02:25.6137820 +00:00,S,M
22203,BOA BF,NULL,J1,2025-12-31,0,2026-03-23 15:02:25.6137820 +00:00,S,M
22204,BOA BF,NULL,GR,2025-12-31,0,2026-03-23 15:02:25.6137820 +00:00,S,M
22205,BOA BF,NULL,HC,2025-12-31,0,2026-03-23 15:02:25.6137820 +00:00,S,M
22206,BOA BF,NULL,IY,2025-12-31,9,2026-03-23 15:02:25.6137820 +00:00,S,M
22207,BOA BF,NULL,SFD,2025-12-31,75,2026-03-23 15:02:25.6137820 +00:00,S,M
22208,BOA BF,NULL,SH,2025-12-31,100,2026-03-23 15:02:25.6137820 +00:00,S,M
22209,BOA BF,NULL,TH,2025-12-31,100,2026-03-23 15:02:25.6137820 +00:00,S,M
22210,BOA BF,NULL,MB,2025-12-31,0,2026-03-23 15:02:25.6137820 +00:00,S,M
22211,BOA BF,NULL,ODC,2025-12-31,0,2026-03-23 15:02:25.6137820 +00:00,S,M
22212,BOA BF,NULL,GJ,2025-12-31,85,2026-03-23 15:02:25.6137820 +00:00,S,M
22213,BOA BF,NULL,LT,2025-12-31,100,2026-03-23 15:02:25.6137820 +00:00,S,M
22214,BOA BF,NULL,W3,2025-12-31,100,2026-03-23 15:02:25.6137820 +00:00,S,M
22215,BOA BF,NULL,JC,2025-12-31,0,2026-03-23 15:02:25.6137820 +00:00,S,M
22216,BOA BF,NULL,KOD,2025-12-31,100,2026-03-23 15:02:25.6137820 +00:00,S,M
22217,BOA BF,NULL,VZ,2025-12-31,100,2026-03-23 15:02:25.6137820 +00:00,S,M
22218,BOA BF,NULL,PF,2025-12-31,0,2026-03-23 15:02:25.6137820 +00:00,S,M
22219,BOA BF,NULL,YAC,2025-12-31,100,2026-03-23 15:02:25.6137820 +00:00,S,M
22220,BOA BF,NULL,LL,2025-12-31,20,2026-03-23 15:02:25.6137820 +00:00,S,M
22221,BOA BF,NULL,3Z,2025-12-31,0,2026-03-23 15:02:25.6137820 +00:00,S,M
22222,BOA BF,NULL,YR,2025-12-31,0,2026-03-23 15:02:25.6137820 +00:00,S,M
22223,BOA BF,NULL,6W,2025-12-31,0,2026-03-23 15:02:25.6137820 +00:00,S,M
22224,BOA BF,NULL,II,2025-12-31,18,2026-03-23 15:02:25.6137820 +00:00,S,M
22225,BOA BF,NULL,ILA,2025-12-31,0,2026-03-23 15:02:25.6137820 +00:00,S,M
22226,BOA BF,NULL,1S,2025-12-31,0,2026-03-23 15:02:25.6137820 +00:00,S,M
22227,BOA BF,NULL,ZCW,2025-12-31,0,2026-03-23 15:02:25.6137820 +00:00,S,M
22228,BOA BF,NULL,FD,2025-12-31,0,2026-03-23 15:02:25.6137820 +00:00,S,M
22229,BOA BF,NULL,ZHA,2025-12-31,0,2026-03-23 15:02:25.6137820 +00:00,S,M
22230,BOA BF,NULL,AQ,2025-12-31,100,2026-03-23 15:02:25.6137820 +00:00,S,M
22231,BOA BF,NULL,YAR,2025-12-31,0,2026-03-23 15:02:25.6137820 +00:00,S,M
22232,BOA BF,NULL,GT,2025-12-31,100,2026-03-23 15:02:25.6137820 +00:00,S,M
22233,BOA BF,NULL,KX,2025-12-31,100,2026-03-23 15:02:25.6137820 +00:00,S,M
22234,BOA MR,NULL,ARA,2025-12-31,0,2026-03-23 15:02:25.6687350 +00:00,F,P
22235,BOA MR,NULL,NYM,2025-12-31,100,2026-03-23 15:02:25.6687350 +00:00,F,P
22236,BOA MR,NULL,NF1,2025-12-31,100,2026-03-23 15:02:25.6687350 +00:00,F,P
22237,BOA MR,NULL,SSB,2025-12-31,0,2026-03-23 15:02:25.6687350 +00:00,F,P
22238,BOA MR,NULL,ZMA,2025-12-31,100,2026-03-23 15:02:25.6687350 +00:00,F,P
22239,BOA MR,NULL,IMD,2025-12-31,0,2026-03-23 15:02:25.6687350 +00:00,F,P
22240,BOA MR,NULL,N5,2025-12-31,100,2026-03-23 15:02:25.6687350 +00:00,F,P
22241,BOA MR,NULL,HAN,2025-12-31,100,2026-03-23 15:02:25.6687350 +00:00,F,P
22242,BOA MR,NULL,RSH,2025-12-31,100,2026-03-23 15:02:25.6687350 +00:00,F,P
22243,BOA MR,NULL,FAM,2025-12-31,100,2026-03-23 15:02:25.6687350 +00:00,F,P
22244,BOA MR,NULL,S2A,2025-12-31,66,2026-03-23 15:02:25.6687350 +00:00,F,P
22245,BOA MR,NULL,AFD,2025-12-31,100,2026-03-23 15:02:25.6687350 +00:00,F,P
22246,BOA MR,NULL,AAS,2025-12-31,0,2026-03-23 15:02:25.6687350 +00:00,F,M
22247,BOA MR,NULL,F0,2025-12-31,0,2026-03-23 15:02:25.6687350 +00:00,F,M
22248,BOA MR,NULL,KMI,2025-12-31,0,2026-03-23 15:02:25.6687350 +00:00,F,M
22249,BOA MR,NULL,SHE,2025-12-31,50,2026-03-23 15:02:25.6687350 +00:00,S,P
22250,BOA MR,NULL,HQ,2025-12-31,97,2026-03-23 15:02:25.6687350 +00:00,S,P
22251,BOA MR,NULL,J5,2025-12-31,100,2026-03-23 15:02:25.6687350 +00:00,S,P
22252,BOA MR,NULL,AA1,2025-12-31,97,2026-03-23 15:02:25.6687350 +00:00,S,P
22253,BOA MR,NULL,RA2,2025-12-31,78,2026-03-23 15:02:25.6687350 +00:00,S,P
22254,BOA MR,NULL,EH,2025-12-31,100,2026-03-23 15:02:25.6687350 +00:00,S,P
22255,BOA MR,NULL,A2A,2025-12-31,100,2026-03-23 15:02:25.6687350 +00:00,S,P
22256,BOA MR,NULL,AY,2025-12-31,96,2026-03-23 15:02:25.6687350 +00:00,S,P
22257,BOA MR,NULL,MHD,2025-12-31,100,2026-03-23 15:02:25.6687350 +00:00,S,P
22258,BOA MR,NULL,NII,2025-12-31,100,2026-03-23 15:02:25.6687350 +00:00,S,P
22259,BOA MR,NULL,SHM,2025-12-31,100,2026-03-23 15:02:25.6687350 +00:00,S,P
22260,BOA MR,NULL,AAV,2025-12-31,67,2026-03-23 15:02:25.6687350 +00:00,S,P
22261,BOA MR,NULL,FSM,2025-12-31,100,2026-03-23 15:02:25.6687350 +00:00,S,P
22262,BOA MR,NULL,FB,2025-12-31,0,2026-03-23 15:02:25.6687350 +00:00,S,M
22263,BOA MR,NULL,JX,2025-12-31,0,2026-03-23 15:02:25.6687350 +00:00,S,M
22264,BOA MR,NULL,NI,2025-12-31,0,2026-03-23 15:02:25.6687350 +00:00,S,M
22265,BOA MR,NULL,AMA,2025-12-31,0,2026-03-23 15:02:25.6687350 +00:00,S,M
22266,BOA MR,NULL,ASS,2025-12-31,0,2026-03-23 15:02:25.6687350 +00:00,S,M
22267,BOA MR,NULL,JJ,2025-12-31,0,2026-03-23 15:02:25.6687350 +00:00,S,M
22268,BOA MR,NULL,MAM,2025-12-31,0,2026-03-23 15:02:25.6687350 +00:00,S,M
22269,BOA MR,NULL,RAA,2025-12-31,0,2026-03-23 15:02:25.6687350 +00:00,S,M
22270,BOA MR,NULL,GU,2025-12-31,0,2026-03-23 15:02:25.6687350 +00:00,S,M
22271,BOA MR,NULL,MAF,2025-12-31,0,2026-03-23 15:02:25.6687350 +00:00,S,M
22272,BOA MR,NULL,HHA,2025-12-31,0,2026-03-23 15:02:25.6687350 +00:00,S,M
22273,BOA MR,NULL,BBU,2025-12-31,0,2026-03-23 15:02:25.6687350 +00:00,S,M
22274,BOA MR,NULL,RMU,2025-12-31,0,2026-03-23 15:02:25.6687350 +00:00,S,M
22275,BOA MR,NULL,ZD,2025-12-31,0,2026-03-23 15:02:25.6687350 +00:00,S,M
22276,BOA MR,NULL,AHA,2025-12-31,0,2026-03-23 15:02:25.6687350 +00:00,S,M
22277,BOA MR,NULL,DH,2025-12-31,0,2026-03-23 15:02:25.6687350 +00:00,S,M
22278,BOA TG,NULL,LBS,2025-12-31,100,2026-03-23 15:02:25.7077530 +00:00,F,P
22279,BOA TG,NULL,TSK,2025-12-31,100,2026-03-23 15:02:25.7077530 +00:00,F,P
22280,BOA TG,NULL,KBT,2025-12-31,100,2026-03-23 15:02:25.7077530 +00:00,F,P
22281,BOA TG,NULL,DYR,2025-12-31,100,2026-03-23 15:02:25.7077530 +00:00,F,P
22282,BOA TG,NULL,SYT,2025-12-31,100,2026-03-23 15:02:25.7077530 +00:00,F,P
22283,BOA TG,NULL,ADV,2025-12-31,100,2026-03-23 15:02:25.7077530 +00:00,F,P
22284,BOA TG,NULL,TMD,2025-12-31,100,2026-03-23 15:02:25.7077530 +00:00,F,P
22285,BOA TG,NULL,DEK,2025-12-31,100,2026-03-23 15:02:25.7077530 +00:00,F,P
22286,BOA TG,NULL,EDA,2025-12-31,100,2026-03-23 15:02:25.7087600 +00:00,F,P
22287,BOA TG,NULL,KAL,2025-12-31,100,2026-03-23 15:02:25.7087600 +00:00,F,P
22288,BOA TG,NULL,JAN,2025-12-31,100,2026-03-23 15:02:25.7087600 +00:00,F,P
22289,BOA TG,NULL,AKE,2025-12-31,100,2026-03-23 15:02:25.7087600 +00:00,F,P
22290,BOA TG,NULL,BYE,2025-12-31,100,2026-03-23 15:02:25.7087600 +00:00,F,P
22291,BOA TG,NULL,KKM,2025-12-31,100,2026-03-23 15:02:25.7087600 +00:00,F,P
22292,BOA TG,NULL,KOT,2025-12-31,100,2026-03-23 15:02:25.7087600 +00:00,F,P
22293,BOA TG,NULL,ADD,2025-12-31,100,2026-03-23 15:02:25.7087600 +00:00,F,P
22294,BOA TG,NULL,BAR,2025-12-31,100,2026-03-23 15:02:25.7087600 +00:00,F,P
22295,BOA TG,NULL,DJM,2025-12-31,100,2026-03-23 15:02:25.7087600 +00:00,F,P
22296,BOA TG,NULL,MAT,2025-12-31,100,2026-03-23 15:02:25.7087600 +00:00,F,M
22297,BOA TG,NULL,MJN,2025-12-31,100,2026-03-23 15:02:25.7087600 +00:00,F,M
22298,BOA TG,NULL,KAE,2025-12-31,100,2026-03-23 15:02:25.7087600 +00:00,F,M
22299,BOA TG,NULL,SAK,2025-12-31,100,2026-03-23 15:02:25.7087600 +00:00,F,M
22300,BOA TG,NULL,PEA,2025-12-31,100,2026-03-23 15:02:25.7087600 +00:00,F,M
22301,BOA TG,NULL,GUM,2025-12-31,100,2026-03-23 15:02:25.7087600 +00:00,F,M
22302,BOA TG,NULL,DKG,2025-12-31,33,2026-03-23 15:02:25.7087600 +00:00,F,M
22303,BOA TG,NULL,AKN,2025-12-31,100,2026-03-23 15:02:25.7087600 +00:00,F,M
22304,BOA TG,NULL,GKF,2025-12-31,100,2026-03-23 15:02:25.7087600 +00:00,F,M
22305,BOA TG,NULL,CAT,2025-12-31,100,2026-03-23 15:02:25.7087600 +00:00,F,M
22306,BOA TG,NULL,TKM,2025-12-31,100,2026-03-23 15:02:25.7087600 +00:00,F,M
22307,BOA TG,NULL,KPK,2025-12-31,100,2026-03-23 15:02:25.7087600 +00:00,F,M
22308,BOA TG,NULL,AFC,2025-12-31,100,2026-03-23 15:02:25.7087600 +00:00,S,P
22309,BOA TG,NULL,EDN,2025-12-31,100,2026-03-23 15:02:25.7087600 +00:00,S,P
22310,BOA TG,NULL,GMJ,2025-12-31,100,2026-03-23 15:02:25.7087600 +00:00,S,P
22311,BOA TG,NULL,RAI,2025-12-31,96,2026-03-23 15:02:25.7087600 +00:00,S,P
22312,BOA TG,NULL,LKP,2025-12-31,100,2026-03-23 15:02:25.7087600 +00:00,S,P
22313,BOA TG,NULL,KMH,2025-12-31,100,2026-03-23 15:02:25.7087600 +00:00,S,P
22314,BOA TG,NULL,EFA,2025-12-31,100,2026-03-23 15:02:25.7087600 +00:00,S,P
22315,BOA TG,NULL,TID,2025-12-31,99,2026-03-23 15:02:25.7087600 +00:00,S,P
22316,BOA TG,NULL,BAS,2025-12-31,100,2026-03-23 15:02:25.7087600 +00:00,S,P
22317,BOA TG,NULL,EAC,2025-12-31,100,2026-03-23 15:02:25.7087600 +00:00,S,P
22318,BOA TG,NULL,STY,2025-12-31,100,2026-03-23 15:02:25.7087600 +00:00,S,P
22319,BOA TG,NULL,TDM,2025-12-31,100,2026-03-23 15:02:25.7087600 +00:00,S,P
22320,BOA TG,NULL,BMN,2025-12-31,100,2026-03-23 15:02:25.7087600 +00:00,S,P
22321,BOA TG,NULL,EAG,2025-12-31,100,2026-03-23 15:02:25.7087600 +00:00,S,P
22322,BOA TG,NULL,ADJ,2025-12-31,100,2026-03-23 15:02:25.7087600 +00:00,S,P
22323,BOA TG,NULL,DJA,2025-12-31,95,2026-03-23 15:02:25.7087600 +00:00,S,P
22324,BOA TG,NULL,EDO,2025-12-31,100,2026-03-23 15:02:25.7087600 +00:00,S,P
22325,BOA TG,NULL,YAA,2025-12-31,100,2026-03-23 15:02:25.7087600 +00:00,S,P
22326,BOA TG,NULL,EKC,2025-12-31,100,2026-03-23 15:02:25.7087600 +00:00,S,P
22327,BOA TG,NULL,KAK,2025-12-31,100,2026-03-23 15:02:25.7087600 +00:00,S,P
22328,BOA TG,NULL,TKP,2025-12-31,100,2026-03-23 15:02:25.7087600 +00:00,S,P
22329,BOA TG,NULL,AHA,2025-12-31,97,2026-03-23 15:02:25.7087600 +00:00,S,P
22330,BOA TG,NULL,KAD,2025-12-31,100,2026-03-23 15:02:25.7087600 +00:00,S,P
22331,BOA TG,NULL,EKA,2025-12-31,50,2026-03-23 15:02:25.7087600 +00:00,S,P
22332,BOA TG,NULL,POP,2025-12-31,100,2026-03-23 15:02:25.7087600 +00:00,S,P
22333,BOA TG,NULL,DEA,2025-12-31,100,2026-03-23 15:02:25.7087600 +00:00,S,P
22334,BOA TG,NULL,LEK,2025-12-31,100,2026-03-23 15:02:25.7087600 +00:00,S,P
22335,BOA TG,NULL,ARB,2025-12-31,100,2026-03-23 15:02:25.7087600 +00:00,S,P
22336,BOA TG,NULL,PYT,2025-12-31,100,2026-03-23 15:02:25.7087600 +00:00,S,P
22337,BOA TG,NULL,AME,2025-12-31,37,2026-03-23 15:02:25.7087600 +00:00,S,M
22338,BOA TG,NULL,HEK,2025-12-31,12,2026-03-23 15:02:25.7087600 +00:00,S,M
22339,BOA TG,NULL,KAT,2025-12-31,11,2026-03-23 15:02:25.7087600 +00:00,S,M
22340,BOA TG,NULL,MNJ,2025-12-31,100,2026-03-23 15:02:25.7087600 +00:00,S,M
22341,BOA TG,NULL,VFA,2025-12-31,6,2026-03-23 15:02:25.7087600 +00:00,S,M
22342,BOA TG,NULL,ADK,2025-12-31,0,2026-03-23 15:02:25.7087600 +00:00,S,M
22343,BOA TG,NULL,BWN,2025-12-31,4,2026-03-23 15:02:25.7087600 +00:00,S,M
22344,BOA TG,NULL,FCF,2025-12-31,0,2026-03-23 15:02:25.7087600 +00:00,S,M
22345,BOA TG,NULL,AJK,2025-12-31,25,2026-03-23 15:02:25.7087600 +00:00,S,M
22346,BOA TG,NULL,KPM,2025-12-31,46,2026-03-23 15:02:25.7087600 +00:00,S,M
22347,BOA TG,NULL,WKF,2025-12-31,6,2026-03-23 15:02:25.7087600 +00:00,S,M
22348,BOA TG,NULL,KAB,2025-12-31,0,2026-03-23 15:02:25.7087600 +00:00,S,M
22349,BOA TG,NULL,BAG,2025-12-31,33,2026-03-23 15:02:25.7087600 +00:00,S,M
22350,BOA TG,NULL,SAE,2025-12-31,6,2026-03-23 15:02:25.7097650 +00:00,S,M
22351,BOA TG,NULL,aME,2025-12-31,0,2026-03-23 15:02:25.7097650 +00:00,S,M
22352,BOA TG,NULL,NAH,2025-12-31,35,2026-03-23 15:02:25.7097650 +00:00,S,M
22353,BOA TG,NULL,KPL,2025-12-31,0,2026-03-23 15:02:25.7097650 +00:00,S,M
22354,BOA TG,NULL,TCK,2025-12-31,100,2026-03-23 15:02:25.7097650 +00:00,S,M
22355,BOA TG,NULL,AMK,2025-12-31,0,2026-03-23 15:02:25.7097650 +00:00,S,M
22356,BOA TG,NULL,LKE,2025-12-31,0,2026-03-23 15:02:25.7097650 +00:00,S,M
22357,BOA TG,NULL,KKP,2025-12-31,0,2026-03-23 15:02:25.7097650 +00:00,S,M
22358,BOA TG,NULL,ITM,2025-12-31,7,2026-03-23 15:02:25.7097650 +00:00,S,M
22359,BOA CI,NULL,4I,2025-12-31,100,2026-03-23 15:02:25.7767230 +00:00,F,P
22360,BOA CI,NULL,AKL,2025-12-31,100,2026-03-23 15:02:25.7767230 +00:00,F,P
22361,BOA CI,NULL,AKO,2025-12-31,100,2026-03-23 15:02:25.7767230 +00:00,F,P
22362,BOA CI,NULL,AKV,2025-12-31,100,2026-03-23 15:02:25.7767230 +00:00,F,P
22363,BOA CI,NULL,BME,2025-12-31,100,2026-03-23 15:02:25.7767230 +00:00,F,P
22364,BOA CI,NULL,ST,2025-12-31,100,2026-03-23 15:02:25.7767230 +00:00,F,P
22365,BOA CI,NULL,BAA,2025-12-31,100,2026-03-23 15:02:25.7777350 +00:00,F,P
22366,BOA CI,NULL,LM,2025-12-31,100,2026-03-23 15:02:25.7777350 +00:00,F,P
22367,BOA CI,NULL,CT,2025-12-31,100,2026-03-23 15:02:25.7777350 +00:00,F,P
22368,BOA CI,NULL,D3,2025-12-31,100,2026-03-23 15:02:25.7777350 +00:00,F,P
22369,BOA CI,NULL,AY,2025-12-31,100,2026-03-23 15:02:25.7777350 +00:00,F,P
22370,BOA CI,NULL,WN,2025-12-31,100,2026-03-23 15:02:25.7777350 +00:00,F,P
22371,BOA CI,NULL,BDJ,2025-12-31,100,2026-03-23 15:02:25.7777350 +00:00,F,P
22372,BOA CI,NULL,CV,2025-12-31,100,2026-03-23 15:02:25.7777350 +00:00,F,P
22373,BOA CI,NULL,BW,2025-12-31,100,2026-03-23 15:02:25.7777350 +00:00,F,P
22374,BOA CI,NULL,J6,2025-12-31,95,2026-03-23 15:02:25.7777350 +00:00,F,P
22375,BOA CI,NULL,ARV,2025-12-31,100,2026-03-23 15:02:25.7777350 +00:00,F,P
22376,BOA CI,NULL,CH,2025-12-31,100,2026-03-23 15:02:25.7777350 +00:00,F,P
22377,BOA CI,NULL,0A,2025-12-31,100,2026-03-23 15:02:25.7777350 +00:00,F,P
22378,BOA CI,NULL,BBN,2025-12-31,100,2026-03-23 15:02:25.7777350 +00:00,F,P
22379,BOA CI,NULL,AYF,2025-12-31,100,2026-03-23 15:02:25.7777350 +00:00,F,P
22380,BOA CI,NULL,15,2025-12-31,100,2026-03-23 15:02:25.7777350 +00:00,F,P
22381,BOA CI,NULL,9R,2025-12-31,100,2026-03-23 15:02:25.7777350 +00:00,F,P
22382,BOA CI,NULL,HM,2025-12-31,100,2026-03-23 15:02:25.7777350 +00:00,F,P
22383,BOA CI,NULL,4R,2025-12-31,100,2026-03-23 15:02:25.7777350 +00:00,F,P
22384,BOA CI,NULL,ASC,2025-12-31,100,2026-03-23 15:02:25.7777350 +00:00,F,P
22385,BOA CI,NULL,LL,2025-12-31,100,2026-03-23 15:02:25.7777350 +00:00,F,P
22386,BOA CI,NULL,BAY,2025-12-31,100,2026-03-23 15:02:25.7777350 +00:00,F,P
22387,BOA CI,NULL,IA,2025-12-31,100,2026-03-23 15:02:25.7777350 +00:00,F,P
22388,BOA CI,NULL,BBO,2025-12-31,100,2026-03-23 15:02:25.7777350 +00:00,F,P
22389,BOA CI,NULL,NI,2025-12-31,100,2026-03-23 15:02:25.7777350 +00:00,F,P
22390,BOA CI,NULL,F0,2025-12-31,100,2026-03-23 15:02:25.7777350 +00:00,F,P
22391,BOA CI,NULL,UN,2025-12-31,100,2026-03-23 15:02:25.7777350 +00:00,F,P
22392,BOA CI,NULL,0Y,2025-12-31,100,2026-03-23 15:02:25.7777350 +00:00,F,P
22393,BOA CI,NULL,AYB,2025-12-31,100,2026-03-23 15:02:25.7777350 +00:00,F,P
22394,BOA CI,NULL,ADI,2025-12-31,100,2026-03-23 15:02:25.7777350 +00:00,F,P
22395,BOA CI,NULL,UC,2025-12-31,100,2026-03-23 15:02:25.7777350 +00:00,F,P
22396,BOA CI,NULL,AYZ,2025-12-31,100,2026-03-23 15:02:25.7777350 +00:00,F,P
22397,BOA CI,NULL,L4,2025-12-31,100,2026-03-23 15:02:25.7777350 +00:00,F,P
22398,BOA CI,NULL,AKG,2025-12-31,100,2026-03-23 15:02:25.7777350 +00:00,F,P
22399,BOA CI,NULL,7P,2025-12-31,100,2026-03-23 15:02:25.7777350 +00:00,F,P
22400,BOA CI,NULL,AYN,2025-12-31,100,2026-03-23 15:02:25.7777350 +00:00,F,P
22401,BOA CI,NULL,2G,2025-12-31,100,2026-03-23 15:02:25.7777350 +00:00,F,P
22402,BOA CI,NULL,AYK,2025-12-31,100,2026-03-23 15:02:25.7777350 +00:00,F,P
22403,BOA CI,NULL,3D,2025-12-31,100,2026-03-23 15:02:25.7777350 +00:00,F,P
22404,BOA CI,NULL,BCZ,2025-12-31,100,2026-03-23 15:02:25.7777350 +00:00,F,P
22405,BOA CI,NULL,UA,2025-12-31,100,2026-03-23 15:02:25.7777350 +00:00,F,P
22406,BOA CI,NULL,BMB,2025-12-31,100,2026-03-23 15:02:25.7777350 +00:00,F,P
22407,BOA CI,NULL,EB,2025-12-31,100,2026-03-23 15:02:25.7777350 +00:00,F,P
22408,BOA CI,NULL,SZ,2025-12-31,100,2026-03-23 15:02:25.7777350 +00:00,F,P
22409,BOA CI,NULL,9H,2025-12-31,100,2026-03-23 15:02:25.7777350 +00:00,F,P
22410,BOA CI,NULL,SG,2025-12-31,100,2026-03-23 15:02:25.7777350 +00:00,F,P
22411,BOA CI,NULL,7N,2025-12-31,100,2026-03-23 15:02:25.7777350 +00:00,F,P
22412,BOA CI,NULL,C5,2025-12-31,100,2026-03-23 15:02:25.7777350 +00:00,F,P
22413,BOA CI,NULL,UH,2025-12-31,100,2026-03-23 15:02:25.7777350 +00:00,F,P
22414,BOA CI,NULL,0W,2025-12-31,100,2026-03-23 15:02:25.7777350 +00:00,F,P
22415,BOA CI,NULL,1C,2025-12-31,100,2026-03-23 15:02:25.7777350 +00:00,F,P
22416,BOA CI,NULL,74,2025-12-31,100,2026-03-23 15:02:25.7777350 +00:00,F,P
22417,BOA CI,NULL,UI,2025-12-31,100,2026-03-23 15:02:25.7777350 +00:00,F,P
22418,BOA CI,NULL,F2,2025-12-31,100,2026-03-23 15:02:25.7777350 +00:00,F,P
22419,BOA CI,NULL,L2,2025-12-31,100,2026-03-23 15:02:25.7777350 +00:00,F,P
22420,BOA CI,NULL,2U,2025-12-31,100,2026-03-23 15:02:25.7777350 +00:00,F,P
22421,BOA CI,NULL,WZ,2025-12-31,100,2026-03-23 15:02:25.7777350 +00:00,F,P
22422,BOA CI,NULL,ADF,2025-12-31,100,2026-03-23 15:02:25.7777350 +00:00,F,P
22423,BOA CI,NULL,ARJ,2025-12-31,100,2026-03-23 15:02:25.7777350 +00:00,F,P
22424,BOA CI,NULL,BHA,2025-12-31,100,2026-03-23 15:02:25.7777350 +00:00,F,P
22425,BOA CI,NULL,ACA,2025-12-31,100,2026-03-23 15:02:25.7777350 +00:00,F,P
22426,BOA CI,NULL,AXU,2025-12-31,100,2026-03-23 15:02:25.7777350 +00:00,F,P
22427,BOA CI,NULL,7L,2025-12-31,100,2026-03-23 15:02:25.7777350 +00:00,F,P
22428,BOA CI,NULL,AT,2025-12-31,100,2026-03-23 15:02:25.7777350 +00:00,F,P
22429,BOA CI,NULL,2F,2025-12-31,100,2026-03-23 15:02:25.7777350 +00:00,F,P
22430,BOA CI,NULL,7E,2025-12-31,100,2026-03-23 15:02:25.7777350 +00:00,F,P
22431,BOA CI,NULL,QJ,2025-12-31,100,2026-03-23 15:02:25.7777350 +00:00,F,P
22432,BOA CI,NULL,AAY,2025-12-31,100,2026-03-23 15:02:25.7777350 +00:00,F,P
22433,BOA CI,NULL,DP,2025-12-31,100,2026-03-23 15:02:25.7777350 +00:00,F,P
22434,BOA CI,NULL,FE,2025-12-31,100,2026-03-23 15:02:25.7777350 +00:00,F,P
22435,BOA CI,NULL,IT,2025-12-31,100,2026-03-23 15:02:25.7777350 +00:00,F,P
22436,BOA CI,NULL,7D,2025-12-31,100,2026-03-23 15:02:25.7777350 +00:00,F,P
22437,BOA CI,NULL,AWT,2025-12-31,100,2026-03-23 15:02:25.7787230 +00:00,F,P
22438,BOA CI,NULL,SY,2025-12-31,100,2026-03-23 15:02:25.7787230 +00:00,F,P
22439,BOA CI,NULL,ARI,2025-12-31,100,2026-03-23 15:02:25.7787230 +00:00,F,P
22440,BOA CI,NULL,UY,2025-12-31,100,2026-03-23 15:02:25.7787230 +00:00,F,P
22441,BOA CI,NULL,ME,2025-12-31,100,2026-03-23 15:02:25.7787230 +00:00,F,P
22442,BOA CI,NULL,6B,2025-12-31,0,2026-03-23 15:02:25.7787230 +00:00,F,M
22443,BOA CI,NULL,ADE,2025-12-31,0,2026-03-23 15:02:25.7787230 +00:00,F,M
22444,BOA CI,NULL,ADL,2025-12-31,0,2026-03-23 15:02:25.7787230 +00:00,F,M
22445,BOA CI,NULL,MZ,2025-12-31,33,2026-03-23 15:02:25.7787230 +00:00,F,M
22446,BOA CI,NULL,APW,2025-12-31,0,2026-03-23 15:02:25.7787230 +00:00,F,M
22447,BOA CI,NULL,V9,2025-12-31,0,2026-03-23 15:02:25.7787230 +00:00,F,M
22448,BOA CI,NULL,17,2025-12-31,0,2026-03-23 15:02:25.7787230 +00:00,F,M
22449,BOA CI,NULL,ASW,2025-12-31,0,2026-03-23 15:02:25.7787230 +00:00,F,M
22450,BOA CI,NULL,E8,2025-12-31,100,2026-03-23 15:02:25.7787230 +00:00,F,M
22451,BOA CI,NULL,AYS,2025-12-31,33,2026-03-23 15:02:25.7787230 +00:00,F,M
22452,BOA CI,NULL,IM,2025-12-31,0,2026-03-23 15:02:25.7787230 +00:00,F,M
22453,BOA CI,NULL,ADZ,2025-12-31,0,2026-03-23 15:02:25.7787230 +00:00,F,M
22454,BOA CI,NULL,AND,2025-12-31,0,2026-03-23 15:02:25.7787230 +00:00,F,M
22455,BOA CI,NULL,JI,2025-12-31,0,2026-03-23 15:02:25.7787230 +00:00,F,M
22456,BOA CI,NULL,K2,2025-12-31,100,2026-03-23 15:02:25.7787230 +00:00,F,M
22457,BOA CI,NULL,KJ,2025-12-31,0,2026-03-23 15:02:25.7787230 +00:00,F,M
22458,BOA CI,NULL,9T,2025-12-31,100,2026-03-23 15:02:25.7787230 +00:00,F,M
22459,BOA CI,NULL,AJX,2025-12-31,100,2026-03-23 15:02:25.7787230 +00:00,F,M
22460,BOA CI,NULL,BFX,2025-12-31,100,2026-03-23 15:02:25.7787230 +00:00,F,M
22461,BOA CI,NULL,13,2025-12-31,93,2026-03-23 15:02:25.7787230 +00:00,S,P
22462,BOA CI,NULL,4Y,2025-12-31,100,2026-03-23 15:02:25.7787230 +00:00,S,P
22463,BOA CI,NULL,4i,2025-12-31,100,2026-03-23 15:02:25.7787230 +00:00,S,P
22464,BOA CI,NULL,5W,2025-12-31,85,2026-03-23 15:02:25.7787230 +00:00,S,P
22465,BOA CI,NULL,84,2025-12-31,94,2026-03-23 15:02:25.7787230 +00:00,S,P
22466,BOA CI,NULL,ASA,2025-12-31,83,2026-03-23 15:02:25.7787230 +00:00,S,P
22467,BOA CI,NULL,ASD,2025-12-31,91,2026-03-23 15:02:25.7787230 +00:00,S,P
22468,BOA CI,NULL,BHQ,2025-12-31,100,2026-03-23 15:02:25.7787230 +00:00,S,P
22469,BOA CI,NULL,BQ,2025-12-31,93,2026-03-23 15:02:25.7787230 +00:00,S,P
22470,BOA CI,NULL,C8,2025-12-31,97,2026-03-23 15:02:25.7787230 +00:00,S,P
22471,BOA CI,NULL,FV,2025-12-31,66,2026-03-23 15:02:25.7787230 +00:00,S,P
22472,BOA CI,NULL,G5,2025-12-31,100,2026-03-23 15:02:25.7787230 +00:00,S,P
22473,BOA CI,NULL,GD,2025-12-31,0,2026-03-23 15:02:25.7787230 +00:00,S,P
22474,BOA CI,NULL,GI,2025-12-31,100,2026-03-23 15:02:25.7787230 +00:00,S,P
22475,BOA CI,NULL,HI,2025-12-31,100,2026-03-23 15:02:25.7787230 +00:00,S,P
22476,BOA CI,NULL,HK,2025-12-31,100,2026-03-23 15:02:25.7787230 +00:00,S,P
22477,BOA CI,NULL,HX,2025-12-31,100,2026-03-23 15:02:25.7787230 +00:00,S,P
22478,BOA CI,NULL,J9,2025-12-31,100,2026-03-23 15:02:25.7787230 +00:00,S,P
22479,BOA CI,NULL,L6,2025-12-31,100,2026-03-23 15:02:25.7787230 +00:00,S,P
22480,BOA CI,NULL,LU,2025-12-31,97,2026-03-23 15:02:25.7787230 +00:00,S,P
22481,BOA CI,NULL,NK,2025-12-31,100,2026-03-23 15:02:25.7787230 +00:00,S,P
22482,BOA CI,NULL,NW,2025-12-31,100,2026-03-23 15:02:25.7787230 +00:00,S,P
22483,BOA CI,NULL,O9,2025-12-31,100,2026-03-23 15:02:25.7787230 +00:00,S,P
22484,BOA CI,NULL,PA,2025-12-31,90,2026-03-23 15:02:25.7787230 +00:00,S,P
22485,BOA CI,NULL,PT,2025-12-31,100,2026-03-23 15:02:25.7787230 +00:00,S,P
22486,BOA CI,NULL,QN,2025-12-31,94,2026-03-23 15:02:25.7787230 +00:00,S,P
22487,BOA CI,NULL,S7,2025-12-31,96,2026-03-23 15:02:25.8625580 +00:00,S,P
22488,BOA CI,NULL,WA,2025-12-31,95,2026-03-23 15:02:25.8625580 +00:00,S,P
22489,BOA CI,NULL,WB,2025-12-31,95,2026-03-23 15:02:25.8625580 +00:00,S,P
22490,BOA CI,NULL,53,2025-12-31,94,2026-03-23 15:02:25.8625580 +00:00,S,P
22491,BOA CI,NULL,6N,2025-12-31,100,2026-03-23 15:02:25.8625580 +00:00,S,P
22492,BOA CI,NULL,A2,2025-12-31,100,2026-03-23 15:02:25.8625580 +00:00,S,P
22493,BOA CI,NULL,BA,2025-12-31,100,2026-03-23 15:02:25.8625580 +00:00,S,P
22494,BOA CI,NULL,BAL,2025-12-31,99,2026-03-23 15:02:25.8625580 +00:00,S,P
22495,BOA CI,NULL,BBA,2025-12-31,100,2026-03-23 15:02:25.8625580 +00:00,S,P
22496,BOA CI,NULL,KH,2025-12-31,100,2026-03-23 15:02:25.8625580 +00:00,S,P
22497,BOA CI,NULL,4O,2025-12-31,100,2026-03-23 15:02:25.8625580 +00:00,S,P
22498,BOA CI,NULL,88,2025-12-31,100,2026-03-23 15:02:25.8625580 +00:00,S,P
22499,BOA CI,NULL,DS,2025-12-31,96,2026-03-23 15:02:25.8625580 +00:00,S,P
22500,BOA CI,NULL,HJ,2025-12-31,98,2026-03-23 15:02:25.8625580 +00:00,S,P
22501,BOA CI,NULL,U0,2025-12-31,100,2026-03-23 15:02:25.8625580 +00:00,S,P
22502,BOA CI,NULL,8N,2025-12-31,100,2026-03-23 15:02:25.8625580 +00:00,S,P
22503,BOA CI,NULL,AXO,2025-12-31,100,2026-03-23 15:02:25.8625580 +00:00,S,P
22504,BOA CI,NULL,JU,2025-12-31,95,2026-03-23 15:02:25.8625580 +00:00,S,P
22505,BOA CI,NULL,NH,2025-12-31,100,2026-03-23 15:02:25.8625580 +00:00,S,P
22506,BOA CI,NULL,XN,2025-12-31,100,2026-03-23 15:02:25.8625580 +00:00,S,P
22507,BOA CI,NULL,5L,2025-12-31,99,2026-03-23 15:02:25.8625580 +00:00,S,P
22508,BOA CI,NULL,8K,2025-12-31,100,2026-03-23 15:02:25.8625580 +00:00,S,P
22509,BOA CI,NULL,M1,2025-12-31,93,2026-03-23 15:02:25.8625580 +00:00,S,P
22510,BOA CI,NULL,MS,2025-12-31,100,2026-03-23 15:02:25.8625580 +00:00,S,P
22511,BOA CI,NULL,5A,2025-12-31,100,2026-03-23 15:02:25.8625580 +00:00,S,P
22512,BOA CI,NULL,AR,2025-12-31,100,2026-03-23 15:02:25.8625580 +00:00,S,P
22513,BOA CI,NULL,B2,2025-12-31,100,2026-03-23 15:02:25.8625580 +00:00,S,P
22514,BOA CI,NULL,J3,2025-12-31,100,2026-03-23 15:02:25.8625580 +00:00,S,P
22515,BOA CI,NULL,0U,2025-12-31,90,2026-03-23 15:02:25.8625580 +00:00,S,P
22516,BOA CI,NULL,FO,2025-12-31,100,2026-03-23 15:02:25.8625580 +00:00,S,P
22517,BOA CI,NULL,NM,2025-12-31,100,2026-03-23 15:02:25.8625580 +00:00,S,P
22518,BOA CI,NULL,T2,2025-12-31,92,2026-03-23 15:02:25.8625580 +00:00,S,P
22519,BOA CI,NULL,F8,2025-12-31,78,2026-03-23 15:02:25.8625580 +00:00,S,P
22520,BOA CI,NULL,KB,2025-12-31,100,2026-03-23 15:02:25.8625580 +00:00,S,P
22521,BOA CI,NULL,AET,2025-12-31,100,2026-03-23 15:02:25.8625580 +00:00,S,P
22522,BOA CI,NULL,IS,2025-12-31,57,2026-03-23 15:02:25.8625580 +00:00,S,P
22523,BOA CI,NULL,KM,2025-12-31,100,2026-03-23 15:02:25.8625580 +00:00,S,P
22524,BOA CI,NULL,MK,2025-12-31,100,2026-03-23 15:02:25.8625580 +00:00,S,P
22525,BOA CI,NULL,NF,2025-12-31,100,2026-03-23 15:02:25.8625580 +00:00,S,P
22526,BOA CI,NULL,6L,2025-12-31,100,2026-03-23 15:02:25.8625580 +00:00,S,P
22527,BOA CI,NULL,9O,2025-12-31,100,2026-03-23 15:02:25.8625580 +00:00,S,P
22528,BOA CI,NULL,DK,2025-12-31,100,2026-03-23 15:02:25.8625580 +00:00,S,P
22529,BOA CI,NULL,I7,2025-12-31,100,2026-03-23 15:02:25.8625580 +00:00,S,P
22530,BOA CI,NULL,TH,2025-12-31,100,2026-03-23 15:02:25.8625580 +00:00,S,P
22531,BOA CI,NULL,S3,2025-12-31,100,2026-03-23 15:02:25.8625580 +00:00,S,P
22532,BOA CI,NULL,0X,2025-12-31,100,2026-03-23 15:02:25.8625580 +00:00,S,P
22533,BOA CI,NULL,0x,2025-12-31,100,2026-03-23 15:02:25.8625580 +00:00,S,P
22534,BOA CI,NULL,71,2025-12-31,100,2026-03-23 15:02:25.8625580 +00:00,S,P
22535,BOA CI,NULL,EA,2025-12-31,78,2026-03-23 15:02:25.8625580 +00:00,S,P
22536,BOA CI,NULL,WH,2025-12-31,87,2026-03-23 15:02:25.8625580 +00:00,S,P
22537,BOA CI,NULL,WX,2025-12-31,0,2026-03-23 15:02:25.8625580 +00:00,S,P
22538,BOA CI,NULL,ATA,2025-12-31,83,2026-03-23 15:02:25.8625580 +00:00,S,P
22539,BOA CI,NULL,I2,2025-12-31,100,2026-03-23 15:02:25.8625580 +00:00,S,P
22540,BOA CI,NULL,KA,2025-12-31,97,2026-03-23 15:02:25.8636630 +00:00,S,P
22541,BOA CI,NULL,ATU,2025-12-31,100,2026-03-23 15:02:25.8636630 +00:00,S,P
22542,BOA CI,NULL,AYV,2025-12-31,100,2026-03-23 15:02:25.8636630 +00:00,S,P
22543,BOA CI,NULL,BV,2025-12-31,100,2026-03-23 15:02:25.8636630 +00:00,S,P
22544,BOA CI,NULL,E9,2025-12-31,100,2026-03-23 15:02:25.8636630 +00:00,S,P
22545,BOA CI,NULL,VB,2025-12-31,97,2026-03-23 15:02:25.8638090 +00:00,S,P
22546,BOA CI,NULL,KZ,2025-12-31,98,2026-03-23 15:02:25.8638090 +00:00,S,P
22547,BOA CI,NULL,BHJ,2025-12-31,100,2026-03-23 15:02:25.8638090 +00:00,S,P
22548,BOA CI,NULL,ABS,2025-12-31,100,2026-03-23 15:02:25.8638090 +00:00,S,P
22549,BOA CI,NULL,AKH,2025-12-31,100,2026-03-23 15:02:25.8638090 +00:00,S,P
22550,BOA CI,NULL,HKG,2025-12-31,100,2026-03-23 15:02:25.8638090 +00:00,S,P
22551,BOA CI,NULL,K1,2025-12-31,100,2026-03-23 15:02:25.8638090 +00:00,S,P
22552,BOA CI,NULL,O4,2025-12-31,100,2026-03-23 15:02:25.8638090 +00:00,S,P
22553,BOA CI,NULL,QA,2025-12-31,100,2026-03-23 15:02:25.8638090 +00:00,S,P
22554,BOA CI,NULL,SD,2025-12-31,100,2026-03-23 15:02:25.8638090 +00:00,S,P
22555,BOA CI,NULL,AKY,2025-12-31,100,2026-03-23 15:02:25.8638090 +00:00,S,P
22556,BOA CI,NULL,0O,2025-12-31,100,2026-03-23 15:02:25.8638090 +00:00,S,P
22557,BOA CI,NULL,AU,2025-12-31,85,2026-03-23 15:02:25.8638090 +00:00,S,P
22558,BOA CI,NULL,PX,2025-12-31,100,2026-03-23 15:02:25.8638090 +00:00,S,P
22559,BOA CI,NULL,IB,2025-12-31,100,2026-03-23 15:02:25.8638090 +00:00,S,P
22560,BOA CI,NULL,PB,2025-12-31,83,2026-03-23 15:02:25.8638090 +00:00,S,P
22561,BOA CI,NULL,AVS,2025-12-31,100,2026-03-23 15:02:25.8638090 +00:00,S,P
22562,BOA CI,NULL,AVZ,2025-12-31,100,2026-03-23 15:02:25.8638090 +00:00,S,P
22563,BOA CI,NULL,SN,2025-12-31,100,2026-03-23 15:02:25.8638090 +00:00,S,P
22564,BOA CI,NULL,9M,2025-12-31,100,2026-03-23 15:02:25.8638090 +00:00,S,P
22565,BOA CI,NULL,sg,2025-12-31,100,2026-03-23 15:02:25.8638090 +00:00,S,P
22566,BOA CI,NULL,9D,2025-12-31,100,2026-03-23 15:02:25.8638090 +00:00,S,P
22567,BOA CI,NULL,IV,2025-12-31,100,2026-03-23 15:02:25.8638090 +00:00,S,P
22568,BOA CI,NULL,LV,2025-12-31,100,2026-03-23 15:02:25.8638090 +00:00,S,P
22569,BOA CI,NULL,OW,2025-12-31,99,2026-03-23 15:02:25.8638090 +00:00,S,P
22570,BOA CI,NULL,IU,2025-12-31,100,2026-03-23 15:02:25.8638090 +00:00,S,P
22571,BOA CI,NULL,VU,2025-12-31,100,2026-03-23 15:02:25.8638090 +00:00,S,P
22572,BOA CI,NULL,BH,2025-12-31,100,2026-03-23 15:02:25.8638090 +00:00,S,P
22573,BOA CI,NULL,k2,2025-12-31,100,2026-03-23 15:02:25.8638090 +00:00,S,P
22574,BOA CI,NULL,AHL,2025-12-31,100,2026-03-23 15:02:25.8638090 +00:00,S,P
22575,BOA CI,NULL,KC,2025-12-31,100,2026-03-23 15:02:25.8638090 +00:00,S,P
22576,BOA CI,NULL,KW,2025-12-31,100,2026-03-23 15:02:25.8638090 +00:00,S,P
22577,BOA CI,NULL,ALK,2025-12-31,100,2026-03-23 15:02:25.8638090 +00:00,S,P
22578,BOA CI,NULL,AOG,2025-12-31,100,2026-03-23 15:02:25.8638090 +00:00,S,P
22579,BOA CI,NULL,AZB,2025-12-31,100,2026-03-23 15:02:25.8638090 +00:00,S,P
22580,BOA CI,NULL,C7,2025-12-31,100,2026-03-23 15:02:25.8638090 +00:00,S,P
22581,BOA CI,NULL,TW,2025-12-31,100,2026-03-23 15:02:25.8638090 +00:00,S,P
22582,BOA CI,NULL,CI,2025-12-31,100,2026-03-23 15:02:25.8638090 +00:00,S,P
22583,BOA CI,NULL,5N,2025-12-31,97,2026-03-23 15:02:25.8638090 +00:00,S,P
22584,BOA CI,NULL,FG,2025-12-31,98,2026-03-23 15:02:25.8638090 +00:00,S,P
22585,BOA CI,NULL,MR,2025-12-31,96,2026-03-23 15:02:25.8638090 +00:00,S,P
22586,BOA CI,NULL,3F,2025-12-31,100,2026-03-23 15:02:25.8638090 +00:00,S,P
22587,BOA CI,NULL,40,2025-12-31,100,2026-03-23 15:02:25.8638090 +00:00,S,P
22588,BOA CI,NULL,QG,2025-12-31,100,2026-03-23 15:02:25.8638090 +00:00,S,P
22589,BOA CI,NULL,8R,2025-12-31,88,2026-03-23 15:02:25.8638090 +00:00,S,P
22590,BOA CI,NULL,AFJ,2025-12-31,100,2026-03-23 15:02:25.8638090 +00:00,S,P
22591,BOA CI,NULL,BCL,2025-12-31,94,2026-03-23 15:02:25.8638090 +00:00,S,P
22592,BOA CI,NULL,F5,2025-12-31,85,2026-03-23 15:02:25.8638090 +00:00,S,P
22593,BOA CI,NULL,EH,2025-12-31,100,2026-03-23 15:02:25.8638090 +00:00,S,P
22594,BOA CI,NULL,ER,2025-12-31,100,2026-03-23 15:02:25.8638090 +00:00,S,P
22595,BOA CI,NULL,5I,2025-12-31,93,2026-03-23 15:02:25.8638090 +00:00,S,P
22596,BOA CI,NULL,LO,2025-12-31,100,2026-03-23 15:02:25.8638090 +00:00,S,P
22597,BOA CI,NULL,SV,2025-12-31,100,2026-03-23 15:02:25.8638090 +00:00,S,P
22598,BOA CI,NULL,28,2025-12-31,100,2026-03-23 15:02:25.8638090 +00:00,S,P
22599,BOA CI,NULL,2R,2025-12-31,0,2026-03-23 15:02:25.8638090 +00:00,S,P
22600,BOA CI,NULL,2S,2025-12-31,25,2026-03-23 15:02:25.8638090 +00:00,S,P
22601,BOA CI,NULL,2T,2025-12-31,97,2026-03-23 15:02:25.8638090 +00:00,S,P
22602,BOA CI,NULL,57,2025-12-31,70,2026-03-23 15:02:25.8638090 +00:00,S,P
22603,BOA CI,NULL,6S,2025-12-31,100,2026-03-23 15:02:25.8638090 +00:00,S,P
22604,BOA CI,NULL,6T,2025-12-31,100,2026-03-23 15:02:25.8638090 +00:00,S,P
22605,BOA CI,NULL,7H,2025-12-31,30,2026-03-23 15:02:25.8638090 +00:00,S,P
22606,BOA CI,NULL,91,2025-12-31,100,2026-03-23 15:02:25.8638090 +00:00,S,P
22607,BOA CI,NULL,FC,2025-12-31,71,2026-03-23 15:02:25.8648310 +00:00,S,P
22608,BOA CI,NULL,JQ,2025-12-31,98,2026-03-23 15:02:25.8648310 +00:00,S,P
22609,BOA CI,NULL,KE,2025-12-31,50,2026-03-23 15:02:25.8648310 +00:00,S,P
22610,BOA CI,NULL,PC,2025-12-31,12,2026-03-23 15:02:25.8648310 +00:00,S,P
22611,BOA CI,NULL,PG,2025-12-31,95,2026-03-23 15:02:25.8648310 +00:00,S,P
22612,BOA CI,NULL,PN,2025-12-31,100,2026-03-23 15:02:25.8648310 +00:00,S,P
22613,BOA CI,NULL,PR,2025-12-31,100,2026-03-23 15:02:25.8648310 +00:00,S,P
22614,BOA CI,NULL,PW,2025-12-31,100,2026-03-23 15:02:25.8648310 +00:00,S,P
22615,BOA CI,NULL,T7,2025-12-31,66,2026-03-23 15:02:25.9270190 +00:00,S,P
22616,BOA CI,NULL,Z3,2025-12-31,96,2026-03-23 15:02:25.9270190 +00:00,S,P
22617,BOA CI,NULL,HA,2025-12-31,0,2026-03-23 15:02:25.9270190 +00:00,S,M
22618,BOA CI,NULL,JB,2025-12-31,0,2026-03-23 15:02:25.9270190 +00:00,S,M
22619,BOA CI,NULL,UR,2025-12-31,0,2026-03-23 15:02:25.9270190 +00:00,S,M
22620,BOA CI,NULL,7Q,2025-12-31,17,2026-03-23 15:02:25.9270190 +00:00,S,M
22621,BOA CI,NULL,AWZ,2025-12-31,41,2026-03-23 15:02:25.9270190 +00:00,S,M
22622,BOA CI,NULL,AXA,2025-12-31,48,2026-03-23 15:02:25.9270190 +00:00,S,M
22623,BOA CI,NULL,AXB,2025-12-31,52,2026-03-23 15:02:25.9270190 +00:00,S,M
22624,BOA CI,NULL,DA,2025-12-31,0,2026-03-23 15:02:25.9270190 +00:00,S,M
22625,BOA CI,NULL,E1,2025-12-31,0,2026-03-23 15:02:25.9270190 +00:00,S,M
22626,BOA CI,NULL,E2,2025-12-31,0,2026-03-23 15:02:25.9270190 +00:00,S,M
22627,BOA CI,NULL,E6,2025-12-31,0,2026-03-23 15:02:25.9270190 +00:00,S,M
22628,BOA CI,NULL,MG,2025-12-31,0,2026-03-23 15:02:25.9270190 +00:00,S,M
22629,BOA CI,NULL,PL,2025-12-31,0,2026-03-23 15:02:25.9270190 +00:00,S,M
22630,BOA CI,NULL,S5,2025-12-31,41,2026-03-23 15:02:25.9270190 +00:00,S,M
22631,BOA CI,NULL,V3,2025-12-31,66,2026-03-23 15:02:25.9270190 +00:00,S,M
22632,BOA CI,NULL,ZB,2025-12-31,0,2026-03-23 15:02:25.9270190 +00:00,S,M
22633,BOA CI,NULL,AXX,2025-12-31,0,2026-03-23 15:02:25.9270190 +00:00,S,M
22634,BOA CI,NULL,BMQ,2025-12-31,13,2026-03-23 15:02:25.9270190 +00:00,S,M
22635,BOA CI,NULL,XB,2025-12-31,12,2026-03-23 15:02:25.9270190 +00:00,S,M
22636,BOA CI,NULL,KY,2025-12-31,100,2026-03-23 15:02:25.9270190 +00:00,S,M
22637,BOA CI,NULL,ZG,2025-12-31,100,2026-03-23 15:02:25.9270190 +00:00,S,M
22638,BOA CI,NULL,0Q,2025-12-31,38,2026-03-23 15:02:25.9270190 +00:00,S,M
22639,BOA CI,NULL,0T,2025-12-31,100,2026-03-23 15:02:25.9270190 +00:00,S,M
22640,BOA CI,NULL,OD,2025-12-31,100,2026-03-23 15:02:25.9270190 +00:00,S,M
22641,BOA CI,NULL,CU,2025-12-31,66,2026-03-23 15:02:25.9270190 +00:00,S,M
22642,BOA RDC,NULL,3X,2025-12-31,30,2026-03-23 15:02:25.9587440 +00:00,F,P
22643,BOA RDC,NULL,R8,2025-12-31,0,2026-03-23 15:02:25.9587440 +00:00,F,P
22644,BOA RDC,NULL,RM,2025-12-31,29,2026-03-23 15:02:25.9587440 +00:00,F,P
22645,BOA RDC,NULL,F4,2025-12-31,0,2026-03-23 15:02:25.9587440 +00:00,F,P
22646,BOA RDC,NULL,V2,2025-12-31,0,2026-03-23 15:02:25.9587440 +00:00,F,P
22647,BOA RDC,NULL,0P,2025-12-31,24,2026-03-23 15:02:25.9587440 +00:00,F,P
22648,BOA RDC,NULL,N7,2025-12-31,100,2026-03-23 15:02:25.9587440 +00:00,F,P
22649,BOA RDC,NULL,EM,2025-12-31,66,2026-03-23 15:02:25.9587440 +00:00,F,P
22650,BOA RDC,NULL,I7,2025-12-31,16,2026-03-23 15:02:25.9587440 +00:00,F,P
22651,BOA RDC,NULL,22,2025-12-31,29,2026-03-23 15:02:25.9587440 +00:00,F,P
22652,BOA RDC,NULL,AF,2025-12-31,0,2026-03-23 15:02:25.9587440 +00:00,F,P
22653,BOA RDC,NULL,SP,2025-12-31,60,2026-03-23 15:02:25.9587440 +00:00,F,P
22654,BOA RDC,NULL,UH,2025-12-31,12,2026-03-23 15:02:25.9587440 +00:00,F,P
22655,BOA RDC,NULL,KW,2025-12-31,47,2026-03-23 15:02:25.9587440 +00:00,F,P
22656,BOA RDC,NULL,TY,2025-12-31,0,2026-03-23 15:02:25.9587440 +00:00,F,P
22657,BOA RDC,NULL,NE,2025-12-31,22,2026-03-23 15:02:25.9587440 +00:00,F,P
22658,BOA RDC,NULL,GM,2025-12-31,19,2026-03-23 15:02:25.9587440 +00:00,F,P
22659,BOA RDC,NULL,VO,2025-12-31,32,2026-03-23 15:02:25.9587440 +00:00,F,P
22660,BOA RDC,NULL,BR,2025-12-31,28,2026-03-23 15:02:25.9587440 +00:00,F,P
22661,BOA RDC,NULL,5F,2025-12-31,0,2026-03-23 15:02:25.9587440 +00:00,F,P
22662,BOA RDC,NULL,RF,2025-12-31,100,2026-03-23 15:02:25.9587440 +00:00,F,P
22663,BOA RDC,NULL,SB,2025-12-31,50,2026-03-23 15:02:25.9587440 +00:00,F,P
22664,BOA RDC,NULL,K7,2025-12-31,36,2026-03-23 15:02:25.9587440 +00:00,F,P
22665,BOA RDC,NULL,OU,2025-12-31,0,2026-03-23 15:02:25.9587440 +00:00,F,M
22666,BOA RDC,NULL,F7,2025-12-31,0,2026-03-23 15:02:25.9587440 +00:00,F,M
22667,BOA RDC,NULL,68,2025-12-31,0,2026-03-23 15:02:25.9587440 +00:00,F,M
22668,BOA RDC,NULL,7H,2025-12-31,0,2026-03-23 15:02:25.9587440 +00:00,F,M
22669,BOA RDC,NULL,45,2025-12-31,2,2026-03-23 15:02:25.9587440 +00:00,S,P
22670,BOA RDC,NULL,5G,2025-12-31,0,2026-03-23 15:02:25.9587440 +00:00,S,P
22671,BOA RDC,NULL,5N,2025-12-31,0,2026-03-23 15:02:25.9587440 +00:00,S,P
22672,BOA RDC,NULL,60,2025-12-31,0,2026-03-23 15:02:25.9587440 +00:00,S,P
22673,BOA RDC,NULL,AO,2025-12-31,0,2026-03-23 15:02:25.9587440 +00:00,S,P
22674,BOA RDC,NULL,BE,2025-12-31,0,2026-03-23 15:02:25.9587440 +00:00,S,P
22675,BOA RDC,NULL,BO,2025-12-31,1,2026-03-23 15:02:25.9587440 +00:00,S,P
22676,BOA RDC,NULL,C1,2025-12-31,0,2026-03-23 15:02:25.9587440 +00:00,S,P
22677,BOA RDC,NULL,CW,2025-12-31,0,2026-03-23 15:02:25.9587440 +00:00,S,P
22678,BOA RDC,NULL,DL,2025-12-31,1,2026-03-23 15:02:25.9587440 +00:00,S,P
22679,BOA RDC,NULL,DN,2025-12-31,0,2026-03-23 15:02:25.9587440 +00:00,S,P
22680,BOA RDC,NULL,DQ,2025-12-31,0,2026-03-23 15:02:25.9587440 +00:00,S,P
22681,BOA RDC,NULL,EC,2025-12-31,5,2026-03-23 15:02:25.9587440 +00:00,S,P
22682,BOA RDC,NULL,EN,2025-12-31,0,2026-03-23 15:02:25.9587440 +00:00,S,P
22683,BOA RDC,NULL,GP,2025-12-31,3,2026-03-23 15:02:25.9587440 +00:00,S,P
22684,BOA RDC,NULL,HN,2025-12-31,2,2026-03-23 15:02:25.9587440 +00:00,S,P
22685,BOA RDC,NULL,HR,2025-12-31,0,2026-03-23 15:02:25.9587440 +00:00,S,P
22686,BOA RDC,NULL,JT,2025-12-31,2,2026-03-23 15:02:25.9587440 +00:00,S,P
22687,BOA RDC,NULL,K5,2025-12-31,0,2026-03-23 15:02:25.9587440 +00:00,S,P
22688,BOA RDC,NULL,KC,2025-12-31,0,2026-03-23 15:02:25.9587440 +00:00,S,P
22689,BOA RDC,NULL,KZ,2025-12-31,0,2026-03-23 15:02:25.9587440 +00:00,S,P
22690,BOA RDC,NULL,ML,2025-12-31,0,2026-03-23 15:02:25.9587440 +00:00,S,P
22691,BOA RDC,NULL,N2,2025-12-31,0,2026-03-23 15:02:25.9587440 +00:00,S,P
22692,BOA RDC,NULL,NP,2025-12-31,0,2026-03-23 15:02:25.9587440 +00:00,S,P
22693,BOA RDC,NULL,PK,2025-12-31,4,2026-03-23 15:02:25.9587440 +00:00,S,P
22694,BOA RDC,NULL,RQ,2025-12-31,0,2026-03-23 15:02:25.9587440 +00:00,S,P
22695,BOA RDC,NULL,RU,2025-12-31,0,2026-03-23 15:02:25.9587440 +00:00,S,P
22696,BOA RDC,NULL,RZ,2025-12-31,3,2026-03-23 15:02:25.9587440 +00:00,S,P
22697,BOA RDC,NULL,UM,2025-12-31,3,2026-03-23 15:02:25.9587440 +00:00,S,P
22698,BOA RDC,NULL,WP,2025-12-31,1,2026-03-23 15:02:25.9587440 +00:00,S,P
22699,BOA RDC,NULL,B7,2025-12-31,0,2026-03-23 15:02:25.9587440 +00:00,S,P
22700,BOA RDC,NULL,E4,2025-12-31,0,2026-03-23 15:02:25.9587440 +00:00,S,P
22701,BOA RDC,NULL,G7,2025-12-31,0,2026-03-23 15:02:25.9587440 +00:00,S,P
22702,BOA RDC,NULL,GY,2025-12-31,0,2026-03-23 15:02:25.9587440 +00:00,S,P
22703,BOA RDC,NULL,LS,2025-12-31,50,2026-03-23 15:02:25.9587440 +00:00,S,P
22704,BOA RDC,NULL,PY,2025-12-31,21,2026-03-23 15:02:25.9587440 +00:00,S,P
22705,BOA RDC,NULL,FN,2025-12-31,13,2026-03-23 15:02:25.9587440 +00:00,S,P
22706,BOA RDC,NULL,4L,2025-12-31,0,2026-03-23 15:02:25.9587440 +00:00,S,P
22707,BOA RDC,NULL,BS,2025-12-31,0,2026-03-23 15:02:25.9587440 +00:00,S,P
22708,BOA RDC,NULL,PN,2025-12-31,0,2026-03-23 15:02:25.9587440 +00:00,S,P
22709,BOA RDC,NULL,S1,2025-12-31,18,2026-03-23 15:02:25.9587440 +00:00,S,P
22710,BOA RDC,NULL,YJ,2025-12-31,0,2026-03-23 15:02:25.9587440 +00:00,S,P
22711,BOA RDC,NULL,24,2025-12-31,0,2026-03-23 15:02:25.9587440 +00:00,S,P
22712,BOA RDC,NULL,JO,2025-12-31,0,2026-03-23 15:02:25.9587440 +00:00,S,P
22713,BOA RDC,NULL,NF,2025-12-31,0,2026-03-23 15:02:25.9587440 +00:00,S,P
22714,BOA RDC,NULL,NM,2025-12-31,0,2026-03-23 15:02:25.9587440 +00:00,S,P
22715,BOA RDC,NULL,QX,2025-12-31,3,2026-03-23 15:02:25.9587440 +00:00,S,P
22716,BOA RDC,NULL,UN,2025-12-31,0,2026-03-23 15:02:25.9587440 +00:00,S,P
22717,BOA RDC,NULL,ZY,2025-12-31,0,2026-03-23 15:02:25.9587440 +00:00,S,P
22718,BOA RDC,NULL,0,2025-12-31,0,2026-03-23 15:02:25.9587440 +00:00,S,P
22719,BOA RDC,NULL,RS,2025-12-31,0,2026-03-23 15:02:25.9587440 +00:00,S,P
22720,BOA RDC,NULL,VL,2025-12-31,1,2026-03-23 15:02:25.9587440 +00:00,S,P
22721,BOA RDC,NULL,ZU,2025-12-31,0,2026-03-23 15:02:25.9587440 +00:00,S,P
22722,BOA RDC,NULL,11,2025-12-31,0,2026-03-23 15:02:25.9587440 +00:00,S,P
22723,BOA RDC,NULL,6D,2025-12-31,0,2026-03-23 15:02:25.9587440 +00:00,S,P
22724,BOA RDC,NULL,EB,2025-12-31,0,2026-03-23 15:02:25.9587440 +00:00,S,P
22725,BOA RDC,NULL,HK,2025-12-31,0,2026-03-23 15:02:25.9587440 +00:00,S,P
22726,BOA RDC,NULL,3W,2025-12-31,0,2026-03-23 15:02:25.9587440 +00:00,S,P
22727,BOA RDC,NULL,5W,2025-12-31,2,2026-03-23 15:02:25.9587440 +00:00,S,P
22728,BOA RDC,NULL,B5,2025-12-31,0,2026-03-23 15:02:25.9587440 +00:00,S,P
22729,BOA RDC,NULL,EL,2025-12-31,0,2026-03-23 15:02:25.9587440 +00:00,S,P
22730,BOA RDC,NULL,PL,2025-12-31,1,2026-03-23 15:02:25.9587440 +00:00,S,P
22731,BOA RDC,NULL,PS,2025-12-31,14,2026-03-23 15:02:25.9587440 +00:00,S,P
22732,BOA RDC,NULL,UA,2025-12-31,0,2026-03-23 15:02:25.9587440 +00:00,S,P
22733,BOA RDC,NULL,W9,2025-12-31,0,2026-03-23 15:02:25.9587440 +00:00,S,P
22734,BOA RDC,NULL,YK,2025-12-31,0,2026-03-23 15:02:25.9587440 +00:00,S,P
22735,BOA RDC,NULL,2T,2025-12-31,0,2026-03-23 15:02:25.9587440 +00:00,S,P
22736,BOA RDC,NULL,A2,2025-12-31,0,2026-03-23 15:02:25.9587440 +00:00,S,P
22737,BOA RDC,NULL,EI,2025-12-31,0,2026-03-23 15:02:25.9587440 +00:00,S,P
22738,BOA RDC,NULL,KE,2025-12-31,0,2026-03-23 15:02:25.9587440 +00:00,S,P
22739,BOA RDC,NULL,KY,2025-12-31,0,2026-03-23 15:02:25.9587440 +00:00,S,P
22740,BOA RDC,NULL,PC,2025-12-31,0,2026-03-23 15:02:25.9587440 +00:00,S,P
22741,BOA RDC,NULL,5X,2025-12-31,0,2026-03-23 15:02:25.9587440 +00:00,S,P
22742,BOA RDC,NULL,CN,2025-12-31,3,2026-03-23 15:02:25.9587440 +00:00,S,P
22743,BOA RDC,NULL,GK,2025-12-31,0,2026-03-23 15:02:25.9587440 +00:00,S,P
22744,BOA RDC,NULL,JC,2025-12-31,0,2026-03-23 15:02:25.9587440 +00:00,S,P
22745,BOA RDC,NULL,JL,2025-12-31,0,2026-03-23 15:02:25.9587440 +00:00,S,P
22746,BOA RDC,NULL,JY,2025-12-31,0,2026-03-23 15:02:25.9587440 +00:00,S,P
22747,BOA RDC,NULL,TI,2025-12-31,11,2026-03-23 15:02:25.9587440 +00:00,S,P
22748,BOA RDC,NULL,YF,2025-12-31,0,2026-03-23 15:02:25.9587440 +00:00,S,P
22749,BOA RDC,NULL,YI,2025-12-31,0,2026-03-23 15:02:25.9587440 +00:00,S,P
22750,BOA RDC,NULL,YL,2025-12-31,0,2026-03-23 15:02:25.9587440 +00:00,S,P
22751,BOA RDC,NULL,ECZ,2025-12-31,100,2026-03-23 15:02:25.9587440 +00:00,S,P
22752,BOA RDC,NULL,RG,2025-12-31,0,2026-03-23 15:02:25.9587440 +00:00,S,P
22753,BOA RDC,NULL,ZH,2025-12-31,25,2026-03-23 15:02:25.9587440 +00:00,S,P
22754,BOA RDC,NULL,5Z,2025-12-31,0,2026-03-23 15:02:25.9587440 +00:00,S,P
22755,BOA RDC,NULL,JB,2025-12-31,0,2026-03-23 15:02:25.9587440 +00:00,S,P
22756,BOA RDC,NULL,SO,2025-12-31,0,2026-03-23 15:02:25.9587440 +00:00,S,P
22757,BOA RDC,NULL,YU,2025-12-31,0,2026-03-23 15:02:25.9587440 +00:00,S,P
22758,BOA RDC,NULL,IM,2025-12-31,0,2026-03-23 15:02:25.9587440 +00:00,S,P
22759,BOA RDC,NULL,KK,2025-12-31,0,2026-03-23 15:02:25.9587440 +00:00,S,P
22760,BOA RDC,NULL,BL,2025-12-31,0,2026-03-23 15:02:25.9587440 +00:00,S,M
22761,BOA RDC,NULL,IL,2025-12-31,0,2026-03-23 15:02:25.9587440 +00:00,S,M
22762,BOA RDC,NULL,RR,2025-12-31,0,2026-03-23 15:02:25.9587440 +00:00,S,M
22763,BOA RDC,NULL,SA,2025-12-31,0,2026-03-23 15:02:25.9587440 +00:00,S,M
22764,BOA RDC,NULL,ED,2025-12-31,0,2026-03-23 15:02:25.9587440 +00:00,S,M
22765,BOA RDC,NULL,5D,2025-12-31,0,2026-03-23 15:02:25.9587440 +00:00,S,M
22766,BOA RDC,NULL,4B,2025-12-31,0,2026-03-23 15:02:25.9587440 +00:00,S,M
22767,BOA RDC,NULL,EZ,2025-12-31,0,2026-03-23 15:02:25.9587440 +00:00,S,M
22768,BOA RDC,NULL,MU,2025-12-31,0,2026-03-23 15:02:25.9587440 +00:00,S,M
22769,BOA RDC,NULL,10,2025-12-31,0,2026-03-23 15:02:25.9587440 +00:00,S,M
22770,BOA RDC,NULL,KR,2025-12-31,0,2026-03-23 15:02:26.0455220 +00:00,S,M
22771,BOA RDC,NULL,5Y,2025-12-31,0,2026-03-23 15:02:26.0455220 +00:00,S,M
22772,BOA RDC,NULL,81,2025-12-31,0,2026-03-23 15:02:26.0455220 +00:00,S,M
22773,BOA RDC,NULL,1H,2025-12-31,0,2026-03-23 15:02:26.0455220 +00:00,S,M
22774,BOA RDC,NULL,SY,2025-12-31,0,2026-03-23 15:02:26.0455220 +00:00,S,M
22775,BOA SN,NULL,AAL,2026-01-31,96,2026-03-23 15:25:27.2226200 +00:00,F,P
22776,BOA SN,NULL,AEH,2026-01-31,94,2026-03-23 15:25:27.2226200 +00:00,F,P
22777,BOA SN,NULL,AIO,2026-01-31,100,2026-03-23 15:25:27.2226200 +00:00,F,P
22778,BOA SN,NULL,6C,2026-01-31,100,2026-03-23 15:25:27.2226200 +00:00,F,P
22779,BOA SN,NULL,EZ,2026-01-31,100,2026-03-23 15:25:27.2226200 +00:00,F,P
22780,BOA SN,NULL,VS,2026-01-31,100,2026-03-23 15:25:27.2226200 +00:00,F,P
22781,BOA SN,NULL,AEX,2026-01-31,100,2026-03-23 15:25:27.2226200 +00:00,F,P
22782,BOA SN,NULL,0N,2026-01-31,91,2026-03-23 15:25:27.2226200 +00:00,F,P
22783,BOA SN,NULL,6E,2026-01-31,100,2026-03-23 15:25:27.2226200 +00:00,F,P
22784,BOA SN,NULL,EY,2026-01-31,100,2026-03-23 15:25:27.2226200 +00:00,F,P
22785,BOA SN,NULL,MEV,2026-01-31,100,2026-03-23 15:25:27.2226200 +00:00,F,P
22786,BOA SN,NULL,MEF,2026-01-31,100,2026-03-23 15:25:27.2226200 +00:00,F,P
22787,BOA SN,NULL,00,2026-01-31,100,2026-03-23 15:25:27.2226200 +00:00,F,P
22788,BOA SN,NULL,7E,2026-01-31,95,2026-03-23 15:25:27.2226200 +00:00,F,P
22789,BOA SN,NULL,MFC,2026-01-31,100,2026-03-23 15:25:27.2226200 +00:00,F,P
22790,BOA SN,NULL,EU,2026-01-31,100,2026-03-23 15:25:27.2226200 +00:00,F,P
22791,BOA SN,NULL,0V,2026-01-31,100,2026-03-23 15:25:27.2226200 +00:00,F,P
22792,BOA SN,NULL,7V,2026-01-31,100,2026-03-23 15:25:27.2226200 +00:00,F,P
22793,BOA SN,NULL,7V7,2026-01-31,100,2026-03-23 15:25:27.2226200 +00:00,F,P
22794,BOA SN,NULL,SK,2026-01-31,96,2026-03-23 15:25:27.2226200 +00:00,F,P
22795,BOA SN,NULL,JN,2026-01-31,96,2026-03-23 15:25:27.2226200 +00:00,F,P
22796,BOA SN,NULL,MGA,2026-01-31,100,2026-03-23 15:25:27.2226200 +00:00,F,P
22797,BOA SN,NULL,AHQ,2026-01-31,100,2026-03-23 15:25:27.2226200 +00:00,F,P
22798,BOA SN,NULL,ANT,2026-01-31,97,2026-03-23 15:25:27.2226200 +00:00,F,P
22799,BOA SN,NULL,MCR,2026-01-31,92,2026-03-23 15:25:27.2226200 +00:00,F,P
22800,BOA SN,NULL,7F,2026-01-31,100,2026-03-23 15:25:27.2226200 +00:00,F,P
22801,BOA SN,NULL,MQZ,2026-01-31,97,2026-03-23 15:25:27.2226200 +00:00,F,P
22802,BOA SN,NULL,MH,2026-01-31,100,2026-03-23 15:25:27.2226200 +00:00,F,P
22803,BOA SN,NULL,MN,2026-01-31,100,2026-03-23 15:25:27.2226200 +00:00,F,P
22804,BOA SN,NULL,Z6,2026-01-31,100,2026-03-23 15:25:27.2226200 +00:00,F,P
22805,BOA SN,NULL,J5,2026-01-31,100,2026-03-23 15:25:27.2226200 +00:00,F,P
22806,BOA SN,NULL,MHD,2026-01-31,92,2026-03-23 15:25:27.2226200 +00:00,F,P
22807,BOA SN,NULL,3H,2026-01-31,100,2026-03-23 15:25:27.2226200 +00:00,F,P
22808,BOA SN,NULL,MAL,2026-01-31,100,2026-03-23 15:25:27.2226200 +00:00,F,P
22809,BOA SN,NULL,0E,2026-01-31,90,2026-03-23 15:25:27.2226200 +00:00,F,P
22810,BOA SN,NULL,N7,2026-01-31,94,2026-03-23 15:25:27.2226200 +00:00,F,P
22811,BOA SN,NULL,W8,2026-01-31,100,2026-03-23 15:25:27.2226200 +00:00,F,P
22812,BOA SN,NULL,YU,2026-01-31,100,2026-03-23 15:25:27.2226200 +00:00,F,P
22813,BOA SN,NULL,L4,2026-01-31,86,2026-03-23 15:25:27.2226200 +00:00,F,P
22814,BOA SN,NULL,ACH,2026-01-31,91,2026-03-23 15:25:27.2226200 +00:00,F,P
22815,BOA SN,NULL,V9,2026-01-31,100,2026-03-23 15:25:27.2226200 +00:00,F,P
22816,BOA SN,NULL,XY,2026-01-31,100,2026-03-23 15:25:27.2226200 +00:00,F,P
22817,BOA SN,NULL,7M,2026-01-31,87,2026-03-23 15:25:27.2226200 +00:00,F,P
22818,BOA SN,NULL,WV,2026-01-31,100,2026-03-23 15:25:27.2226200 +00:00,F,P
22819,BOA SN,NULL,Q9,2026-01-31,100,2026-03-23 15:25:27.2226200 +00:00,F,P
22820,BOA SN,NULL,I9,2026-01-31,100,2026-03-23 15:25:27.2226200 +00:00,F,P
22821,BOA SN,NULL,EI,2026-01-31,100,2026-03-23 15:25:27.2226200 +00:00,F,P
22822,BOA SN,NULL,AKD,2026-01-31,95,2026-03-23 15:25:27.2226200 +00:00,F,P
22823,BOA SN,NULL,K6,2026-01-31,88,2026-03-23 15:25:27.2226200 +00:00,F,P
22824,BOA SN,NULL,AUY,2026-01-31,100,2026-03-23 15:25:27.2226200 +00:00,F,P
22825,BOA SN,NULL,MAZ,2026-01-31,91,2026-03-23 15:25:27.2226200 +00:00,F,P
22826,BOA SN,NULL,7X,2026-01-31,95,2026-03-23 15:25:27.2226200 +00:00,F,P
22827,BOA SN,NULL,1B,2026-01-31,100,2026-03-23 15:25:27.2226200 +00:00,F,P
22828,BOA SN,NULL,HK,2026-01-31,100,2026-03-23 15:25:27.2226200 +00:00,F,P
22829,BOA SN,NULL,9D,2026-01-31,100,2026-03-23 15:25:27.2226200 +00:00,F,P
22830,BOA SN,NULL,DW,2026-01-31,100,2026-03-23 15:25:27.2226200 +00:00,F,P
22831,BOA SN,NULL,VE,2026-01-31,98,2026-03-23 15:25:27.2226200 +00:00,F,P
22832,BOA SN,NULL,MBA,2026-01-31,92,2026-03-23 15:25:27.2226200 +00:00,F,P
22833,BOA SN,NULL,RJ,2026-01-31,100,2026-03-23 15:25:27.2226200 +00:00,F,P
22834,BOA SN,NULL,3Z,2026-01-31,100,2026-03-23 15:25:27.2226200 +00:00,F,P
22835,BOA SN,NULL,8V,2026-01-31,100,2026-03-23 15:25:27.2226200 +00:00,F,P
22836,BOA SN,NULL,ASO,2026-01-31,98,2026-03-23 15:25:27.2226200 +00:00,F,P
22837,BOA SN,NULL,DV,2026-01-31,100,2026-03-23 15:25:27.2226200 +00:00,F,P
22838,BOA SN,NULL,MHK,2026-01-31,100,2026-03-23 15:25:27.2226200 +00:00,F,P
22839,BOA SN,NULL,MHQ,2026-01-31,100,2026-03-23 15:25:27.2226200 +00:00,F,P
22840,BOA SN,NULL,ACZ,2026-01-31,92,2026-03-23 15:25:27.2226200 +00:00,F,P
22841,BOA SN,NULL,MAY,2026-01-31,92,2026-03-23 15:25:27.2226200 +00:00,F,P
22842,BOA SN,NULL,1D,2026-01-31,97,2026-03-23 15:25:27.2226200 +00:00,F,P
22843,BOA SN,NULL,4J,2026-01-31,100,2026-03-23 15:25:27.2226200 +00:00,F,P
22844,BOA SN,NULL,UV,2026-01-31,100,2026-03-23 15:25:27.2226200 +00:00,F,P
22845,BOA SN,NULL,ASP,2026-01-31,88,2026-03-23 15:25:27.2226200 +00:00,F,P
22846,BOA SN,NULL,S9,2026-01-31,100,2026-03-23 15:25:27.2226200 +00:00,F,P
22847,BOA SN,NULL,AEK,2026-01-31,100,2026-03-23 15:25:27.2226200 +00:00,F,P
22848,BOA SN,NULL,AK,2026-01-31,100,2026-03-23 15:25:27.2226200 +00:00,F,P
22849,BOA SN,NULL,AVW,2026-01-31,100,2026-03-23 15:25:27.2226200 +00:00,F,P
22850,BOA SN,NULL,RU,2026-01-31,100,2026-03-23 15:25:27.2226200 +00:00,F,P
22851,BOA SN,NULL,MT,2026-01-31,100,2026-03-23 15:25:27.2226200 +00:00,F,P
22852,BOA SN,NULL,UC,2026-01-31,91,2026-03-23 15:25:27.2226200 +00:00,F,P
22853,BOA SN,NULL,D4,2026-01-31,100,2026-03-23 15:25:27.2226200 +00:00,F,P
22854,BOA SN,NULL,0J,2026-01-31,100,2026-03-23 15:25:27.2226200 +00:00,F,P
22855,BOA SN,NULL,9C,2026-01-31,100,2026-03-23 15:25:27.2226200 +00:00,F,P
22856,BOA SN,NULL,4K,2026-01-31,100,2026-03-23 15:25:27.2226200 +00:00,F,P
22857,BOA SN,NULL,4C,2026-01-31,0,2026-03-23 15:25:27.2226200 +00:00,F,M
22858,BOA SN,NULL,EJ,2026-01-31,0,2026-03-23 15:25:27.2226200 +00:00,F,M
22859,BOA SN,NULL,MBP,2026-01-31,0,2026-03-23 15:25:27.2226200 +00:00,F,M
22860,BOA SN,NULL,SJ,2026-01-31,0,2026-03-23 15:25:27.2226200 +00:00,F,M
22861,BOA SN,NULL,RL,2026-01-31,0,2026-03-23 15:25:27.2226200 +00:00,F,M
22862,BOA SN,NULL,OX,2026-01-31,0,2026-03-23 15:25:27.2226200 +00:00,F,M
22863,BOA SN,NULL,SC,2026-01-31,0,2026-03-23 15:25:27.2226200 +00:00,F,M
22864,BOA SN,NULL,ADT,2026-01-31,0,2026-03-23 15:25:27.2226200 +00:00,F,M
22865,BOA SN,NULL,8S,2026-01-31,0,2026-03-23 15:25:27.2226200 +00:00,F,M
22866,BOA SN,NULL,YA,2026-01-31,0,2026-03-23 15:25:27.2226200 +00:00,F,M
22867,BOA SN,NULL,G7,2026-01-31,0,2026-03-23 15:25:27.2226200 +00:00,F,M
22868,BOA SN,NULL,O8,2026-01-31,0,2026-03-23 15:25:27.2226200 +00:00,F,M
22869,BOA SN,NULL,XA,2026-01-31,0,2026-03-23 15:25:27.2226200 +00:00,F,M
22870,BOA SN,NULL,3D,2026-01-31,0,2026-03-23 15:25:27.2226200 +00:00,F,M
22871,BOA SN,NULL,EH,2026-01-31,0,2026-03-23 15:25:27.2226200 +00:00,F,M
22872,BOA SN,NULL,IB,2026-01-31,0,2026-03-23 15:25:27.2226200 +00:00,F,M
22873,BOA SN,NULL,F7,2026-01-31,0,2026-03-23 15:25:27.2226200 +00:00,F,M
22874,BOA SN,NULL,IA,2026-01-31,0,2026-03-23 15:25:27.2226200 +00:00,F,M
22875,BOA SN,NULL,ADN,2026-01-31,0,2026-03-23 15:25:27.2226200 +00:00,F,M
22876,BOA SN,NULL,GQ,2026-01-31,0,2026-03-23 15:25:27.2226200 +00:00,F,M
22877,BOA SN,NULL,PQ,2026-01-31,0,2026-03-23 15:25:27.2226200 +00:00,F,M
22878,BOA SN,NULL,QR,2026-01-31,0,2026-03-23 15:25:27.2226200 +00:00,F,M
22879,BOA SN,NULL,S3,2026-01-31,100,2026-03-23 15:25:27.2226200 +00:00,F,M
22880,BOA SN,NULL,8I,2026-01-31,0,2026-03-23 15:25:27.2226200 +00:00,F,M
22881,BOA SN,NULL,G1,2026-01-31,0,2026-03-23 15:25:27.2226200 +00:00,F,M
22882,BOA SN,NULL,N8,2026-01-31,0,2026-03-23 15:25:27.2226200 +00:00,F,M
22883,BOA SN,NULL,KI,2026-01-31,0,2026-03-23 15:25:27.2226200 +00:00,F,M
22884,BOA SN,NULL,0U,2026-01-31,0,2026-03-23 15:25:27.2226200 +00:00,F,M
22885,BOA SN,NULL,XM,2026-01-31,0,2026-03-23 15:25:27.2226200 +00:00,F,M
22886,BOA SN,NULL,PK,2026-01-31,0,2026-03-23 15:25:27.2226200 +00:00,F,M
22887,BOA SN,NULL,T3,2026-01-31,0,2026-03-23 15:25:27.2226200 +00:00,F,M
22888,BOA SN,NULL,HS,2026-01-31,83,2026-03-23 15:25:27.2226200 +00:00,S,P
22889,BOA SN,NULL,NB,2026-01-31,0,2026-03-23 15:25:27.2226200 +00:00,S,P
22890,BOA SN,NULL,ADG,2026-01-31,61,2026-03-23 15:25:27.2226200 +00:00,S,P
22891,BOA SN,NULL,APJ,2026-01-31,57,2026-03-23 15:25:27.2226200 +00:00,S,P
22892,BOA SN,NULL,DN,2026-01-31,89,2026-03-23 15:25:27.2226200 +00:00,S,P
22893,BOA SN,NULL,MAG,2026-01-31,100,2026-03-23 15:25:27.2226200 +00:00,S,P
22894,BOA SN,NULL,MEQ,2026-01-31,60,2026-03-23 15:25:27.2226200 +00:00,S,P
22895,BOA SN,NULL,ADS,2026-01-31,0,2026-03-23 15:25:27.2226200 +00:00,S,P
22896,BOA SN,NULL,AHS,2026-01-31,0,2026-03-23 15:25:27.2226200 +00:00,S,P
22897,BOA SN,NULL,IN,2026-01-31,38,2026-03-23 15:25:27.2226200 +00:00,S,P
22898,BOA SN,NULL,MDP,2026-01-31,100,2026-03-23 15:25:27.2226200 +00:00,S,P
22899,BOA SN,NULL,MPB,2026-01-31,50,2026-03-23 15:25:27.2226200 +00:00,S,P
22900,BOA SN,NULL,WS,2026-01-31,100,2026-03-23 15:25:27.2226200 +00:00,S,P
22901,BOA SN,NULL,WZ,2026-01-31,100,2026-03-23 15:25:27.2226200 +00:00,S,P
22902,BOA SN,NULL,ZM,2026-01-31,95,2026-03-23 15:25:27.2226200 +00:00,S,P
22903,BOA SN,NULL,AGS,2026-01-31,17,2026-03-23 15:25:27.3240390 +00:00,S,P
22904,BOA SN,NULL,G0,2026-01-31,0,2026-03-23 15:25:27.3240390 +00:00,S,P
22905,BOA SN,NULL,OZ,2026-01-31,2,2026-03-23 15:25:27.3240390 +00:00,S,P
22906,BOA SN,NULL,TV,2026-01-31,5,2026-03-23 15:25:27.3240390 +00:00,S,P
22907,BOA SN,NULL,AKG,2026-01-31,96,2026-03-23 15:25:27.3240390 +00:00,S,P
22908,BOA SN,NULL,MQ,2026-01-31,81,2026-03-23 15:25:27.3240390 +00:00,S,P
22909,BOA SN,NULL,QN,2026-01-31,87,2026-03-23 15:25:27.3240390 +00:00,S,P
22910,BOA SN,NULL,7G,2026-01-31,84,2026-03-23 15:25:27.3240390 +00:00,S,P
22911,BOA SN,NULL,AEA,2026-01-31,100,2026-03-23 15:25:27.3240390 +00:00,S,P
22912,BOA SN,NULL,AEP,2026-01-31,88,2026-03-23 15:25:27.3240390 +00:00,S,P
22913,BOA SN,NULL,AIW,2026-01-31,86,2026-03-23 15:25:27.3240390 +00:00,S,P
22914,BOA SN,NULL,MBB,2026-01-31,40,2026-03-23 15:25:27.3240390 +00:00,S,P
22915,BOA SN,NULL,XW,2026-01-31,50,2026-03-23 15:25:27.3240390 +00:00,S,P
22916,BOA SN,NULL,7L,2026-01-31,88,2026-03-23 15:25:27.3240390 +00:00,S,P
22917,BOA SN,NULL,L6,2026-01-31,85,2026-03-23 15:25:27.3240390 +00:00,S,P
22918,BOA SN,NULL,U5,2026-01-31,57,2026-03-23 15:25:27.3240390 +00:00,S,P
22919,BOA SN,NULL,J0,2026-01-31,82,2026-03-23 15:25:27.3240390 +00:00,S,P
22920,BOA SN,NULL,AOG,2026-01-31,100,2026-03-23 15:25:27.3240390 +00:00,S,P
22921,BOA SN,NULL,MAX,2026-01-31,100,2026-03-23 15:25:27.3240390 +00:00,S,P
22922,BOA SN,NULL,MDY,2026-01-31,76,2026-03-23 15:25:27.3240390 +00:00,S,P
22923,BOA SN,NULL,OV,2026-01-31,100,2026-03-23 15:25:27.3240390 +00:00,S,P
22924,BOA SN,NULL,E3,2026-01-31,82,2026-03-23 15:25:27.3240390 +00:00,S,P
22925,BOA SN,NULL,DIR_AGENCE_1014,2026-01-31,0,2026-03-23 15:25:27.3240390 +00:00,S,P
22926,BOA SN,NULL,FX,2026-01-31,44,2026-03-23 15:25:27.3240390 +00:00,S,P
22927,BOA SN,NULL,GX,2026-01-31,71,2026-03-23 15:25:27.3240390 +00:00,S,P
22928,BOA SN,NULL,AOW,2026-01-31,31,2026-03-23 15:25:27.3240390 +00:00,S,P
22929,BOA SN,NULL,AOZ,2026-01-31,100,2026-03-23 15:25:27.3240390 +00:00,S,P
22930,BOA SN,NULL,MDH,2026-01-31,82,2026-03-23 15:25:27.3240390 +00:00,S,P
22931,BOA SN,NULL,9F,2026-01-31,100,2026-03-23 15:25:27.3240390 +00:00,S,P
22932,BOA SN,NULL,MGQ,2026-01-31,100,2026-03-23 15:25:27.3240390 +00:00,S,P
22933,BOA SN,NULL,OE,2026-01-31,100,2026-03-23 15:25:27.3240390 +00:00,S,P
22934,BOA SN,NULL,8J,2026-01-31,83,2026-03-23 15:25:27.3240390 +00:00,S,P
22935,BOA SN,NULL,AEN,2026-01-31,79,2026-03-23 15:25:27.3240390 +00:00,S,P
22936,BOA SN,NULL,C9,2026-01-31,90,2026-03-23 15:25:27.3240390 +00:00,S,P
22937,BOA SN,NULL,WQ,2026-01-31,100,2026-03-23 15:25:27.3240390 +00:00,S,P
22938,BOA SN,NULL,F2,2026-01-31,33,2026-03-23 15:25:27.3240390 +00:00,S,P
22939,BOA SN,NULL,MFG,2026-01-31,50,2026-03-23 15:25:27.3240390 +00:00,S,P
22940,BOA SN,NULL,DIR_AGENCE_1021,2026-01-31,38,2026-03-23 15:25:27.3240390 +00:00,S,P
22941,BOA SN,NULL,M6,2026-01-31,28,2026-03-23 15:25:27.3240390 +00:00,S,P
22942,BOA SN,NULL,MCE,2026-01-31,64,2026-03-23 15:25:27.3240390 +00:00,S,P
22943,BOA SN,NULL,OU,2026-01-31,75,2026-03-23 15:25:27.3240390 +00:00,S,P
22944,BOA SN,NULL,5M,2026-01-31,0,2026-03-23 15:25:27.3240390 +00:00,S,P
22945,BOA SN,NULL,8Q,2026-01-31,91,2026-03-23 15:25:27.3240390 +00:00,S,P
22946,BOA SN,NULL,AEM,2026-01-31,0,2026-03-23 15:25:27.3240390 +00:00,S,P
22947,BOA SN,NULL,AUN,2026-01-31,0,2026-03-23 15:25:27.3240390 +00:00,S,P
22948,BOA SN,NULL,AJB,2026-01-31,100,2026-03-23 15:25:27.3240390 +00:00,S,P
22949,BOA SN,NULL,5R,2026-01-31,100,2026-03-23 15:25:27.3240390 +00:00,S,P
22950,BOA SN,NULL,H3,2026-01-31,50,2026-03-23 15:25:27.3240390 +00:00,S,P
22951,BOA SN,NULL,SQ,2026-01-31,66,2026-03-23 15:25:27.3240390 +00:00,S,P
22952,BOA SN,NULL,LW,2026-01-31,100,2026-03-23 15:25:27.3240390 +00:00,S,P
22953,BOA SN,NULL,YC,2026-01-31,75,2026-03-23 15:25:27.3240390 +00:00,S,P
22954,BOA SN,NULL,DIR_AGENCE_1032,2026-01-31,100,2026-03-23 15:25:27.3240390 +00:00,S,P
22955,BOA SN,NULL,Y9,2026-01-31,100,2026-03-23 15:25:27.3240390 +00:00,S,P
22956,BOA SN,NULL,M4,2026-01-31,100,2026-03-23 15:25:27.3240390 +00:00,S,P
22957,BOA SN,NULL,MDB,2026-01-31,0,2026-03-23 15:25:27.3240390 +00:00,S,P
22958,BOA SN,NULL,W9,2026-01-31,95,2026-03-23 15:25:27.3240390 +00:00,S,P
22959,BOA SN,NULL,4Q,2026-01-31,88,2026-03-23 15:25:27.3240390 +00:00,S,P
22960,BOA SN,NULL,6Y,2026-01-31,100,2026-03-23 15:25:27.3240390 +00:00,S,P
22961,BOA SN,NULL,T4,2026-01-31,4,2026-03-23 15:25:27.3240390 +00:00,S,P
22962,BOA SN,NULL,1C,2026-01-31,89,2026-03-23 15:25:27.3240390 +00:00,S,P
22963,BOA SN,NULL,8V8,2026-01-31,100,2026-03-23 15:25:27.3240390 +00:00,S,P
22964,BOA SN,NULL,ET,2026-01-31,87,2026-03-23 15:25:27.3240390 +00:00,S,P
22965,BOA SN,NULL,D3,2026-01-31,100,2026-03-23 15:25:27.3240390 +00:00,S,P
22966,BOA SN,NULL,1E,2026-01-31,21,2026-03-23 15:25:27.3240390 +00:00,S,P
22967,BOA SN,NULL,AIF,2026-01-31,100,2026-03-23 15:25:27.3240390 +00:00,S,P
22968,BOA SN,NULL,FL,2026-01-31,0,2026-03-23 15:25:27.3240390 +00:00,S,P
22969,BOA SN,NULL,GY,2026-01-31,89,2026-03-23 15:25:27.3240390 +00:00,S,P
22970,BOA SN,NULL,I1,2026-01-31,85,2026-03-23 15:25:27.3240390 +00:00,S,P
22971,BOA SN,NULL,1Y,2026-01-31,100,2026-03-23 15:25:27.3240390 +00:00,S,P
22972,BOA SN,NULL,AT,2026-01-31,50,2026-03-23 15:25:27.3240390 +00:00,S,P
22973,BOA SN,NULL,1G,2026-01-31,100,2026-03-23 15:25:27.3240390 +00:00,S,P
22974,BOA SN,NULL,MBR,2026-01-31,100,2026-03-23 15:25:27.3240390 +00:00,S,P
22975,BOA SN,NULL,MCS,2026-01-31,83,2026-03-23 15:25:27.3240390 +00:00,S,P
22976,BOA SN,NULL,DIR_AGENCE_10001,2026-01-31,100,2026-03-23 15:25:27.3240390 +00:00,S,P
22977,BOA SN,NULL,O4,2026-01-31,94,2026-03-23 15:25:27.3240390 +00:00,S,P
22978,BOA SN,NULL,QX,2026-01-31,57,2026-03-23 15:25:27.3240390 +00:00,S,P
22979,BOA SN,NULL,CI,2026-01-31,100,2026-03-23 15:25:27.3240390 +00:00,S,P
22980,BOA SN,NULL,IX,2026-01-31,50,2026-03-23 15:25:27.3240390 +00:00,S,P
22981,BOA SN,NULL,9V,2026-01-31,100,2026-03-23 15:25:27.3240390 +00:00,S,P
22982,BOA SN,NULL,OJ,2026-01-31,100,2026-03-23 15:25:27.3240390 +00:00,S,P
22983,BOA SN,NULL,VM,2026-01-31,100,2026-03-23 15:25:27.3240390 +00:00,S,P
22984,BOA SN,NULL,HA,2026-01-31,0,2026-03-23 15:25:27.3240390 +00:00,S,M
22985,BOA SN,NULL,LE,2026-01-31,0,2026-03-23 15:25:27.3240390 +00:00,S,M
22986,BOA SN,NULL,MG,2026-01-31,0,2026-03-23 15:25:27.3240390 +00:00,S,M
22987,BOA SN,NULL,G5,2026-01-31,0,2026-03-23 15:25:27.3240390 +00:00,S,M
22988,BOA SN,NULL,0G,2026-01-31,0,2026-03-23 15:25:27.3240390 +00:00,S,M
22989,BOA SN,NULL,PN,2026-01-31,0,2026-03-23 15:25:27.3240390 +00:00,S,M
22990,BOA SN,NULL,P0,2026-01-31,0,2026-03-23 15:25:27.3240390 +00:00,S,M
22991,BOA SN,NULL,6L,2026-01-31,0,2026-03-23 15:25:27.3240390 +00:00,S,M
22992,BOA SN,NULL,A4,2026-01-31,0,2026-03-23 15:25:27.3240390 +00:00,S,M
22993,BOA SN,NULL,MBH,2026-01-31,0,2026-03-23 15:25:27.3240390 +00:00,S,M
22994,BOA SN,NULL,PP,2026-01-31,0,2026-03-23 15:25:27.3240390 +00:00,S,M
22995,BOA SN,NULL,SB,2026-01-31,0,2026-03-23 15:25:27.3240390 +00:00,S,M
22996,BOA SN,NULL,GO,2026-01-31,0,2026-03-23 15:25:27.3240390 +00:00,S,M
22997,BOA SN,NULL,MDM,2026-01-31,0,2026-03-23 15:25:27.3240390 +00:00,S,M
22998,BOA SN,NULL,DIR_AGENCE_4001,2026-01-31,0,2026-03-23 15:25:27.3240390 +00:00,S,M
22999,BOA SN,NULL,QH,2026-01-31,0,2026-03-23 15:25:27.3240390 +00:00,S,M
23000,BOA SN,NULL,DIR_AGENCE_5001,2026-01-31,0,2026-03-23 15:25:27.3240390 +00:00,S,M
23001,BOA SN,NULL,XQ,2026-01-31,0,2026-03-23 15:25:27.3240390 +00:00,S,M
23002,BOA SN,NULL,8F,2026-01-31,0,2026-03-23 15:25:27.3240390 +00:00,S,M
23003,BOA BJ,NULL,DM,2026-01-31,60,2026-03-23 15:25:27.4218570 +00:00,F,P
23004,BOA BJ,NULL,IDJ,2026-01-31,17,2026-03-23 15:25:27.4218570 +00:00,F,P
23005,BOA BJ,NULL,KE,2026-01-31,100,2026-03-23 15:25:27.4218570 +00:00,F,P
23006,BOA BJ,NULL,LAT,2026-01-31,0,2026-03-23 15:25:27.4218570 +00:00,F,P
23007,BOA BJ,NULL,OG,2026-01-31,100,2026-03-23 15:25:27.4218570 +00:00,F,P
23008,BOA BJ,NULL,FK,2026-01-31,76,2026-03-23 15:25:27.4218570 +00:00,F,P
23009,BOA BJ,NULL,E1,2026-01-31,100,2026-03-23 15:25:27.4218570 +00:00,F,P
23010,BOA BJ,NULL,HS,2026-01-31,90,2026-03-23 15:25:27.4218570 +00:00,F,P
23011,BOA BJ,NULL,X5,2026-01-31,100,2026-03-23 15:25:27.4218570 +00:00,F,P
23012,BOA BJ,NULL,HY,2026-01-31,100,2026-03-23 15:25:27.4218570 +00:00,F,P
23013,BOA BJ,NULL,MQ,2026-01-31,94,2026-03-23 15:25:27.4218570 +00:00,F,P
23014,BOA BJ,NULL,Q0,2026-01-31,81,2026-03-23 15:25:27.4218570 +00:00,F,P
23015,BOA BJ,NULL,UE,2026-01-31,87,2026-03-23 15:25:27.4218570 +00:00,F,P
23016,BOA BJ,NULL,V4,2026-01-31,100,2026-03-23 15:25:27.4218570 +00:00,F,P
23017,BOA BJ,NULL,9Y,2026-01-31,100,2026-03-23 15:25:27.4218570 +00:00,F,P
23018,BOA BJ,NULL,BP,2026-01-31,100,2026-03-23 15:25:27.4218570 +00:00,F,P
23019,BOA BJ,NULL,BV,2026-01-31,100,2026-03-23 15:25:27.4218570 +00:00,F,P
23020,BOA BJ,NULL,DA,2026-01-31,100,2026-03-23 15:25:27.4218570 +00:00,F,P
23021,BOA BJ,NULL,5G,2026-01-31,100,2026-03-23 15:25:27.4218570 +00:00,F,P
23022,BOA BJ,NULL,OA,2026-01-31,100,2026-03-23 15:25:27.4218570 +00:00,F,P
23023,BOA BJ,NULL,1I,2026-01-31,95,2026-03-23 15:25:27.4218570 +00:00,F,P
23024,BOA BJ,NULL,NQ,2026-01-31,92,2026-03-23 15:25:27.4218570 +00:00,F,P
23025,BOA BJ,NULL,UB,2026-01-31,100,2026-03-23 15:25:27.4218570 +00:00,F,P
23026,BOA BJ,NULL,FM,2026-01-31,98,2026-03-23 15:25:27.4218570 +00:00,F,P
23027,BOA BJ,NULL,UA,2026-01-31,96,2026-03-23 15:25:27.4218570 +00:00,F,P
23028,BOA BJ,NULL,R,2026-01-31,100,2026-03-23 15:25:27.4218570 +00:00,F,P
23029,BOA BJ,NULL,RU,2026-01-31,94,2026-03-23 15:25:27.4218570 +00:00,F,P
23030,BOA BJ,NULL,4V,2026-01-31,96,2026-03-23 15:25:27.4218570 +00:00,F,P
23031,BOA BJ,NULL,VL,2026-01-31,92,2026-03-23 15:25:27.4218570 +00:00,F,P
23032,BOA BJ,NULL,HH,2026-01-31,98,2026-03-23 15:25:27.4218570 +00:00,F,P
23033,BOA BJ,NULL,J8,2026-01-31,100,2026-03-23 15:25:27.4218570 +00:00,F,P
23034,BOA BJ,NULL,COT,2026-01-31,100,2026-03-23 15:25:27.4218570 +00:00,F,P
23035,BOA BJ,NULL,MD,2026-01-31,100,2026-03-23 15:25:27.4218570 +00:00,F,P
23036,BOA BJ,NULL,CO,2026-01-31,96,2026-03-23 15:25:27.4228690 +00:00,F,P
23037,BOA BJ,NULL,SA,2026-01-31,93,2026-03-23 15:25:27.4228690 +00:00,F,P
23038,BOA BJ,NULL,D2,2026-01-31,0,2026-03-23 15:25:27.4228690 +00:00,F,M
23039,BOA BJ,NULL,LT,2026-01-31,0,2026-03-23 15:25:27.4228690 +00:00,F,M
23040,BOA BJ,NULL,6Y,2026-01-31,0,2026-03-23 15:25:27.4228690 +00:00,F,M
23041,BOA BJ,NULL,I7,2026-01-31,0,2026-03-23 15:25:27.4228690 +00:00,F,M
23042,BOA BJ,NULL,UK,2026-01-31,100,2026-03-23 15:25:27.4228690 +00:00,F,M
23043,BOA BJ,NULL,VS,2026-01-31,0,2026-03-23 15:25:27.4228690 +00:00,F,M
23044,BOA BJ,NULL,SV,2026-01-31,72,2026-03-23 15:25:27.4228690 +00:00,F,M
23045,BOA BJ,NULL,BJ,2026-01-31,100,2026-03-23 15:25:27.4228690 +00:00,F,M
23046,BOA BJ,NULL,BK,2026-01-31,71,2026-03-23 15:25:27.4228690 +00:00,F,M
23047,BOA BJ,NULL,TH,2026-01-31,40,2026-03-23 15:25:27.4228690 +00:00,F,M
23048,BOA BJ,NULL,B3,2026-01-31,100,2026-03-23 15:25:27.4228690 +00:00,F,M
23049,BOA BJ,NULL,YM,2026-01-31,33,2026-03-23 15:25:27.4228690 +00:00,F,M
23050,BOA BJ,NULL,13,2026-01-31,0,2026-03-23 15:25:27.4228690 +00:00,F,M
23051,BOA BJ,NULL,10,2026-01-31,0,2026-03-23 15:25:27.4228690 +00:00,F,M
23052,BOA BJ,NULL,5A,2026-01-31,0,2026-03-23 15:25:27.4228690 +00:00,F,M
23053,BOA BJ,NULL,NH,2026-01-31,0,2026-03-23 15:25:27.4228690 +00:00,F,M
23054,BOA BJ,NULL,DF,2026-01-31,0,2026-03-23 15:25:27.4228690 +00:00,F,M
23055,BOA BJ,NULL,SX,2026-01-31,50,2026-03-23 15:25:27.4228690 +00:00,F,M
23056,BOA BJ,NULL,PA,2026-01-31,0,2026-03-23 15:25:27.4228690 +00:00,F,M
23057,BOA BJ,NULL,T3,2026-01-31,0,2026-03-23 15:25:27.4228690 +00:00,F,M
23058,BOA BJ,NULL,YK,2026-01-31,0,2026-03-23 15:25:27.4228690 +00:00,F,M
23059,BOA BJ,NULL,JA,2026-01-31,0,2026-03-23 15:25:27.4228690 +00:00,F,M
23060,BOA BJ,NULL,4A,2026-01-31,0,2026-03-23 15:25:27.4228690 +00:00,S,P
23061,BOA BJ,NULL,CI,2026-01-31,37,2026-03-23 15:25:27.4228690 +00:00,S,P
23062,BOA BJ,NULL,HU,2026-01-31,100,2026-03-23 15:25:27.4228690 +00:00,S,P
23063,BOA BJ,NULL,L0,2026-01-31,100,2026-03-23 15:25:27.4228690 +00:00,S,P
23064,BOA BJ,NULL,RA,2026-01-31,0,2026-03-23 15:25:27.4228690 +00:00,S,P
23065,BOA BJ,NULL,RG,2026-01-31,100,2026-03-23 15:25:27.4228690 +00:00,S,P
23066,BOA BJ,NULL,00,2026-01-31,100,2026-03-23 15:25:27.4228690 +00:00,S,P
23067,BOA BJ,NULL,0Y,2026-01-31,100,2026-03-23 15:25:27.4228690 +00:00,S,P
23068,BOA BJ,NULL,3A,2026-01-31,100,2026-03-23 15:25:27.4228690 +00:00,S,P
23069,BOA BJ,NULL,4Y,2026-01-31,63,2026-03-23 15:25:27.4228690 +00:00,S,P
23070,BOA BJ,NULL,7C,2026-01-31,90,2026-03-23 15:25:27.4228690 +00:00,S,P
23071,BOA BJ,NULL,B5,2026-01-31,87,2026-03-23 15:25:27.4228690 +00:00,S,P
23072,BOA BJ,NULL,BS,2026-01-31,100,2026-03-23 15:25:27.4228690 +00:00,S,P
23073,BOA BJ,NULL,DC,2026-01-31,90,2026-03-23 15:25:27.4228690 +00:00,S,P
23074,BOA BJ,NULL,EVA,2026-01-31,92,2026-03-23 15:25:27.4228690 +00:00,S,P
23075,BOA BJ,NULL,H5,2026-01-31,7,2026-03-23 15:25:27.4228690 +00:00,S,P
23076,BOA BJ,NULL,HG1,2026-01-31,100,2026-03-23 15:25:27.4228690 +00:00,S,P
23077,BOA BJ,NULL,HK,2026-01-31,88,2026-03-23 15:25:27.4228690 +00:00,S,P
23078,BOA BJ,NULL,ID,2026-01-31,0,2026-03-23 15:25:27.4228690 +00:00,S,P
23079,BOA BJ,NULL,IS,2026-01-31,18,2026-03-23 15:25:27.4228690 +00:00,S,P
23080,BOA BJ,NULL,N5,2026-01-31,0,2026-03-23 15:25:27.4228690 +00:00,S,P
23081,BOA BJ,NULL,DIR_AGENCE_1001,2026-01-31,4,2026-03-23 15:25:27.4228690 +00:00,S,P
23082,BOA BJ,NULL,P6,2026-01-31,85,2026-03-23 15:25:27.4228690 +00:00,S,P
23083,BOA BJ,NULL,PO,2026-01-31,90,2026-03-23 15:25:27.4228690 +00:00,S,P
23084,BOA BJ,NULL,S0,2026-01-31,83,2026-03-23 15:25:27.4228690 +00:00,S,P
23085,BOA BJ,NULL,V5,2026-01-31,100,2026-03-23 15:25:27.4228690 +00:00,S,P
23086,BOA BJ,NULL,06,2026-01-31,88,2026-03-23 15:25:27.4228690 +00:00,S,P
23087,BOA BJ,NULL,6V,2026-01-31,100,2026-03-23 15:25:27.4228690 +00:00,S,P
23088,BOA BJ,NULL,F3,2026-01-31,42,2026-03-23 15:25:27.4228690 +00:00,S,P
23089,BOA BJ,NULL,FG,2026-01-31,57,2026-03-23 15:25:27.4228690 +00:00,S,P
23090,BOA BJ,NULL,GB,2026-01-31,26,2026-03-23 15:25:27.4228690 +00:00,S,P
23091,BOA BJ,NULL,HV,2026-01-31,16,2026-03-23 15:25:27.4228690 +00:00,S,P
23092,BOA BJ,NULL,XU,2026-01-31,61,2026-03-23 15:25:27.4228690 +00:00,S,P
23093,BOA BJ,NULL,Y4,2026-01-31,100,2026-03-23 15:25:27.4228690 +00:00,S,P
23094,BOA BJ,NULL,M9,2026-01-31,62,2026-03-23 15:25:27.4228690 +00:00,S,P
23095,BOA BJ,NULL,CN,2026-01-31,49,2026-03-23 15:25:27.4228690 +00:00,S,P
23096,BOA BJ,NULL,D5,2026-01-31,94,2026-03-23 15:25:27.4228690 +00:00,S,P
23097,BOA BJ,NULL,GJ,2026-01-31,100,2026-03-23 15:25:27.4228690 +00:00,S,P
23098,BOA BJ,NULL,LI,2026-01-31,50,2026-03-23 15:25:27.4228690 +00:00,S,P
23099,BOA BJ,NULL,LN,2026-01-31,100,2026-03-23 15:25:27.4228690 +00:00,S,P
23100,BOA BJ,NULL,PZ,2026-01-31,83,2026-03-23 15:25:27.4238580 +00:00,S,P
23101,BOA BJ,NULL,Q9,2026-01-31,100,2026-03-23 15:25:27.4238580 +00:00,S,P
23102,BOA BJ,NULL,ST,2026-01-31,78,2026-03-23 15:25:27.4238580 +00:00,S,P
23103,BOA BJ,NULL,11,2026-01-31,96,2026-03-23 15:25:27.4238580 +00:00,S,P
23104,BOA BJ,NULL,2M,2026-01-31,100,2026-03-23 15:25:27.4238580 +00:00,S,P
23105,BOA BJ,NULL,A0,2026-01-31,57,2026-03-23 15:25:27.4238580 +00:00,S,P
23106,BOA BJ,NULL,AS,2026-01-31,90,2026-03-23 15:25:27.4238580 +00:00,S,P
23107,BOA BJ,NULL,AX,2026-01-31,17,2026-03-23 15:25:27.4238580 +00:00,S,P
23108,BOA BJ,NULL,EU,2026-01-31,94,2026-03-23 15:25:27.4238580 +00:00,S,P
23109,BOA BJ,NULL,KR,2026-01-31,75,2026-03-23 15:25:27.4238580 +00:00,S,P
23110,BOA BJ,NULL,QO,2026-01-31,100,2026-03-23 15:25:27.4238580 +00:00,S,P
23111,BOA BJ,NULL,QU,2026-01-31,100,2026-03-23 15:25:27.4238580 +00:00,S,P
23112,BOA BJ,NULL,S6,2026-01-31,100,2026-03-23 15:25:27.4238580 +00:00,S,P
23113,BOA BJ,NULL,SS,2026-01-31,84,2026-03-23 15:25:27.4238580 +00:00,S,P
23114,BOA BJ,NULL,TD,2026-01-31,100,2026-03-23 15:25:27.4238580 +00:00,S,P
23115,BOA BJ,NULL,Y7,2026-01-31,100,2026-03-23 15:25:27.4238580 +00:00,S,P
23116,BOA BJ,NULL,1L,2026-01-31,87,2026-03-23 15:25:27.4238580 +00:00,S,P
23117,BOA BJ,NULL,4I,2026-01-31,59,2026-03-23 15:25:27.4238580 +00:00,S,P
23118,BOA BJ,NULL,6T,2026-01-31,100,2026-03-23 15:25:27.4238580 +00:00,S,P
23119,BOA BJ,NULL,7Q,2026-01-31,100,2026-03-23 15:25:27.4238580 +00:00,S,P
23120,BOA BJ,NULL,9R,2026-01-31,100,2026-03-23 15:25:27.4238580 +00:00,S,P
23121,BOA BJ,NULL,GG,2026-01-31,100,2026-03-23 15:25:27.4238580 +00:00,S,P
23122,BOA BJ,NULL,IL,2026-01-31,7,2026-03-23 15:25:27.4238580 +00:00,S,P
23123,BOA BJ,NULL,KI,2026-01-31,87,2026-03-23 15:25:27.4238580 +00:00,S,P
23124,BOA BJ,NULL,KL,2026-01-31,100,2026-03-23 15:25:27.4238580 +00:00,S,P
23125,BOA BJ,NULL,OB,2026-01-31,85,2026-03-23 15:25:27.4238580 +00:00,S,P
23126,BOA BJ,NULL,OP,2026-01-31,100,2026-03-23 15:25:27.4238580 +00:00,S,P
23127,BOA BJ,NULL,P0,2026-01-31,57,2026-03-23 15:25:27.4238580 +00:00,S,P
23128,BOA BJ,NULL,PP,2026-01-31,100,2026-03-23 15:25:27.4238580 +00:00,S,P
23129,BOA BJ,NULL,SOU,2026-01-31,84,2026-03-23 15:25:27.4238580 +00:00,S,P
23130,BOA BJ,NULL,X0,2026-01-31,98,2026-03-23 15:25:27.4238580 +00:00,S,P
23131,BOA BJ,NULL,XO,2026-01-31,75,2026-03-23 15:25:27.5009410 +00:00,S,P
23132,BOA BJ,NULL,XV,2026-01-31,100,2026-03-23 15:25:27.5009410 +00:00,S,P
23133,BOA BJ,NULL,8L,2026-01-31,70,2026-03-23 15:25:27.5009410 +00:00,S,P
23134,BOA BJ,NULL,DA?,2026-01-31,100,2026-03-23 15:25:27.5009410 +00:00,S,P
23135,BOA BJ,NULL,G2,2026-01-31,97,2026-03-23 15:25:27.5009410 +00:00,S,P
23136,BOA BJ,NULL,QN,2026-01-31,89,2026-03-23 15:25:27.5009410 +00:00,S,P
23137,BOA BJ,NULL,YG,2026-01-31,77,2026-03-23 15:25:27.5009410 +00:00,S,P
23138,BOA BJ,NULL,1E,2026-01-31,89,2026-03-23 15:25:27.5009410 +00:00,S,P
23139,BOA BJ,NULL,3D,2026-01-31,72,2026-03-23 15:25:27.5009410 +00:00,S,P
23140,BOA BJ,NULL,3N,2026-01-31,92,2026-03-23 15:25:27.5009410 +00:00,S,P
23141,BOA BJ,NULL,5Y,2026-01-31,100,2026-03-23 15:25:27.5009410 +00:00,S,P
23142,BOA BJ,NULL,6D,2026-01-31,50,2026-03-23 15:25:27.5009410 +00:00,S,P
23143,BOA BJ,NULL,6K,2026-01-31,100,2026-03-23 15:25:27.5009410 +00:00,S,P
23144,BOA BJ,NULL,84,2026-01-31,100,2026-03-23 15:25:27.5009410 +00:00,S,P
23145,BOA BJ,NULL,8W,2026-01-31,100,2026-03-23 15:25:27.5009410 +00:00,S,P
23146,BOA BJ,NULL,94,2026-01-31,100,2026-03-23 15:25:27.5009410 +00:00,S,P
23147,BOA BJ,NULL,9U,2026-01-31,50,2026-03-23 15:25:27.5009410 +00:00,S,P
23148,BOA BJ,NULL,AD,2026-01-31,0,2026-03-23 15:25:27.5009410 +00:00,S,P
23149,BOA BJ,NULL,AJ,2026-01-31,50,2026-03-23 15:25:27.5009410 +00:00,S,P
23150,BOA BJ,NULL,AZI,2026-01-31,90,2026-03-23 15:25:27.5009410 +00:00,S,P
23151,BOA BJ,NULL,B2,2026-01-31,79,2026-03-23 15:25:27.5009410 +00:00,S,P
23152,BOA BJ,NULL,BU,2026-01-31,66,2026-03-23 15:25:27.5009410 +00:00,S,P
23153,BOA BJ,NULL,C4,2026-01-31,82,2026-03-23 15:25:27.5009410 +00:00,S,P
23154,BOA BJ,NULL,CB,2026-01-31,56,2026-03-23 15:25:27.5009410 +00:00,S,P
23155,BOA BJ,NULL,CG,2026-01-31,66,2026-03-23 15:25:27.5009410 +00:00,S,P
23156,BOA BJ,NULL,D0,2026-01-31,100,2026-03-23 15:25:27.5009410 +00:00,S,P
23157,BOA BJ,NULL,D4,2026-01-31,100,2026-03-23 15:25:27.5009410 +00:00,S,P
23158,BOA BJ,NULL,D8,2026-01-31,0,2026-03-23 15:25:27.5009410 +00:00,S,P
23159,BOA BJ,NULL,DI,2026-01-31,0,2026-03-23 15:25:27.5009410 +00:00,S,P
23160,BOA BJ,NULL,DR,2026-01-31,60,2026-03-23 15:25:27.5009410 +00:00,S,P
23161,BOA BJ,NULL,E2,2026-01-31,66,2026-03-23 15:25:27.5019420 +00:00,S,P
23162,BOA BJ,NULL,EGI,2026-01-31,100,2026-03-23 15:25:27.5019420 +00:00,S,P
23163,BOA BJ,NULL,EL,2026-01-31,70,2026-03-23 15:25:27.5019420 +00:00,S,P
23164,BOA BJ,NULL,GE,2026-01-31,94,2026-03-23 15:25:27.5019420 +00:00,S,P
23165,BOA BJ,NULL,GT,2026-01-31,79,2026-03-23 15:25:27.5019420 +00:00,S,P
23166,BOA BJ,NULL,HM,2026-01-31,0,2026-03-23 15:25:27.5019420 +00:00,S,P
23167,BOA BJ,NULL,JC,2026-01-31,84,2026-03-23 15:25:27.5019420 +00:00,S,P
23168,BOA BJ,NULL,KO,2026-01-31,75,2026-03-23 15:25:27.5019420 +00:00,S,P
23169,BOA BJ,NULL,L2,2026-01-31,0,2026-03-23 15:25:27.5019420 +00:00,S,P
23170,BOA BJ,NULL,L4,2026-01-31,100,2026-03-23 15:25:27.5019420 +00:00,S,P
23171,BOA BJ,NULL,LJ,2026-01-31,94,2026-03-23 15:25:27.5019420 +00:00,S,P
23172,BOA BJ,NULL,LM,2026-01-31,100,2026-03-23 15:25:27.5019420 +00:00,S,P
23173,BOA BJ,NULL,ME,2026-01-31,66,2026-03-23 15:25:27.5019420 +00:00,S,P
23174,BOA BJ,NULL,MOL,2026-01-31,100,2026-03-23 15:25:27.5019420 +00:00,S,P
23175,BOA BJ,NULL,N2,2026-01-31,100,2026-03-23 15:25:27.5019420 +00:00,S,P
23176,BOA BJ,NULL,N9,2026-01-31,100,2026-03-23 15:25:27.5019420 +00:00,S,P
23177,BOA BJ,NULL,DIR_AGENCE_1010,2026-01-31,50,2026-03-23 15:25:27.5019420 +00:00,S,P
23178,BOA BJ,NULL,NC,2026-01-31,85,2026-03-23 15:25:27.5019420 +00:00,S,P
23179,BOA BJ,NULL,NE,2026-01-31,50,2026-03-23 15:25:27.5019420 +00:00,S,P
23180,BOA BJ,NULL,NG,2026-01-31,75,2026-03-23 15:25:27.5019420 +00:00,S,P
23181,BOA BJ,NULL,NJ,2026-01-31,50,2026-03-23 15:25:27.5019420 +00:00,S,P
23182,BOA BJ,NULL,NT,2026-01-31,100,2026-03-23 15:25:27.5019420 +00:00,S,P
23183,BOA BJ,NULL,ONI,2026-01-31,100,2026-03-23 15:25:27.5019420 +00:00,S,P
23184,BOA BJ,NULL,P62,2026-01-31,100,2026-03-23 15:25:27.5019420 +00:00,S,P
23185,BOA BJ,NULL,PC,2026-01-31,100,2026-03-23 15:25:27.5019420 +00:00,S,P
23186,BOA BJ,NULL,PD,2026-01-31,0,2026-03-23 15:25:27.5019420 +00:00,S,P
23187,BOA BJ,NULL,PE,2026-01-31,50,2026-03-23 15:25:27.5019420 +00:00,S,P
23188,BOA BJ,NULL,QQ,2026-01-31,100,2026-03-23 15:25:27.5019420 +00:00,S,P
23189,BOA BJ,NULL,QR,2026-01-31,100,2026-03-23 15:25:27.5019420 +00:00,S,P
23190,BOA BJ,NULL,QS,2026-01-31,86,2026-03-23 15:25:27.5019420 +00:00,S,P
23191,BOA BJ,NULL,R2,2026-01-31,80,2026-03-23 15:25:27.5019420 +00:00,S,P
23192,BOA BJ,NULL,R3,2026-01-31,100,2026-03-23 15:25:27.5019420 +00:00,S,P
23193,BOA BJ,NULL,R4,2026-01-31,0,2026-03-23 15:25:27.5019420 +00:00,S,P
23194,BOA BJ,NULL,S5,2026-01-31,0,2026-03-23 15:25:27.5019420 +00:00,S,P
23195,BOA BJ,NULL,SQ,2026-01-31,100,2026-03-23 15:25:27.5019420 +00:00,S,P
23196,BOA BJ,NULL,SY,2026-01-31,100,2026-03-23 15:25:27.5019420 +00:00,S,P
23197,BOA BJ,NULL,TOS,2026-01-31,100,2026-03-23 15:25:27.5019420 +00:00,S,P
23198,BOA BJ,NULL,U3,2026-01-31,25,2026-03-23 15:25:27.5019420 +00:00,S,P
23199,BOA BJ,NULL,U4,2026-01-31,79,2026-03-23 15:25:27.5019420 +00:00,S,P
23200,BOA BJ,NULL,UC,2026-01-31,75,2026-03-23 15:25:27.5019420 +00:00,S,P
23201,BOA BJ,NULL,UH,2026-01-31,100,2026-03-23 15:25:27.5019420 +00:00,S,P
23202,BOA BJ,NULL,VO,2026-01-31,0,2026-03-23 15:25:27.5019420 +00:00,S,P
23203,BOA BJ,NULL,X4,2026-01-31,91,2026-03-23 15:25:27.5019420 +00:00,S,P
23204,BOA BJ,NULL,XE,2026-01-31,83,2026-03-23 15:25:27.5019420 +00:00,S,P
23205,BOA BJ,NULL,YC,2026-01-31,50,2026-03-23 15:25:27.5019420 +00:00,S,P
23206,BOA BJ,NULL,ZC,2026-01-31,50,2026-03-23 15:25:27.5019420 +00:00,S,P
23207,BOA BJ,NULL,2S,2026-01-31,95,2026-03-23 15:25:27.5019420 +00:00,S,P
23208,BOA BJ,NULL,AO,2026-01-31,91,2026-03-23 15:25:27.5019420 +00:00,S,P
23209,BOA BJ,NULL,ATI,2026-01-31,94,2026-03-23 15:25:27.5019420 +00:00,S,P
23210,BOA BJ,NULL,GP,2026-01-31,100,2026-03-23 15:25:27.5019420 +00:00,S,P
23211,BOA BJ,NULL,T8,2026-01-31,100,2026-03-23 15:25:27.5019420 +00:00,S,P
23212,BOA BJ,NULL,1A,2026-01-31,100,2026-03-23 15:25:27.5019420 +00:00,S,P
23213,BOA BJ,NULL,9B,2026-01-31,66,2026-03-23 15:25:27.5019420 +00:00,S,P
23214,BOA BJ,NULL,CC,2026-01-31,93,2026-03-23 15:25:27.5019420 +00:00,S,P
23215,BOA BJ,NULL,ML,2026-01-31,100,2026-03-23 15:25:27.5019420 +00:00,S,P
23216,BOA BJ,NULL,MMI,2026-01-31,100,2026-03-23 15:25:27.5019420 +00:00,S,P
23217,BOA BJ,NULL,DIR_AGENCE_1013,2026-01-31,100,2026-03-23 15:25:27.5019420 +00:00,S,P
23218,BOA BJ,NULL,SM,2026-01-31,42,2026-03-23 15:25:27.5019420 +00:00,S,P
23219,BOA BJ,NULL,03,2026-01-31,100,2026-03-23 15:25:27.5019420 +00:00,S,P
23220,BOA BJ,NULL,4K,2026-01-31,94,2026-03-23 15:25:27.5019420 +00:00,S,P
23221,BOA BJ,NULL,HF,2026-01-31,84,2026-03-23 15:25:27.5019420 +00:00,S,P
23222,BOA BJ,NULL,N3,2026-01-31,100,2026-03-23 15:25:27.5019420 +00:00,S,P
23223,BOA BJ,NULL,UN,2026-01-31,100,2026-03-23 15:25:27.5019420 +00:00,S,P
23224,BOA BJ,NULL,XY,2026-01-31,93,2026-03-23 15:25:27.5019420 +00:00,S,P
23225,BOA BJ,NULL,25,2026-01-31,33,2026-03-23 15:25:27.5019420 +00:00,S,P
23226,BOA BJ,NULL,FS,2026-01-31,100,2026-03-23 15:25:27.5019420 +00:00,S,P
23227,BOA BJ,NULL,44,2026-01-31,100,2026-03-23 15:25:27.5019420 +00:00,S,P
23228,BOA BJ,NULL,MR,2026-01-31,93,2026-03-23 15:25:27.5019420 +00:00,S,P
23229,BOA BJ,NULL,R1,2026-01-31,100,2026-03-23 15:25:27.5019420 +00:00,S,P
23230,BOA BJ,NULL,R6,2026-01-31,100,2026-03-23 15:25:27.5019420 +00:00,S,P
23231,BOA BJ,NULL,YB,2026-01-31,91,2026-03-23 15:25:27.5019420 +00:00,S,P
23232,BOA BJ,NULL,49,2026-01-31,100,2026-03-23 15:25:27.5029370 +00:00,S,P
23233,BOA BJ,NULL,DS,2026-01-31,80,2026-03-23 15:25:27.5029370 +00:00,S,P
23234,BOA BJ,NULL,JB,2026-01-31,100,2026-03-23 15:25:27.5029370 +00:00,S,P
23235,BOA BJ,NULL,JE,2026-01-31,100,2026-03-23 15:25:27.5029370 +00:00,S,P
23236,BOA BJ,NULL,QL,2026-01-31,100,2026-03-23 15:25:27.5029370 +00:00,S,P
23237,BOA BJ,NULL,8C,2026-01-31,85,2026-03-23 15:25:27.5029370 +00:00,S,P
23238,BOA BJ,NULL,C0,2026-01-31,100,2026-03-23 15:25:27.5029370 +00:00,S,P
23239,BOA BJ,NULL,CA,2026-01-31,100,2026-03-23 15:25:27.5029370 +00:00,S,P
23240,BOA BJ,NULL,TR,2026-01-31,100,2026-03-23 15:25:27.5029370 +00:00,S,P
23241,BOA BJ,NULL,AU,2026-01-31,0,2026-03-23 15:25:27.5029370 +00:00,S,P
23242,BOA BJ,NULL,DIR_AGENCE_1025,2026-01-31,3,2026-03-23 15:25:27.5029370 +00:00,S,P
23243,BOA BJ,NULL,1D,2026-01-31,50,2026-03-23 15:25:27.5029370 +00:00,S,P
23244,BOA BJ,NULL,LD,2026-01-31,100,2026-03-23 15:25:27.5029370 +00:00,S,P
23245,BOA BJ,NULL,CW,2026-01-31,100,2026-03-23 15:25:27.5029370 +00:00,S,P
23246,BOA BJ,NULL,GM,2026-01-31,100,2026-03-23 15:25:27.5029370 +00:00,S,P
23247,BOA BJ,NULL,O6,2026-01-31,93,2026-03-23 15:25:27.5029370 +00:00,S,P
23248,BOA BJ,NULL,O8,2026-01-31,100,2026-03-23 15:25:27.5029370 +00:00,S,P
23249,BOA BJ,NULL,K7,2026-01-31,0,2026-03-23 15:25:27.5029370 +00:00,S,P
23250,BOA BJ,NULL,M0,2026-01-31,0,2026-03-23 15:25:27.5029370 +00:00,S,P
23251,BOA BJ,NULL,P1,2026-01-31,0,2026-03-23 15:25:27.5029370 +00:00,S,P
23252,BOA BJ,NULL,TL,2026-01-31,0,2026-03-23 15:25:27.5029370 +00:00,S,P
23253,BOA BJ,NULL,W8,2026-01-31,2,2026-03-23 15:25:27.5029370 +00:00,S,P
23254,BOA BJ,NULL,HC,2026-01-31,0,2026-03-23 15:25:27.5029370 +00:00,S,M
23255,BOA BJ,NULL,HD,2026-01-31,0,2026-03-23 15:25:27.5029370 +00:00,S,M
23256,BOA BJ,NULL,HI,2026-01-31,0,2026-03-23 15:25:27.5029370 +00:00,S,M
23257,BOA BJ,NULL,DIR_AGENCE_1000,2026-01-31,0,2026-03-23 15:25:27.5029370 +00:00,S,M
23258,BOA BJ,NULL,TF,2026-01-31,0,2026-03-23 15:25:27.5029370 +00:00,S,M
23259,BOA BJ,NULL,CF,2026-01-31,0,2026-03-23 15:25:27.5714390 +00:00,S,M
23260,BOA BJ,NULL,QC,2026-01-31,0,2026-03-23 15:25:27.5714390 +00:00,S,M
23261,BOA BJ,NULL,T0,2026-01-31,0,2026-03-23 15:25:27.5714390 +00:00,S,M
23262,BOA BJ,NULL,DO,2026-01-31,0,2026-03-23 15:25:27.5714390 +00:00,S,M
23263,BOA BJ,NULL,CM,2026-01-31,33,2026-03-23 15:25:27.5714390 +00:00,S,M
23264,BOA BJ,NULL,DN,2026-01-31,3,2026-03-23 15:25:27.5714390 +00:00,S,M
23265,BOA BJ,NULL,JJ,2026-01-31,0,2026-03-23 15:25:27.5714390 +00:00,S,M
23266,BOA BJ,NULL,KH,2026-01-31,0,2026-03-23 15:25:27.5714390 +00:00,S,M
23267,BOA BJ,NULL,MN,2026-01-31,0,2026-03-23 15:25:27.5714390 +00:00,S,M
23268,BOA BJ,NULL,DIR_AGENCE_1028,2026-01-31,0,2026-03-23 15:25:27.5714390 +00:00,S,M
23269,BOA BJ,NULL,U7,2026-01-31,100,2026-03-23 15:25:27.5714390 +00:00,S,M
23270,BOA BJ,NULL,YQ,2026-01-31,100,2026-03-23 15:25:27.5714390 +00:00,S,M
23271,BOA BJ,NULL,AR,2026-01-31,0,2026-03-23 15:25:27.5714390 +00:00,S,M
23272,BOA BJ,NULL,KV,2026-01-31,0,2026-03-23 15:25:27.5714390 +00:00,S,M
23273,BOA BJ,NULL,U2,2026-01-31,0,2026-03-23 15:25:27.5714390 +00:00,S,M
23274,BOA BJ,NULL,0P,2026-01-31,0,2026-03-23 15:25:27.5714390 +00:00,S,M
23275,BOA BJ,NULL,TS,2026-01-31,0,2026-03-23 15:25:27.5714390 +00:00,S,M
23276,BOA BJ,NULL,NP,2026-01-31,0,2026-03-23 15:25:27.5714390 +00:00,S,M
23277,BOA BJ,NULL,O2,2026-01-31,0,2026-03-23 15:25:27.5714390 +00:00,S,M
23278,BOA BJ,NULL,QV,2026-01-31,0,2026-03-23 15:25:27.5714390 +00:00,S,M
23279,BOA BJ,NULL,B1,2026-01-31,50,2026-03-23 15:25:27.5739560 +00:00,S,M
23280,BOA BJ,NULL,W9,2026-01-31,0,2026-03-23 15:25:27.5739560 +00:00,S,M
23281,BOA BJ,NULL,AFA,2026-01-31,100,2026-03-23 15:25:27.5739560 +00:00,S,M
23282,BOA BJ,NULL,C3,2026-01-31,100,2026-03-23 15:25:27.5739560 +00:00,S,M
23283,BOA BJ,NULL,CT,2026-01-31,0,2026-03-23 15:25:27.5739560 +00:00,S,M
23284,BOA BJ,NULL,YI,2026-01-31,0,2026-03-23 15:25:27.5739560 +00:00,S,M
23285,BOA BJ,NULL,2P,2026-01-31,0,2026-03-23 15:25:27.5739560 +00:00,S,M
23286,BOA BJ,NULL,H4,2026-01-31,0,2026-03-23 15:25:27.5739560 +00:00,S,M
23287,BOA BJ,NULL,RV,2026-01-31,0,2026-03-23 15:25:27.5739560 +00:00,S,M
23288,BOA BJ,NULL,FI,2026-01-31,5,2026-03-23 15:25:27.5739560 +00:00,S,M
23289,BOA BJ,NULL,6T1,2026-01-31,0,2026-03-23 15:25:27.5739560 +00:00,S,M
23290,BOA BJ,NULL,AM,2026-01-31,22,2026-03-23 15:25:27.5739560 +00:00,S,M
23291,BOA BJ,NULL,DJC,2026-01-31,0,2026-03-23 15:25:27.5739560 +00:00,S,M
23292,BOA BJ,NULL,GNF,2026-01-31,0,2026-03-23 15:25:27.5739560 +00:00,S,M
23293,BOA BJ,NULL,KD,2026-01-31,0,2026-03-23 15:25:27.5739560 +00:00,S,M
23294,BOA BJ,NULL,KD1,2026-01-31,0,2026-03-23 15:25:27.5739560 +00:00,S,M
23295,BOA BJ,NULL,KW,2026-01-31,0,2026-03-23 15:25:27.5739560 +00:00,S,M
23296,BOA BJ,NULL,RN,2026-01-31,0,2026-03-23 15:25:27.5739560 +00:00,S,M
23297,BOA BJ,NULL,04,2026-01-31,0,2026-03-23 15:25:27.5739560 +00:00,S,M
23298,BOA BJ,NULL,F1,2026-01-31,1,2026-03-23 15:25:27.5739560 +00:00,S,M
23299,BOA BJ,NULL,GF,2026-01-31,0,2026-03-23 15:25:27.5739560 +00:00,S,M
23300,BOA BJ,NULL,WS,2026-01-31,0,2026-03-23 15:25:27.5739560 +00:00,S,M
23301,BOA BJ,NULL,X2,2026-01-31,0,2026-03-23 15:25:27.5739560 +00:00,S,M
23302,BOA BJ,NULL,1B,2026-01-31,0,2026-03-23 15:25:27.5739560 +00:00,S,M
23303,BOA BJ,NULL,47,2026-01-31,0,2026-03-23 15:25:27.5739560 +00:00,S,M
23304,BOA BJ,NULL,DIR_AGENCE_8001,2026-01-31,0,2026-03-23 15:25:27.5739560 +00:00,S,M
23305,BOA BJ,NULL,VB,2026-01-31,0,2026-03-23 15:25:27.5739560 +00:00,S,M
23306,BOA BJ,NULL,TJ,2026-01-31,0,2026-03-23 15:25:27.5739560 +00:00,S,M
23307,BOA BJ,NULL,5M,2026-01-31,0,2026-03-23 15:25:27.5739560 +00:00,S,M
23308,BOA BJ,NULL,BAB,2026-01-31,100,2026-03-23 15:25:27.5739560 +00:00,S,M
23309,BOA BJ,NULL,8A,2026-01-31,0,2026-03-23 15:25:27.5739560 +00:00,S,M
23310,BOA BJ,NULL,BQ,2026-01-31,0,2026-03-23 15:25:27.5739560 +00:00,S,M
23311,BOA BJ,NULL,DIR_AGENCE_12001,2026-01-31,0,2026-03-23 15:25:27.5739560 +00:00,S,M
23312,BOA BJ,NULL,4B,2026-01-31,57,2026-03-23 15:25:27.5739560 +00:00,S,M
23313,BOA BJ,NULL,4O,2026-01-31,66,2026-03-23 15:25:27.5739560 +00:00,S,M
23314,BOA BJ,NULL,7G,2026-01-31,0,2026-03-23 15:25:27.5739560 +00:00,S,M
23315,BOA BJ,NULL,AHA,2026-01-31,0,2026-03-23 15:25:27.5739560 +00:00,S,M
23316,BOA BJ,NULL,DIR_AGENCE_13001,2026-01-31,0,2026-03-23 15:25:27.5739560 +00:00,S,M
23317,BOA BJ,NULL,SSY,2026-01-31,13,2026-03-23 15:25:27.5739560 +00:00,S,M
23318,BOA BJ,NULL,K8,2026-01-31,0,2026-03-23 15:25:27.5739560 +00:00,S,M
23319,BOA BJ,NULL,RK,2026-01-31,0,2026-03-23 15:25:27.5739560 +00:00,S,M
23320,BOA NE,NULL,0K,2026-01-31,97,2026-03-23 15:25:27.6273270 +00:00,F,P
23321,BOA NE,NULL,08,2026-01-31,75,2026-03-23 15:25:27.6273270 +00:00,F,P
23322,BOA NE,NULL,Z5,2026-01-31,100,2026-03-23 15:25:27.6273270 +00:00,F,P
23323,BOA NE,NULL,TC,2026-01-31,100,2026-03-23 15:25:27.6273270 +00:00,F,P
23324,BOA NE,NULL,I8,2026-01-31,100,2026-03-23 15:25:27.6273270 +00:00,F,P
23325,BOA NE,NULL,8F,2026-01-31,100,2026-03-23 15:25:27.6273270 +00:00,F,P
23326,BOA NE,NULL,UE,2026-01-31,100,2026-03-23 15:25:27.6273270 +00:00,F,P
23327,BOA NE,NULL,L8,2026-01-31,100,2026-03-23 15:25:27.6273270 +00:00,F,P
23328,BOA NE,NULL,Z3,2026-01-31,24,2026-03-23 15:25:27.6273270 +00:00,F,P
23329,BOA NE,NULL,50,2026-01-31,100,2026-03-23 15:25:27.6283190 +00:00,F,P
23330,BOA NE,NULL,QL,2026-01-31,100,2026-03-23 15:25:27.6283190 +00:00,F,P
23331,BOA NE,NULL,G2,2026-01-31,100,2026-03-23 15:25:27.6283190 +00:00,F,P
23332,BOA NE,NULL,IF,2026-01-31,100,2026-03-23 15:25:27.6283190 +00:00,F,P
23333,BOA NE,NULL,VX,2026-01-31,100,2026-03-23 15:25:27.6283190 +00:00,F,P
23334,BOA NE,NULL,AP,2026-01-31,100,2026-03-23 15:25:27.6283190 +00:00,F,P
23335,BOA NE,NULL,0J,2026-01-31,8,2026-03-23 15:25:27.6283190 +00:00,F,P
23336,BOA NE,NULL,TG,2026-01-31,98,2026-03-23 15:25:27.6283190 +00:00,F,P
23337,BOA NE,NULL,HF,2026-01-31,100,2026-03-23 15:25:27.6283190 +00:00,F,P
23338,BOA NE,NULL,VE,2026-01-31,100,2026-03-23 15:25:27.6283190 +00:00,F,P
23339,BOA NE,NULL,Q4,2026-01-31,100,2026-03-23 15:25:27.6283190 +00:00,F,P
23340,BOA NE,NULL,UG,2026-01-31,100,2026-03-23 15:25:27.6283190 +00:00,F,P
23341,BOA NE,NULL,SC,2026-01-31,100,2026-03-23 15:25:27.6283190 +00:00,F,P
23342,BOA NE,NULL,NP,2026-01-31,68,2026-03-23 15:25:27.6283190 +00:00,F,P
23343,BOA NE,NULL,PB,2026-01-31,100,2026-03-23 15:25:27.6283190 +00:00,F,P
23344,BOA NE,NULL,J1,2026-01-31,90,2026-03-23 15:25:27.6283190 +00:00,F,P
23345,BOA NE,NULL,GM,2026-01-31,85,2026-03-23 15:25:27.6283190 +00:00,F,P
23346,BOA NE,NULL,NE,2026-01-31,100,2026-03-23 15:25:27.6283190 +00:00,F,P
23347,BOA NE,NULL,28,2026-01-31,100,2026-03-23 15:25:27.6283190 +00:00,F,P
23348,BOA NE,NULL,VD,2026-01-31,100,2026-03-23 15:25:27.6283190 +00:00,F,P
23349,BOA NE,NULL,LC,2026-01-31,63,2026-03-23 15:25:27.6283190 +00:00,F,P
23350,BOA NE,NULL,F1,2026-01-31,100,2026-03-23 15:25:27.6283190 +00:00,F,P
23351,BOA NE,NULL,OW,2026-01-31,85,2026-03-23 15:25:27.6283190 +00:00,F,P
23352,BOA NE,NULL,K7,2026-01-31,100,2026-03-23 15:25:27.6283190 +00:00,F,P
23353,BOA NE,NULL,KY,2026-01-31,100,2026-03-23 15:25:27.6283190 +00:00,F,P
23354,BOA NE,NULL,KB,2026-01-31,100,2026-03-23 15:25:27.6283190 +00:00,F,P
23355,BOA NE,NULL,MB,2026-01-31,100,2026-03-23 15:25:27.6283190 +00:00,F,P
23356,BOA NE,NULL,GN,2026-01-31,100,2026-03-23 15:25:27.6283190 +00:00,F,P
23357,BOA NE,NULL,9C,2026-01-31,93,2026-03-23 15:25:27.6283190 +00:00,F,P
23358,BOA NE,NULL,1F,2026-01-31,100,2026-03-23 15:25:27.6283190 +00:00,F,P
23359,BOA NE,NULL,BD,2026-01-31,100,2026-03-23 15:25:27.6283190 +00:00,F,P
23360,BOA NE,NULL,GJ,2026-01-31,100,2026-03-23 15:25:27.6288270 +00:00,F,P
23361,BOA NE,NULL,VG,2026-01-31,100,2026-03-23 15:25:27.6288270 +00:00,F,P
23362,BOA NE,NULL,8D,2026-01-31,100,2026-03-23 15:25:27.6288270 +00:00,F,P
23363,BOA NE,NULL,M3,2026-01-31,100,2026-03-23 15:25:27.6288270 +00:00,F,P
23364,BOA NE,NULL,0L,2026-01-31,0,2026-03-23 15:25:27.6288270 +00:00,F,P
23365,BOA NE,NULL,CK,2026-01-31,0,2026-03-23 15:25:27.6288270 +00:00,F,P
23366,BOA NE,NULL,MM,2026-01-31,100,2026-03-23 15:25:27.6288270 +00:00,F,P
23367,BOA NE,NULL,TH,2026-01-31,100,2026-03-23 15:25:27.6288270 +00:00,F,P
23368,BOA NE,NULL,BP,2026-01-31,100,2026-03-23 15:25:27.6288270 +00:00,F,P
23369,BOA NE,NULL,WI,2026-01-31,0,2026-03-23 15:25:27.6288270 +00:00,F,M
23370,BOA NE,NULL,3W,2026-01-31,0,2026-03-23 15:25:27.6288270 +00:00,F,M
23371,BOA NE,NULL,WM,2026-01-31,100,2026-03-23 15:25:27.6288270 +00:00,F,M
23372,BOA NE,NULL,FY,2026-01-31,0,2026-03-23 15:25:27.6288270 +00:00,F,M
23373,BOA NE,NULL,TV,2026-01-31,0,2026-03-23 15:25:27.6288270 +00:00,F,M
23374,BOA NE,NULL,SW,2026-01-31,0,2026-03-23 15:25:27.6288270 +00:00,F,M
23375,BOA NE,NULL,7P,2026-01-31,0,2026-03-23 15:25:27.6288270 +00:00,F,M
23376,BOA NE,NULL,AB,2026-01-31,0,2026-03-23 15:25:27.6288270 +00:00,F,M
23377,BOA NE,NULL,ER,2026-01-31,0,2026-03-23 15:25:27.6288270 +00:00,F,M
23378,BOA NE,NULL,FH,2026-01-31,66,2026-03-23 15:25:27.6288270 +00:00,S,P
23379,BOA NE,NULL,95,2026-01-31,50,2026-03-23 15:25:27.6288270 +00:00,S,P
23380,BOA NE,NULL,EW,2026-01-31,83,2026-03-23 15:25:27.6288270 +00:00,S,P
23381,BOA NE,NULL,SR,2026-01-31,60,2026-03-23 15:25:27.6288270 +00:00,S,P
23382,BOA NE,NULL,ZX,2026-01-31,69,2026-03-23 15:25:27.6288270 +00:00,S,P
23383,BOA NE,NULL,SK,2026-01-31,66,2026-03-23 15:25:27.6288270 +00:00,S,P
23384,BOA NE,NULL,DW,2026-01-31,64,2026-03-23 15:25:27.6288270 +00:00,S,P
23385,BOA NE,NULL,XW,2026-01-31,76,2026-03-23 15:25:27.6288270 +00:00,S,P
23386,BOA NE,NULL,MN,2026-01-31,59,2026-03-23 15:25:27.6288270 +00:00,S,P
23387,BOA NE,NULL,U4,2026-01-31,67,2026-03-23 15:25:27.6288270 +00:00,S,P
23388,BOA NE,NULL,TL,2026-01-31,80,2026-03-23 15:25:27.6288270 +00:00,S,P
23389,BOA NE,NULL,RD,2026-01-31,55,2026-03-23 15:25:27.6288270 +00:00,S,P
23390,BOA NE,NULL,RS,2026-01-31,60,2026-03-23 15:25:27.6288270 +00:00,S,P
23391,BOA NE,NULL,BO,2026-01-31,26,2026-03-23 15:25:27.6288270 +00:00,S,P
23392,BOA NE,NULL,EG,2026-01-31,65,2026-03-23 15:25:27.6288270 +00:00,S,P
23393,BOA NE,NULL,DIR_AGENCE_1001,2026-01-31,46,2026-03-23 15:25:27.6288270 +00:00,S,P
23394,BOA NE,NULL,MH,2026-01-31,63,2026-03-23 15:25:27.6288270 +00:00,S,P
23395,BOA NE,NULL,RP,2026-01-31,52,2026-03-23 15:25:27.6288270 +00:00,S,P
23396,BOA NE,NULL,IQ,2026-01-31,12,2026-03-23 15:25:27.6288270 +00:00,S,P
23397,BOA NE,NULL,SH,2026-01-31,66,2026-03-23 15:25:27.6288270 +00:00,S,P
23398,BOA NE,NULL,Z4,2026-01-31,40,2026-03-23 15:25:27.6288270 +00:00,S,P
23399,BOA NE,NULL,ZR,2026-01-31,55,2026-03-23 15:25:27.6288270 +00:00,S,P
23400,BOA NE,NULL,5X,2026-01-31,94,2026-03-23 15:25:27.6288270 +00:00,S,P
23401,BOA NE,NULL,7G,2026-01-31,97,2026-03-23 15:25:27.6288270 +00:00,S,P
23402,BOA NE,NULL,J7,2026-01-31,88,2026-03-23 15:25:27.6288270 +00:00,S,P
23403,BOA NE,NULL,1P,2026-01-31,100,2026-03-23 15:25:27.6288270 +00:00,S,P
23404,BOA NE,NULL,UB,2026-01-31,88,2026-03-23 15:25:27.6288270 +00:00,S,P
23405,BOA NE,NULL,EB,2026-01-31,78,2026-03-23 15:25:27.6288270 +00:00,S,P
23406,BOA NE,NULL,X0,2026-01-31,97,2026-03-23 15:25:27.6288270 +00:00,S,P
23407,BOA NE,NULL,Y9,2026-01-31,62,2026-03-23 15:25:27.6288270 +00:00,S,P
23408,BOA NE,NULL,1T,2026-01-31,99,2026-03-23 15:25:27.6288270 +00:00,S,P
23409,BOA NE,NULL,CZ,2026-01-31,94,2026-03-23 15:25:27.6288270 +00:00,S,P
23410,BOA NE,NULL,SI,2026-01-31,89,2026-03-23 15:25:27.6288270 +00:00,S,P
23411,BOA NE,NULL,GU,2026-01-31,100,2026-03-23 15:25:27.6288270 +00:00,S,P
23412,BOA NE,NULL,GW,2026-01-31,80,2026-03-23 15:25:27.6288270 +00:00,S,P
23413,BOA NE,NULL,5E,2026-01-31,88,2026-03-23 15:25:27.6288270 +00:00,S,P
23414,BOA NE,NULL,CW,2026-01-31,100,2026-03-23 15:25:27.6288270 +00:00,S,P
23415,BOA NE,NULL,MT,2026-01-31,97,2026-03-23 15:25:27.6288270 +00:00,S,P
23416,BOA NE,NULL,1B,2026-01-31,89,2026-03-23 15:25:27.6288270 +00:00,S,P
23417,BOA NE,NULL,BL,2026-01-31,78,2026-03-23 15:25:27.6288270 +00:00,S,P
23418,BOA NE,NULL,5T,2026-01-31,50,2026-03-23 15:25:27.6288270 +00:00,S,P
23419,BOA NE,NULL,92,2026-01-31,100,2026-03-23 15:25:27.6288270 +00:00,S,P
23420,BOA NE,NULL,IL,2026-01-31,4,2026-03-23 15:25:27.6288270 +00:00,S,P
23421,BOA NE,NULL,5M,2026-01-31,100,2026-03-23 15:25:27.6288270 +00:00,S,P
23422,BOA NE,NULL,ZA,2026-01-31,100,2026-03-23 15:25:27.6288270 +00:00,S,P
23423,BOA NE,NULL,4E,2026-01-31,100,2026-03-23 15:25:27.6288270 +00:00,S,P
23424,BOA NE,NULL,Z6,2026-01-31,100,2026-03-23 15:25:27.6288270 +00:00,S,P
23425,BOA NE,NULL,IX,2026-01-31,100,2026-03-23 15:25:27.6288270 +00:00,S,P
23426,BOA NE,NULL,OK,2026-01-31,64,2026-03-23 15:25:27.6288270 +00:00,S,P
23427,BOA NE,NULL,34,2026-01-31,96,2026-03-23 15:25:27.6288270 +00:00,S,P
23428,BOA NE,NULL,4L,2026-01-31,100,2026-03-23 15:25:27.6288270 +00:00,S,P
23429,BOA NE,NULL,N3,2026-01-31,32,2026-03-23 15:25:27.6288270 +00:00,S,P
23430,BOA NE,NULL,7M,2026-01-31,71,2026-03-23 15:25:27.6288270 +00:00,S,P
23431,BOA NE,NULL,04,2026-01-31,50,2026-03-23 15:25:27.6288270 +00:00,S,P
23432,BOA NE,NULL,8B,2026-01-31,83,2026-03-23 15:25:27.6288270 +00:00,S,P
23433,BOA NE,NULL,TZ,2026-01-31,100,2026-03-23 15:25:27.6288270 +00:00,S,P
23434,BOA NE,NULL,GZ,2026-01-31,100,2026-03-23 15:25:27.6288270 +00:00,S,P
23435,BOA NE,NULL,7R,2026-01-31,100,2026-03-23 15:25:27.6288270 +00:00,S,P
23436,BOA NE,NULL,FA,2026-01-31,81,2026-03-23 15:25:27.6288270 +00:00,S,P
23437,BOA NE,NULL,1R,2026-01-31,0,2026-03-23 15:25:27.6288270 +00:00,S,P
23438,BOA NE,NULL,M8,2026-01-31,33,2026-03-23 15:25:27.6288270 +00:00,S,P
23439,BOA NE,NULL,RB,2026-01-31,83,2026-03-23 15:25:27.6288270 +00:00,S,P
23440,BOA NE,NULL,C7,2026-01-31,100,2026-03-23 15:25:27.6288270 +00:00,S,P
23441,BOA NE,NULL,ZD,2026-01-31,100,2026-03-23 15:25:27.6288270 +00:00,S,P
23442,BOA NE,NULL,RJ,2026-01-31,100,2026-03-23 15:25:27.6288270 +00:00,S,P
23443,BOA NE,NULL,1S,2026-01-31,100,2026-03-23 15:25:27.6288270 +00:00,S,P
23444,BOA NE,NULL,UX,2026-01-31,100,2026-03-23 15:25:27.6288270 +00:00,S,P
23445,BOA NE,NULL,V2,2026-01-31,75,2026-03-23 15:25:27.6288270 +00:00,S,P
23446,BOA NE,NULL,I7,2026-01-31,89,2026-03-23 15:25:27.6288270 +00:00,S,P
23447,BOA NE,NULL,54,2026-01-31,100,2026-03-23 15:25:27.6288270 +00:00,S,P
23448,BOA NE,NULL,M6,2026-01-31,100,2026-03-23 15:25:27.7092770 +00:00,S,P
23449,BOA NE,NULL,ET,2026-01-31,100,2026-03-23 15:25:27.7092770 +00:00,S,P
23450,BOA NE,NULL,ED,2026-01-31,0,2026-03-23 15:25:27.7092770 +00:00,S,P
23451,BOA NE,NULL,TR,2026-01-31,85,2026-03-23 15:25:27.7092770 +00:00,S,P
23452,BOA NE,NULL,YP,2026-01-31,100,2026-03-23 15:25:27.7092770 +00:00,S,P
23453,BOA NE,NULL,OJ,2026-01-31,69,2026-03-23 15:25:27.7092770 +00:00,S,P
23454,BOA NE,NULL,KU,2026-01-31,90,2026-03-23 15:25:27.7092770 +00:00,S,P
23455,BOA NE,NULL,CH,2026-01-31,100,2026-03-23 15:25:27.7092770 +00:00,S,P
23456,BOA NE,NULL,LV,2026-01-31,100,2026-03-23 15:25:27.7092770 +00:00,S,P
23457,BOA NE,NULL,TA,2026-01-31,100,2026-03-23 15:25:27.7092770 +00:00,S,P
23458,BOA NE,NULL,38,2026-01-31,100,2026-03-23 15:25:27.7092770 +00:00,S,P
23459,BOA NE,NULL,3Q,2026-01-31,100,2026-03-23 15:25:27.7092770 +00:00,S,P
23460,BOA NE,NULL,RZ,2026-01-31,100,2026-03-23 15:25:27.7092770 +00:00,S,P
23461,BOA NE,NULL,NU,2026-01-31,76,2026-03-23 15:25:27.7092770 +00:00,S,P
23462,BOA NE,NULL,GI,2026-01-31,100,2026-03-23 15:25:27.7092770 +00:00,S,P
23463,BOA NE,NULL,6S,2026-01-31,75,2026-03-23 15:25:27.7092770 +00:00,S,P
23464,BOA NE,NULL,4T,2026-01-31,91,2026-03-23 15:25:27.7092770 +00:00,S,P
23465,BOA NE,NULL,BR,2026-01-31,100,2026-03-23 15:25:27.7092770 +00:00,S,P
23466,BOA NE,NULL,IE,2026-01-31,50,2026-03-23 15:25:27.7092770 +00:00,S,P
23467,BOA NE,NULL,QU,2026-01-31,100,2026-03-23 15:25:27.7102690 +00:00,S,P
23468,BOA NE,NULL,BJ,2026-01-31,0,2026-03-23 15:25:27.7102690 +00:00,S,P
23469,BOA NE,NULL,C4,2026-01-31,100,2026-03-23 15:25:27.7102690 +00:00,S,P
23470,BOA NE,NULL,BW,2026-01-31,66,2026-03-23 15:25:27.7102690 +00:00,S,P
23471,BOA NE,NULL,8P,2026-01-31,0,2026-03-23 15:25:27.7102690 +00:00,S,P
23472,BOA NE,NULL,O6,2026-01-31,100,2026-03-23 15:25:27.7102690 +00:00,S,P
23473,BOA NE,NULL,71,2026-01-31,0,2026-03-23 15:25:27.7102690 +00:00,S,P
23474,BOA NE,NULL,LS,2026-01-31,100,2026-03-23 15:25:27.7102690 +00:00,S,P
23475,BOA NE,NULL,AU,2026-01-31,100,2026-03-23 15:25:27.7102690 +00:00,S,P
23476,BOA NE,NULL,PM,2026-01-31,0,2026-03-23 15:25:27.7102690 +00:00,S,P
23477,BOA NE,NULL,DIR_AGENCE_1004,2026-01-31,80,2026-03-23 15:25:27.7102690 +00:00,S,P
23478,BOA NE,NULL,J2,2026-01-31,66,2026-03-23 15:25:27.7102690 +00:00,S,P
23479,BOA NE,NULL,SU,2026-01-31,50,2026-03-23 15:25:27.7102690 +00:00,S,P
23480,BOA NE,NULL,24,2026-01-31,0,2026-03-23 15:25:27.7102690 +00:00,S,P
23481,BOA NE,NULL,JW,2026-01-31,100,2026-03-23 15:25:27.7102690 +00:00,S,P
23482,BOA NE,NULL,4P,2026-01-31,0,2026-03-23 15:25:27.7102690 +00:00,S,P
23483,BOA NE,NULL,5J,2026-01-31,100,2026-03-23 15:25:27.7102690 +00:00,S,P
23484,BOA NE,NULL,OT,2026-01-31,0,2026-03-23 15:25:27.7102690 +00:00,S,P
23485,BOA NE,NULL,EX,2026-01-31,100,2026-03-23 15:25:27.7102690 +00:00,S,P
23486,BOA NE,NULL,JR,2026-01-31,0,2026-03-23 15:25:27.7102690 +00:00,S,P
23487,BOA NE,NULL,UL,2026-01-31,100,2026-03-23 15:25:27.7102690 +00:00,S,P
23488,BOA NE,NULL,GS,2026-01-31,0,2026-03-23 15:25:27.7102690 +00:00,S,P
23489,BOA NE,NULL,PJ,2026-01-31,50,2026-03-23 15:25:27.7102690 +00:00,S,P
23490,BOA NE,NULL,1J,2026-01-31,100,2026-03-23 15:25:27.7102690 +00:00,S,P
23491,BOA NE,NULL,FF,2026-01-31,100,2026-03-23 15:25:27.7102690 +00:00,S,P
23492,BOA NE,NULL,CN,2026-01-31,100,2026-03-23 15:25:27.7102690 +00:00,S,P
23493,BOA NE,NULL,CA,2026-01-31,100,2026-03-23 15:25:27.7102690 +00:00,S,P
23494,BOA NE,NULL,AA,2026-01-31,0,2026-03-23 15:25:27.7102690 +00:00,S,P
23495,BOA NE,NULL,AS,2026-01-31,0,2026-03-23 15:25:27.7102690 +00:00,S,P
23496,BOA NE,NULL,9I,2026-01-31,66,2026-03-23 15:25:27.7102690 +00:00,S,P
23497,BOA NE,NULL,01,2026-01-31,100,2026-03-23 15:25:27.7102690 +00:00,S,P
23498,BOA NE,NULL,BM,2026-01-31,100,2026-03-23 15:25:27.7102690 +00:00,S,P
23499,BOA NE,NULL,OX,2026-01-31,100,2026-03-23 15:25:27.7102690 +00:00,S,P
23500,BOA NE,NULL,FR,2026-01-31,100,2026-03-23 15:25:27.7102690 +00:00,S,P
23501,BOA NE,NULL,QN,2026-01-31,0,2026-03-23 15:25:27.7102690 +00:00,S,P
23502,BOA NE,NULL,FB,2026-01-31,100,2026-03-23 15:25:27.7102690 +00:00,S,P
23503,BOA NE,NULL,WJ,2026-01-31,100,2026-03-23 15:25:27.7102690 +00:00,S,P
23504,BOA NE,NULL,4Q,2026-01-31,100,2026-03-23 15:25:27.7102690 +00:00,S,P
23505,BOA NE,NULL,VI,2026-01-31,0,2026-03-23 15:25:27.7102690 +00:00,S,P
23506,BOA NE,NULL,B1,2026-01-31,100,2026-03-23 15:25:27.7102690 +00:00,S,P
23507,BOA NE,NULL,MR,2026-01-31,100,2026-03-23 15:25:27.7102690 +00:00,S,P
23508,BOA NE,NULL,XV,2026-01-31,100,2026-03-23 15:25:27.7102690 +00:00,S,P
23509,BOA NE,NULL,PP,2026-01-31,100,2026-03-23 15:25:27.7102690 +00:00,S,P
23510,BOA NE,NULL,EF,2026-01-31,0,2026-03-23 15:25:27.7102690 +00:00,S,M
23511,BOA NE,NULL,ZO,2026-01-31,0,2026-03-23 15:25:27.7102690 +00:00,S,M
23512,BOA NE,NULL,SM,2026-01-31,0,2026-03-23 15:25:27.7102690 +00:00,S,M
23513,BOA NE,NULL,4G,2026-01-31,0,2026-03-23 15:25:27.7102690 +00:00,S,M
23514,BOA NE,NULL,ZN,2026-01-31,0,2026-03-23 15:25:27.7102690 +00:00,S,M
23515,BOA NE,NULL,Y6,2026-01-31,0,2026-03-23 15:25:27.7102690 +00:00,S,M
23516,BOA NE,NULL,ZC,2026-01-31,0,2026-03-23 15:25:27.7102690 +00:00,S,M
23517,BOA NE,NULL,PA,2026-01-31,0,2026-03-23 15:25:27.7102690 +00:00,S,M
23518,BOA NE,NULL,CL,2026-01-31,0,2026-03-23 15:25:27.7102690 +00:00,S,M
23519,BOA NE,NULL,8I,2026-01-31,0,2026-03-23 15:25:27.7102690 +00:00,S,M
23520,BOA NE,NULL,O5,2026-01-31,0,2026-03-23 15:25:27.7102690 +00:00,S,M
23521,BOA NE,NULL,I3,2026-01-31,0,2026-03-23 15:25:27.7102690 +00:00,S,M
23522,BOA NE,NULL,99,2026-01-31,0,2026-03-23 15:25:27.7102690 +00:00,S,M
23523,BOA BF,NULL,7U,2026-01-31,85,2026-03-23 15:25:27.7862640 +00:00,F,P
23524,BOA BF,NULL,QX,2026-01-31,87,2026-03-23 15:25:27.7862640 +00:00,F,P
23525,BOA BF,NULL,TSV,2026-01-31,72,2026-03-23 15:25:27.7862640 +00:00,F,P
23526,BOA BF,NULL,6Q,2026-01-31,100,2026-03-23 15:25:27.7862640 +00:00,F,P
23527,BOA BF,NULL,HP,2026-01-31,100,2026-03-23 15:25:27.7862640 +00:00,F,P
23528,BOA BF,NULL,KL,2026-01-31,100,2026-03-23 15:25:27.7862640 +00:00,F,P
23529,BOA BF,NULL,LA,2026-01-31,85,2026-03-23 15:25:27.7862640 +00:00,F,P
23530,BOA BF,NULL,WX,2026-01-31,100,2026-03-23 15:25:27.7862640 +00:00,F,P
23531,BOA BF,NULL,YW,2026-01-31,82,2026-03-23 15:25:27.7862640 +00:00,F,P
23532,BOA BF,NULL,1T,2026-01-31,91,2026-03-23 15:25:27.7872650 +00:00,F,P
23533,BOA BF,NULL,5E,2026-01-31,100,2026-03-23 15:25:27.7872650 +00:00,F,P
23534,BOA BF,NULL,ET,2026-01-31,100,2026-03-23 15:25:27.7872650 +00:00,F,P
23535,BOA BF,NULL,OAR,2026-01-31,81,2026-03-23 15:25:27.7872650 +00:00,F,P
23536,BOA BF,NULL,SDM,2026-01-31,85,2026-03-23 15:25:27.7872650 +00:00,F,P
23537,BOA BF,NULL,SKY,2026-01-31,100,2026-03-23 15:25:27.7872650 +00:00,F,P
23538,BOA BF,NULL,US,2026-01-31,100,2026-03-23 15:25:27.7872650 +00:00,F,P
23539,BOA BF,NULL,SYA,2026-01-31,84,2026-03-23 15:25:27.7872650 +00:00,F,P
23540,BOA BF,NULL,XF,2026-01-31,83,2026-03-23 15:25:27.7872650 +00:00,F,P
23541,BOA BF,NULL,1P,2026-01-31,94,2026-03-23 15:25:27.7872650 +00:00,F,P
23542,BOA BF,NULL,SIE,2026-01-31,70,2026-03-23 15:25:27.7872650 +00:00,F,P
23543,BOA BF,NULL,4Z,2026-01-31,100,2026-03-23 15:25:27.7872650 +00:00,F,P
23544,BOA BF,NULL,Q0,2026-01-31,100,2026-03-23 15:25:27.7872650 +00:00,F,P
23545,BOA BF,NULL,MF,2026-01-31,100,2026-03-23 15:25:27.7872650 +00:00,F,P
23546,BOA BF,NULL,TG,2026-01-31,94,2026-03-23 15:25:27.7872650 +00:00,F,P
23547,BOA BF,NULL,HO,2026-01-31,100,2026-03-23 15:25:27.7872650 +00:00,F,P
23548,BOA BF,NULL,GW,2026-01-31,90,2026-03-23 15:25:27.7872650 +00:00,F,P
23549,BOA BF,NULL,IM,2026-01-31,100,2026-03-23 15:25:27.7872650 +00:00,F,P
23550,BOA BF,NULL,ZY,2026-01-31,100,2026-03-23 15:25:27.7872650 +00:00,F,P
23551,BOA BF,NULL,SAM,2026-01-31,100,2026-03-23 15:25:27.7872650 +00:00,F,P
23552,BOA BF,NULL,SMA,2026-01-31,100,2026-03-23 15:25:27.7872650 +00:00,F,P
23553,BOA BF,NULL,ZAL,2026-01-31,64,2026-03-23 15:25:27.7872650 +00:00,F,P
23554,BOA BF,NULL,LR,2026-01-31,100,2026-03-23 15:25:27.7872650 +00:00,F,P
23555,BOA BF,NULL,ZOM,2026-01-31,80,2026-03-23 15:25:27.7872650 +00:00,F,P
23556,BOA BF,NULL,AB,2026-01-31,96,2026-03-23 15:25:27.7872650 +00:00,F,P
23557,BOA BF,NULL,SWO,2026-01-31,95,2026-03-23 15:25:27.7872650 +00:00,F,P
23558,BOA BF,NULL,TGN,2026-01-31,97,2026-03-23 15:25:27.7872650 +00:00,F,P
23559,BOA BF,NULL,CGM,2026-01-31,100,2026-03-23 15:25:27.7872650 +00:00,F,P
23560,BOA BF,NULL,SS,2026-01-31,100,2026-03-23 15:25:27.7872650 +00:00,F,P
23561,BOA BF,NULL,ZSA,2026-01-31,76,2026-03-23 15:25:27.7872650 +00:00,F,P
23562,BOA BF,NULL,SOM,2026-01-31,100,2026-03-23 15:25:27.7872650 +00:00,F,P
23563,BOA BF,NULL,SL,2026-01-31,88,2026-03-23 15:25:27.7872650 +00:00,F,P
23564,BOA BF,NULL,DIL,2026-01-31,100,2026-03-23 15:25:27.7872650 +00:00,F,P
23565,BOA BF,NULL,JM,2026-01-31,85,2026-03-23 15:25:27.7872650 +00:00,F,P
23566,BOA BF,NULL,LD,2026-01-31,88,2026-03-23 15:25:27.7872650 +00:00,F,P
23567,BOA BF,NULL,LQ,2026-01-31,100,2026-03-23 15:25:27.7872650 +00:00,F,P
23568,BOA BF,NULL,RF,2026-01-31,100,2026-03-23 15:25:27.7872650 +00:00,F,P
23569,BOA BF,NULL,THA,2026-01-31,50,2026-03-23 15:25:27.7872650 +00:00,F,P
23570,BOA BF,NULL,FS,2026-01-31,97,2026-03-23 15:25:27.7872650 +00:00,F,P
23571,BOA BF,NULL,TC,2026-01-31,90,2026-03-23 15:25:27.7872650 +00:00,F,P
23572,BOA BF,NULL,SLM,2026-01-31,100,2026-03-23 15:25:27.7872650 +00:00,F,P
23573,BOA BF,NULL,DCI,2026-01-31,100,2026-03-23 15:25:27.7872650 +00:00,F,P
23574,BOA BF,NULL,Q5,2026-01-31,77,2026-03-23 15:25:27.7872650 +00:00,F,P
23575,BOA BF,NULL,UB,2026-01-31,100,2026-03-23 15:25:27.7872650 +00:00,F,P
23576,BOA BF,NULL,KWA,2026-01-31,100,2026-03-23 15:25:27.7872650 +00:00,F,P
23577,BOA BF,NULL,TEB,2026-01-31,88,2026-03-23 15:25:27.7872650 +00:00,F,P
23578,BOA BF,NULL,KW,2026-01-31,80,2026-03-23 15:25:27.7872650 +00:00,F,P
23579,BOA BF,NULL,NF,2026-01-31,83,2026-03-23 15:25:27.7872650 +00:00,F,P
23580,BOA BF,NULL,ON,2026-01-31,100,2026-03-23 15:25:27.7872650 +00:00,F,P
23581,BOA BF,NULL,IW,2026-01-31,86,2026-03-23 15:25:27.7872650 +00:00,F,P
23582,BOA BF,NULL,MY,2026-01-31,100,2026-03-23 15:25:27.7872650 +00:00,F,P
23583,BOA BF,NULL,3U,2026-01-31,61,2026-03-23 15:25:27.7872650 +00:00,F,P
23584,BOA BF,NULL,9I,2026-01-31,61,2026-03-23 15:25:27.7872650 +00:00,F,P
23585,BOA BF,NULL,TP,2026-01-31,100,2026-03-23 15:25:27.7882700 +00:00,F,P
23586,BOA BF,NULL,2P,2026-01-31,100,2026-03-23 15:25:27.7882700 +00:00,F,P
23587,BOA BF,NULL,KAK,2026-01-31,100,2026-03-23 15:25:27.7882700 +00:00,F,P
23588,BOA BF,NULL,3Z,2026-01-31,100,2026-03-23 15:25:27.7882700 +00:00,F,P
23589,BOA BF,NULL,9T,2026-01-31,100,2026-03-23 15:25:27.7882700 +00:00,F,P
23590,BOA BF,NULL,XT,2026-01-31,100,2026-03-23 15:25:27.7882700 +00:00,F,P
23591,BOA BF,NULL,YR,2026-01-31,71,2026-03-23 15:25:27.7882700 +00:00,F,P
23592,BOA BF,NULL,CCY,2026-01-31,100,2026-03-23 15:25:27.7882700 +00:00,F,P
23593,BOA BF,NULL,UR,2026-01-31,80,2026-03-23 15:25:27.7882700 +00:00,F,P
23594,BOA BF,NULL,WG,2026-01-31,100,2026-03-23 15:25:27.7882700 +00:00,F,P
23595,BOA BF,NULL,DAT,2026-01-31,66,2026-03-23 15:25:27.7882700 +00:00,F,P
23596,BOA BF,NULL,JSK,2026-01-31,100,2026-03-23 15:25:27.7882700 +00:00,F,P
23597,BOA BF,NULL,TAR,2026-01-31,93,2026-03-23 15:25:27.7882700 +00:00,F,P
23598,BOA BF,NULL,5T,2026-01-31,100,2026-03-23 15:25:27.7882700 +00:00,F,P
23599,BOA BF,NULL,6W,2026-01-31,72,2026-03-23 15:25:27.7882700 +00:00,F,P
23600,BOA BF,NULL,RW,2026-01-31,100,2026-03-23 15:25:27.7882700 +00:00,F,P
23601,BOA BF,NULL,G7,2026-01-31,80,2026-03-23 15:25:27.7882700 +00:00,F,P
23602,BOA BF,NULL,BOS,2026-01-31,100,2026-03-23 15:25:27.7882700 +00:00,F,P
23603,BOA BF,NULL,AQ,2026-01-31,100,2026-03-23 15:25:27.7882700 +00:00,F,P
23604,BOA BF,NULL,WAN,2026-01-31,96,2026-03-23 15:25:27.7882700 +00:00,F,P
23605,BOA BF,NULL,YAR,2026-01-31,90,2026-03-23 15:25:27.7882700 +00:00,F,P
23606,BOA BF,NULL,PZR,2026-01-31,92,2026-03-23 15:25:27.7882700 +00:00,F,P
23607,BOA BF,NULL,IC,2026-01-31,85,2026-03-23 15:25:27.7882700 +00:00,F,P
23608,BOA BF,NULL,KX,2026-01-31,91,2026-03-23 15:25:27.7882700 +00:00,F,P
23609,BOA BF,NULL,AW,2026-01-31,100,2026-03-23 15:25:27.7882700 +00:00,F,M
23610,BOA BF,NULL,BA,2026-01-31,100,2026-03-23 15:25:27.7882700 +00:00,F,M
23611,BOA BF,NULL,JT,2026-01-31,100,2026-03-23 15:25:27.7882700 +00:00,F,M
23612,BOA BF,NULL,K2,2026-01-31,100,2026-03-23 15:25:27.7882700 +00:00,F,M
23613,BOA BF,NULL,NG,2026-01-31,100,2026-03-23 15:25:27.7882700 +00:00,F,M
23614,BOA BF,NULL,BI,2026-01-31,100,2026-03-23 15:25:27.7882700 +00:00,F,M
23615,BOA BF,NULL,EV,2026-01-31,100,2026-03-23 15:25:27.7882700 +00:00,F,M
23616,BOA BF,NULL,ZML,2026-01-31,100,2026-03-23 15:25:27.7882700 +00:00,F,M
23617,BOA BF,NULL,BE,2026-01-31,100,2026-03-23 15:25:27.7882700 +00:00,F,M
23618,BOA BF,NULL,GZ,2026-01-31,75,2026-03-23 15:25:27.7882700 +00:00,F,M
23619,BOA BF,NULL,KV,2026-01-31,33,2026-03-23 15:25:27.7882700 +00:00,F,M
23620,BOA BF,NULL,JG,2026-01-31,100,2026-03-23 15:25:27.7882700 +00:00,F,M
23621,BOA BF,NULL,9Q,2026-01-31,100,2026-03-23 15:25:27.7882700 +00:00,F,M
23622,BOA BF,NULL,J8,2026-01-31,80,2026-03-23 15:25:27.7882700 +00:00,F,M
23623,BOA BF,NULL,SA,2026-01-31,100,2026-03-23 15:25:27.7882700 +00:00,F,M
23624,BOA BF,NULL,CI,2026-01-31,100,2026-03-23 15:25:27.7882700 +00:00,F,M
23625,BOA BF,NULL,PV,2026-01-31,100,2026-03-23 15:25:27.7882700 +00:00,F,M
23626,BOA BF,NULL,SP,2026-01-31,100,2026-03-23 15:25:27.7882700 +00:00,F,M
23627,BOA BF,NULL,RG,2026-01-31,50,2026-03-23 15:25:27.7882700 +00:00,F,M
23628,BOA BF,NULL,UE,2026-01-31,100,2026-03-23 15:25:27.7882700 +00:00,F,M
23629,BOA BF,NULL,XB,2026-01-31,100,2026-03-23 15:25:27.7882700 +00:00,F,M
23630,BOA BF,NULL,5I,2026-01-31,100,2026-03-23 15:25:27.7882700 +00:00,F,M
23631,BOA BF,NULL,RH,2026-01-31,100,2026-03-23 15:25:27.7882700 +00:00,F,M
23632,BOA BF,NULL,GY,2026-01-31,100,2026-03-23 15:25:27.7882700 +00:00,F,M
23633,BOA BF,NULL,B6,2026-01-31,100,2026-03-23 15:25:27.7882700 +00:00,F,M
23634,BOA BF,NULL,YH,2026-01-31,100,2026-03-23 15:25:27.7882700 +00:00,F,M
23635,BOA BF,NULL,A9,2026-01-31,67,2026-03-23 15:25:27.7882700 +00:00,S,P
23636,BOA BF,NULL,CD,2026-01-31,100,2026-03-23 15:25:27.7882700 +00:00,S,P
23637,BOA BF,NULL,CW,2026-01-31,83,2026-03-23 15:25:27.7882700 +00:00,S,P
23638,BOA BF,NULL,FQ,2026-01-31,0,2026-03-23 15:25:27.7882700 +00:00,S,P
23639,BOA BF,NULL,GF,2026-01-31,84,2026-03-23 15:25:27.7882700 +00:00,S,P
23640,BOA BF,NULL,HE,2026-01-31,0,2026-03-23 15:25:27.7882700 +00:00,S,P
23641,BOA BF,NULL,JB,2026-01-31,0,2026-03-23 15:25:27.7882700 +00:00,S,P
23642,BOA BF,NULL,TU,2026-01-31,68,2026-03-23 15:25:27.7882700 +00:00,S,P
23643,BOA BF,NULL,WQ,2026-01-31,77,2026-03-23 15:25:27.7882700 +00:00,S,P
23644,BOA BF,NULL,XX,2026-01-31,2,2026-03-23 15:25:27.7882700 +00:00,S,P
23645,BOA BF,NULL,YD,2026-01-31,96,2026-03-23 15:25:27.7882700 +00:00,S,P
23646,BOA BF,NULL,8T,2026-01-31,85,2026-03-23 15:25:27.7882700 +00:00,S,P
23647,BOA BF,NULL,AA,2026-01-31,0,2026-03-23 15:25:27.7882700 +00:00,S,P
23648,BOA BF,NULL,B7,2026-01-31,94,2026-03-23 15:25:27.7892650 +00:00,S,P
23649,BOA BF,NULL,BL,2026-01-31,79,2026-03-23 15:25:27.7892650 +00:00,S,P
23650,BOA BF,NULL,BV,2026-01-31,25,2026-03-23 15:25:27.7892650 +00:00,S,P
23651,BOA BF,NULL,C0,2026-01-31,59,2026-03-23 15:25:27.8685080 +00:00,S,P
23652,BOA BF,NULL,CO,2026-01-31,90,2026-03-23 15:25:27.8685080 +00:00,S,P
23653,BOA BF,NULL,DAD,2026-01-31,25,2026-03-23 15:25:27.8685080 +00:00,S,P
23654,BOA BF,NULL,DC,2026-01-31,86,2026-03-23 15:25:27.8685080 +00:00,S,P
23655,BOA BF,NULL,DF,2026-01-31,0,2026-03-23 15:25:27.8685080 +00:00,S,P
23656,BOA BF,NULL,GN,2026-01-31,100,2026-03-23 15:25:27.8685080 +00:00,S,P
23657,BOA BF,NULL,HD,2026-01-31,0,2026-03-23 15:25:27.8685080 +00:00,S,P
23658,BOA BF,NULL,IJ,2026-01-31,86,2026-03-23 15:25:27.8685080 +00:00,S,P
23659,BOA BF,NULL,IL,2026-01-31,87,2026-03-23 15:25:27.8685080 +00:00,S,P
23660,BOA BF,NULL,JJ,2026-01-31,42,2026-03-23 15:25:27.8685080 +00:00,S,P
23661,BOA BF,NULL,JL,2026-01-31,25,2026-03-23 15:25:27.8685080 +00:00,S,P
23662,BOA BF,NULL,JZ,2026-01-31,33,2026-03-23 15:25:27.8685080 +00:00,S,P
23663,BOA BF,NULL,KB,2026-01-31,82,2026-03-23 15:25:27.8685080 +00:00,S,P
23664,BOA BF,NULL,KG,2026-01-31,87,2026-03-23 15:25:27.8685080 +00:00,S,P
23665,BOA BF,NULL,KJO,2026-01-31,93,2026-03-23 15:25:27.8685080 +00:00,S,P
23666,BOA BF,NULL,KT,2026-01-31,32,2026-03-23 15:25:27.8685080 +00:00,S,P
23667,BOA BF,NULL,LV,2026-01-31,83,2026-03-23 15:25:27.8685080 +00:00,S,P
23668,BOA BF,NULL,MJ,2026-01-31,77,2026-03-23 15:25:27.8685080 +00:00,S,P
23669,BOA BF,NULL,MM,2026-01-31,75,2026-03-23 15:25:27.8685080 +00:00,S,P
23670,BOA BF,NULL,OAK,2026-01-31,87,2026-03-23 15:25:27.8685080 +00:00,S,P
23671,BOA BF,NULL,PEA,2026-01-31,92,2026-03-23 15:25:27.8685080 +00:00,S,P
23672,BOA BF,NULL,PW,2026-01-31,92,2026-03-23 15:25:27.8685080 +00:00,S,P
23673,BOA BF,NULL,RZ,2026-01-31,92,2026-03-23 15:25:27.8685080 +00:00,S,P
23674,BOA BF,NULL,SH,2026-01-31,0,2026-03-23 15:25:27.8685080 +00:00,S,P
23675,BOA BF,NULL,SMO,2026-01-31,83,2026-03-23 15:25:27.8685080 +00:00,S,P
23676,BOA BF,NULL,TKM,2026-01-31,100,2026-03-23 15:25:27.8685080 +00:00,S,P
23677,BOA BF,NULL,TT,2026-01-31,80,2026-03-23 15:25:27.8685080 +00:00,S,P
23678,BOA BF,NULL,XG,2026-01-31,100,2026-03-23 15:25:27.8685080 +00:00,S,P
23679,BOA BF,NULL,ZJA,2026-01-31,100,2026-03-23 15:25:27.8685080 +00:00,S,P
23680,BOA BF,NULL,ZWM,2026-01-31,100,2026-03-23 15:25:27.8685080 +00:00,S,P
23681,BOA BF,NULL,DIR_AGENCE_1001,2026-01-31,0,2026-03-23 15:25:27.8685080 +00:00,S,P
23682,BOA BF,NULL,JO,2026-01-31,50,2026-03-23 15:25:27.8685080 +00:00,S,P
23683,BOA BF,NULL,8B,2026-01-31,92,2026-03-23 15:25:27.8685080 +00:00,S,P
23684,BOA BF,NULL,9R,2026-01-31,81,2026-03-23 15:25:27.8685080 +00:00,S,P
23685,BOA BF,NULL,AH,2026-01-31,50,2026-03-23 15:25:27.8685080 +00:00,S,P
23686,BOA BF,NULL,B4,2026-01-31,70,2026-03-23 15:25:27.8685080 +00:00,S,P
23687,BOA BF,NULL,BM,2026-01-31,87,2026-03-23 15:25:27.8685080 +00:00,S,P
23688,BOA BF,NULL,BP,2026-01-31,100,2026-03-23 15:25:27.8685080 +00:00,S,P
23689,BOA BF,NULL,DD,2026-01-31,90,2026-03-23 15:25:27.8685080 +00:00,S,P
23690,BOA BF,NULL,DE,2026-01-31,100,2026-03-23 15:25:27.8685080 +00:00,S,P
23691,BOA BF,NULL,DYH,2026-01-31,92,2026-03-23 15:25:27.8685080 +00:00,S,P
23692,BOA BF,NULL,I6,2026-01-31,97,2026-03-23 15:25:27.8685080 +00:00,S,P
23693,BOA BF,NULL,J4,2026-01-31,66,2026-03-23 15:25:27.8695230 +00:00,S,P
23694,BOA BF,NULL,JF,2026-01-31,100,2026-03-23 15:25:27.8695230 +00:00,S,P
23695,BOA BF,NULL,JJ2,2026-01-31,100,2026-03-23 15:25:27.8695230 +00:00,S,P
23696,BOA BF,NULL,LE,2026-01-31,88,2026-03-23 15:25:27.8695230 +00:00,S,P
23697,BOA BF,NULL,OV,2026-01-31,92,2026-03-23 15:25:27.8695230 +00:00,S,P
23698,BOA BF,NULL,PP,2026-01-31,100,2026-03-23 15:25:27.8695230 +00:00,S,P
23699,BOA BF,NULL,Q6,2026-01-31,100,2026-03-23 15:25:27.8695230 +00:00,S,P
23700,BOA BF,NULL,QT,2026-01-31,74,2026-03-23 15:25:27.8695230 +00:00,S,P
23701,BOA BF,NULL,QY,2026-01-31,75,2026-03-23 15:25:27.8695230 +00:00,S,P
23702,BOA BF,NULL,TNO,2026-01-31,76,2026-03-23 15:25:27.8695230 +00:00,S,P
23703,BOA BF,NULL,ZW,2026-01-31,100,2026-03-23 15:25:27.8695230 +00:00,S,P
23704,BOA BF,NULL,DIR_AGENCE_1003,2026-01-31,33,2026-03-23 15:25:27.8695230 +00:00,S,P
23705,BOA BF,NULL,A1,2026-01-31,100,2026-03-23 15:25:27.8695230 +00:00,S,P
23706,BOA BF,NULL,BF,2026-01-31,100,2026-03-23 15:25:27.8695230 +00:00,S,P
23707,BOA BF,NULL,BH,2026-01-31,41,2026-03-23 15:25:27.8695230 +00:00,S,P
23708,BOA BF,NULL,NN,2026-01-31,100,2026-03-23 15:25:27.8695230 +00:00,S,P
23709,BOA BF,NULL,PA,2026-01-31,100,2026-03-23 15:25:27.8695230 +00:00,S,P
23710,BOA BF,NULL,WC,2026-01-31,77,2026-03-23 15:25:27.8695230 +00:00,S,P
23711,BOA BF,NULL,WY,2026-01-31,100,2026-03-23 15:25:27.8695230 +00:00,S,P
23712,BOA BF,NULL,BAW,2026-01-31,100,2026-03-23 15:25:27.8695230 +00:00,S,P
23713,BOA BF,NULL,RP,2026-01-31,100,2026-03-23 15:25:27.8695230 +00:00,S,P
23714,BOA BF,NULL,WO,2026-01-31,50,2026-03-23 15:25:27.8695230 +00:00,S,P
23715,BOA BF,NULL,ZI,2026-01-31,0,2026-03-23 15:25:27.8695230 +00:00,S,P
23716,BOA BF,NULL,5A,2026-01-31,100,2026-03-23 15:25:27.8695230 +00:00,S,P
23717,BOA BF,NULL,5F,2026-01-31,50,2026-03-23 15:25:27.8695230 +00:00,S,P
23718,BOA BF,NULL,8X,2026-01-31,100,2026-03-23 15:25:27.8695230 +00:00,S,P
23719,BOA BF,NULL,ASS,2026-01-31,100,2026-03-23 15:25:27.8695230 +00:00,S,P
23720,BOA BF,NULL,EJ,2026-01-31,80,2026-03-23 15:25:27.8695230 +00:00,S,P
23721,BOA BF,NULL,J9,2026-01-31,85,2026-03-23 15:25:27.8695230 +00:00,S,P
23722,BOA BF,NULL,KP,2026-01-31,100,2026-03-23 15:25:27.8695230 +00:00,S,P
23723,BOA BF,NULL,M6,2026-01-31,100,2026-03-23 15:25:27.8695230 +00:00,S,P
23724,BOA BF,NULL,MG,2026-01-31,100,2026-03-23 15:25:27.8695230 +00:00,S,P
23725,BOA BF,NULL,ML,2026-01-31,83,2026-03-23 15:25:27.8695230 +00:00,S,P
23726,BOA BF,NULL,OQ,2026-01-31,80,2026-03-23 15:25:27.8695230 +00:00,S,P
23727,BOA BF,NULL,RQ,2026-01-31,100,2026-03-23 15:25:27.8695230 +00:00,S,P
23728,BOA BF,NULL,SAS,2026-01-31,100,2026-03-23 15:25:27.8695230 +00:00,S,P
23729,BOA BF,NULL,TF,2026-01-31,100,2026-03-23 15:25:27.8695230 +00:00,S,P
23730,BOA BF,NULL,TME,2026-01-31,73,2026-03-23 15:25:27.8695230 +00:00,S,P
23731,BOA BF,NULL,AO,2026-01-31,94,2026-03-23 15:25:27.8695230 +00:00,S,P
23732,BOA BF,NULL,BAC,2026-01-31,80,2026-03-23 15:25:27.8695230 +00:00,S,P
23733,BOA BF,NULL,BEN,2026-01-31,100,2026-03-23 15:25:27.8695230 +00:00,S,P
23734,BOA BF,NULL,CM,2026-01-31,75,2026-03-23 15:25:27.8695230 +00:00,S,P
23735,BOA BF,NULL,DI,2026-01-31,50,2026-03-23 15:25:27.8695230 +00:00,S,P
23736,BOA BF,NULL,JH,2026-01-31,28,2026-03-23 15:25:27.8695230 +00:00,S,P
23737,BOA BF,NULL,OJ,2026-01-31,85,2026-03-23 15:25:27.8695230 +00:00,S,P
23738,BOA BF,NULL,T8,2026-01-31,87,2026-03-23 15:25:27.8695230 +00:00,S,P
23739,BOA BF,NULL,TOD,2026-01-31,64,2026-03-23 15:25:27.8695230 +00:00,S,P
23740,BOA BF,NULL,YU,2026-01-31,78,2026-03-23 15:25:27.8695230 +00:00,S,P
23741,BOA BF,NULL,E2,2026-01-31,100,2026-03-23 15:25:27.8695230 +00:00,S,P
23742,BOA BF,NULL,EK,2026-01-31,80,2026-03-23 15:25:27.8695230 +00:00,S,P
23743,BOA BF,NULL,KE,2026-01-31,100,2026-03-23 15:25:27.8695230 +00:00,S,P
23744,BOA BF,NULL,LM,2026-01-31,71,2026-03-23 15:25:27.8695230 +00:00,S,P
23745,BOA BF,NULL,ZE,2026-01-31,100,2026-03-23 15:25:27.8695230 +00:00,S,P
23746,BOA BF,NULL,1B,2026-01-31,100,2026-03-23 15:25:27.8695230 +00:00,S,P
23747,BOA BF,NULL,1P1,2026-01-31,100,2026-03-23 15:25:27.8695230 +00:00,S,P
23748,BOA BF,NULL,BJ,2026-01-31,100,2026-03-23 15:25:27.8695230 +00:00,S,P
23749,BOA BF,NULL,HAW,2026-01-31,50,2026-03-23 15:25:27.8695230 +00:00,S,P
23750,BOA BF,NULL,NIK,2026-01-31,79,2026-03-23 15:25:27.8695230 +00:00,S,P
23751,BOA BF,NULL,PK,2026-01-31,76,2026-03-23 15:25:27.8695230 +00:00,S,P
23752,BOA BF,NULL,XU,2026-01-31,100,2026-03-23 15:25:27.8695230 +00:00,S,P
23753,BOA BF,NULL,E1,2026-01-31,83,2026-03-23 15:25:27.8695230 +00:00,S,P
23754,BOA BF,NULL,GL,2026-01-31,100,2026-03-23 15:25:27.8695230 +00:00,S,P
23755,BOA BF,NULL,HR,2026-01-31,50,2026-03-23 15:25:27.8695230 +00:00,S,P
23756,BOA BF,NULL,UC,2026-01-31,100,2026-03-23 15:25:27.8695230 +00:00,S,P
23757,BOA BF,NULL,X7,2026-01-31,100,2026-03-23 15:25:27.8695230 +00:00,S,P
23758,BOA BF,NULL,0L,2026-01-31,100,2026-03-23 15:25:27.8695230 +00:00,S,P
23759,BOA BF,NULL,BD,2026-01-31,100,2026-03-23 15:25:27.8695230 +00:00,S,P
23760,BOA BF,NULL,HY,2026-01-31,100,2026-03-23 15:25:27.8695230 +00:00,S,P
23761,BOA BF,NULL,ORA,2026-01-31,89,2026-03-23 15:25:27.8695230 +00:00,S,P
23762,BOA BF,NULL,PX,2026-01-31,75,2026-03-23 15:25:27.8695230 +00:00,S,P
23763,BOA BF,NULL,RI,2026-01-31,91,2026-03-23 15:25:27.8695230 +00:00,S,P
23764,BOA BF,NULL,A5,2026-01-31,100,2026-03-23 15:25:27.8695230 +00:00,S,P
23765,BOA BF,NULL,9O,2026-01-31,0,2026-03-23 15:25:27.8695230 +00:00,S,P
23766,BOA BF,NULL,LK,2026-01-31,33,2026-03-23 15:25:27.8695230 +00:00,S,P
23767,BOA BF,NULL,OH,2026-01-31,50,2026-03-23 15:25:27.8695230 +00:00,S,P
23768,BOA BF,NULL,TS,2026-01-31,100,2026-03-23 15:25:27.8695230 +00:00,S,P
23769,BOA BF,NULL,AU,2026-01-31,33,2026-03-23 15:25:27.8695230 +00:00,S,P
23770,BOA BF,NULL,FC,2026-01-31,0,2026-03-23 15:25:27.8695230 +00:00,S,P
23771,BOA BF,NULL,GC,2026-01-31,0,2026-03-23 15:25:27.8695230 +00:00,S,P
23772,BOA BF,NULL,GR,2026-01-31,0,2026-03-23 15:25:27.8695230 +00:00,S,P
23773,BOA BF,NULL,NC,2026-01-31,100,2026-03-23 15:25:27.8695230 +00:00,S,P
23774,BOA BF,NULL,WS,2026-01-31,0,2026-03-23 15:25:27.8695230 +00:00,S,P
23775,BOA BF,NULL,3C,2026-01-31,100,2026-03-23 15:25:27.8695230 +00:00,S,P
23776,BOA BF,NULL,C3,2026-01-31,95,2026-03-23 15:25:27.8695230 +00:00,S,P
23777,BOA BF,NULL,II,2026-01-31,90,2026-03-23 15:25:27.8695230 +00:00,S,P
23778,BOA BF,NULL,ND,2026-01-31,100,2026-03-23 15:25:27.8695230 +00:00,S,P
23779,BOA BF,NULL,PJ,2026-01-31,100,2026-03-23 15:25:27.9324600 +00:00,S,P
23780,BOA BF,NULL,WZ,2026-01-31,100,2026-03-23 15:25:27.9324600 +00:00,S,P
23781,BOA BF,NULL,ZB,2026-01-31,68,2026-03-23 15:25:27.9324600 +00:00,S,P
23782,BOA BF,NULL,ZS,2026-01-31,100,2026-03-23 15:25:27.9324600 +00:00,S,P
23783,BOA BF,NULL,ZU,2026-01-31,100,2026-03-23 15:25:27.9324600 +00:00,S,P
23784,BOA BF,NULL,6L,2026-01-31,100,2026-03-23 15:25:27.9324600 +00:00,S,P
23785,BOA BF,NULL,MO,2026-01-31,90,2026-03-23 15:25:27.9324600 +00:00,S,P
23786,BOA BF,NULL,8Z,2026-01-31,100,2026-03-23 15:25:27.9324600 +00:00,S,P
23787,BOA BF,NULL,ER,2026-01-31,83,2026-03-23 15:25:27.9324600 +00:00,S,P
23788,BOA BF,NULL,MA,2026-01-31,80,2026-03-23 15:25:27.9324600 +00:00,S,P
23789,BOA BF,NULL,NDO,2026-01-31,85,2026-03-23 15:25:27.9324600 +00:00,S,P
23790,BOA BF,NULL,YAN,2026-01-31,100,2026-03-23 15:25:27.9324600 +00:00,S,P
23791,BOA BF,NULL,ZH,2026-01-31,54,2026-03-23 15:25:27.9324600 +00:00,S,P
23792,BOA BF,NULL,GG,2026-01-31,98,2026-03-23 15:25:27.9324600 +00:00,S,P
23793,BOA BF,NULL,OW,2026-01-31,100,2026-03-23 15:25:27.9324600 +00:00,S,P
23794,BOA BF,NULL,IU,2026-01-31,100,2026-03-23 15:25:27.9324600 +00:00,S,P
23795,BOA BF,NULL,KIA,2026-01-31,87,2026-03-23 15:25:27.9324600 +00:00,S,P
23796,BOA BF,NULL,KIR,2026-01-31,90,2026-03-23 15:25:27.9324600 +00:00,S,P
23797,BOA BF,NULL,WW,2026-01-31,75,2026-03-23 15:25:27.9324600 +00:00,S,P
23798,BOA BF,NULL,KAA,2026-01-31,100,2026-03-23 15:25:27.9324600 +00:00,S,P
23799,BOA BF,NULL,LO,2026-01-31,85,2026-03-23 15:25:27.9324600 +00:00,S,P
23800,BOA BF,NULL,WL,2026-01-31,100,2026-03-23 15:25:27.9324600 +00:00,S,P
23801,BOA BF,NULL,BKA,2026-01-31,100,2026-03-23 15:25:27.9324600 +00:00,S,P
23802,BOA BF,NULL,DOM,2026-01-31,100,2026-03-23 15:25:27.9324600 +00:00,S,P
23803,BOA BF,NULL,GS,2026-01-31,100,2026-03-23 15:25:27.9324600 +00:00,S,P
23804,BOA BF,NULL,BB,2026-01-31,100,2026-03-23 15:25:27.9324600 +00:00,S,P
23805,BOA BF,NULL,DAK,2026-01-31,100,2026-03-23 15:25:27.9324600 +00:00,S,P
23806,BOA BF,NULL,DSY,2026-01-31,100,2026-03-23 15:25:27.9324600 +00:00,S,P
23807,BOA BF,NULL,EO,2026-01-31,100,2026-03-23 15:25:27.9324600 +00:00,S,P
23808,BOA BF,NULL,KA,2026-01-31,100,2026-03-23 15:25:27.9324600 +00:00,S,P
23809,BOA BF,NULL,KAS,2026-01-31,100,2026-03-23 15:25:27.9324600 +00:00,S,P
23810,BOA BF,NULL,KD,2026-01-31,100,2026-03-23 15:25:27.9324600 +00:00,S,P
23811,BOA BF,NULL,KN,2026-01-31,100,2026-03-23 15:25:27.9324600 +00:00,S,P
23812,BOA BF,NULL,KOD,2026-01-31,100,2026-03-23 15:25:27.9324600 +00:00,S,P
23813,BOA BF,NULL,KOU,2026-01-31,100,2026-03-23 15:25:27.9324600 +00:00,S,P
23814,BOA BF,NULL,LF,2026-01-31,100,2026-03-23 15:25:27.9324600 +00:00,S,P
23815,BOA BF,NULL,RS,2026-01-31,58,2026-03-23 15:25:27.9324600 +00:00,S,P
23816,BOA BF,NULL,SV,2026-01-31,100,2026-03-23 15:25:27.9324600 +00:00,S,P
23817,BOA BF,NULL,SW,2026-01-31,0,2026-03-23 15:25:27.9324600 +00:00,S,P
23818,BOA BF,NULL,TD,2026-01-31,100,2026-03-23 15:25:27.9324600 +00:00,S,P
23819,BOA BF,NULL,3F,2026-01-31,100,2026-03-23 15:25:27.9324600 +00:00,S,P
23820,BOA BF,NULL,CL,2026-01-31,91,2026-03-23 15:25:27.9324600 +00:00,S,P
23821,BOA BF,NULL,CT,2026-01-31,100,2026-03-23 15:25:27.9324600 +00:00,S,P
23822,BOA BF,NULL,F5,2026-01-31,100,2026-03-23 15:25:27.9324600 +00:00,S,P
23823,BOA BF,NULL,HX,2026-01-31,96,2026-03-23 15:25:27.9324600 +00:00,S,P
23824,BOA BF,NULL,LC,2026-01-31,100,2026-03-23 15:25:27.9324600 +00:00,S,P
23825,BOA BF,NULL,MC,2026-01-31,100,2026-03-23 15:25:27.9324600 +00:00,S,P
23826,BOA BF,NULL,PZ,2026-01-31,100,2026-03-23 15:25:27.9324600 +00:00,S,P
23827,BOA BF,NULL,U6,2026-01-31,86,2026-03-23 15:25:27.9324600 +00:00,S,P
23828,BOA BF,NULL,DY,2026-01-31,92,2026-03-23 15:25:27.9324600 +00:00,S,P
23829,BOA BF,NULL,RT,2026-01-31,81,2026-03-23 15:25:27.9324600 +00:00,S,P
23830,BOA BF,NULL,UI,2026-01-31,100,2026-03-23 15:25:27.9324600 +00:00,S,P
23831,BOA BF,NULL,XP,2026-01-31,100,2026-03-23 15:25:27.9324600 +00:00,S,P
23832,BOA BF,NULL,FX,2026-01-31,66,2026-03-23 15:25:27.9324600 +00:00,S,P
23833,BOA BF,NULL,IB,2026-01-31,100,2026-03-23 15:25:27.9324600 +00:00,S,P
23834,BOA BF,NULL,JI,2026-01-31,100,2026-03-23 15:25:27.9324600 +00:00,S,P
23835,BOA BF,NULL,TBI,2026-01-31,100,2026-03-23 15:25:27.9324600 +00:00,S,P
23836,BOA BF,NULL,VS,2026-01-31,100,2026-03-23 15:25:27.9324600 +00:00,S,P
23837,BOA BF,NULL,ZV,2026-01-31,86,2026-03-23 15:25:27.9324600 +00:00,S,P
23838,BOA BF,NULL,AL,2026-01-31,95,2026-03-23 15:25:27.9324600 +00:00,S,P
23839,BOA BF,NULL,XO,2026-01-31,100,2026-03-23 15:25:27.9324600 +00:00,S,P
23840,BOA BF,NULL,YM,2026-01-31,100,2026-03-23 15:25:27.9324600 +00:00,S,P
23841,BOA BF,NULL,CSD,2026-01-31,87,2026-03-23 15:25:27.9324600 +00:00,S,P
23842,BOA BF,NULL,FR,2026-01-31,100,2026-03-23 15:25:27.9324600 +00:00,S,P
23843,BOA BF,NULL,NO,2026-01-31,100,2026-03-23 15:25:27.9324600 +00:00,S,P
23844,BOA BF,NULL,XE,2026-01-31,100,2026-03-23 15:25:27.9324600 +00:00,S,P
23845,BOA BF,NULL,ic,2026-01-31,100,2026-03-23 15:25:27.9324600 +00:00,S,P
23846,BOA BF,NULL,BNA,2026-01-31,100,2026-03-23 15:25:27.9324600 +00:00,S,P
23847,BOA BF,NULL,WI,2026-01-31,100,2026-03-23 15:25:27.9324600 +00:00,S,P
23848,BOA BF,NULL,XW,2026-01-31,100,2026-03-23 15:25:27.9324600 +00:00,S,P
23849,BOA BF,NULL,A3,2026-01-31,100,2026-03-23 15:25:27.9324600 +00:00,S,P
23850,BOA BF,NULL,LYM,2026-01-31,100,2026-03-23 15:25:27.9324600 +00:00,S,P
23851,BOA BF,NULL,Y5,2026-01-31,100,2026-03-23 15:25:27.9324600 +00:00,S,P
23852,BOA BF,NULL,TAP,2026-01-31,100,2026-03-23 15:25:27.9324600 +00:00,S,P
23853,BOA BF,NULL,2A,2026-01-31,100,2026-03-23 15:25:27.9324600 +00:00,S,P
23854,BOA BF,NULL,GH,2026-01-31,100,2026-03-23 15:25:27.9324600 +00:00,S,P
23855,BOA BF,NULL,KCL,2026-01-31,100,2026-03-23 15:25:27.9324600 +00:00,S,P
23856,BOA BF,NULL,LL,2026-01-31,100,2026-03-23 15:25:27.9324600 +00:00,S,P
23857,BOA BF,NULL,QO,2026-01-31,66,2026-03-23 15:25:27.9324600 +00:00,S,P
23858,BOA BF,NULL,9T+,2026-01-31,0,2026-03-23 15:25:27.9324600 +00:00,S,P
23859,BOA BF,NULL,C2,2026-01-31,84,2026-03-23 15:25:27.9324600 +00:00,S,P
23860,BOA BF,NULL,DA,2026-01-31,100,2026-03-23 15:25:27.9324600 +00:00,S,P
23861,BOA BF,NULL,H2,2026-01-31,100,2026-03-23 15:25:27.9324600 +00:00,S,P
23862,BOA BF,NULL,IY,2026-01-31,80,2026-03-23 15:25:27.9324600 +00:00,S,P
23863,BOA BF,NULL,ODC,2026-01-31,66,2026-03-23 15:25:27.9324600 +00:00,S,P
23864,BOA BF,NULL,WH,2026-01-31,100,2026-03-23 15:25:27.9324600 +00:00,S,P
23865,BOA BF,NULL,ILA,2026-01-31,89,2026-03-23 15:25:27.9324600 +00:00,S,P
23866,BOA BF,NULL,X9,2026-01-31,100,2026-03-23 15:25:27.9324600 +00:00,S,P
23867,BOA BF,NULL,1M,2026-01-31,100,2026-03-23 15:25:27.9324600 +00:00,S,P
23868,BOA BF,NULL,1S,2026-01-31,50,2026-03-23 15:25:27.9324600 +00:00,S,P
23869,BOA BF,NULL,BAG,2026-01-31,100,2026-03-23 15:25:27.9324600 +00:00,S,P
23870,BOA BF,NULL,DDF,2026-01-31,100,2026-03-23 15:25:27.9324600 +00:00,S,P
23871,BOA BF,NULL,H9,2026-01-31,100,2026-03-23 15:25:27.9324600 +00:00,S,P
23872,BOA BF,NULL,Q3,2026-01-31,51,2026-03-23 15:25:27.9324600 +00:00,S,P
23873,BOA BF,NULL,QN,2026-01-31,100,2026-03-23 15:25:27.9324600 +00:00,S,P
23874,BOA BF,NULL,T17,2026-01-31,60,2026-03-23 15:25:27.9324600 +00:00,S,P
23875,BOA BF,NULL,YI,2026-01-31,100,2026-03-23 15:25:27.9324600 +00:00,S,P
23876,BOA BF,NULL,ZCW,2026-01-31,100,2026-03-23 15:25:27.9324600 +00:00,S,P
23877,BOA BF,NULL,KWO,2026-01-31,60,2026-03-23 15:25:27.9324600 +00:00,S,P
23878,BOA BF,NULL,NS,2026-01-31,100,2026-03-23 15:25:27.9324600 +00:00,S,P
23879,BOA BF,NULL,OI,2026-01-31,91,2026-03-23 15:25:27.9324600 +00:00,S,P
23880,BOA BF,NULL,P9,2026-01-31,100,2026-03-23 15:25:27.9324600 +00:00,S,P
23881,BOA BF,NULL,Q9,2026-01-31,99,2026-03-23 15:25:27.9324600 +00:00,S,P
23882,BOA BF,NULL,U2,2026-01-31,100,2026-03-23 15:25:27.9324600 +00:00,S,P
23883,BOA BF,NULL,YN,2026-01-31,100,2026-03-23 15:25:27.9324600 +00:00,S,P
23884,BOA BF,NULL,F8,2026-01-31,100,2026-03-23 15:25:27.9324600 +00:00,S,P
23885,BOA BF,NULL,MW,2026-01-31,100,2026-03-23 15:25:27.9324600 +00:00,S,P
23886,BOA BF,NULL,W1,2026-01-31,100,2026-03-23 15:25:27.9324600 +00:00,S,P
23887,BOA BF,NULL,ZHA,2026-01-31,86,2026-03-23 15:25:27.9324600 +00:00,S,P
23888,BOA BF,NULL,7W,2026-01-31,100,2026-03-23 15:25:27.9324600 +00:00,S,P
23889,BOA BF,NULL,YX,2026-01-31,100,2026-03-23 15:25:27.9324600 +00:00,S,P
23890,BOA BF,NULL,GT,2026-01-31,100,2026-03-23 15:25:27.9324600 +00:00,S,P
23891,BOA BF,NULL,DIR_AGENCE_17001,2026-01-31,0,2026-03-23 15:25:27.9324600 +00:00,S,P
23892,BOA BF,NULL,7X,2026-01-31,100,2026-03-23 15:25:27.9324600 +00:00,S,P
23893,BOA BF,NULL,OMA,2026-01-31,100,2026-03-23 15:25:27.9324600 +00:00,S,P
23894,BOA BF,NULL,8N,2026-01-31,90,2026-03-23 15:25:27.9324600 +00:00,S,P
23895,BOA BF,NULL,HH,2026-01-31,0,2026-03-23 15:25:27.9324600 +00:00,S,M
23896,BOA BF,NULL,AT,2026-01-31,0,2026-03-23 15:25:27.9324600 +00:00,S,M
23897,BOA BF,NULL,EB,2026-01-31,0,2026-03-23 15:25:27.9324600 +00:00,S,M
23898,BOA BF,NULL,FB,2026-01-31,0,2026-03-23 15:25:27.9324600 +00:00,S,M
23899,BOA BF,NULL,FE,2026-01-31,0,2026-03-23 15:25:27.9324600 +00:00,S,M
23900,BOA BF,NULL,HF,2026-01-31,0,2026-03-23 15:25:27.9324600 +00:00,S,M
23901,BOA BF,NULL,YA,2026-01-31,100,2026-03-23 15:25:27.9324600 +00:00,S,M
23902,BOA BF,NULL,X8,2026-01-31,100,2026-03-23 15:25:27.9324600 +00:00,S,M
23903,BOA BF,NULL,B5,2026-01-31,0,2026-03-23 15:25:27.9324600 +00:00,S,M
23904,BOA BF,NULL,PQ,2026-01-31,0,2026-03-23 15:25:27.9324600 +00:00,S,M
23905,BOA BF,NULL,QP,2026-01-31,0,2026-03-23 15:25:27.9324600 +00:00,S,M
23906,BOA BF,NULL,J1,2026-01-31,0,2026-03-23 15:25:27.9324600 +00:00,S,M
23907,BOA BF,NULL,HC,2026-01-31,0,2026-03-23 15:25:28.0115560 +00:00,S,M
23908,BOA BF,NULL,SFD,2026-01-31,75,2026-03-23 15:25:28.0115560 +00:00,S,M
23909,BOA BF,NULL,TH,2026-01-31,100,2026-03-23 15:25:28.0115560 +00:00,S,M
23910,BOA BF,NULL,VF,2026-01-31,100,2026-03-23 15:25:28.0115560 +00:00,S,M
23911,BOA BF,NULL,MB,2026-01-31,0,2026-03-23 15:25:28.0115560 +00:00,S,M
23912,BOA BF,NULL,GJ,2026-01-31,85,2026-03-23 15:25:28.0115560 +00:00,S,M
23913,BOA BF,NULL,JC,2026-01-31,0,2026-03-23 15:25:28.0115560 +00:00,S,M
23914,BOA BF,NULL,VZ,2026-01-31,100,2026-03-23 15:25:28.0115560 +00:00,S,M
23915,BOA BF,NULL,PF,2026-01-31,0,2026-03-23 15:25:28.0115560 +00:00,S,M
23916,BOA BF,NULL,YAC,2026-01-31,100,2026-03-23 15:25:28.0115560 +00:00,S,M
23917,BOA BF,NULL,FD,2026-01-31,0,2026-03-23 15:25:28.0115560 +00:00,S,M
23918,BOA BF,NULL,RE,2026-01-31,57,2026-03-23 15:25:28.0115560 +00:00,S,M
23919,BOA MR,NULL,ARA,2026-01-31,0,2026-03-23 15:25:28.0428590 +00:00,F,P
23920,BOA MR,NULL,NYM,2026-01-31,100,2026-03-23 15:25:28.0428590 +00:00,F,P
23921,BOA MR,NULL,SSB,2026-01-31,33,2026-03-23 15:25:28.0428590 +00:00,F,P
23922,BOA MR,NULL,IMD,2026-01-31,0,2026-03-23 15:25:28.0428590 +00:00,F,P
23923,BOA MR,NULL,AA1,2026-01-31,100,2026-03-23 15:25:28.0428590 +00:00,F,P
23924,BOA MR,NULL,RA2,2026-01-31,100,2026-03-23 15:25:28.0428590 +00:00,F,P
23925,BOA MR,NULL,HAN,2026-01-31,100,2026-03-23 15:25:28.0428590 +00:00,F,P
23926,BOA MR,NULL,EH,2026-01-31,20,2026-03-23 15:25:28.0428590 +00:00,F,P
23927,BOA MR,NULL,FAM,2026-01-31,33,2026-03-23 15:25:28.0428590 +00:00,F,P
23928,BOA MR,NULL,AY,2026-01-31,0,2026-03-23 15:25:28.0428590 +00:00,F,P
23929,BOA MR,NULL,KMA,2026-01-31,100,2026-03-23 15:25:28.0428590 +00:00,F,P
23930,BOA MR,NULL,S2A,2026-01-31,50,2026-03-23 15:25:28.0428590 +00:00,F,P
23931,BOA MR,NULL,SHM,2026-01-31,100,2026-03-23 15:25:28.0428590 +00:00,F,P
23932,BOA MR,NULL,AFD,2026-01-31,100,2026-03-23 15:25:28.0428590 +00:00,F,P
23933,BOA MR,NULL,FSM,2026-01-31,100,2026-03-23 15:25:28.0428590 +00:00,F,P
23934,BOA MR,NULL,F0,2026-01-31,0,2026-03-23 15:25:28.0428590 +00:00,F,M
23935,BOA MR,NULL,KAO,2026-01-31,0,2026-03-23 15:25:28.0428590 +00:00,F,M
23936,BOA MR,NULL,OMM,2026-01-31,0,2026-03-23 15:25:28.0428590 +00:00,F,M
23937,BOA MR,NULL,RAA,2026-01-31,0,2026-03-23 15:25:28.0428590 +00:00,F,M
23938,BOA MR,NULL,BBE,2026-01-31,0,2026-03-23 15:25:28.0428590 +00:00,S,P
23939,BOA MR,NULL,C6,2026-01-31,0,2026-03-23 15:25:28.0428590 +00:00,S,P
23940,BOA MR,NULL,HQ,2026-01-31,3,2026-03-23 15:25:28.0428590 +00:00,S,P
23941,BOA MR,NULL,I1,2026-01-31,0,2026-03-23 15:25:28.0428590 +00:00,S,P
23942,BOA MR,NULL,JJ,2026-01-31,0,2026-03-23 15:25:28.0428590 +00:00,S,P
23943,BOA MR,NULL,SA,2026-01-31,0,2026-03-23 15:25:28.0428590 +00:00,S,P
23944,BOA MR,NULL,SHE,2026-01-31,0,2026-03-23 15:25:28.0428590 +00:00,S,P
23945,BOA MR,NULL,AV,2026-01-31,0,2026-03-23 15:25:28.0428590 +00:00,S,P
23946,BOA MR,NULL,E8,2026-01-31,0,2026-03-23 15:25:28.0428590 +00:00,S,P
23947,BOA MR,NULL,J5,2026-01-31,1,2026-03-23 15:25:28.0428590 +00:00,S,P
23948,BOA MR,NULL,KMI,2026-01-31,0,2026-03-23 15:25:28.0428590 +00:00,S,P
23949,BOA MR,NULL,KW,2026-01-31,0,2026-03-23 15:25:28.0428590 +00:00,S,P
23950,BOA MR,NULL,NI,2026-01-31,0,2026-03-23 15:25:28.0428590 +00:00,S,P
23951,BOA MR,NULL,Y5,2026-01-31,0,2026-03-23 15:25:28.0428590 +00:00,S,P
23952,BOA MR,NULL,ZMA,2026-01-31,9,2026-03-23 15:25:28.0428590 +00:00,S,P
23953,BOA MR,NULL,A2A,2026-01-31,2,2026-03-23 15:25:28.0428590 +00:00,S,P
23954,BOA MR,NULL,IMA,2026-01-31,0,2026-03-23 15:25:28.0428590 +00:00,S,P
23955,BOA MR,NULL,M2,2026-01-31,0,2026-03-23 15:25:28.0428590 +00:00,S,P
23956,BOA MR,NULL,NF1,2026-01-31,8,2026-03-23 15:25:28.0428590 +00:00,S,P
23957,BOA MR,NULL,RSH,2026-01-31,3,2026-03-23 15:25:28.0428590 +00:00,S,P
23958,BOA MR,NULL,AH1,2026-01-31,0,2026-03-23 15:25:28.0428590 +00:00,S,P
23959,BOA MR,NULL,HHA,2026-01-31,0,2026-03-23 15:25:28.0428590 +00:00,S,P
23960,BOA MR,NULL,HMA,2026-01-31,0,2026-03-23 15:25:28.0428590 +00:00,S,P
23961,BOA MR,NULL,VVV,2026-01-31,0,2026-03-23 15:25:28.0428590 +00:00,S,P
23962,BOA MR,NULL,AF9,2026-01-31,0,2026-03-23 15:25:28.0428590 +00:00,S,P
23963,BOA MR,NULL,CH,2026-01-31,0,2026-03-23 15:25:28.0428590 +00:00,S,P
23964,BOA MR,NULL,DH9,2026-01-31,0,2026-03-23 15:25:28.0428590 +00:00,S,P
23965,BOA MR,NULL,GU,2026-01-31,0,2026-03-23 15:25:28.0428590 +00:00,S,P
23966,BOA MR,NULL,IAY,2026-01-31,0,2026-03-23 15:25:28.0428590 +00:00,S,P
23967,BOA MR,NULL,M2A,2026-01-31,0,2026-03-23 15:25:28.0428590 +00:00,S,P
23968,BOA MR,NULL,MAF,2026-01-31,0,2026-03-23 15:25:28.0428590 +00:00,S,P
23969,BOA MR,NULL,MAM,2026-01-31,0,2026-03-23 15:25:28.0428590 +00:00,S,P
23970,BOA MR,NULL,N5,2026-01-31,6,2026-03-23 15:25:28.0428590 +00:00,S,P
23971,BOA MR,NULL,A8,2026-01-31,0,2026-03-23 15:25:28.0428590 +00:00,S,P
23972,BOA MR,NULL,KA,2026-01-31,0,2026-03-23 15:25:28.0428590 +00:00,S,P
23973,BOA MR,NULL,RMU,2026-01-31,0,2026-03-23 15:25:28.0428590 +00:00,S,P
23974,BOA MR,NULL,00,2026-01-31,0,2026-03-23 15:25:28.0428590 +00:00,S,P
23975,BOA MR,NULL,CT,2026-01-31,0,2026-03-23 15:25:28.0428590 +00:00,S,P
23976,BOA MR,NULL,IG,2026-01-31,0,2026-03-23 15:25:28.0428590 +00:00,S,P
23977,BOA MR,NULL,MF,2026-01-31,0,2026-03-23 15:25:28.0428590 +00:00,S,P
23978,BOA MR,NULL,MHD,2026-01-31,75,2026-03-23 15:25:28.0428590 +00:00,S,P
23979,BOA MR,NULL,NII,2026-01-31,11,2026-03-23 15:25:28.0428590 +00:00,S,P
23980,BOA MR,NULL,R1,2026-01-31,100,2026-03-23 15:25:28.0428590 +00:00,S,P
23981,BOA MR,NULL,AAV,2026-01-31,51,2026-03-23 15:25:28.0428590 +00:00,S,P
23982,BOA MR,NULL,AHA,2026-01-31,0,2026-03-23 15:25:28.0428590 +00:00,S,P
23983,BOA MR,NULL,FB,2026-01-31,0,2026-03-23 15:25:28.0428590 +00:00,S,M
23984,BOA MR,NULL,JX,2026-01-31,0,2026-03-23 15:25:28.0428590 +00:00,S,M
23985,BOA MR,NULL,AMA,2026-01-31,0,2026-03-23 15:25:28.0428590 +00:00,S,M
23986,BOA MR,NULL,ZD,2026-01-31,0,2026-03-23 15:25:28.0428590 +00:00,S,M
23987,BOA MR,NULL,DH,2026-01-31,0,2026-03-23 15:25:28.0428590 +00:00,S,M
23988,BOA TG,NULL,BAR,2026-01-31,93,2026-03-23 15:25:28.0929110 +00:00,F,P
23989,BOA TG,NULL,LBS,2026-01-31,86,2026-03-23 15:25:28.0929110 +00:00,F,P
23990,BOA TG,NULL,TSK,2026-01-31,100,2026-03-23 15:25:28.0929110 +00:00,F,P
23991,BOA TG,NULL,EDA,2026-01-31,95,2026-03-23 15:25:28.0929110 +00:00,F,P
23992,BOA TG,NULL,EDO,2026-01-31,100,2026-03-23 15:25:28.0929110 +00:00,F,P
23993,BOA TG,NULL,DYR,2026-01-31,83,2026-03-23 15:25:28.0929110 +00:00,F,P
23994,BOA TG,NULL,GUM,2026-01-31,84,2026-03-23 15:25:28.0929110 +00:00,F,P
23995,BOA TG,NULL,SYT,2026-01-31,90,2026-03-23 15:25:28.0929110 +00:00,F,P
23996,BOA TG,NULL,ADV,2026-01-31,100,2026-03-23 15:25:28.0929110 +00:00,F,P
23997,BOA TG,NULL,TMD,2026-01-31,100,2026-03-23 15:25:28.0929110 +00:00,F,P
23998,BOA TG,NULL,BYE,2026-01-31,90,2026-03-23 15:25:28.0929110 +00:00,F,P
23999,BOA TG,NULL,DEK,2026-01-31,80,2026-03-23 15:25:28.0929110 +00:00,F,P
24000,BOA TG,NULL,KAL,2026-01-31,84,2026-03-23 15:25:28.0929110 +00:00,F,P
24001,BOA TG,NULL,AKN,2026-01-31,75,2026-03-23 15:25:28.0929110 +00:00,F,P
24002,BOA TG,NULL,JAN,2026-01-31,78,2026-03-23 15:25:28.0929110 +00:00,F,P
24003,BOA TG,NULL,AKE,2026-01-31,77,2026-03-23 15:25:28.0929110 +00:00,F,P
24004,BOA TG,NULL,BMN,2026-01-31,100,2026-03-23 15:25:28.0929110 +00:00,F,P
24005,BOA TG,NULL,KKM,2026-01-31,100,2026-03-23 15:25:28.0929110 +00:00,F,P
24006,BOA TG,NULL,KOT,2026-01-31,72,2026-03-23 15:25:28.0929110 +00:00,F,P
24007,BOA TG,NULL,ADD,2026-01-31,100,2026-03-23 15:25:28.0929110 +00:00,F,P
24008,BOA TG,NULL,ABW,2026-01-31,0,2026-03-23 15:25:28.0929110 +00:00,F,P
24009,BOA TG,NULL,DJM,2026-01-31,100,2026-03-23 15:25:28.0929110 +00:00,F,P
24010,BOA TG,NULL,AKF,2026-01-31,100,2026-03-23 15:25:28.0929110 +00:00,F,P
24011,BOA TG,NULL,MAT,2026-01-31,100,2026-03-23 15:25:28.0929110 +00:00,F,M
24012,BOA TG,NULL,MJN,2026-01-31,100,2026-03-23 15:25:28.0939080 +00:00,F,M
24013,BOA TG,NULL,VFA,2026-01-31,100,2026-03-23 15:25:28.0939080 +00:00,F,M
24014,BOA TG,NULL,KAE,2026-01-31,66,2026-03-23 15:25:28.0939080 +00:00,F,M
24015,BOA TG,NULL,KPM,2026-01-31,0,2026-03-23 15:25:28.0939080 +00:00,F,M
24016,BOA TG,NULL,SAK,2026-01-31,100,2026-03-23 15:25:28.0939080 +00:00,F,M
24017,BOA TG,NULL,SOU,2026-01-31,100,2026-03-23 15:25:28.0939080 +00:00,F,M
24018,BOA TG,NULL,DKG,2026-01-31,12,2026-03-23 15:25:28.0939080 +00:00,F,M
24019,BOA TG,NULL,GKF,2026-01-31,100,2026-03-23 15:25:28.0939080 +00:00,F,M
24020,BOA TG,NULL,CAT,2026-01-31,0,2026-03-23 15:25:28.0939080 +00:00,F,M
24021,BOA TG,NULL,LEK,2026-01-31,100,2026-03-23 15:25:28.0939080 +00:00,F,M
24022,BOA TG,NULL,KPK,2026-01-31,0,2026-03-23 15:25:28.0939080 +00:00,F,M
24023,BOA TG,NULL,AF,2026-01-31,0,2026-03-23 15:25:28.0939080 +00:00,S,P
24024,BOA TG,NULL,AFA,2026-01-31,100,2026-03-23 15:25:28.0939080 +00:00,S,P
24025,BOA TG,NULL,AFC,2026-01-31,26,2026-03-23 15:25:28.0939080 +00:00,S,P
24026,BOA TG,NULL,AS,2026-01-31,0,2026-03-23 15:25:28.0939080 +00:00,S,P
24027,BOA TG,NULL,BA,2026-01-31,0,2026-03-23 15:25:28.0939080 +00:00,S,P
24028,BOA TG,NULL,BOL,2026-01-31,0,2026-03-23 15:25:28.0939080 +00:00,S,P
24029,BOA TG,NULL,CA,2026-01-31,0,2026-03-23 15:25:28.0939080 +00:00,S,P
24030,BOA TG,NULL,ED,2026-01-31,5,2026-03-23 15:25:28.0939080 +00:00,S,P
24031,BOA TG,NULL,EDN,2026-01-31,40,2026-03-23 15:25:28.0939080 +00:00,S,P
24032,BOA TG,NULL,EK,2026-01-31,32,2026-03-23 15:25:28.0939080 +00:00,S,P
24033,BOA TG,NULL,FC,2026-01-31,0,2026-03-23 15:25:28.0939080 +00:00,S,P
24034,BOA TG,NULL,GMJ,2026-01-31,79,2026-03-23 15:25:28.0939080 +00:00,S,P
24035,BOA TG,NULL,HEK,2026-01-31,0,2026-03-23 15:25:28.0939080 +00:00,S,P
24036,BOA TG,NULL,HO,2026-01-31,5,2026-03-23 15:25:28.0939080 +00:00,S,P
24037,BOA TG,NULL,KB,2026-01-31,9,2026-03-23 15:25:28.0939080 +00:00,S,P
24038,BOA TG,NULL,KO,2026-01-31,0,2026-03-23 15:25:28.0939080 +00:00,S,P
24039,BOA TG,NULL,KOK,2026-01-31,0,2026-03-23 15:25:28.0939080 +00:00,S,P
24040,BOA TG,NULL,LSB,2026-01-31,0,2026-03-23 15:25:28.0939080 +00:00,S,P
24041,BOA TG,NULL,SO,2026-01-31,0,2026-03-23 15:25:28.0939080 +00:00,S,P
24042,BOA TG,NULL,TKP,2026-01-31,20,2026-03-23 15:25:28.0939080 +00:00,S,P
24043,BOA TG,NULL,RAI,2026-01-31,29,2026-03-23 15:25:28.0939080 +00:00,S,P
24044,BOA TG,NULL,AD,2026-01-31,0,2026-03-23 15:25:28.0939080 +00:00,S,P
24045,BOA TG,NULL,BED,2026-01-31,0,2026-03-23 15:25:28.0939080 +00:00,S,P
24046,BOA TG,NULL,BWN,2026-01-31,0,2026-03-23 15:25:28.0939080 +00:00,S,P
24047,BOA TG,NULL,EA,2026-01-31,11,2026-03-23 15:25:28.0939080 +00:00,S,P
24048,BOA TG,NULL,EV,2026-01-31,0,2026-03-23 15:25:28.0939080 +00:00,S,P
24049,BOA TG,NULL,FCF,2026-01-31,0,2026-03-23 15:25:28.0939080 +00:00,S,P
24050,BOA TG,NULL,KBT,2026-01-31,34,2026-03-23 15:25:28.0939080 +00:00,S,P
24051,BOA TG,NULL,KP,2026-01-31,0,2026-03-23 15:25:28.0939080 +00:00,S,P
24052,BOA TG,NULL,KPL,2026-01-31,25,2026-03-23 15:25:28.0939080 +00:00,S,P
24053,BOA TG,NULL,LK,2026-01-31,0,2026-03-23 15:25:28.0939080 +00:00,S,P
24054,BOA TG,NULL,LKP,2026-01-31,25,2026-03-23 15:25:28.0939080 +00:00,S,P
24055,BOA TG,NULL,MI,2026-01-31,18,2026-03-23 15:25:28.0939080 +00:00,S,P
24056,BOA TG,NULL,MO,2026-01-31,12,2026-03-23 15:25:28.0939080 +00:00,S,P
24057,BOA TG,NULL,MOB,2026-01-31,0,2026-03-23 15:25:28.0939080 +00:00,S,P
24058,BOA TG,NULL,TBK,2026-01-31,0,2026-03-23 15:25:28.0939080 +00:00,S,P
24059,BOA TG,NULL,AG,2026-01-31,50,2026-03-23 15:25:28.0939080 +00:00,S,P
24060,BOA TG,NULL,WK,2026-01-31,0,2026-03-23 15:25:28.0939080 +00:00,S,P
24061,BOA TG,NULL,KMH,2026-01-31,0,2026-03-23 15:25:28.0939080 +00:00,S,P
24062,BOA TG,NULL,TEM,2026-01-31,0,2026-03-23 15:25:28.0939080 +00:00,S,P
24063,BOA TG,NULL,AME,2026-01-31,0,2026-03-23 15:25:28.0939080 +00:00,S,P
24064,BOA TG,NULL,BW,2026-01-31,19,2026-03-23 15:25:28.0939080 +00:00,S,P
24065,BOA TG,NULL,DD,2026-01-31,14,2026-03-23 15:25:28.0939080 +00:00,S,P
24066,BOA TG,NULL,DIT,2026-01-31,0,2026-03-23 15:25:28.0939080 +00:00,S,P
24067,BOA TG,NULL,EF,2026-01-31,11,2026-03-23 15:25:28.0939080 +00:00,S,P
24068,BOA TG,NULL,EFA,2026-01-31,50,2026-03-23 15:25:28.0939080 +00:00,S,P
24069,BOA TG,NULL,RG,2026-01-31,100,2026-03-23 15:25:28.0939080 +00:00,S,P
24070,BOA TG,NULL,TID,2026-01-31,7,2026-03-23 15:25:28.0939080 +00:00,S,P
24071,BOA TG,NULL,BAS,2026-01-31,60,2026-03-23 15:25:28.0939080 +00:00,S,P
24072,BOA TG,NULL,EAC,2026-01-31,57,2026-03-23 15:25:28.0939080 +00:00,S,P
24073,BOA TG,NULL,KAD,2026-01-31,33,2026-03-23 15:25:28.0939080 +00:00,S,P
24074,BOA TG,NULL,KM,2026-01-31,37,2026-03-23 15:25:28.0949030 +00:00,S,P
24075,BOA TG,NULL,OS,2026-01-31,50,2026-03-23 15:25:28.0949030 +00:00,S,P
24076,BOA TG,NULL,PEA,2026-01-31,0,2026-03-23 15:25:28.0949030 +00:00,S,P
24077,BOA TG,NULL,STY,2026-01-31,41,2026-03-23 15:25:28.0949030 +00:00,S,P
24078,BOA TG,NULL,TDM,2026-01-31,75,2026-03-23 15:25:28.0949030 +00:00,S,P
24079,BOA TG,NULL,AM,2026-01-31,0,2026-03-23 15:25:28.0949030 +00:00,S,P
24080,BOA TG,NULL,BNM,2026-01-31,100,2026-03-23 15:25:28.0949030 +00:00,S,P
24081,BOA TG,NULL,DVN,2026-01-31,0,2026-03-23 15:25:28.0949030 +00:00,S,P
24082,BOA TG,NULL,EAG,2026-01-31,33,2026-03-23 15:25:28.0949030 +00:00,S,P
24083,BOA TG,NULL,SY,2026-01-31,0,2026-03-23 15:25:28.0949030 +00:00,S,P
24084,BOA TG,NULL,ADJ,2026-01-31,66,2026-03-23 15:25:28.0949030 +00:00,S,P
24085,BOA TG,NULL,DJA,2026-01-31,54,2026-03-23 15:25:28.0949030 +00:00,S,P
24086,BOA TG,NULL,EKA,2026-01-31,33,2026-03-23 15:25:28.0949030 +00:00,S,P
24087,BOA TG,NULL,PO,2026-01-31,10,2026-03-23 15:25:28.0949030 +00:00,S,P
24088,BOA TG,NULL,WNB,2026-01-31,0,2026-03-23 15:25:28.0949030 +00:00,S,P
24089,BOA TG,NULL,YAA,2026-01-31,100,2026-03-23 15:25:28.0949030 +00:00,S,P
24090,BOA TG,NULL,EKC,2026-01-31,100,2026-03-23 15:25:28.0949030 +00:00,S,P
24091,BOA TG,NULL,KAK,2026-01-31,81,2026-03-23 15:25:28.0949030 +00:00,S,P
24092,BOA TG,NULL,TK,2026-01-31,0,2026-03-23 15:25:28.0949030 +00:00,S,P
24093,BOA TG,NULL,AE,2026-01-31,0,2026-03-23 15:25:28.0949030 +00:00,S,P
24094,BOA TG,NULL,AHA,2026-01-31,36,2026-03-23 15:25:28.0949030 +00:00,S,P
24095,BOA TG,NULL,KA,2026-01-31,0,2026-03-23 15:25:28.0949030 +00:00,S,P
24096,BOA TG,NULL,DIR_AGENCE_1012,2026-01-31,0,2026-03-23 15:25:28.0949030 +00:00,S,P
24097,BOA TG,NULL,NAJ,2026-01-31,0,2026-03-23 15:25:28.0949030 +00:00,S,P
24098,BOA TG,NULL,SA,2026-01-31,28,2026-03-23 15:25:28.0949030 +00:00,S,P
24099,BOA TG,NULL,TM,2026-01-31,18,2026-03-23 15:25:28.0949030 +00:00,S,P
24100,BOA TG,NULL,AKR,2026-01-31,100,2026-03-23 15:25:28.0949030 +00:00,S,P
24101,BOA TG,NULL,DE,2026-01-31,0,2026-03-23 15:25:28.0949030 +00:00,S,P
24102,BOA TG,NULL,NAS,2026-01-31,0,2026-03-23 15:25:28.0949030 +00:00,S,P
24103,BOA TG,NULL,POP,2026-01-31,40,2026-03-23 15:25:28.0949030 +00:00,S,P
24104,BOA TG,NULL,KKA,2026-01-31,0,2026-03-23 15:25:28.0949030 +00:00,S,P
24105,BOA TG,NULL,TRK,2026-01-31,66,2026-03-23 15:25:28.0949030 +00:00,S,P
24106,BOA TG,NULL,ADZ,2026-01-31,25,2026-03-23 15:25:28.0949030 +00:00,S,P
24107,BOA TG,NULL,DEA,2026-01-31,38,2026-03-23 15:25:28.0949030 +00:00,S,P
24108,BOA TG,NULL,LOX,2026-01-31,0,2026-03-23 15:25:28.0949030 +00:00,S,P
24109,BOA TG,NULL,ARB,2026-01-31,100,2026-03-23 15:25:28.0949030 +00:00,S,P
24110,BOA TG,NULL,ITM,2026-01-31,0,2026-03-23 15:25:28.0949030 +00:00,S,P
24111,BOA TG,NULL,PYT,2026-01-31,80,2026-03-23 15:25:28.0949030 +00:00,S,P
24112,BOA TG,NULL,DJS,2026-01-31,100,2026-03-23 15:25:28.0949030 +00:00,S,P
24113,BOA TG,NULL,FKA,2026-01-31,66,2026-03-23 15:25:28.0949030 +00:00,S,P
24114,BOA TG,NULL,ATS,2026-01-31,0,2026-03-23 15:25:28.0949030 +00:00,S,M
24115,BOA TG,NULL,KAT,2026-01-31,10,2026-03-23 15:25:28.0949030 +00:00,S,M
24116,BOA TG,NULL,MNJ,2026-01-31,50,2026-03-23 15:25:28.1788120 +00:00,S,M
24117,BOA TG,NULL,ADK,2026-01-31,0,2026-03-23 15:25:28.1788120 +00:00,S,M
24118,BOA TG,NULL,AJK,2026-01-31,28,2026-03-23 15:25:28.1788120 +00:00,S,M
24119,BOA TG,NULL,WKF,2026-01-31,6,2026-03-23 15:25:28.1788120 +00:00,S,M
24120,BOA TG,NULL,KAB,2026-01-31,0,2026-03-23 15:25:28.1788120 +00:00,S,M
24121,BOA TG,NULL,BAG,2026-01-31,33,2026-03-23 15:25:28.1798060 +00:00,S,M
24122,BOA TG,NULL,SAE,2026-01-31,7,2026-03-23 15:25:28.1798060 +00:00,S,M
24123,BOA TG,NULL,aME,2026-01-31,0,2026-03-23 15:25:28.1798060 +00:00,S,M
24124,BOA TG,NULL,NAH,2026-01-31,36,2026-03-23 15:25:28.1798060 +00:00,S,M
24125,BOA TG,NULL,TCK,2026-01-31,100,2026-03-23 15:25:28.1798060 +00:00,S,M
24126,BOA TG,NULL,AMK,2026-01-31,0,2026-03-23 15:25:28.1798060 +00:00,S,M
24127,BOA TG,NULL,LKE,2026-01-31,0,2026-03-23 15:25:28.1798060 +00:00,S,M
24128,BOA TG,NULL,TKM,2026-01-31,25,2026-03-23 15:25:28.1798060 +00:00,S,M
24129,BOA TG,NULL,KKP,2026-01-31,0,2026-03-23 15:25:28.1798060 +00:00,S,M
24130,BOA CI,NULL,4I,2026-01-31,100,2026-03-23 15:25:28.2180470 +00:00,F,P
24131,BOA CI,NULL,AKL,2026-01-31,93,2026-03-23 15:25:28.2180470 +00:00,F,P
24132,BOA CI,NULL,AKO,2026-01-31,100,2026-03-23 15:25:28.2180470 +00:00,F,P
24133,BOA CI,NULL,AKV,2026-01-31,97,2026-03-23 15:25:28.2180470 +00:00,F,P
24134,BOA CI,NULL,BME,2026-01-31,100,2026-03-23 15:25:28.2180470 +00:00,F,P
24135,BOA CI,NULL,ST,2026-01-31,100,2026-03-23 15:25:28.2180470 +00:00,F,P
24136,BOA CI,NULL,BAA,2026-01-31,94,2026-03-23 15:25:28.2180470 +00:00,F,P
24137,BOA CI,NULL,LM,2026-01-31,96,2026-03-23 15:25:28.2180470 +00:00,F,P
24138,BOA CI,NULL,D3,2026-01-31,100,2026-03-23 15:25:28.2180470 +00:00,F,P
24139,BOA CI,NULL,AY,2026-01-31,100,2026-03-23 15:25:28.2180470 +00:00,F,P
24140,BOA CI,NULL,WN,2026-01-31,92,2026-03-23 15:25:28.2180470 +00:00,F,P
24141,BOA CI,NULL,CV,2026-01-31,100,2026-03-23 15:25:28.2180470 +00:00,F,P
24142,BOA CI,NULL,BW,2026-01-31,91,2026-03-23 15:25:28.2180470 +00:00,F,P
24143,BOA CI,NULL,J6,2026-01-31,90,2026-03-23 15:25:28.2180470 +00:00,F,P
24144,BOA CI,NULL,M1,2026-01-31,50,2026-03-23 15:25:28.2180470 +00:00,F,P
24145,BOA CI,NULL,ARV,2026-01-31,100,2026-03-23 15:25:28.2180470 +00:00,F,P
24146,BOA CI,NULL,CH,2026-01-31,88,2026-03-23 15:25:28.2180470 +00:00,F,P
24147,BOA CI,NULL,0A,2026-01-31,100,2026-03-23 15:25:28.2180470 +00:00,F,P
24148,BOA CI,NULL,BBN,2026-01-31,100,2026-03-23 15:25:28.2180470 +00:00,F,P
24149,BOA CI,NULL,AYF,2026-01-31,96,2026-03-23 15:25:28.2180470 +00:00,F,P
24150,BOA CI,NULL,15,2026-01-31,100,2026-03-23 15:25:28.2180470 +00:00,F,P
24151,BOA CI,NULL,9R,2026-01-31,100,2026-03-23 15:25:28.2180470 +00:00,F,P
24152,BOA CI,NULL,4R,2026-01-31,100,2026-03-23 15:25:28.2180470 +00:00,F,P
24153,BOA CI,NULL,ASC,2026-01-31,100,2026-03-23 15:25:28.2180470 +00:00,F,P
24154,BOA CI,NULL,LL,2026-01-31,100,2026-03-23 15:25:28.2180470 +00:00,F,P
24155,BOA CI,NULL,BAY,2026-01-31,100,2026-03-23 15:25:28.2180470 +00:00,F,P
24156,BOA CI,NULL,IA,2026-01-31,100,2026-03-23 15:25:28.2180470 +00:00,F,P
24157,BOA CI,NULL,S3,2026-01-31,100,2026-03-23 15:25:28.2180470 +00:00,F,P
24158,BOA CI,NULL,BBO,2026-01-31,100,2026-03-23 15:25:28.2180470 +00:00,F,P
24159,BOA CI,NULL,NI,2026-01-31,100,2026-03-23 15:25:28.2180470 +00:00,F,P
24160,BOA CI,NULL,F0,2026-01-31,100,2026-03-23 15:25:28.2180470 +00:00,F,P
24161,BOA CI,NULL,UN,2026-01-31,77,2026-03-23 15:25:28.2180470 +00:00,F,P
24162,BOA CI,NULL,0Y,2026-01-31,100,2026-03-23 15:25:28.2180470 +00:00,F,P
24163,BOA CI,NULL,VB,2026-01-31,50,2026-03-23 15:25:28.2180470 +00:00,F,P
24164,BOA CI,NULL,ADI,2026-01-31,95,2026-03-23 15:25:28.2180470 +00:00,F,P
24165,BOA CI,NULL,UC,2026-01-31,100,2026-03-23 15:25:28.2180470 +00:00,F,P
24166,BOA CI,NULL,AYZ,2026-01-31,100,2026-03-23 15:25:28.2180470 +00:00,F,P
24167,BOA CI,NULL,L4,2026-01-31,100,2026-03-23 15:25:28.2180470 +00:00,F,P
24168,BOA CI,NULL,ABS,2026-01-31,100,2026-03-23 15:25:28.2180470 +00:00,F,P
24169,BOA CI,NULL,MZ,2026-01-31,100,2026-03-23 15:25:28.2180470 +00:00,F,P
24170,BOA CI,NULL,7P,2026-01-31,100,2026-03-23 15:25:28.2180470 +00:00,F,P
24171,BOA CI,NULL,AYN,2026-01-31,100,2026-03-23 15:25:28.2180470 +00:00,F,P
24172,BOA CI,NULL,2G,2026-01-31,92,2026-03-23 15:25:28.2180470 +00:00,F,P
24173,BOA CI,NULL,AYK,2026-01-31,100,2026-03-23 15:25:28.2180470 +00:00,F,P
24174,BOA CI,NULL,3D,2026-01-31,100,2026-03-23 15:25:28.2180470 +00:00,F,P
24175,BOA CI,NULL,BMB,2026-01-31,100,2026-03-23 15:25:28.2180470 +00:00,F,P
24176,BOA CI,NULL,EB,2026-01-31,100,2026-03-23 15:25:28.2180470 +00:00,F,P
24177,BOA CI,NULL,9H,2026-01-31,100,2026-03-23 15:25:28.2180470 +00:00,F,P
24178,BOA CI,NULL,7N,2026-01-31,94,2026-03-23 15:25:28.2180470 +00:00,F,P
24179,BOA CI,NULL,UH,2026-01-31,100,2026-03-23 15:25:28.2190400 +00:00,F,P
24180,BOA CI,NULL,0W,2026-01-31,100,2026-03-23 15:25:28.2190400 +00:00,F,P
24181,BOA CI,NULL,1C,2026-01-31,100,2026-03-23 15:25:28.2190400 +00:00,F,P
24182,BOA CI,NULL,74,2026-01-31,100,2026-03-23 15:25:28.2190400 +00:00,F,P
24183,BOA CI,NULL,UI,2026-01-31,100,2026-03-23 15:25:28.2190400 +00:00,F,P
24184,BOA CI,NULL,L2,2026-01-31,100,2026-03-23 15:25:28.2190400 +00:00,F,P
24185,BOA CI,NULL,2U,2026-01-31,100,2026-03-23 15:25:28.2190400 +00:00,F,P
24186,BOA CI,NULL,AHL,2026-01-31,93,2026-03-23 15:25:28.2190400 +00:00,F,P
24187,BOA CI,NULL,WZ,2026-01-31,100,2026-03-23 15:25:28.2190400 +00:00,F,P
24188,BOA CI,NULL,BHA,2026-01-31,100,2026-03-23 15:25:28.2190400 +00:00,F,P
24189,BOA CI,NULL,J9,2026-01-31,100,2026-03-23 15:25:28.2190400 +00:00,F,P
24190,BOA CI,NULL,ACA,2026-01-31,100,2026-03-23 15:25:28.2190400 +00:00,F,P
24191,BOA CI,NULL,AXU,2026-01-31,75,2026-03-23 15:25:28.2190400 +00:00,F,P
24192,BOA CI,NULL,UA,2026-01-31,90,2026-03-23 15:25:28.2190400 +00:00,F,P
24193,BOA CI,NULL,7L,2026-01-31,100,2026-03-23 15:25:28.2190400 +00:00,F,P
24194,BOA CI,NULL,AT,2026-01-31,100,2026-03-23 15:25:28.2190400 +00:00,F,P
24195,BOA CI,NULL,MR,2026-01-31,100,2026-03-23 15:25:28.2190400 +00:00,F,P
24196,BOA CI,NULL,2F,2026-01-31,100,2026-03-23 15:25:28.2190400 +00:00,F,P
24197,BOA CI,NULL,7E,2026-01-31,57,2026-03-23 15:25:28.2190400 +00:00,F,P
24198,BOA CI,NULL,QJ,2026-01-31,95,2026-03-23 15:25:28.2190400 +00:00,F,P
24199,BOA CI,NULL,AAY,2026-01-31,100,2026-03-23 15:25:28.2190400 +00:00,F,P
24200,BOA CI,NULL,DP,2026-01-31,100,2026-03-23 15:25:28.2190400 +00:00,F,P
24201,BOA CI,NULL,FE,2026-01-31,100,2026-03-23 15:25:28.2190400 +00:00,F,P
24202,BOA CI,NULL,IT,2026-01-31,100,2026-03-23 15:25:28.2190400 +00:00,F,P
24203,BOA CI,NULL,7D,2026-01-31,99,2026-03-23 15:25:28.2190400 +00:00,F,P
24204,BOA CI,NULL,ASD,2026-01-31,100,2026-03-23 15:25:28.2190400 +00:00,F,P
24205,BOA CI,NULL,ARI,2026-01-31,100,2026-03-23 15:25:28.2190400 +00:00,F,P
24206,BOA CI,NULL,UY,2026-01-31,99,2026-03-23 15:25:28.2190400 +00:00,F,P
24207,BOA CI,NULL,ME,2026-01-31,100,2026-03-23 15:25:28.2190400 +00:00,F,P
24208,BOA CI,NULL,K2,2026-01-31,0,2026-03-23 15:25:28.2190400 +00:00,F,P
24209,BOA CI,NULL,PB,2026-01-31,12,2026-03-23 15:25:28.2190400 +00:00,F,P
24210,BOA CI,NULL,6B,2026-01-31,20,2026-03-23 15:25:28.2190400 +00:00,F,M
24211,BOA CI,NULL,ADE,2026-01-31,0,2026-03-23 15:25:28.2190400 +00:00,F,M
24212,BOA CI,NULL,AKG,2026-01-31,100,2026-03-23 15:25:28.2190400 +00:00,F,M
24213,BOA CI,NULL,BMQ,2026-01-31,0,2026-03-23 15:25:28.2190400 +00:00,F,M
24214,BOA CI,NULL,APW,2026-01-31,80,2026-03-23 15:25:28.2190400 +00:00,F,M
24215,BOA CI,NULL,V9,2026-01-31,0,2026-03-23 15:25:28.2190400 +00:00,F,M
24216,BOA CI,NULL,17,2026-01-31,100,2026-03-23 15:25:28.2190400 +00:00,F,M
24217,BOA CI,NULL,5L,2026-01-31,100,2026-03-23 15:25:28.2190400 +00:00,F,M
24218,BOA CI,NULL,ASW,2026-01-31,100,2026-03-23 15:25:28.2190400 +00:00,F,M
24219,BOA CI,NULL,9J,2026-01-31,100,2026-03-23 15:25:28.2190400 +00:00,F,M
24220,BOA CI,NULL,F8,2026-01-31,100,2026-03-23 15:25:28.2190400 +00:00,F,M
24221,BOA CI,NULL,E8,2026-01-31,100,2026-03-23 15:25:28.2190400 +00:00,F,M
24222,BOA CI,NULL,88,2026-01-31,100,2026-03-23 15:25:28.2190400 +00:00,F,M
24223,BOA CI,NULL,AYS,2026-01-31,100,2026-03-23 15:25:28.2190400 +00:00,F,M
24224,BOA CI,NULL,O9,2026-01-31,0,2026-03-23 15:25:28.2190400 +00:00,F,M
24225,BOA CI,NULL,IM,2026-01-31,66,2026-03-23 15:25:28.2190400 +00:00,F,M
24226,BOA CI,NULL,AND,2026-01-31,0,2026-03-23 15:25:28.2190400 +00:00,F,M
24227,BOA CI,NULL,0Q,2026-01-31,33,2026-03-23 15:25:28.2190400 +00:00,F,M
24228,BOA CI,NULL,AWZ,2026-01-31,100,2026-03-23 15:25:28.2190400 +00:00,F,M
24229,BOA CI,NULL,AXA,2026-01-31,100,2026-03-23 15:25:28.2190400 +00:00,F,M
24230,BOA CI,NULL,KJ,2026-01-31,100,2026-03-23 15:25:28.2190400 +00:00,F,M
24231,BOA CI,NULL,9T,2026-01-31,100,2026-03-23 15:25:28.2190400 +00:00,F,M
24232,BOA CI,NULL,AJX,2026-01-31,100,2026-03-23 15:25:28.2190400 +00:00,F,M
24233,BOA CI,NULL,BFX,2026-01-31,100,2026-03-23 15:25:28.2190400 +00:00,F,M
24234,BOA CI,NULL,CU,2026-01-31,0,2026-03-23 15:25:28.2190400 +00:00,F,M
24235,BOA CI,NULL,DS,2026-01-31,0,2026-03-23 15:25:28.2190400 +00:00,F,M
24236,BOA CI,NULL,C8,2026-01-31,77,2026-03-23 15:25:28.2190400 +00:00,S,P
24237,BOA CI,NULL,KC,2026-01-31,56,2026-03-23 15:25:28.2190400 +00:00,S,P
24238,BOA CI,NULL,13,2026-01-31,17,2026-03-23 15:25:28.2190400 +00:00,S,P
24239,BOA CI,NULL,4Y,2026-01-31,50,2026-03-23 15:25:28.2190400 +00:00,S,P
24240,BOA CI,NULL,4i,2026-01-31,100,2026-03-23 15:25:28.2190400 +00:00,S,P
24241,BOA CI,NULL,5W,2026-01-31,50,2026-03-23 15:25:28.2200510 +00:00,S,P
24242,BOA CI,NULL,7Q,2026-01-31,0,2026-03-23 15:25:28.2200510 +00:00,S,P
24243,BOA CI,NULL,84,2026-01-31,84,2026-03-23 15:25:28.2200510 +00:00,S,P
24244,BOA CI,NULL,AM,2026-01-31,0,2026-03-23 15:25:28.2200510 +00:00,S,P
24245,BOA CI,NULL,ASA,2026-01-31,85,2026-03-23 15:25:28.2200510 +00:00,S,P
24246,BOA CI,NULL,BHQ,2026-01-31,100,2026-03-23 15:25:28.2200510 +00:00,S,P
24247,BOA CI,NULL,BQ,2026-01-31,52,2026-03-23 15:25:28.2200510 +00:00,S,P
24248,BOA CI,NULL,CT,2026-01-31,70,2026-03-23 15:25:28.2200510 +00:00,S,P
24249,BOA CI,NULL,E2,2026-01-31,0,2026-03-23 15:25:28.2200510 +00:00,S,P
24250,BOA CI,NULL,F2,2026-01-31,100,2026-03-23 15:25:28.2200510 +00:00,S,P
24251,BOA CI,NULL,FV,2026-01-31,26,2026-03-23 15:25:28.2200510 +00:00,S,P
24252,BOA CI,NULL,G5,2026-01-31,100,2026-03-23 15:25:28.2200510 +00:00,S,P
24253,BOA CI,NULL,GA,2026-01-31,0,2026-03-23 15:25:28.2200510 +00:00,S,P
24254,BOA CI,NULL,GD,2026-01-31,7,2026-03-23 15:25:28.2200510 +00:00,S,P
24255,BOA CI,NULL,GI,2026-01-31,100,2026-03-23 15:25:28.2200510 +00:00,S,P
24256,BOA CI,NULL,HD,2026-01-31,100,2026-03-23 15:25:28.2200510 +00:00,S,P
24257,BOA CI,NULL,HI,2026-01-31,33,2026-03-23 15:25:28.2200510 +00:00,S,P
24258,BOA CI,NULL,HJ,2026-01-31,87,2026-03-23 15:25:28.3057800 +00:00,S,P
24259,BOA CI,NULL,HK,2026-01-31,75,2026-03-23 15:25:28.3057800 +00:00,S,P
24260,BOA CI,NULL,HM,2026-01-31,96,2026-03-23 15:25:28.3057800 +00:00,S,P
24261,BOA CI,NULL,HX,2026-01-31,83,2026-03-23 15:25:28.3057800 +00:00,S,P
24262,BOA CI,NULL,JB,2026-01-31,0,2026-03-23 15:25:28.3057800 +00:00,S,P
24263,BOA CI,NULL,L6,2026-01-31,88,2026-03-23 15:25:28.3057800 +00:00,S,P
24264,BOA CI,NULL,LU,2026-01-31,100,2026-03-23 15:25:28.3057800 +00:00,S,P
24265,BOA CI,NULL,MK,2026-01-31,100,2026-03-23 15:25:28.3057800 +00:00,S,P
24266,BOA CI,NULL,NH,2026-01-31,89,2026-03-23 15:25:28.3057800 +00:00,S,P
24267,BOA CI,NULL,NK,2026-01-31,21,2026-03-23 15:25:28.3057800 +00:00,S,P
24268,BOA CI,NULL,NW,2026-01-31,100,2026-03-23 15:25:28.3057800 +00:00,S,P
24269,BOA CI,NULL,PA,2026-01-31,90,2026-03-23 15:25:28.3057800 +00:00,S,P
24270,BOA CI,NULL,PT,2026-01-31,75,2026-03-23 15:25:28.3057800 +00:00,S,P
24271,BOA CI,NULL,QA,2026-01-31,93,2026-03-23 15:25:28.3057800 +00:00,S,P
24272,BOA CI,NULL,QN,2026-01-31,82,2026-03-23 15:25:28.3057800 +00:00,S,P
24273,BOA CI,NULL,S7,2026-01-31,79,2026-03-23 15:25:28.3057800 +00:00,S,P
24274,BOA CI,NULL,SG,2026-01-31,88,2026-03-23 15:25:28.3057800 +00:00,S,P
24275,BOA CI,NULL,WA,2026-01-31,81,2026-03-23 15:25:28.3057800 +00:00,S,P
24276,BOA CI,NULL,WB,2026-01-31,77,2026-03-23 15:25:28.3057800 +00:00,S,P
24277,BOA CI,NULL,53,2026-01-31,85,2026-03-23 15:25:28.3057800 +00:00,S,P
24278,BOA CI,NULL,6N,2026-01-31,100,2026-03-23 15:25:28.3057800 +00:00,S,P
24279,BOA CI,NULL,A2,2026-01-31,100,2026-03-23 15:25:28.3057800 +00:00,S,P
24280,BOA CI,NULL,AYB,2026-01-31,80,2026-03-23 15:25:28.3057800 +00:00,S,P
24281,BOA CI,NULL,BA,2026-01-31,100,2026-03-23 15:25:28.3057800 +00:00,S,P
24282,BOA CI,NULL,BBA,2026-01-31,100,2026-03-23 15:25:28.3057800 +00:00,S,P
24283,BOA CI,NULL,EX,2026-01-31,0,2026-03-23 15:25:28.3057800 +00:00,S,P
24284,BOA CI,NULL,KH,2026-01-31,72,2026-03-23 15:25:28.3057800 +00:00,S,P
24285,BOA CI,NULL,SZ,2026-01-31,97,2026-03-23 15:25:28.3057800 +00:00,S,P
24286,BOA CI,NULL,4O,2026-01-31,100,2026-03-23 15:25:28.3057800 +00:00,S,P
24287,BOA CI,NULL,U0,2026-01-31,100,2026-03-23 15:25:28.3057800 +00:00,S,P
24288,BOA CI,NULL,8N,2026-01-31,92,2026-03-23 15:25:28.3057800 +00:00,S,P
24289,BOA CI,NULL,8n,2026-01-31,0,2026-03-23 15:25:28.3057800 +00:00,S,P
24290,BOA CI,NULL,BAL,2026-01-31,77,2026-03-23 15:25:28.3057800 +00:00,S,P
24291,BOA CI,NULL,JU,2026-01-31,91,2026-03-23 15:25:28.3057800 +00:00,S,P
24292,BOA CI,NULL,8K,2026-01-31,50,2026-03-23 15:25:28.3057800 +00:00,S,P
24293,BOA CI,NULL,BDJ,2026-01-31,100,2026-03-23 15:25:28.3057800 +00:00,S,P
24294,BOA CI,NULL,MS,2026-01-31,83,2026-03-23 15:25:28.3057800 +00:00,S,P
24295,BOA CI,NULL,5A,2026-01-31,72,2026-03-23 15:25:28.3057800 +00:00,S,P
24296,BOA CI,NULL,AR,2026-01-31,100,2026-03-23 15:25:28.3057800 +00:00,S,P
24297,BOA CI,NULL,AVZ,2026-01-31,99,2026-03-23 15:25:28.3057800 +00:00,S,P
24298,BOA CI,NULL,B2,2026-01-31,87,2026-03-23 15:25:28.3057800 +00:00,S,P
24299,BOA CI,NULL,J3,2026-01-31,89,2026-03-23 15:25:28.3057800 +00:00,S,P
24300,BOA CI,NULL,0U,2026-01-31,91,2026-03-23 15:25:28.3057800 +00:00,S,P
24301,BOA CI,NULL,FO,2026-01-31,100,2026-03-23 15:25:28.3057800 +00:00,S,P
24302,BOA CI,NULL,NM,2026-01-31,75,2026-03-23 15:25:28.3057800 +00:00,S,P
24303,BOA CI,NULL,T2,2026-01-31,92,2026-03-23 15:25:28.3057800 +00:00,S,P
24304,BOA CI,NULL,KB,2026-01-31,100,2026-03-23 15:25:28.3057800 +00:00,S,P
24305,BOA CI,NULL,AET,2026-01-31,90,2026-03-23 15:25:28.3057800 +00:00,S,P
24306,BOA CI,NULL,IS,2026-01-31,57,2026-03-23 15:25:28.3057800 +00:00,S,P
24307,BOA CI,NULL,KM,2026-01-31,100,2026-03-23 15:25:28.3057800 +00:00,S,P
24308,BOA CI,NULL,NF,2026-01-31,100,2026-03-23 15:25:28.3057800 +00:00,S,P
24309,BOA CI,NULL,6L,2026-01-31,3,2026-03-23 15:25:28.3057800 +00:00,S,P
24310,BOA CI,NULL,9O,2026-01-31,14,2026-03-23 15:25:28.3057800 +00:00,S,P
24311,BOA CI,NULL,DK,2026-01-31,2,2026-03-23 15:25:28.3057800 +00:00,S,P
24312,BOA CI,NULL,I7,2026-01-31,1,2026-03-23 15:25:28.3057800 +00:00,S,P
24313,BOA CI,NULL,RJ,2026-01-31,0,2026-03-23 15:25:28.3057800 +00:00,S,P
24314,BOA CI,NULL,TH,2026-01-31,14,2026-03-23 15:25:28.3067790 +00:00,S,P
24315,BOA CI,NULL,JI,2026-01-31,88,2026-03-23 15:25:28.3067790 +00:00,S,P
24316,BOA CI,NULL,SY,2026-01-31,79,2026-03-23 15:25:28.3067790 +00:00,S,P
24317,BOA CI,NULL,0X,2026-01-31,80,2026-03-23 15:25:28.3067790 +00:00,S,P
24318,BOA CI,NULL,0x,2026-01-31,100,2026-03-23 15:25:28.3067790 +00:00,S,P
24319,BOA CI,NULL,71,2026-01-31,100,2026-03-23 15:25:28.3067790 +00:00,S,P
24320,BOA CI,NULL,EA,2026-01-31,22,2026-03-23 15:25:28.3067790 +00:00,S,P
24321,BOA CI,NULL,WH,2026-01-31,77,2026-03-23 15:25:28.3067790 +00:00,S,P
24322,BOA CI,NULL,WX,2026-01-31,0,2026-03-23 15:25:28.3067790 +00:00,S,P
24323,BOA CI,NULL,ATA,2026-01-31,83,2026-03-23 15:25:28.3067790 +00:00,S,P
24324,BOA CI,NULL,I2,2026-01-31,88,2026-03-23 15:25:28.3067790 +00:00,S,P
24325,BOA CI,NULL,KA,2026-01-31,91,2026-03-23 15:25:28.3067790 +00:00,S,P
24326,BOA CI,NULL,APH,2026-01-31,93,2026-03-23 15:25:28.3067790 +00:00,S,P
24327,BOA CI,NULL,ATU,2026-01-31,75,2026-03-23 15:25:28.3067790 +00:00,S,P
24328,BOA CI,NULL,AYV,2026-01-31,100,2026-03-23 15:25:28.3067790 +00:00,S,P
24329,BOA CI,NULL,BV,2026-01-31,100,2026-03-23 15:25:28.3067790 +00:00,S,P
24330,BOA CI,NULL,E9,2026-01-31,100,2026-03-23 15:25:28.3067790 +00:00,S,P
24331,BOA CI,NULL,KZ,2026-01-31,96,2026-03-23 15:25:28.3067790 +00:00,S,P
24332,BOA CI,NULL,BHJ,2026-01-31,100,2026-03-23 15:25:28.3067790 +00:00,S,P
24333,BOA CI,NULL,AKH,2026-01-31,100,2026-03-23 15:25:28.3067790 +00:00,S,P
24334,BOA CI,NULL,HKG,2026-01-31,100,2026-03-23 15:25:28.3067790 +00:00,S,P
24335,BOA CI,NULL,K1,2026-01-31,100,2026-03-23 15:25:28.3067790 +00:00,S,P
24336,BOA CI,NULL,O4,2026-01-31,100,2026-03-23 15:25:28.3067790 +00:00,S,P
24337,BOA CI,NULL,SD,2026-01-31,93,2026-03-23 15:25:28.3067790 +00:00,S,P
24338,BOA CI,NULL,AKY,2026-01-31,100,2026-03-23 15:25:28.3067790 +00:00,S,P
24339,BOA CI,NULL,ADZ,2026-01-31,50,2026-03-23 15:25:28.3067790 +00:00,S,P
24340,BOA CI,NULL,PX,2026-01-31,100,2026-03-23 15:25:28.3067790 +00:00,S,P
24341,BOA CI,NULL,IB,2026-01-31,57,2026-03-23 15:25:28.3067790 +00:00,S,P
24342,BOA CI,NULL,AVS,2026-01-31,100,2026-03-23 15:25:28.3067790 +00:00,S,P
24343,BOA CI,NULL,SN,2026-01-31,100,2026-03-23 15:25:28.3067790 +00:00,S,P
24344,BOA CI,NULL,9M,2026-01-31,91,2026-03-23 15:25:28.3067790 +00:00,S,P
24345,BOA CI,NULL,sg,2026-01-31,100,2026-03-23 15:25:28.3067790 +00:00,S,P
24346,BOA CI,NULL,9D,2026-01-31,89,2026-03-23 15:25:28.3067790 +00:00,S,P
24347,BOA CI,NULL,C5,2026-01-31,98,2026-03-23 15:25:28.3067790 +00:00,S,P
24348,BOA CI,NULL,IV,2026-01-31,50,2026-03-23 15:25:28.3067790 +00:00,S,P
24349,BOA CI,NULL,LV,2026-01-31,83,2026-03-23 15:25:28.3067790 +00:00,S,P
24350,BOA CI,NULL,IU,2026-01-31,100,2026-03-23 15:25:28.3067790 +00:00,S,P
24351,BOA CI,NULL,VU,2026-01-31,100,2026-03-23 15:25:28.3067790 +00:00,S,P
24352,BOA CI,NULL,BH,2026-01-31,100,2026-03-23 15:25:28.3067790 +00:00,S,P
24353,BOA CI,NULL,k2,2026-01-31,100,2026-03-23 15:25:28.3067790 +00:00,S,P
24354,BOA CI,NULL,KW,2026-01-31,100,2026-03-23 15:25:28.3067790 +00:00,S,P
24355,BOA CI,NULL,ALK,2026-01-31,83,2026-03-23 15:25:28.3067790 +00:00,S,P
24356,BOA CI,NULL,AOG,2026-01-31,87,2026-03-23 15:25:28.3067790 +00:00,S,P
24357,BOA CI,NULL,AZB,2026-01-31,93,2026-03-23 15:25:28.3067790 +00:00,S,P
24358,BOA CI,NULL,C7,2026-01-31,77,2026-03-23 15:25:28.3067790 +00:00,S,P
24359,BOA CI,NULL,TW,2026-01-31,100,2026-03-23 15:25:28.3067790 +00:00,S,P
24360,BOA CI,NULL,ADF,2026-01-31,75,2026-03-23 15:25:28.3067790 +00:00,S,P
24361,BOA CI,NULL,ARJ,2026-01-31,75,2026-03-23 15:25:28.3067790 +00:00,S,P
24362,BOA CI,NULL,5N,2026-01-31,93,2026-03-23 15:25:28.3067790 +00:00,S,P
24363,BOA CI,NULL,FG,2026-01-31,44,2026-03-23 15:25:28.3067790 +00:00,S,P
24364,BOA CI,NULL,3F,2026-01-31,100,2026-03-23 15:25:28.3067790 +00:00,S,P
24365,BOA CI,NULL,40,2026-01-31,100,2026-03-23 15:25:28.3067790 +00:00,S,P
24366,BOA CI,NULL,QG,2026-01-31,100,2026-03-23 15:25:28.3067790 +00:00,S,P
24367,BOA CI,NULL,8R,2026-01-31,70,2026-03-23 15:25:28.3067790 +00:00,S,P
24368,BOA CI,NULL,AFJ,2026-01-31,100,2026-03-23 15:25:28.3067790 +00:00,S,P
24369,BOA CI,NULL,BCL,2026-01-31,84,2026-03-23 15:25:28.3067790 +00:00,S,P
24370,BOA CI,NULL,F5,2026-01-31,74,2026-03-23 15:25:28.3067790 +00:00,S,P
24371,BOA CI,NULL,AWT,2026-01-31,100,2026-03-23 15:25:28.3067790 +00:00,S,P
24372,BOA CI,NULL,EH,2026-01-31,10,2026-03-23 15:25:28.3067790 +00:00,S,P
24373,BOA CI,NULL,ER,2026-01-31,95,2026-03-23 15:25:28.3067790 +00:00,S,P
24374,BOA CI,NULL,5I,2026-01-31,82,2026-03-23 15:25:28.3067790 +00:00,S,P
24375,BOA CI,NULL,LO,2026-01-31,80,2026-03-23 15:25:28.3067790 +00:00,S,P
24376,BOA CI,NULL,SV,2026-01-31,100,2026-03-23 15:25:28.3067790 +00:00,S,P
24377,BOA CI,NULL,28,2026-01-31,100,2026-03-23 15:25:28.3067790 +00:00,S,P
24378,BOA CI,NULL,2R,2026-01-31,0,2026-03-23 15:25:28.3067790 +00:00,S,P
24379,BOA CI,NULL,2S,2026-01-31,72,2026-03-23 15:25:28.3067790 +00:00,S,P
24380,BOA CI,NULL,2T,2026-01-31,97,2026-03-23 15:25:28.3077830 +00:00,S,P
24381,BOA CI,NULL,45,2026-01-31,0,2026-03-23 15:25:28.3077830 +00:00,S,P
24382,BOA CI,NULL,46,2026-01-31,0,2026-03-23 15:25:28.3077830 +00:00,S,P
24383,BOA CI,NULL,57,2026-01-31,70,2026-03-23 15:25:28.3077830 +00:00,S,P
24384,BOA CI,NULL,6S,2026-01-31,100,2026-03-23 15:25:28.3077830 +00:00,S,P
24385,BOA CI,NULL,6T,2026-01-31,100,2026-03-23 15:25:28.3077830 +00:00,S,P
24386,BOA CI,NULL,7H,2026-01-31,30,2026-03-23 15:25:28.3719610 +00:00,S,P
24387,BOA CI,NULL,91,2026-01-31,100,2026-03-23 15:25:28.3719610 +00:00,S,P
24388,BOA CI,NULL,99,2026-01-31,0,2026-03-23 15:25:28.3719610 +00:00,S,P
24389,BOA CI,NULL,AE,2026-01-31,100,2026-03-23 15:25:28.3719610 +00:00,S,P
24390,BOA CI,NULL,B6,2026-01-31,100,2026-03-23 15:25:28.3719610 +00:00,S,P
24391,BOA CI,NULL,FC,2026-01-31,75,2026-03-23 15:25:28.3719610 +00:00,S,P
24392,BOA CI,NULL,HQ,2026-01-31,60,2026-03-23 15:25:28.3719610 +00:00,S,P
24393,BOA CI,NULL,IN,2026-01-31,40,2026-03-23 15:25:28.3719610 +00:00,S,P
24394,BOA CI,NULL,JQ,2026-01-31,78,2026-03-23 15:25:28.3719610 +00:00,S,P
24395,BOA CI,NULL,KE,2026-01-31,82,2026-03-23 15:25:28.3719610 +00:00,S,P
24396,BOA CI,NULL,N6,2026-01-31,33,2026-03-23 15:25:28.3719610 +00:00,S,P
24397,BOA CI,NULL,PC,2026-01-31,12,2026-03-23 15:25:28.3719610 +00:00,S,P
24398,BOA CI,NULL,PG,2026-01-31,95,2026-03-23 15:25:28.3719610 +00:00,S,P
24399,BOA CI,NULL,PN,2026-01-31,100,2026-03-23 15:25:28.3719610 +00:00,S,P
24400,BOA CI,NULL,PR,2026-01-31,100,2026-03-23 15:25:28.3719610 +00:00,S,P
24401,BOA CI,NULL,PW,2026-01-31,100,2026-03-23 15:25:28.3719610 +00:00,S,P
24402,BOA CI,NULL,T7,2026-01-31,66,2026-03-23 15:25:28.3719610 +00:00,S,P
24403,BOA CI,NULL,Z3,2026-01-31,98,2026-03-23 15:25:28.3719610 +00:00,S,P
24404,BOA CI,NULL,F6,2026-01-31,0,2026-03-23 15:25:28.3719610 +00:00,S,M
24405,BOA CI,NULL,FA,2026-01-31,0,2026-03-23 15:25:28.3719610 +00:00,S,M
24406,BOA CI,NULL,HA,2026-01-31,0,2026-03-23 15:25:28.3719610 +00:00,S,M
24407,BOA CI,NULL,UR,2026-01-31,0,2026-03-23 15:25:28.3719610 +00:00,S,M
24408,BOA CI,NULL,ADL,2026-01-31,34,2026-03-23 15:25:28.3719610 +00:00,S,M
24409,BOA CI,NULL,AXB,2026-01-31,64,2026-03-23 15:25:28.3719610 +00:00,S,M
24410,BOA CI,NULL,AXN,2026-01-31,55,2026-03-23 15:25:28.3719610 +00:00,S,M
24411,BOA CI,NULL,DA,2026-01-31,0,2026-03-23 15:25:28.3719610 +00:00,S,M
24412,BOA CI,NULL,E1,2026-01-31,0,2026-03-23 15:25:28.3719610 +00:00,S,M
24413,BOA CI,NULL,E6,2026-01-31,0,2026-03-23 15:25:28.3719610 +00:00,S,M
24414,BOA CI,NULL,GC,2026-01-31,0,2026-03-23 15:25:28.3719610 +00:00,S,M
24415,BOA CI,NULL,MG,2026-01-31,0,2026-03-23 15:25:28.3719610 +00:00,S,M
24416,BOA CI,NULL,PL,2026-01-31,0,2026-03-23 15:25:28.3719610 +00:00,S,M
24417,BOA CI,NULL,S5,2026-01-31,50,2026-03-23 15:25:28.3719610 +00:00,S,M
24418,BOA CI,NULL,ZB,2026-01-31,0,2026-03-23 15:25:28.3719610 +00:00,S,M
24419,BOA CI,NULL,AXJ,2026-01-31,50,2026-03-23 15:25:28.3719610 +00:00,S,M
24420,BOA CI,NULL,AXO,2026-01-31,0,2026-03-23 15:25:28.3719610 +00:00,S,M
24421,BOA CI,NULL,XB,2026-01-31,11,2026-03-23 15:25:28.3719610 +00:00,S,M
24422,BOA CI,NULL,V3,2026-01-31,100,2026-03-23 15:25:28.3719610 +00:00,S,M
24423,BOA CI,NULL,KY,2026-01-31,100,2026-03-23 15:25:28.3719610 +00:00,S,M
24424,BOA CI,NULL,ZG,2026-01-31,100,2026-03-23 15:25:28.3719610 +00:00,S,M
24425,BOA CI,NULL,AML,2026-01-31,100,2026-03-23 15:25:28.3719610 +00:00,S,M
24426,BOA CI,NULL,D5,2026-01-31,100,2026-03-23 15:25:28.3719610 +00:00,S,M
24427,BOA RDC,NULL,3X,2026-01-31,84,2026-03-23 15:25:28.4177860 +00:00,F,P
24428,BOA RDC,NULL,5G,2026-01-31,75,2026-03-23 15:25:28.4177860 +00:00,F,P
24429,BOA RDC,NULL,RM,2026-01-31,0,2026-03-23 15:25:28.4177860 +00:00,F,M
24430,BOA RDC,NULL,0P,2026-01-31,0,2026-03-23 15:25:28.4177860 +00:00,F,M
24431,BOA RDC,NULL,22,2026-01-31,0,2026-03-23 15:25:28.4177860 +00:00,F,M
24432,BOA RDC,NULL,SP,2026-01-31,0,2026-03-23 15:25:28.4177860 +00:00,F,M
24433,BOA RDC,NULL,UH,2026-01-31,0,2026-03-23 15:25:28.4177860 +00:00,F,M
24434,BOA RDC,NULL,KW,2026-01-31,0,2026-03-23 15:25:28.4177860 +00:00,F,M
24435,BOA RDC,NULL,NE,2026-01-31,0,2026-03-23 15:25:28.4177860 +00:00,F,M
24436,BOA RDC,NULL,GM,2026-01-31,0,2026-03-23 15:25:28.4177860 +00:00,F,M
24437,BOA RDC,NULL,VO,2026-01-31,100,2026-03-23 15:25:28.4177860 +00:00,F,M
24438,BOA RDC,NULL,OU,2026-01-31,0,2026-03-23 15:25:28.4177860 +00:00,F,M
24439,BOA RDC,NULL,RF,2026-01-31,0,2026-03-23 15:25:28.4177860 +00:00,F,M
24440,BOA RDC,NULL,K7,2026-01-31,66,2026-03-23 15:25:28.4177860 +00:00,F,M
24441,BOA RDC,NULL,F7,2026-01-31,0,2026-03-23 15:25:28.4177860 +00:00,F,M
24442,BOA RDC,NULL,7H,2026-01-31,0,2026-03-23 15:25:28.4177860 +00:00,F,M
24443,BOA RDC,NULL,3R,2026-01-31,86,2026-03-23 15:25:28.4177860 +00:00,S,P
24444,BOA RDC,NULL,45,2026-01-31,2,2026-03-23 15:25:28.4177860 +00:00,S,P
24445,BOA RDC,NULL,5N,2026-01-31,0,2026-03-23 15:25:28.4177860 +00:00,S,P
24446,BOA RDC,NULL,60,2026-01-31,0,2026-03-23 15:25:28.4177860 +00:00,S,P
24447,BOA RDC,NULL,AF,2026-01-31,0,2026-03-23 15:25:28.4177860 +00:00,S,P
24448,BOA RDC,NULL,AO,2026-01-31,0,2026-03-23 15:25:28.4177860 +00:00,S,P
24449,BOA RDC,NULL,BE,2026-01-31,0,2026-03-23 15:25:28.4177860 +00:00,S,P
24450,BOA RDC,NULL,BO,2026-01-31,0,2026-03-23 15:25:28.4198930 +00:00,S,P
24451,BOA RDC,NULL,BR,2026-01-31,0,2026-03-23 15:25:28.4198930 +00:00,S,P
24452,BOA RDC,NULL,C1,2026-01-31,0,2026-03-23 15:25:28.4198930 +00:00,S,P
24453,BOA RDC,NULL,CW,2026-01-31,0,2026-03-23 15:25:28.4198930 +00:00,S,P
24454,BOA RDC,NULL,DL,2026-01-31,1,2026-03-23 15:25:28.4198930 +00:00,S,P
24455,BOA RDC,NULL,DN,2026-01-31,0,2026-03-23 15:25:28.4198930 +00:00,S,P
24456,BOA RDC,NULL,DQ,2026-01-31,0,2026-03-23 15:25:28.4198930 +00:00,S,P
24457,BOA RDC,NULL,EC,2026-01-31,5,2026-03-23 15:25:28.4198930 +00:00,S,P
24458,BOA RDC,NULL,EM,2026-01-31,0,2026-03-23 15:25:28.4198930 +00:00,S,P
24459,BOA RDC,NULL,EN,2026-01-31,0,2026-03-23 15:25:28.4198930 +00:00,S,P
24460,BOA RDC,NULL,GP,2026-01-31,0,2026-03-23 15:25:28.4198930 +00:00,S,P
24461,BOA RDC,NULL,HN,2026-01-31,2,2026-03-23 15:25:28.4198930 +00:00,S,P
24462,BOA RDC,NULL,HR,2026-01-31,0,2026-03-23 15:25:28.4198930 +00:00,S,P
24463,BOA RDC,NULL,JO,2026-01-31,0,2026-03-23 15:25:28.4198930 +00:00,S,P
24464,BOA RDC,NULL,JT,2026-01-31,12,2026-03-23 15:25:28.4198930 +00:00,S,P
24465,BOA RDC,NULL,K5,2026-01-31,0,2026-03-23 15:25:28.4198930 +00:00,S,P
24466,BOA RDC,NULL,KC,2026-01-31,0,2026-03-23 15:25:28.4198930 +00:00,S,P
24467,BOA RDC,NULL,KZ,2026-01-31,0,2026-03-23 15:25:28.4198930 +00:00,S,P
24468,BOA RDC,NULL,ML,2026-01-31,50,2026-03-23 15:25:28.4198930 +00:00,S,P
24469,BOA RDC,NULL,N2,2026-01-31,0,2026-03-23 15:25:28.4198930 +00:00,S,P
24470,BOA RDC,NULL,NP,2026-01-31,0,2026-03-23 15:25:28.4198930 +00:00,S,P
24471,BOA RDC,NULL,OT,2026-01-31,0,2026-03-23 15:25:28.4198930 +00:00,S,P
24472,BOA RDC,NULL,PK,2026-01-31,0,2026-03-23 15:25:28.4198930 +00:00,S,P
24473,BOA RDC,NULL,R8,2026-01-31,7,2026-03-23 15:25:28.4198930 +00:00,S,P
24474,BOA RDC,NULL,BL,2026-01-31,0,2026-03-23 15:25:28.4198930 +00:00,S,M
24475,BOA RDC,NULL,B7,2026-01-31,0,2026-03-23 15:25:28.4198930 +00:00,S,M
24476,BOA RDC,NULL,IL,2026-01-31,0,2026-03-23 15:25:28.4198930 +00:00,S,M
24477,BOA RDC,NULL,RQ,2026-01-31,13,2026-03-23 15:25:28.4198930 +00:00,S,M
24478,BOA RDC,NULL,RR,2026-01-31,0,2026-03-23 15:25:28.4198930 +00:00,S,M
24479,BOA RDC,NULL,SA,2026-01-31,0,2026-03-23 15:25:28.4198930 +00:00,S,M
24480,BOA RDC,NULL,UM,2026-01-31,0,2026-03-23 15:25:28.4198930 +00:00,S,M
24481,BOA RDC,NULL,F4,2026-01-31,0,2026-03-23 15:25:28.4198930 +00:00,S,M
24482,BOA RDC,NULL,FN,2026-01-31,0,2026-03-23 15:25:28.4198930 +00:00,S,M
24483,BOA RDC,NULL,G7,2026-01-31,0,2026-03-23 15:25:28.4198930 +00:00,S,M
24484,BOA RDC,NULL,NM,2026-01-31,2,2026-03-23 15:25:28.4198930 +00:00,S,M
24485,BOA RDC,NULL,S1,2026-01-31,0,2026-03-23 15:25:28.4198930 +00:00,S,M
24486,BOA RDC,NULL,SB,2026-01-31,0,2026-03-23 15:25:28.4198930 +00:00,S,M
24487,BOA RDC,NULL,7N,2026-01-31,0,2026-03-23 15:25:28.4198930 +00:00,S,M
24488,BOA RDC,NULL,ED,2026-01-31,0,2026-03-23 15:25:28.4198930 +00:00,S,M
24489,BOA RDC,NULL,LS,2026-01-31,0,2026-03-23 15:25:28.4198930 +00:00,S,M
24490,BOA RDC,NULL,ZY,2026-01-31,0,2026-03-23 15:25:28.4198930 +00:00,S,M
24491,BOA RDC,NULL,5D,2026-01-31,0,2026-03-23 15:25:28.4198930 +00:00,S,M
24492,BOA RDC,NULL,BS,2026-01-31,0,2026-03-23 15:25:28.4198930 +00:00,S,M
24493,BOA RDC,NULL,4B,2026-01-31,0,2026-03-23 15:25:28.4198930 +00:00,S,M
24494,BOA RDC,NULL,EL,2026-01-31,0,2026-03-23 15:25:28.4198930 +00:00,S,M
24495,BOA RDC,NULL,PL,2026-01-31,0,2026-03-23 15:25:28.4198930 +00:00,S,M
24496,BOA RDC,NULL,YK,2026-01-31,0,2026-03-23 15:25:28.4198930 +00:00,S,M
24497,BOA RDC,NULL,CN,2026-01-31,36,2026-03-23 15:25:28.4198930 +00:00,S,M
24498,BOA RDC,NULL,GK,2026-01-31,5,2026-03-23 15:25:28.4198930 +00:00,S,M
24499,BOA RDC,NULL,YI,2026-01-31,0,2026-03-23 15:25:28.4198930 +00:00,S,M
24500,BOA RDC,NULL,EZ,2026-01-31,0,2026-03-23 15:25:28.4198930 +00:00,S,M
24501,BOA RDC,NULL,JL,2026-01-31,0,2026-03-23 15:25:28.4198930 +00:00,S,M
24502,BOA RDC,NULL,MU,2026-01-31,0,2026-03-23 15:25:28.4198930 +00:00,S,M
24503,BOA RDC,NULL,VL,2026-01-31,0,2026-03-23 15:25:28.4198930 +00:00,S,M
24504,BOA RDC,NULL,YU,2026-01-31,0,2026-03-23 15:25:28.4198930 +00:00,S,M
24505,BOA RDC,NULL,10,2026-01-31,0,2026-03-23 15:25:28.4198930 +00:00,S,M
24506,BOA RDC,NULL,KR,2026-01-31,0,2026-03-23 15:25:28.4198930 +00:00,S,M
24507,BOA RDC,NULL,PS,2026-01-31,0,2026-03-23 15:25:28.4198930 +00:00,S,M
24508,BOA RDC,NULL,E1,2026-01-31,0,2026-03-23 15:25:28.4198930 +00:00,S,M
24509,BOA RDC,NULL,5Y,2026-01-31,0,2026-03-23 15:25:28.4198930 +00:00,S,M
24510,BOA RDC,NULL,81,2026-01-31,0,2026-03-23 15:25:28.4198930 +00:00,S,M
24511,BOA RDC,NULL,1H,2026-01-31,0,2026-03-23 15:25:28.4198930 +00:00,S,M
24512,BOA RDC,NULL,68,2026-01-31,0,2026-03-23 15:25:28.4198930 +00:00,S,M
24513,BOA RDC,NULL,SY,2026-01-31,0,2026-03-23 15:25:28.4198930 +00:00,S,M
24514,BOA SN,NULL,AAL,2026-02-28,96,2026-03-23 21:56:48.2292970 +00:00,F,P
24515,BOA SN,NULL,AEH,2026-02-28,100,2026-03-23 21:56:48.2292970 +00:00,F,P
24516,BOA SN,NULL,HS,2026-02-28,100,2026-03-23 21:56:48.2292970 +00:00,F,P
24517,BOA SN,NULL,AIO,2026-02-28,75,2026-03-23 21:56:48.2292970 +00:00,F,P
24518,BOA SN,NULL,6C,2026-02-28,100,2026-03-23 21:56:48.2292970 +00:00,F,P
24519,BOA SN,NULL,EZ,2026-02-28,100,2026-03-23 21:56:48.2292970 +00:00,F,P
24520,BOA SN,NULL,AEX,2026-02-28,100,2026-03-23 21:56:48.2292970 +00:00,F,P
24521,BOA SN,NULL,0N,2026-02-28,100,2026-03-23 21:56:48.2292970 +00:00,F,P
24522,BOA SN,NULL,EY,2026-02-28,100,2026-03-23 21:56:48.2292970 +00:00,F,P
24523,BOA SN,NULL,MEV,2026-02-28,100,2026-03-23 21:56:48.2292970 +00:00,F,P
24524,BOA SN,NULL,MEF,2026-02-28,100,2026-03-23 21:56:48.2292970 +00:00,F,P
24525,BOA SN,NULL,VS,2026-02-28,100,2026-03-23 21:56:48.2292970 +00:00,F,P
24526,BOA SN,NULL,7E,2026-02-28,100,2026-03-23 21:56:48.2292970 +00:00,F,P
24527,BOA SN,NULL,MFC,2026-02-28,100,2026-03-23 21:56:48.2292970 +00:00,F,P
24528,BOA SN,NULL,EU,2026-02-28,100,2026-03-23 21:56:48.2292970 +00:00,F,P
24529,BOA SN,NULL,L4,2026-02-28,100,2026-03-23 21:56:48.2292970 +00:00,F,P
24530,BOA SN,NULL,0V,2026-02-28,100,2026-03-23 21:56:48.2292970 +00:00,F,P
24531,BOA SN,NULL,OV,2026-02-28,100,2026-03-23 21:56:48.2292970 +00:00,F,P
24532,BOA SN,NULL,E3,2026-02-28,90,2026-03-23 21:56:48.2292970 +00:00,F,P
24533,BOA SN,NULL,PK,2026-02-28,50,2026-03-23 21:56:48.2292970 +00:00,F,P
24534,BOA SN,NULL,SK,2026-02-28,100,2026-03-23 21:56:48.2292970 +00:00,F,P
24535,BOA SN,NULL,JN,2026-02-28,97,2026-03-23 21:56:48.2292970 +00:00,F,P
24536,BOA SN,NULL,AHQ,2026-02-28,96,2026-03-23 21:56:48.2292970 +00:00,F,P
24537,BOA SN,NULL,ANT,2026-02-28,100,2026-03-23 21:56:48.2292970 +00:00,F,P
24538,BOA SN,NULL,MCR,2026-02-28,92,2026-03-23 21:56:48.2292970 +00:00,F,P
24539,BOA SN,NULL,O8,2026-02-28,100,2026-03-23 21:56:48.2292970 +00:00,F,P
24540,BOA SN,NULL,7F,2026-02-28,100,2026-03-23 21:56:48.2292970 +00:00,F,P
24541,BOA SN,NULL,MQZ,2026-02-28,89,2026-03-23 21:56:48.2292970 +00:00,F,P
24542,BOA SN,NULL,MDH,2026-02-28,100,2026-03-23 21:56:48.2292970 +00:00,F,P
24543,BOA SN,NULL,MH,2026-02-28,100,2026-03-23 21:56:48.2292970 +00:00,F,P
24544,BOA SN,NULL,MN,2026-02-28,100,2026-03-23 21:56:48.2292970 +00:00,F,P
24545,BOA SN,NULL,Z6,2026-02-28,100,2026-03-23 21:56:48.2292970 +00:00,F,P
24546,BOA SN,NULL,J5,2026-02-28,100,2026-03-23 21:56:48.2292970 +00:00,F,P
24547,BOA SN,NULL,MHD,2026-02-28,100,2026-03-23 21:56:48.2292970 +00:00,F,P
24548,BOA SN,NULL,3H,2026-02-28,100,2026-03-23 21:56:48.2292970 +00:00,F,P
24549,BOA SN,NULL,MAL,2026-02-28,100,2026-03-23 21:56:48.2292970 +00:00,F,P
24550,BOA SN,NULL,N7,2026-02-28,93,2026-03-23 21:56:48.2292970 +00:00,F,P
24551,BOA SN,NULL,W8,2026-02-28,100,2026-03-23 21:56:48.2292970 +00:00,F,P
24552,BOA SN,NULL,YU,2026-02-28,95,2026-03-23 21:56:48.2292970 +00:00,F,P
24553,BOA SN,NULL,ACH,2026-02-28,100,2026-03-23 21:56:48.2292970 +00:00,F,P
24554,BOA SN,NULL,XY,2026-02-28,100,2026-03-23 21:56:48.2292970 +00:00,F,P
24555,BOA SN,NULL,7M,2026-02-28,88,2026-03-23 21:56:48.2292970 +00:00,F,P
24556,BOA SN,NULL,WV,2026-02-28,100,2026-03-23 21:56:48.2292970 +00:00,F,P
24557,BOA SN,NULL,Q9,2026-02-28,100,2026-03-23 21:56:48.2292970 +00:00,F,P
24558,BOA SN,NULL,I9,2026-02-28,94,2026-03-23 21:56:48.2292970 +00:00,F,P
24559,BOA SN,NULL,EI,2026-02-28,100,2026-03-23 21:56:48.2302940 +00:00,F,P
24560,BOA SN,NULL,AKD,2026-02-28,100,2026-03-23 21:56:48.2302940 +00:00,F,P
24561,BOA SN,NULL,AUY,2026-02-28,100,2026-03-23 21:56:48.2302940 +00:00,F,P
24562,BOA SN,NULL,MAZ,2026-02-28,100,2026-03-23 21:56:48.2302940 +00:00,F,P
24563,BOA SN,NULL,4Q,2026-02-28,100,2026-03-23 21:56:48.2302940 +00:00,F,P
24564,BOA SN,NULL,7X,2026-02-28,100,2026-03-23 21:56:48.2302940 +00:00,F,P
24565,BOA SN,NULL,1B,2026-02-28,91,2026-03-23 21:56:48.2302940 +00:00,F,P
24566,BOA SN,NULL,HK,2026-02-28,100,2026-03-23 21:56:48.2302940 +00:00,F,P
24567,BOA SN,NULL,9D,2026-02-28,100,2026-03-23 21:56:48.2302940 +00:00,F,P
24568,BOA SN,NULL,DW,2026-02-28,93,2026-03-23 21:56:48.2302940 +00:00,F,P
24569,BOA SN,NULL,VE,2026-02-28,100,2026-03-23 21:56:48.2302940 +00:00,F,P
24570,BOA SN,NULL,MBA,2026-02-28,100,2026-03-23 21:56:48.2302940 +00:00,F,P
24571,BOA SN,NULL,RJ,2026-02-28,76,2026-03-23 21:56:48.2302940 +00:00,F,P
24572,BOA SN,NULL,3Z,2026-02-28,100,2026-03-23 21:56:48.2302940 +00:00,F,P
24573,BOA SN,NULL,8V,2026-02-28,66,2026-03-23 21:56:48.2302940 +00:00,F,P
24574,BOA SN,NULL,ASO,2026-02-28,100,2026-03-23 21:56:48.2302940 +00:00,F,P
24575,BOA SN,NULL,D3,2026-02-28,100,2026-03-23 21:56:48.2302940 +00:00,F,P
24576,BOA SN,NULL,MHK,2026-02-28,100,2026-03-23 21:56:48.2302940 +00:00,F,P
24577,BOA SN,NULL,MHQ,2026-02-28,100,2026-03-23 21:56:48.2302940 +00:00,F,P
24578,BOA SN,NULL,ACZ,2026-02-28,95,2026-03-23 21:56:48.2302940 +00:00,F,P
24579,BOA SN,NULL,MAY,2026-02-28,100,2026-03-23 21:56:48.2302940 +00:00,F,P
24580,BOA SN,NULL,1D,2026-02-28,100,2026-03-23 21:56:48.2302940 +00:00,F,P
24581,BOA SN,NULL,GY,2026-02-28,100,2026-03-23 21:56:48.2302940 +00:00,F,P
24582,BOA SN,NULL,UV,2026-02-28,100,2026-03-23 21:56:48.2302940 +00:00,F,P
24583,BOA SN,NULL,ASP,2026-02-28,100,2026-03-23 21:56:48.2302940 +00:00,F,P
24584,BOA SN,NULL,S9,2026-02-28,100,2026-03-23 21:56:48.2302940 +00:00,F,P
24585,BOA SN,NULL,K6,2026-02-28,100,2026-03-23 21:56:48.2302940 +00:00,F,P
24586,BOA SN,NULL,AEK,2026-02-28,100,2026-03-23 21:56:48.2302940 +00:00,F,P
24587,BOA SN,NULL,AVW,2026-02-28,100,2026-03-23 21:56:48.2302940 +00:00,F,P
24588,BOA SN,NULL,W9,2026-02-28,100,2026-03-23 21:56:48.2302940 +00:00,F,P
24589,BOA SN,NULL,MT,2026-02-28,100,2026-03-23 21:56:48.2302940 +00:00,F,P
24590,BOA SN,NULL,AEP,2026-02-28,100,2026-03-23 21:56:48.2302940 +00:00,F,P
24591,BOA SN,NULL,UC,2026-02-28,100,2026-03-23 21:56:48.2302940 +00:00,F,P
24592,BOA SN,NULL,D4,2026-02-28,100,2026-03-23 21:56:48.2302940 +00:00,F,P
24593,BOA SN,NULL,0J,2026-02-28,94,2026-03-23 21:56:48.2302940 +00:00,F,P
24594,BOA SN,NULL,9C,2026-02-28,100,2026-03-23 21:56:48.2302940 +00:00,F,P
24595,BOA SN,NULL,4J,2026-02-28,95,2026-03-23 21:56:48.2302940 +00:00,F,P
24596,BOA SN,NULL,ADG,2026-02-28,0,2026-03-23 21:56:48.2302940 +00:00,F,M
24597,BOA SN,NULL,EJ,2026-02-28,0,2026-03-23 21:56:48.2302940 +00:00,F,M
24598,BOA SN,NULL,MBP,2026-02-28,0,2026-03-23 21:56:48.2302940 +00:00,F,M
24599,BOA SN,NULL,SJ,2026-02-28,0,2026-03-23 21:56:48.2302940 +00:00,F,M
24600,BOA SN,NULL,QN,2026-02-28,0,2026-03-23 21:56:48.2302940 +00:00,F,M
24601,BOA SN,NULL,IA,2026-02-28,0,2026-03-23 21:56:48.2302940 +00:00,F,M
24602,BOA SN,NULL,7G,2026-02-28,0,2026-03-23 21:56:48.2302940 +00:00,F,M
24603,BOA SN,NULL,7L,2026-02-28,0,2026-03-23 21:56:48.2302940 +00:00,F,M
24604,BOA SN,NULL,ADT,2026-02-28,0,2026-03-23 21:56:48.2302940 +00:00,F,M
24605,BOA SN,NULL,8S,2026-02-28,16,2026-03-23 21:56:48.2302940 +00:00,F,M
24606,BOA SN,NULL,6L,2026-02-28,0,2026-03-23 21:56:48.2302940 +00:00,F,M
24607,BOA SN,NULL,GX,2026-02-28,0,2026-03-23 21:56:48.2302940 +00:00,F,M
24608,BOA SN,NULL,4C,2026-02-28,0,2026-03-23 21:56:48.2302940 +00:00,F,M
24609,BOA SN,NULL,AOW,2026-02-28,0,2026-03-23 21:56:48.2302940 +00:00,F,M
24610,BOA SN,NULL,XA,2026-02-28,0,2026-03-23 21:56:48.2302940 +00:00,F,M
24611,BOA SN,NULL,8J,2026-02-28,0,2026-03-23 21:56:48.2302940 +00:00,F,M
24612,BOA SN,NULL,F2,2026-02-28,0,2026-03-23 21:56:48.2302940 +00:00,F,M
24613,BOA SN,NULL,M6,2026-02-28,0,2026-03-23 21:56:48.2302940 +00:00,F,M
24614,BOA SN,NULL,MDY,2026-02-28,0,2026-03-23 21:56:48.2302940 +00:00,F,M
24615,BOA SN,NULL,3D,2026-02-28,0,2026-03-23 21:56:48.2302940 +00:00,F,M
24616,BOA SN,NULL,F7,2026-02-28,50,2026-03-23 21:56:48.2302940 +00:00,F,M
24617,BOA SN,NULL,OX,2026-02-28,0,2026-03-23 21:56:48.2302940 +00:00,F,M
24618,BOA SN,NULL,SQ,2026-02-28,0,2026-03-23 21:56:48.2302940 +00:00,F,M
24619,BOA SN,NULL,EH,2026-02-28,0,2026-03-23 21:56:48.2302940 +00:00,F,M
24620,BOA SN,NULL,LW,2026-02-28,0,2026-03-23 21:56:48.2302940 +00:00,F,M
24621,BOA SN,NULL,ET,2026-02-28,0,2026-03-23 21:56:48.2302940 +00:00,F,M
24622,BOA SN,NULL,8I,2026-02-28,0,2026-03-23 21:56:48.2302940 +00:00,F,M
24623,BOA SN,NULL,G1,2026-02-28,66,2026-03-23 21:56:48.2302940 +00:00,F,M
24624,BOA SN,NULL,DV,2026-02-28,0,2026-03-23 21:56:48.2302940 +00:00,F,M
24625,BOA SN,NULL,XM,2026-02-28,0,2026-03-23 21:56:48.2302940 +00:00,F,M
24626,BOA SN,NULL,XQ,2026-02-28,0,2026-03-23 21:56:48.2302940 +00:00,F,M
24627,BOA SN,NULL,1E,2026-02-28,0,2026-03-23 21:56:48.2302940 +00:00,F,M
24628,BOA SN,NULL,KI,2026-02-28,0,2026-03-23 21:56:48.2302940 +00:00,F,M
24629,BOA SN,NULL,0U,2026-02-28,0,2026-03-23 21:56:48.2302940 +00:00,F,M
24630,BOA SN,NULL,MCS,2026-02-28,0,2026-03-23 21:56:48.2312940 +00:00,F,M
24631,BOA SN,NULL,8F,2026-02-28,0,2026-03-23 21:56:48.2312940 +00:00,F,M
24632,BOA SN,NULL,O4,2026-02-28,50,2026-03-23 21:56:48.2312940 +00:00,F,M
24633,BOA SN,NULL,C9,2026-02-28,0,2026-03-23 21:56:48.2312940 +00:00,F,M
24634,BOA SN,NULL,RU,2026-02-28,0,2026-03-23 21:56:48.2312940 +00:00,F,M
24635,BOA SN,NULL,T3,2026-02-28,0,2026-03-23 21:56:48.2312940 +00:00,F,M
24636,BOA SN,NULL,NB,2026-02-28,0,2026-03-23 21:56:48.2312940 +00:00,S,P
24637,BOA SN,NULL,APJ,2026-02-28,57,2026-03-23 21:56:48.2312940 +00:00,S,P
24638,BOA SN,NULL,DN,2026-02-28,89,2026-03-23 21:56:48.2312940 +00:00,S,P
24639,BOA SN,NULL,MAG,2026-02-28,100,2026-03-23 21:56:48.2312940 +00:00,S,P
24640,BOA SN,NULL,MEQ,2026-02-28,60,2026-03-23 21:56:48.2312940 +00:00,S,P
24641,BOA SN,NULL,ADS,2026-02-28,0,2026-03-23 21:56:48.2312940 +00:00,S,P
24642,BOA SN,NULL,AHS,2026-02-28,0,2026-03-23 21:56:48.3316930 +00:00,S,P
24643,BOA SN,NULL,IN,2026-02-28,38,2026-03-23 21:56:48.3316930 +00:00,S,P
24644,BOA SN,NULL,MDP,2026-02-28,100,2026-03-23 21:56:48.3316930 +00:00,S,P
24645,BOA SN,NULL,MPB,2026-02-28,50,2026-03-23 21:56:48.3316930 +00:00,S,P
24646,BOA SN,NULL,WS,2026-02-28,100,2026-03-23 21:56:48.3316930 +00:00,S,P
24647,BOA SN,NULL,WZ,2026-02-28,100,2026-03-23 21:56:48.3316930 +00:00,S,P
24648,BOA SN,NULL,ZM,2026-02-28,95,2026-03-23 21:56:48.3316930 +00:00,S,P
24649,BOA SN,NULL,AGS,2026-02-28,17,2026-03-23 21:56:48.3316930 +00:00,S,P
24650,BOA SN,NULL,G0,2026-02-28,0,2026-03-23 21:56:48.3316930 +00:00,S,P
24651,BOA SN,NULL,OZ,2026-02-28,2,2026-03-23 21:56:48.3316930 +00:00,S,P
24652,BOA SN,NULL,TV,2026-02-28,5,2026-03-23 21:56:48.3316930 +00:00,S,P
24653,BOA SN,NULL,AKG,2026-02-28,96,2026-03-23 21:56:48.3316930 +00:00,S,P
24654,BOA SN,NULL,MQ,2026-02-28,81,2026-03-23 21:56:48.3316930 +00:00,S,P
24655,BOA SN,NULL,RL,2026-02-28,37,2026-03-23 21:56:48.3316930 +00:00,S,P
24656,BOA SN,NULL,7V,2026-02-28,90,2026-03-23 21:56:48.3316930 +00:00,S,P
24657,BOA SN,NULL,YA,2026-02-28,66,2026-03-23 21:56:48.3316930 +00:00,S,P
24658,BOA SN,NULL,6E,2026-02-28,93,2026-03-23 21:56:48.3316930 +00:00,S,P
24659,BOA SN,NULL,AEA,2026-02-28,100,2026-03-23 21:56:48.3316930 +00:00,S,P
24660,BOA SN,NULL,AIW,2026-02-28,86,2026-03-23 21:56:48.3316930 +00:00,S,P
24661,BOA SN,NULL,MBB,2026-02-28,40,2026-03-23 21:56:48.3316930 +00:00,S,P
24662,BOA SN,NULL,SC,2026-02-28,12,2026-03-23 21:56:48.3316930 +00:00,S,P
24663,BOA SN,NULL,XW,2026-02-28,50,2026-03-23 21:56:48.3316930 +00:00,S,P
24664,BOA SN,NULL,L6,2026-02-28,85,2026-03-23 21:56:48.3316930 +00:00,S,P
24665,BOA SN,NULL,U5,2026-02-28,57,2026-03-23 21:56:48.3316930 +00:00,S,P
24666,BOA SN,NULL,00,2026-02-28,100,2026-03-23 21:56:48.3316930 +00:00,S,P
24667,BOA SN,NULL,J0,2026-02-28,82,2026-03-23 21:56:48.3316930 +00:00,S,P
24668,BOA SN,NULL,AOG,2026-02-28,100,2026-03-23 21:56:48.3316930 +00:00,S,P
24669,BOA SN,NULL,7V7,2026-02-28,100,2026-03-23 21:56:48.3316930 +00:00,S,P
24670,BOA SN,NULL,MAX,2026-02-28,100,2026-03-23 21:56:48.3316930 +00:00,S,P
24671,BOA SN,NULL,DIR_AGENCE_1014,2026-02-28,0,2026-03-23 21:56:48.3316930 +00:00,S,P
24672,BOA SN,NULL,FX,2026-02-28,44,2026-03-23 21:56:48.3316930 +00:00,S,P
24673,BOA SN,NULL,G7,2026-02-28,38,2026-03-23 21:56:48.3316930 +00:00,S,P
24674,BOA SN,NULL,MGA,2026-02-28,100,2026-03-23 21:56:48.3316930 +00:00,S,P
24675,BOA SN,NULL,AOZ,2026-02-28,100,2026-03-23 21:56:48.3316930 +00:00,S,P
24676,BOA SN,NULL,9F,2026-02-28,100,2026-03-23 21:56:48.3316930 +00:00,S,P
24677,BOA SN,NULL,MGQ,2026-02-28,100,2026-03-23 21:56:48.3316930 +00:00,S,P
24678,BOA SN,NULL,OE,2026-02-28,100,2026-03-23 21:56:48.3316930 +00:00,S,P
24679,BOA SN,NULL,AEN,2026-02-28,79,2026-03-23 21:56:48.3316930 +00:00,S,P
24680,BOA SN,NULL,WQ,2026-02-28,100,2026-03-23 21:56:48.3316930 +00:00,S,P
24681,BOA SN,NULL,MFG,2026-02-28,50,2026-03-23 21:56:48.3316930 +00:00,S,P
24682,BOA SN,NULL,DIR_AGENCE_1021,2026-02-28,38,2026-03-23 21:56:48.3316930 +00:00,S,P
24683,BOA SN,NULL,MCE,2026-02-28,64,2026-03-23 21:56:48.3316930 +00:00,S,P
24684,BOA SN,NULL,OU,2026-02-28,75,2026-03-23 21:56:48.3316930 +00:00,S,P
24685,BOA SN,NULL,5M,2026-02-28,0,2026-03-23 21:56:48.3316930 +00:00,S,P
24686,BOA SN,NULL,8Q,2026-02-28,91,2026-03-23 21:56:48.3316930 +00:00,S,P
24687,BOA SN,NULL,AEM,2026-02-28,0,2026-03-23 21:56:48.3316930 +00:00,S,P
24688,BOA SN,NULL,AUN,2026-02-28,0,2026-03-23 21:56:48.3316930 +00:00,S,P
24689,BOA SN,NULL,0E,2026-02-28,90,2026-03-23 21:56:48.3316930 +00:00,S,P
24690,BOA SN,NULL,AJB,2026-02-28,100,2026-03-23 21:56:48.3316930 +00:00,S,P
24691,BOA SN,NULL,QR,2026-02-28,95,2026-03-23 21:56:48.3316930 +00:00,S,P
24692,BOA SN,NULL,5R,2026-02-28,100,2026-03-23 21:56:48.3316930 +00:00,S,P
24693,BOA SN,NULL,ADN,2026-02-28,35,2026-03-23 21:56:48.3316930 +00:00,S,P
24694,BOA SN,NULL,H3,2026-02-28,50,2026-03-23 21:56:48.3316930 +00:00,S,P
24695,BOA SN,NULL,V9,2026-02-28,93,2026-03-23 21:56:48.3316930 +00:00,S,P
24696,BOA SN,NULL,YC,2026-02-28,75,2026-03-23 21:56:48.3316930 +00:00,S,P
24697,BOA SN,NULL,DIR_AGENCE_1032,2026-02-28,100,2026-03-23 21:56:48.3316930 +00:00,S,P
24698,BOA SN,NULL,Y9,2026-02-28,100,2026-03-23 21:56:48.3316930 +00:00,S,P
24699,BOA SN,NULL,M4,2026-02-28,100,2026-03-23 21:56:48.3316930 +00:00,S,P
24700,BOA SN,NULL,MDB,2026-02-28,0,2026-03-23 21:56:48.3316930 +00:00,S,P
24701,BOA SN,NULL,S3,2026-02-28,45,2026-03-23 21:56:48.3316930 +00:00,S,P
24702,BOA SN,NULL,6Y,2026-02-28,100,2026-03-23 21:56:48.3316930 +00:00,S,P
24703,BOA SN,NULL,T4,2026-02-28,4,2026-03-23 21:56:48.3316930 +00:00,S,P
24704,BOA SN,NULL,N8,2026-02-28,95,2026-03-23 21:56:48.3316930 +00:00,S,P
24705,BOA SN,NULL,1C,2026-02-28,89,2026-03-23 21:56:48.3316930 +00:00,S,P
24706,BOA SN,NULL,8V8,2026-02-28,100,2026-03-23 21:56:48.3316930 +00:00,S,P
24707,BOA SN,NULL,AIF,2026-02-28,100,2026-03-23 21:56:48.3316930 +00:00,S,P
24708,BOA SN,NULL,FL,2026-02-28,0,2026-03-23 21:56:48.3316930 +00:00,S,P
24709,BOA SN,NULL,I1,2026-02-28,85,2026-03-23 21:56:48.3316930 +00:00,S,P
24710,BOA SN,NULL,1Y,2026-02-28,100,2026-03-23 21:56:48.3316930 +00:00,S,P
24711,BOA SN,NULL,AT,2026-02-28,50,2026-03-23 21:56:48.3316930 +00:00,S,P
24712,BOA SN,NULL,1G,2026-02-28,100,2026-03-23 21:56:48.3316930 +00:00,S,P
24713,BOA SN,NULL,MBR,2026-02-28,100,2026-03-23 21:56:48.3316930 +00:00,S,P
24714,BOA SN,NULL,DIR_AGENCE_10001,2026-02-28,100,2026-03-23 21:56:48.3316930 +00:00,S,P
24715,BOA SN,NULL,AK,2026-02-28,100,2026-03-23 21:56:48.3316930 +00:00,S,P
24716,BOA SN,NULL,QX,2026-02-28,57,2026-03-23 21:56:48.3316930 +00:00,S,P
24717,BOA SN,NULL,CI,2026-02-28,100,2026-03-23 21:56:48.3316930 +00:00,S,P
24718,BOA SN,NULL,IX,2026-02-28,50,2026-03-23 21:56:48.3316930 +00:00,S,P
24719,BOA SN,NULL,9V,2026-02-28,100,2026-03-23 21:56:48.3316930 +00:00,S,P
24720,BOA SN,NULL,OJ,2026-02-28,100,2026-03-23 21:56:48.3316930 +00:00,S,P
24721,BOA SN,NULL,VM,2026-02-28,100,2026-03-23 21:56:48.3316930 +00:00,S,P
24722,BOA SN,NULL,4K,2026-02-28,100,2026-03-23 21:56:48.3316930 +00:00,S,P
24723,BOA SN,NULL,HA,2026-02-28,0,2026-03-23 21:56:48.3316930 +00:00,S,M
24724,BOA SN,NULL,LE,2026-02-28,0,2026-03-23 21:56:48.3316930 +00:00,S,M
24725,BOA SN,NULL,MG,2026-02-28,0,2026-03-23 21:56:48.3316930 +00:00,S,M
24726,BOA SN,NULL,G5,2026-02-28,0,2026-03-23 21:56:48.3316930 +00:00,S,M
24727,BOA SN,NULL,0G,2026-02-28,0,2026-03-23 21:56:48.3316930 +00:00,S,M
24728,BOA SN,NULL,PN,2026-02-28,0,2026-03-23 21:56:48.3316930 +00:00,S,M
24729,BOA SN,NULL,P0,2026-02-28,0,2026-03-23 21:56:48.3316930 +00:00,S,M
24730,BOA SN,NULL,A4,2026-02-28,0,2026-03-23 21:56:48.3316930 +00:00,S,M
24731,BOA SN,NULL,MBH,2026-02-28,0,2026-03-23 21:56:48.3316930 +00:00,S,M
24732,BOA SN,NULL,IB,2026-02-28,0,2026-03-23 21:56:48.3316930 +00:00,S,M
24733,BOA SN,NULL,PP,2026-02-28,0,2026-03-23 21:56:48.3316930 +00:00,S,M
24734,BOA SN,NULL,SB,2026-02-28,0,2026-03-23 21:56:48.3316930 +00:00,S,M
24735,BOA SN,NULL,GQ,2026-02-28,0,2026-03-23 21:56:48.3316930 +00:00,S,M
24736,BOA SN,NULL,PQ,2026-02-28,0,2026-03-23 21:56:48.3316930 +00:00,S,M
24737,BOA SN,NULL,GO,2026-02-28,0,2026-03-23 21:56:48.3316930 +00:00,S,M
24738,BOA SN,NULL,MDM,2026-02-28,0,2026-03-23 21:56:48.3316930 +00:00,S,M
24739,BOA SN,NULL,DIR_AGENCE_4001,2026-02-28,0,2026-03-23 21:56:48.3316930 +00:00,S,M
24740,BOA SN,NULL,QH,2026-02-28,0,2026-03-23 21:56:48.3316930 +00:00,S,M
24741,BOA SN,NULL,DIR_AGENCE_5001,2026-02-28,0,2026-03-23 21:56:48.3316930 +00:00,S,M
24742,BOA BJ,NULL,IDJ,2026-02-28,34,2026-03-23 21:56:48.4151480 +00:00,F,P
24743,BOA BJ,NULL,OG,2026-02-28,100,2026-03-23 21:56:48.4151480 +00:00,F,P
24744,BOA BJ,NULL,FK,2026-02-28,100,2026-03-23 21:56:48.4151480 +00:00,F,P
24745,BOA BJ,NULL,E1,2026-02-28,98,2026-03-23 21:56:48.4151480 +00:00,F,P
24746,BOA BJ,NULL,HS,2026-02-28,90,2026-03-23 21:56:48.4151480 +00:00,F,P
24747,BOA BJ,NULL,X5,2026-02-28,97,2026-03-23 21:56:48.4151480 +00:00,F,P
24748,BOA BJ,NULL,D2,2026-02-28,100,2026-03-23 21:56:48.4151480 +00:00,F,P
24749,BOA BJ,NULL,HY,2026-02-28,97,2026-03-23 21:56:48.4151480 +00:00,F,P
24750,BOA BJ,NULL,MQ,2026-02-28,88,2026-03-23 21:56:48.4151480 +00:00,F,P
24751,BOA BJ,NULL,Q0,2026-02-28,100,2026-03-23 21:56:48.4151480 +00:00,F,P
24752,BOA BJ,NULL,UE,2026-02-28,97,2026-03-23 21:56:48.4151480 +00:00,F,P
24753,BOA BJ,NULL,V4,2026-02-28,93,2026-03-23 21:56:48.4151480 +00:00,F,P
24754,BOA BJ,NULL,9Y,2026-02-28,94,2026-03-23 21:56:48.4151480 +00:00,F,P
24755,BOA BJ,NULL,BV,2026-02-28,97,2026-03-23 21:56:48.4151480 +00:00,F,P
24756,BOA BJ,NULL,KI,2026-02-28,100,2026-03-23 21:56:48.4151480 +00:00,F,P
24757,BOA BJ,NULL,DA,2026-02-28,86,2026-03-23 21:56:48.4161520 +00:00,F,P
24758,BOA BJ,NULL,5G,2026-02-28,100,2026-03-23 21:56:48.4161520 +00:00,F,P
24759,BOA BJ,NULL,OA,2026-02-28,100,2026-03-23 21:56:48.4161520 +00:00,F,P
24760,BOA BJ,NULL,1I,2026-02-28,82,2026-03-23 21:56:48.4161520 +00:00,F,P
24761,BOA BJ,NULL,NQ,2026-02-28,100,2026-03-23 21:56:48.4161520 +00:00,F,P
24762,BOA BJ,NULL,FM,2026-02-28,78,2026-03-23 21:56:48.4161520 +00:00,F,P
24763,BOA BJ,NULL,MMI,2026-02-28,100,2026-03-23 21:56:48.4161520 +00:00,F,P
24764,BOA BJ,NULL,UA,2026-02-28,90,2026-03-23 21:56:48.4161520 +00:00,F,P
24765,BOA BJ,NULL,R,2026-02-28,100,2026-03-23 21:56:48.4161520 +00:00,F,P
24766,BOA BJ,NULL,RU,2026-02-28,96,2026-03-23 21:56:48.4161520 +00:00,F,P
24767,BOA BJ,NULL,4V,2026-02-28,98,2026-03-23 21:56:48.4161520 +00:00,F,P
24768,BOA BJ,NULL,VL,2026-02-28,57,2026-03-23 21:56:48.4161520 +00:00,F,P
24769,BOA BJ,NULL,HH,2026-02-28,98,2026-03-23 21:56:48.4161520 +00:00,F,P
24770,BOA BJ,NULL,J8,2026-02-28,97,2026-03-23 21:56:48.4161520 +00:00,F,P
24771,BOA BJ,NULL,COT,2026-02-28,100,2026-03-23 21:56:48.4161520 +00:00,F,P
24772,BOA BJ,NULL,MD,2026-02-28,100,2026-03-23 21:56:48.4161520 +00:00,F,P
24773,BOA BJ,NULL,CO,2026-02-28,97,2026-03-23 21:56:48.4161520 +00:00,F,P
24774,BOA BJ,NULL,SA,2026-02-28,74,2026-03-23 21:56:48.4161520 +00:00,F,P
24775,BOA BJ,NULL,LT,2026-02-28,0,2026-03-23 21:56:48.4161520 +00:00,F,M
24776,BOA BJ,NULL,6Y,2026-02-28,100,2026-03-23 21:56:48.4161520 +00:00,F,M
24777,BOA BJ,NULL,I7,2026-02-28,50,2026-03-23 21:56:48.4161520 +00:00,F,M
24778,BOA BJ,NULL,IL,2026-02-28,50,2026-03-23 21:56:48.4161520 +00:00,F,M
24779,BOA BJ,NULL,W8,2026-02-28,0,2026-03-23 21:56:48.4161520 +00:00,F,M
24780,BOA BJ,NULL,SV,2026-02-28,0,2026-03-23 21:56:48.4161520 +00:00,F,M
24781,BOA BJ,NULL,W9,2026-02-28,0,2026-03-23 21:56:48.4161520 +00:00,F,M
24782,BOA BJ,NULL,BJ,2026-02-28,60,2026-03-23 21:56:48.4161520 +00:00,F,M
24783,BOA BJ,NULL,BK,2026-02-28,61,2026-03-23 21:56:48.4161520 +00:00,F,M
24784,BOA BJ,NULL,TH,2026-02-28,33,2026-03-23 21:56:48.4161520 +00:00,F,M
24785,BOA BJ,NULL,B3,2026-02-28,100,2026-03-23 21:56:48.4161520 +00:00,F,M
24786,BOA BJ,NULL,C3,2026-02-28,100,2026-03-23 21:56:48.4161520 +00:00,F,M
24787,BOA BJ,NULL,YM,2026-02-28,12,2026-03-23 21:56:48.4161520 +00:00,F,M
24788,BOA BJ,NULL,13,2026-02-28,0,2026-03-23 21:56:48.4161520 +00:00,F,M
24789,BOA BJ,NULL,RV,2026-02-28,0,2026-03-23 21:56:48.4161520 +00:00,F,M
24790,BOA BJ,NULL,10,2026-02-28,0,2026-03-23 21:56:48.4161520 +00:00,F,M
24791,BOA BJ,NULL,DJC,2026-02-28,0,2026-03-23 21:56:48.4161520 +00:00,F,M
24792,BOA BJ,NULL,DF,2026-02-28,0,2026-03-23 21:56:48.4161520 +00:00,F,M
24793,BOA BJ,NULL,SX,2026-02-28,0,2026-03-23 21:56:48.4161520 +00:00,F,M
24794,BOA BJ,NULL,R2,2026-02-28,0,2026-03-23 21:56:48.4161520 +00:00,F,M
24795,BOA BJ,NULL,PA,2026-02-28,0,2026-03-23 21:56:48.4161520 +00:00,F,M
24796,BOA BJ,NULL,SSY,2026-02-28,0,2026-03-23 21:56:48.4161520 +00:00,F,M
24797,BOA BJ,NULL,YK,2026-02-28,0,2026-03-23 21:56:48.4161520 +00:00,F,M
24798,BOA BJ,NULL,4A,2026-02-28,0,2026-03-23 21:56:48.4161520 +00:00,S,P
24799,BOA BJ,NULL,CI,2026-02-28,37,2026-03-23 21:56:48.4161520 +00:00,S,P
24800,BOA BJ,NULL,HU,2026-02-28,100,2026-03-23 21:56:48.4161520 +00:00,S,P
24801,BOA BJ,NULL,L0,2026-02-28,100,2026-03-23 21:56:48.4161520 +00:00,S,P
24802,BOA BJ,NULL,RA,2026-02-28,0,2026-03-23 21:56:48.4161520 +00:00,S,P
24803,BOA BJ,NULL,RG,2026-02-28,100,2026-03-23 21:56:48.4161520 +00:00,S,P
24804,BOA BJ,NULL,00,2026-02-28,100,2026-03-23 21:56:48.4161520 +00:00,S,P
24805,BOA BJ,NULL,0Y,2026-02-28,100,2026-03-23 21:56:48.4161520 +00:00,S,P
24806,BOA BJ,NULL,3A,2026-02-28,100,2026-03-23 21:56:48.4161520 +00:00,S,P
24807,BOA BJ,NULL,4Y,2026-02-28,63,2026-03-23 21:56:48.4161520 +00:00,S,P
24808,BOA BJ,NULL,7C,2026-02-28,90,2026-03-23 21:56:48.4161520 +00:00,S,P
24809,BOA BJ,NULL,B5,2026-02-28,87,2026-03-23 21:56:48.4161520 +00:00,S,P
24810,BOA BJ,NULL,BS,2026-02-28,100,2026-03-23 21:56:48.4161520 +00:00,S,P
24811,BOA BJ,NULL,DC,2026-02-28,90,2026-03-23 21:56:48.4161520 +00:00,S,P
24812,BOA BJ,NULL,DM,2026-02-28,88,2026-03-23 21:56:48.4161520 +00:00,S,P
24813,BOA BJ,NULL,EVA,2026-02-28,92,2026-03-23 21:56:48.4161520 +00:00,S,P
24814,BOA BJ,NULL,H5,2026-02-28,7,2026-03-23 21:56:48.4161520 +00:00,S,P
24815,BOA BJ,NULL,HG1,2026-02-28,100,2026-03-23 21:56:48.4161520 +00:00,S,P
24816,BOA BJ,NULL,HK,2026-02-28,88,2026-03-23 21:56:48.4161520 +00:00,S,P
24817,BOA BJ,NULL,ID,2026-02-28,0,2026-03-23 21:56:48.4161520 +00:00,S,P
24818,BOA BJ,NULL,IS,2026-02-28,18,2026-03-23 21:56:48.4161520 +00:00,S,P
24819,BOA BJ,NULL,KE,2026-02-28,39,2026-03-23 21:56:48.4161520 +00:00,S,P
24820,BOA BJ,NULL,LAT,2026-02-28,0,2026-03-23 21:56:48.4161520 +00:00,S,P
24821,BOA BJ,NULL,N5,2026-02-28,0,2026-03-23 21:56:48.4161520 +00:00,S,P
24822,BOA BJ,NULL,DIR_AGENCE_1001,2026-02-28,4,2026-03-23 21:56:48.4161520 +00:00,S,P
24823,BOA BJ,NULL,P6,2026-02-28,85,2026-03-23 21:56:48.4161520 +00:00,S,P
24824,BOA BJ,NULL,PO,2026-02-28,90,2026-03-23 21:56:48.4161520 +00:00,S,P
24825,BOA BJ,NULL,S0,2026-02-28,83,2026-03-23 21:56:48.4161520 +00:00,S,P
24826,BOA BJ,NULL,V5,2026-02-28,100,2026-03-23 21:56:48.4161520 +00:00,S,P
24827,BOA BJ,NULL,06,2026-02-28,88,2026-03-23 21:56:48.4161520 +00:00,S,P
24828,BOA BJ,NULL,6V,2026-02-28,100,2026-03-23 21:56:48.4161520 +00:00,S,P
24829,BOA BJ,NULL,F3,2026-02-28,42,2026-03-23 21:56:48.4161520 +00:00,S,P
24830,BOA BJ,NULL,FG,2026-02-28,57,2026-03-23 21:56:48.4161520 +00:00,S,P
24831,BOA BJ,NULL,GB,2026-02-28,26,2026-03-23 21:56:48.4161520 +00:00,S,P
24832,BOA BJ,NULL,HV,2026-02-28,16,2026-03-23 21:56:48.4171560 +00:00,S,P
24833,BOA BJ,NULL,XU,2026-02-28,61,2026-03-23 21:56:48.4171560 +00:00,S,P
24834,BOA BJ,NULL,Y4,2026-02-28,100,2026-03-23 21:56:48.4171560 +00:00,S,P
24835,BOA BJ,NULL,M9,2026-02-28,62,2026-03-23 21:56:48.4171560 +00:00,S,P
24836,BOA BJ,NULL,CN,2026-02-28,49,2026-03-23 21:56:48.4171560 +00:00,S,P
24837,BOA BJ,NULL,D5,2026-02-28,94,2026-03-23 21:56:48.4171560 +00:00,S,P
24838,BOA BJ,NULL,GJ,2026-02-28,100,2026-03-23 21:56:48.4171560 +00:00,S,P
24839,BOA BJ,NULL,LI,2026-02-28,50,2026-03-23 21:56:48.4171560 +00:00,S,P
24840,BOA BJ,NULL,LN,2026-02-28,100,2026-03-23 21:56:48.4171560 +00:00,S,P
24841,BOA BJ,NULL,PZ,2026-02-28,83,2026-03-23 21:56:48.4171560 +00:00,S,P
24842,BOA BJ,NULL,Q9,2026-02-28,100,2026-03-23 21:56:48.4171560 +00:00,S,P
24843,BOA BJ,NULL,ST,2026-02-28,78,2026-03-23 21:56:48.4171560 +00:00,S,P
24844,BOA BJ,NULL,11,2026-02-28,96,2026-03-23 21:56:48.4171560 +00:00,S,P
24845,BOA BJ,NULL,2M,2026-02-28,100,2026-03-23 21:56:48.4171560 +00:00,S,P
24846,BOA BJ,NULL,A0,2026-02-28,57,2026-03-23 21:56:48.4171560 +00:00,S,P
24847,BOA BJ,NULL,AS,2026-02-28,90,2026-03-23 21:56:48.4171560 +00:00,S,P
24848,BOA BJ,NULL,AX,2026-02-28,17,2026-03-23 21:56:48.4171560 +00:00,S,P
24849,BOA BJ,NULL,EU,2026-02-28,94,2026-03-23 21:56:48.4171560 +00:00,S,P
24850,BOA BJ,NULL,KR,2026-02-28,75,2026-03-23 21:56:48.4171560 +00:00,S,P
24851,BOA BJ,NULL,NH,2026-02-28,100,2026-03-23 21:56:48.4171560 +00:00,S,P
24852,BOA BJ,NULL,QO,2026-02-28,100,2026-03-23 21:56:48.4171560 +00:00,S,P
24853,BOA BJ,NULL,QU,2026-02-28,100,2026-03-23 21:56:48.4171560 +00:00,S,P
24854,BOA BJ,NULL,S6,2026-02-28,100,2026-03-23 21:56:48.4171560 +00:00,S,P
24855,BOA BJ,NULL,SS,2026-02-28,84,2026-03-23 21:56:48.4171560 +00:00,S,P
24856,BOA BJ,NULL,TD,2026-02-28,100,2026-03-23 21:56:48.4171560 +00:00,S,P
24857,BOA BJ,NULL,Y7,2026-02-28,100,2026-03-23 21:56:48.4171560 +00:00,S,P
24858,BOA BJ,NULL,1L,2026-02-28,87,2026-03-23 21:56:48.4171560 +00:00,S,P
24859,BOA BJ,NULL,4I,2026-02-28,59,2026-03-23 21:56:48.4171560 +00:00,S,P
24860,BOA BJ,NULL,6T,2026-02-28,100,2026-03-23 21:56:48.4171560 +00:00,S,P
24861,BOA BJ,NULL,7Q,2026-02-28,100,2026-03-23 21:56:48.4171560 +00:00,S,P
24862,BOA BJ,NULL,9R,2026-02-28,100,2026-03-23 21:56:48.4171560 +00:00,S,P
24863,BOA BJ,NULL,BP,2026-02-28,76,2026-03-23 21:56:48.4171560 +00:00,S,P
24864,BOA BJ,NULL,GG,2026-02-28,100,2026-03-23 21:56:48.4171560 +00:00,S,P
24865,BOA BJ,NULL,KL,2026-02-28,100,2026-03-23 21:56:48.4171560 +00:00,S,P
24866,BOA BJ,NULL,OB,2026-02-28,85,2026-03-23 21:56:48.4171560 +00:00,S,P
24867,BOA BJ,NULL,OP,2026-02-28,100,2026-03-23 21:56:48.4171560 +00:00,S,P
24868,BOA BJ,NULL,P0,2026-02-28,57,2026-03-23 21:56:48.4171560 +00:00,S,P
24869,BOA BJ,NULL,PP,2026-02-28,100,2026-03-23 21:56:48.4171560 +00:00,S,P
24870,BOA BJ,NULL,SOU,2026-02-28,84,2026-03-23 21:56:48.4890810 +00:00,S,P
24871,BOA BJ,NULL,X0,2026-02-28,98,2026-03-23 21:56:48.4890810 +00:00,S,P
24872,BOA BJ,NULL,XO,2026-02-28,75,2026-03-23 21:56:48.4890810 +00:00,S,P
24873,BOA BJ,NULL,XV,2026-02-28,100,2026-03-23 21:56:48.4890810 +00:00,S,P
24874,BOA BJ,NULL,8L,2026-02-28,70,2026-03-23 21:56:48.4890810 +00:00,S,P
24875,BOA BJ,NULL,DA?,2026-02-28,100,2026-03-23 21:56:48.4890810 +00:00,S,P
24876,BOA BJ,NULL,G2,2026-02-28,97,2026-03-23 21:56:48.4890810 +00:00,S,P
24877,BOA BJ,NULL,QN,2026-02-28,89,2026-03-23 21:56:48.4890810 +00:00,S,P
24878,BOA BJ,NULL,YG,2026-02-28,77,2026-03-23 21:56:48.4890810 +00:00,S,P
24879,BOA BJ,NULL,1E,2026-02-28,89,2026-03-23 21:56:48.4890810 +00:00,S,P
24880,BOA BJ,NULL,3D,2026-02-28,72,2026-03-23 21:56:48.4890810 +00:00,S,P
24881,BOA BJ,NULL,3N,2026-02-28,92,2026-03-23 21:56:48.4890810 +00:00,S,P
24882,BOA BJ,NULL,5Y,2026-02-28,100,2026-03-23 21:56:48.4890810 +00:00,S,P
24883,BOA BJ,NULL,6D,2026-02-28,50,2026-03-23 21:56:48.4890810 +00:00,S,P
24884,BOA BJ,NULL,6K,2026-02-28,100,2026-03-23 21:56:48.4890810 +00:00,S,P
24885,BOA BJ,NULL,84,2026-02-28,100,2026-03-23 21:56:48.4890810 +00:00,S,P
24886,BOA BJ,NULL,8W,2026-02-28,100,2026-03-23 21:56:48.4890810 +00:00,S,P
24887,BOA BJ,NULL,94,2026-02-28,100,2026-03-23 21:56:48.4890810 +00:00,S,P
24888,BOA BJ,NULL,9U,2026-02-28,50,2026-03-23 21:56:48.4890810 +00:00,S,P
24889,BOA BJ,NULL,AD,2026-02-28,0,2026-03-23 21:56:48.4890810 +00:00,S,P
24890,BOA BJ,NULL,AJ,2026-02-28,50,2026-03-23 21:56:48.4890810 +00:00,S,P
24891,BOA BJ,NULL,AZI,2026-02-28,90,2026-03-23 21:56:48.4890810 +00:00,S,P
24892,BOA BJ,NULL,B2,2026-02-28,79,2026-03-23 21:56:48.4890810 +00:00,S,P
24893,BOA BJ,NULL,BU,2026-02-28,66,2026-03-23 21:56:48.4890810 +00:00,S,P
24894,BOA BJ,NULL,C4,2026-02-28,82,2026-03-23 21:56:48.4890810 +00:00,S,P
24895,BOA BJ,NULL,CB,2026-02-28,56,2026-03-23 21:56:48.4890810 +00:00,S,P
24896,BOA BJ,NULL,CG,2026-02-28,66,2026-03-23 21:56:48.4890810 +00:00,S,P
24897,BOA BJ,NULL,D0,2026-02-28,100,2026-03-23 21:56:48.4890810 +00:00,S,P
24898,BOA BJ,NULL,D4,2026-02-28,100,2026-03-23 21:56:48.4890810 +00:00,S,P
24899,BOA BJ,NULL,D8,2026-02-28,0,2026-03-23 21:56:48.4890810 +00:00,S,P
24900,BOA BJ,NULL,DI,2026-02-28,0,2026-03-23 21:56:48.4890810 +00:00,S,P
24901,BOA BJ,NULL,DR,2026-02-28,60,2026-03-23 21:56:48.4890810 +00:00,S,P
24902,BOA BJ,NULL,E2,2026-02-28,66,2026-03-23 21:56:48.4890810 +00:00,S,P
24903,BOA BJ,NULL,EGI,2026-02-28,100,2026-03-23 21:56:48.4890810 +00:00,S,P
24904,BOA BJ,NULL,EL,2026-02-28,70,2026-03-23 21:56:48.4890810 +00:00,S,P
24905,BOA BJ,NULL,GE,2026-02-28,94,2026-03-23 21:56:48.4890810 +00:00,S,P
24906,BOA BJ,NULL,GT,2026-02-28,79,2026-03-23 21:56:48.4890810 +00:00,S,P
24907,BOA BJ,NULL,HM,2026-02-28,0,2026-03-23 21:56:48.4890810 +00:00,S,P
24908,BOA BJ,NULL,JA,2026-02-28,80,2026-03-23 21:56:48.4890810 +00:00,S,P
24909,BOA BJ,NULL,JC,2026-02-28,84,2026-03-23 21:56:48.4890810 +00:00,S,P
24910,BOA BJ,NULL,KO,2026-02-28,75,2026-03-23 21:56:48.4890810 +00:00,S,P
24911,BOA BJ,NULL,L2,2026-02-28,0,2026-03-23 21:56:48.4890810 +00:00,S,P
24912,BOA BJ,NULL,L4,2026-02-28,100,2026-03-23 21:56:48.4890810 +00:00,S,P
24913,BOA BJ,NULL,LJ,2026-02-28,94,2026-03-23 21:56:48.4900830 +00:00,S,P
24914,BOA BJ,NULL,LM,2026-02-28,100,2026-03-23 21:56:48.4900830 +00:00,S,P
24915,BOA BJ,NULL,ME,2026-02-28,66,2026-03-23 21:56:48.4900830 +00:00,S,P
24916,BOA BJ,NULL,MOL,2026-02-28,100,2026-03-23 21:56:48.4900830 +00:00,S,P
24917,BOA BJ,NULL,N2,2026-02-28,100,2026-03-23 21:56:48.4900830 +00:00,S,P
24918,BOA BJ,NULL,N9,2026-02-28,100,2026-03-23 21:56:48.4900830 +00:00,S,P
24919,BOA BJ,NULL,DIR_AGENCE_1010,2026-02-28,50,2026-03-23 21:56:48.4900830 +00:00,S,P
24920,BOA BJ,NULL,NC,2026-02-28,85,2026-03-23 21:56:48.4900830 +00:00,S,P
24921,BOA BJ,NULL,NE,2026-02-28,50,2026-03-23 21:56:48.4900830 +00:00,S,P
24922,BOA BJ,NULL,NG,2026-02-28,75,2026-03-23 21:56:48.4900830 +00:00,S,P
24923,BOA BJ,NULL,NJ,2026-02-28,50,2026-03-23 21:56:48.4900830 +00:00,S,P
24924,BOA BJ,NULL,NT,2026-02-28,100,2026-03-23 21:56:48.4900830 +00:00,S,P
24925,BOA BJ,NULL,ONI,2026-02-28,100,2026-03-23 21:56:48.4900830 +00:00,S,P
24926,BOA BJ,NULL,P62,2026-02-28,100,2026-03-23 21:56:48.4900830 +00:00,S,P
24927,BOA BJ,NULL,PC,2026-02-28,100,2026-03-23 21:56:48.4900830 +00:00,S,P
24928,BOA BJ,NULL,PD,2026-02-28,0,2026-03-23 21:56:48.4900830 +00:00,S,P
24929,BOA BJ,NULL,PE,2026-02-28,50,2026-03-23 21:56:48.4900830 +00:00,S,P
24930,BOA BJ,NULL,QQ,2026-02-28,100,2026-03-23 21:56:48.4900830 +00:00,S,P
24931,BOA BJ,NULL,QR,2026-02-28,100,2026-03-23 21:56:48.4900830 +00:00,S,P
24932,BOA BJ,NULL,QS,2026-02-28,86,2026-03-23 21:56:48.4900830 +00:00,S,P
24933,BOA BJ,NULL,R3,2026-02-28,100,2026-03-23 21:56:48.4900830 +00:00,S,P
24934,BOA BJ,NULL,R4,2026-02-28,0,2026-03-23 21:56:48.4900830 +00:00,S,P
24935,BOA BJ,NULL,S5,2026-02-28,0,2026-03-23 21:56:48.4900830 +00:00,S,P
24936,BOA BJ,NULL,SQ,2026-02-28,100,2026-03-23 21:56:48.4900830 +00:00,S,P
24937,BOA BJ,NULL,SY,2026-02-28,100,2026-03-23 21:56:48.4900830 +00:00,S,P
24938,BOA BJ,NULL,TOS,2026-02-28,100,2026-03-23 21:56:48.4900830 +00:00,S,P
24939,BOA BJ,NULL,U3,2026-02-28,25,2026-03-23 21:56:48.4900830 +00:00,S,P
24940,BOA BJ,NULL,U4,2026-02-28,79,2026-03-23 21:56:48.4900830 +00:00,S,P
24941,BOA BJ,NULL,UC,2026-02-28,75,2026-03-23 21:56:48.4900830 +00:00,S,P
24942,BOA BJ,NULL,UH,2026-02-28,100,2026-03-23 21:56:48.4900830 +00:00,S,P
24943,BOA BJ,NULL,VO,2026-02-28,0,2026-03-23 21:56:48.4900830 +00:00,S,P
24944,BOA BJ,NULL,X4,2026-02-28,91,2026-03-23 21:56:48.4900830 +00:00,S,P
24945,BOA BJ,NULL,XE,2026-02-28,83,2026-03-23 21:56:48.4900830 +00:00,S,P
24946,BOA BJ,NULL,YC,2026-02-28,50,2026-03-23 21:56:48.4900830 +00:00,S,P
24947,BOA BJ,NULL,ZC,2026-02-28,50,2026-03-23 21:56:48.4900830 +00:00,S,P
24948,BOA BJ,NULL,2S,2026-02-28,95,2026-03-23 21:56:48.4900830 +00:00,S,P
24949,BOA BJ,NULL,AO,2026-02-28,91,2026-03-23 21:56:48.4900830 +00:00,S,P
24950,BOA BJ,NULL,ATI,2026-02-28,94,2026-03-23 21:56:48.4900830 +00:00,S,P
24951,BOA BJ,NULL,GP,2026-02-28,100,2026-03-23 21:56:48.4900830 +00:00,S,P
24952,BOA BJ,NULL,T8,2026-02-28,100,2026-03-23 21:56:48.4900830 +00:00,S,P
24953,BOA BJ,NULL,UB,2026-02-28,100,2026-03-23 21:56:48.4900830 +00:00,S,P
24954,BOA BJ,NULL,1A,2026-02-28,100,2026-03-23 21:56:48.4900830 +00:00,S,P
24955,BOA BJ,NULL,9B,2026-02-28,66,2026-03-23 21:56:48.4900830 +00:00,S,P
24956,BOA BJ,NULL,CC,2026-02-28,93,2026-03-23 21:56:48.4900830 +00:00,S,P
24957,BOA BJ,NULL,ML,2026-02-28,100,2026-03-23 21:56:48.4900830 +00:00,S,P
24958,BOA BJ,NULL,DIR_AGENCE_1013,2026-02-28,100,2026-03-23 21:56:48.4900830 +00:00,S,P
24959,BOA BJ,NULL,SM,2026-02-28,42,2026-03-23 21:56:48.4900830 +00:00,S,P
24960,BOA BJ,NULL,03,2026-02-28,100,2026-03-23 21:56:48.4900830 +00:00,S,P
24961,BOA BJ,NULL,4K,2026-02-28,94,2026-03-23 21:56:48.4900830 +00:00,S,P
24962,BOA BJ,NULL,HF,2026-02-28,84,2026-03-23 21:56:48.4900830 +00:00,S,P
24963,BOA BJ,NULL,N3,2026-02-28,100,2026-03-23 21:56:48.4900830 +00:00,S,P
24964,BOA BJ,NULL,UN,2026-02-28,100,2026-03-23 21:56:48.4900830 +00:00,S,P
24965,BOA BJ,NULL,XY,2026-02-28,93,2026-03-23 21:56:48.4900830 +00:00,S,P
24966,BOA BJ,NULL,25,2026-02-28,33,2026-03-23 21:56:48.4900830 +00:00,S,P
24967,BOA BJ,NULL,FS,2026-02-28,100,2026-03-23 21:56:48.4900830 +00:00,S,P
24968,BOA BJ,NULL,44,2026-02-28,100,2026-03-23 21:56:48.4900830 +00:00,S,P
24969,BOA BJ,NULL,MR,2026-02-28,93,2026-03-23 21:56:48.4900830 +00:00,S,P
24970,BOA BJ,NULL,R1,2026-02-28,100,2026-03-23 21:56:48.4900830 +00:00,S,P
24971,BOA BJ,NULL,R6,2026-02-28,100,2026-03-23 21:56:48.4900830 +00:00,S,P
24972,BOA BJ,NULL,YB,2026-02-28,91,2026-03-23 21:56:48.4900830 +00:00,S,P
24973,BOA BJ,NULL,49,2026-02-28,100,2026-03-23 21:56:48.4900830 +00:00,S,P
24974,BOA BJ,NULL,DS,2026-02-28,80,2026-03-23 21:56:48.4900830 +00:00,S,P
24975,BOA BJ,NULL,JB,2026-02-28,100,2026-03-23 21:56:48.4900830 +00:00,S,P
24976,BOA BJ,NULL,JE,2026-02-28,100,2026-03-23 21:56:48.4900830 +00:00,S,P
24977,BOA BJ,NULL,QL,2026-02-28,100,2026-03-23 21:56:48.4900830 +00:00,S,P
24978,BOA BJ,NULL,8C,2026-02-28,85,2026-03-23 21:56:48.4910950 +00:00,S,P
24979,BOA BJ,NULL,C0,2026-02-28,100,2026-03-23 21:56:48.4910950 +00:00,S,P
24980,BOA BJ,NULL,CA,2026-02-28,100,2026-03-23 21:56:48.4910950 +00:00,S,P
24981,BOA BJ,NULL,TR,2026-02-28,100,2026-03-23 21:56:48.4910950 +00:00,S,P
24982,BOA BJ,NULL,VS,2026-02-28,94,2026-03-23 21:56:48.4910950 +00:00,S,P
24983,BOA BJ,NULL,AU,2026-02-28,0,2026-03-23 21:56:48.4910950 +00:00,S,P
24984,BOA BJ,NULL,DIR_AGENCE_1025,2026-02-28,3,2026-03-23 21:56:48.4910950 +00:00,S,P
24985,BOA BJ,NULL,1D,2026-02-28,50,2026-03-23 21:56:48.4910950 +00:00,S,P
24986,BOA BJ,NULL,LD,2026-02-28,100,2026-03-23 21:56:48.4910950 +00:00,S,P
24987,BOA BJ,NULL,CW,2026-02-28,100,2026-03-23 21:56:48.4910950 +00:00,S,P
24988,BOA BJ,NULL,GM,2026-02-28,100,2026-03-23 21:56:48.4910950 +00:00,S,P
24989,BOA BJ,NULL,O6,2026-02-28,93,2026-03-23 21:56:48.4910950 +00:00,S,P
24990,BOA BJ,NULL,O8,2026-02-28,100,2026-03-23 21:56:48.4910950 +00:00,S,P
24991,BOA BJ,NULL,K7,2026-02-28,0,2026-03-23 21:56:48.4910950 +00:00,S,P
24992,BOA BJ,NULL,M0,2026-02-28,0,2026-03-23 21:56:48.4910950 +00:00,S,P
24993,BOA BJ,NULL,P1,2026-02-28,0,2026-03-23 21:56:48.4910950 +00:00,S,P
24994,BOA BJ,NULL,TL,2026-02-28,0,2026-03-23 21:56:48.4910950 +00:00,S,P
24995,BOA BJ,NULL,HC,2026-02-28,0,2026-03-23 21:56:48.4910950 +00:00,S,M
24996,BOA BJ,NULL,HD,2026-02-28,0,2026-03-23 21:56:48.4910950 +00:00,S,M
24997,BOA BJ,NULL,HI,2026-02-28,0,2026-03-23 21:56:48.4910950 +00:00,S,M
24998,BOA BJ,NULL,DIR_AGENCE_1000,2026-02-28,0,2026-03-23 21:56:48.5529100 +00:00,S,M
24999,BOA BJ,NULL,TF,2026-02-28,0,2026-03-23 21:56:48.5529100 +00:00,S,M
25000,BOA BJ,NULL,CF,2026-02-28,0,2026-03-23 21:56:48.5529100 +00:00,S,M
25001,BOA BJ,NULL,QC,2026-02-28,0,2026-03-23 21:56:48.5529100 +00:00,S,M
25002,BOA BJ,NULL,T0,2026-02-28,0,2026-03-23 21:56:48.5529100 +00:00,S,M
25003,BOA BJ,NULL,DO,2026-02-28,0,2026-03-23 21:56:48.5529100 +00:00,S,M
25004,BOA BJ,NULL,CM,2026-02-28,33,2026-03-23 21:56:48.5529100 +00:00,S,M
25005,BOA BJ,NULL,DN,2026-02-28,3,2026-03-23 21:56:48.5529100 +00:00,S,M
25006,BOA BJ,NULL,JJ,2026-02-28,0,2026-03-23 21:56:48.5529100 +00:00,S,M
25007,BOA BJ,NULL,KH,2026-02-28,0,2026-03-23 21:56:48.5529100 +00:00,S,M
25008,BOA BJ,NULL,MN,2026-02-28,0,2026-03-23 21:56:48.5529100 +00:00,S,M
25009,BOA BJ,NULL,DIR_AGENCE_1028,2026-02-28,0,2026-03-23 21:56:48.5529100 +00:00,S,M
25010,BOA BJ,NULL,U7,2026-02-28,100,2026-03-23 21:56:48.5529100 +00:00,S,M
25011,BOA BJ,NULL,YQ,2026-02-28,100,2026-03-23 21:56:48.5529100 +00:00,S,M
25012,BOA BJ,NULL,AR,2026-02-28,0,2026-03-23 21:56:48.5529100 +00:00,S,M
25013,BOA BJ,NULL,KV,2026-02-28,0,2026-03-23 21:56:48.5529100 +00:00,S,M
25014,BOA BJ,NULL,U2,2026-02-28,0,2026-03-23 21:56:48.5529100 +00:00,S,M
25015,BOA BJ,NULL,0P,2026-02-28,0,2026-03-23 21:56:48.5529100 +00:00,S,M
25016,BOA BJ,NULL,TS,2026-02-28,0,2026-03-23 21:56:48.5529100 +00:00,S,M
25017,BOA BJ,NULL,UK,2026-02-28,16,2026-03-23 21:56:48.5529100 +00:00,S,M
25018,BOA BJ,NULL,NP,2026-02-28,0,2026-03-23 21:56:48.5529100 +00:00,S,M
25019,BOA BJ,NULL,O2,2026-02-28,0,2026-03-23 21:56:48.5529100 +00:00,S,M
25020,BOA BJ,NULL,QV,2026-02-28,0,2026-03-23 21:56:48.5529100 +00:00,S,M
25021,BOA BJ,NULL,B1,2026-02-28,50,2026-03-23 21:56:48.5529100 +00:00,S,M
25022,BOA BJ,NULL,AFA,2026-02-28,100,2026-03-23 21:56:48.5529100 +00:00,S,M
25023,BOA BJ,NULL,CT,2026-02-28,0,2026-03-23 21:56:48.5529100 +00:00,S,M
25024,BOA BJ,NULL,YI,2026-02-28,0,2026-03-23 21:56:48.5529100 +00:00,S,M
25025,BOA BJ,NULL,2P,2026-02-28,0,2026-03-23 21:56:48.5529100 +00:00,S,M
25026,BOA BJ,NULL,H4,2026-02-28,0,2026-03-23 21:56:48.5529100 +00:00,S,M
25027,BOA BJ,NULL,5A,2026-02-28,32,2026-03-23 21:56:48.5529100 +00:00,S,M
25028,BOA BJ,NULL,FI,2026-02-28,5,2026-03-23 21:56:48.5529100 +00:00,S,M
25029,BOA BJ,NULL,6T1,2026-02-28,0,2026-03-23 21:56:48.5529100 +00:00,S,M
25030,BOA BJ,NULL,AM,2026-02-28,22,2026-03-23 21:56:48.5529100 +00:00,S,M
25031,BOA BJ,NULL,GNF,2026-02-28,0,2026-03-23 21:56:48.5529100 +00:00,S,M
25032,BOA BJ,NULL,KD,2026-02-28,0,2026-03-23 21:56:48.5529100 +00:00,S,M
25033,BOA BJ,NULL,KD1,2026-02-28,0,2026-03-23 21:56:48.5529100 +00:00,S,M
25034,BOA BJ,NULL,KW,2026-02-28,0,2026-03-23 21:56:48.5529100 +00:00,S,M
25035,BOA BJ,NULL,RN,2026-02-28,0,2026-03-23 21:56:48.5529100 +00:00,S,M
25036,BOA BJ,NULL,04,2026-02-28,0,2026-03-23 21:56:48.5529100 +00:00,S,M
25037,BOA BJ,NULL,F1,2026-02-28,1,2026-03-23 21:56:48.5529100 +00:00,S,M
25038,BOA BJ,NULL,GF,2026-02-28,0,2026-03-23 21:56:48.5529100 +00:00,S,M
25039,BOA BJ,NULL,WS,2026-02-28,0,2026-03-23 21:56:48.5529100 +00:00,S,M
25040,BOA BJ,NULL,X2,2026-02-28,0,2026-03-23 21:56:48.5529100 +00:00,S,M
25041,BOA BJ,NULL,1B,2026-02-28,0,2026-03-23 21:56:48.5529100 +00:00,S,M
25042,BOA BJ,NULL,47,2026-02-28,0,2026-03-23 21:56:48.5529100 +00:00,S,M
25043,BOA BJ,NULL,DIR_AGENCE_8001,2026-02-28,0,2026-03-23 21:56:48.5529100 +00:00,S,M
25044,BOA BJ,NULL,VB,2026-02-28,0,2026-03-23 21:56:48.5529100 +00:00,S,M
25045,BOA BJ,NULL,TJ,2026-02-28,0,2026-03-23 21:56:48.5529100 +00:00,S,M
25046,BOA BJ,NULL,5M,2026-02-28,0,2026-03-23 21:56:48.5529100 +00:00,S,M
25047,BOA BJ,NULL,BAB,2026-02-28,100,2026-03-23 21:56:48.5529100 +00:00,S,M
25048,BOA BJ,NULL,8A,2026-02-28,0,2026-03-23 21:56:48.5529100 +00:00,S,M
25049,BOA BJ,NULL,BQ,2026-02-28,0,2026-03-23 21:56:48.5529100 +00:00,S,M
25050,BOA BJ,NULL,DIR_AGENCE_12001,2026-02-28,0,2026-03-23 21:56:48.5529100 +00:00,S,M
25051,BOA BJ,NULL,4B,2026-02-28,57,2026-03-23 21:56:48.5529100 +00:00,S,M
25052,BOA BJ,NULL,4O,2026-02-28,66,2026-03-23 21:56:48.5529100 +00:00,S,M
25053,BOA BJ,NULL,7G,2026-02-28,0,2026-03-23 21:56:48.5529100 +00:00,S,M
25054,BOA BJ,NULL,AHA,2026-02-28,0,2026-03-23 21:56:48.5529100 +00:00,S,M
25055,BOA BJ,NULL,DIR_AGENCE_13001,2026-02-28,0,2026-03-23 21:56:48.5529100 +00:00,S,M
25056,BOA BJ,NULL,K8,2026-02-28,0,2026-03-23 21:56:48.5529100 +00:00,S,M
25057,BOA BJ,NULL,RK,2026-02-28,0,2026-03-23 21:56:48.5529100 +00:00,S,M
25058,BOA BJ,NULL,T3,2026-02-28,0,2026-03-23 21:56:48.5529100 +00:00,S,M
25059,BOA NE,NULL,0K,2026-02-28,81,2026-03-23 21:56:48.6186240 +00:00,F,P
25060,BOA NE,NULL,LC,2026-02-28,88,2026-03-23 21:56:48.6186240 +00:00,F,P
25061,BOA NE,NULL,UE,2026-02-28,100,2026-03-23 21:56:48.6186240 +00:00,F,P
25062,BOA NE,NULL,Z3,2026-02-28,86,2026-03-23 21:56:48.6196270 +00:00,F,P
25063,BOA NE,NULL,G2,2026-02-28,96,2026-03-23 21:56:48.6196270 +00:00,F,P
25064,BOA NE,NULL,WI,2026-02-28,100,2026-03-23 21:56:48.6196270 +00:00,F,P
25065,BOA NE,NULL,0J,2026-02-28,26,2026-03-23 21:56:48.6196270 +00:00,F,P
25066,BOA NE,NULL,HF,2026-02-28,100,2026-03-23 21:56:48.6196270 +00:00,F,P
25067,BOA NE,NULL,L8,2026-02-28,100,2026-03-23 21:56:48.6196270 +00:00,F,P
25068,BOA NE,NULL,8F,2026-02-28,100,2026-03-23 21:56:48.6196270 +00:00,F,P
25069,BOA NE,NULL,MB,2026-02-28,100,2026-03-23 21:56:48.6196270 +00:00,F,P
25070,BOA NE,NULL,50,2026-02-28,100,2026-03-23 21:56:48.6196270 +00:00,F,P
25071,BOA NE,NULL,TC,2026-02-28,100,2026-03-23 21:56:48.6196270 +00:00,F,P
25072,BOA NE,NULL,NP,2026-02-28,70,2026-03-23 21:56:48.6196270 +00:00,F,P
25073,BOA NE,NULL,08,2026-02-28,82,2026-03-23 21:56:48.6196270 +00:00,F,P
25074,BOA NE,NULL,PB,2026-02-28,100,2026-03-23 21:56:48.6196270 +00:00,F,P
25075,BOA NE,NULL,KB,2026-02-28,100,2026-03-23 21:56:48.6196270 +00:00,F,P
25076,BOA NE,NULL,GJ,2026-02-28,100,2026-03-23 21:56:48.6196270 +00:00,F,P
25077,BOA NE,NULL,TV,2026-02-28,100,2026-03-23 21:56:48.6196270 +00:00,F,P
25078,BOA NE,NULL,MT,2026-02-28,96,2026-03-23 21:56:48.6196270 +00:00,F,P
25079,BOA NE,NULL,Z5,2026-02-28,98,2026-03-23 21:56:48.6196270 +00:00,F,P
25080,BOA NE,NULL,M3,2026-02-28,100,2026-03-23 21:56:48.6196270 +00:00,F,P
25081,BOA NE,NULL,1S,2026-02-28,100,2026-03-23 21:56:48.6196270 +00:00,F,P
25082,BOA NE,NULL,BD,2026-02-28,100,2026-03-23 21:56:48.6196270 +00:00,F,P
25083,BOA NE,NULL,NE,2026-02-28,100,2026-03-23 21:56:48.6196270 +00:00,F,P
25084,BOA NE,NULL,1F,2026-02-28,100,2026-03-23 21:56:48.6196270 +00:00,F,P
25085,BOA NE,NULL,K7,2026-02-28,100,2026-03-23 21:56:48.6196270 +00:00,F,P
25086,BOA NE,NULL,F1,2026-02-28,100,2026-03-23 21:56:48.6196270 +00:00,F,P
25087,BOA NE,NULL,9C,2026-02-28,100,2026-03-23 21:56:48.6196270 +00:00,F,P
25088,BOA NE,NULL,J1,2026-02-28,100,2026-03-23 21:56:48.6196270 +00:00,F,P
25089,BOA NE,NULL,VG,2026-02-28,100,2026-03-23 21:56:48.6196270 +00:00,F,P
25090,BOA NE,NULL,GM,2026-02-28,100,2026-03-23 21:56:48.6196270 +00:00,F,P
25091,BOA NE,NULL,CK,2026-02-28,94,2026-03-23 21:56:48.6196270 +00:00,F,P
25092,BOA NE,NULL,IF,2026-02-28,100,2026-03-23 21:56:48.6196270 +00:00,F,P
25093,BOA NE,NULL,8D,2026-02-28,100,2026-03-23 21:56:48.6196270 +00:00,F,P
25094,BOA NE,NULL,OW,2026-02-28,100,2026-03-23 21:56:48.6196270 +00:00,F,P
25095,BOA NE,NULL,ZR,2026-02-28,100,2026-03-23 21:56:48.6196270 +00:00,F,P
25096,BOA NE,NULL,VX,2026-02-28,100,2026-03-23 21:56:48.6196270 +00:00,F,P
25097,BOA NE,NULL,AP,2026-02-28,27,2026-03-23 21:56:48.6196270 +00:00,F,P
25098,BOA NE,NULL,TG,2026-02-28,93,2026-03-23 21:56:48.6196270 +00:00,F,P
25099,BOA NE,NULL,VD,2026-02-28,100,2026-03-23 21:56:48.6196270 +00:00,F,P
25100,BOA NE,NULL,Q4,2026-02-28,100,2026-03-23 21:56:48.6196270 +00:00,F,P
25101,BOA NE,NULL,SI,2026-02-28,100,2026-03-23 21:56:48.6196270 +00:00,F,P
25102,BOA NE,NULL,1J,2026-02-28,100,2026-03-23 21:56:48.6196270 +00:00,F,P
25103,BOA NE,NULL,1T,2026-02-28,100,2026-03-23 21:56:48.6196270 +00:00,F,P
25104,BOA NE,NULL,UG,2026-02-28,100,2026-03-23 21:56:48.6196270 +00:00,F,P
25105,BOA NE,NULL,GN,2026-02-28,100,2026-03-23 21:56:48.6196270 +00:00,F,P
25106,BOA NE,NULL,I8,2026-02-28,100,2026-03-23 21:56:48.6196270 +00:00,F,P
25107,BOA NE,NULL,9I,2026-02-28,100,2026-03-23 21:56:48.6196270 +00:00,F,P
25108,BOA NE,NULL,5X,2026-02-28,100,2026-03-23 21:56:48.6196270 +00:00,F,P
25109,BOA NE,NULL,WM,2026-02-28,100,2026-03-23 21:56:48.6196270 +00:00,F,M
25110,BOA NE,NULL,7P,2026-02-28,0,2026-03-23 21:56:48.6196270 +00:00,F,M
25111,BOA NE,NULL,DIR_AGENCE_1004,2026-02-28,0,2026-03-23 21:56:48.6196270 +00:00,F,M
25112,BOA NE,NULL,SK,2026-02-28,0,2026-03-23 21:56:48.6196270 +00:00,F,M
25113,BOA NE,NULL,AB,2026-02-28,0,2026-03-23 21:56:48.6196270 +00:00,F,M
25114,BOA NE,NULL,RS,2026-02-28,0,2026-03-23 21:56:48.6196270 +00:00,F,M
25115,BOA NE,NULL,SW,2026-02-28,0,2026-03-23 21:56:48.6204200 +00:00,F,M
25116,BOA NE,NULL,ER,2026-02-28,0,2026-03-23 21:56:48.6204200 +00:00,F,M
25117,BOA NE,NULL,4G,2026-02-28,0,2026-03-23 21:56:48.6204200 +00:00,F,M
25118,BOA NE,NULL,ZN,2026-02-28,0,2026-03-23 21:56:48.6204200 +00:00,F,M
25119,BOA NE,NULL,FH,2026-02-28,66,2026-03-23 21:56:48.6204200 +00:00,S,P
25120,BOA NE,NULL,95,2026-02-28,50,2026-03-23 21:56:48.6204200 +00:00,S,P
25121,BOA NE,NULL,EW,2026-02-28,83,2026-03-23 21:56:48.6204200 +00:00,S,P
25122,BOA NE,NULL,SR,2026-02-28,60,2026-03-23 21:56:48.6204200 +00:00,S,P
25123,BOA NE,NULL,MM,2026-02-28,93,2026-03-23 21:56:48.6204200 +00:00,S,P
25124,BOA NE,NULL,ZX,2026-02-28,69,2026-03-23 21:56:48.6204200 +00:00,S,P
25125,BOA NE,NULL,DW,2026-02-28,64,2026-03-23 21:56:48.6204200 +00:00,S,P
25126,BOA NE,NULL,XW,2026-02-28,76,2026-03-23 21:56:48.6204200 +00:00,S,P
25127,BOA NE,NULL,MN,2026-02-28,59,2026-03-23 21:56:48.6204200 +00:00,S,P
25128,BOA NE,NULL,U4,2026-02-28,67,2026-03-23 21:56:48.6204200 +00:00,S,P
25129,BOA NE,NULL,TL,2026-02-28,80,2026-03-23 21:56:48.6204200 +00:00,S,P
25130,BOA NE,NULL,FY,2026-02-28,80,2026-03-23 21:56:48.6204200 +00:00,S,P
25131,BOA NE,NULL,RD,2026-02-28,55,2026-03-23 21:56:48.6204200 +00:00,S,P
25132,BOA NE,NULL,BO,2026-02-28,26,2026-03-23 21:56:48.6204200 +00:00,S,P
25133,BOA NE,NULL,EG,2026-02-28,65,2026-03-23 21:56:48.6204200 +00:00,S,P
25134,BOA NE,NULL,DIR_AGENCE_1001,2026-02-28,46,2026-03-23 21:56:48.6204200 +00:00,S,P
25135,BOA NE,NULL,MH,2026-02-28,63,2026-03-23 21:56:48.6204200 +00:00,S,P
25136,BOA NE,NULL,RP,2026-02-28,52,2026-03-23 21:56:48.6204200 +00:00,S,P
25137,BOA NE,NULL,IQ,2026-02-28,12,2026-03-23 21:56:48.6204200 +00:00,S,P
25138,BOA NE,NULL,SH,2026-02-28,66,2026-03-23 21:56:48.6204200 +00:00,S,P
25139,BOA NE,NULL,Z4,2026-02-28,40,2026-03-23 21:56:48.6204200 +00:00,S,P
25140,BOA NE,NULL,7G,2026-02-28,97,2026-03-23 21:56:48.6204200 +00:00,S,P
25141,BOA NE,NULL,J7,2026-02-28,88,2026-03-23 21:56:48.6204200 +00:00,S,P
25142,BOA NE,NULL,QL,2026-02-28,98,2026-03-23 21:56:48.6204200 +00:00,S,P
25143,BOA NE,NULL,1P,2026-02-28,100,2026-03-23 21:56:48.6204200 +00:00,S,P
25144,BOA NE,NULL,UB,2026-02-28,88,2026-03-23 21:56:48.6204200 +00:00,S,P
25145,BOA NE,NULL,SC,2026-02-28,98,2026-03-23 21:56:48.6204200 +00:00,S,P
25146,BOA NE,NULL,EB,2026-02-28,78,2026-03-23 21:56:48.6204200 +00:00,S,P
25147,BOA NE,NULL,X0,2026-02-28,97,2026-03-23 21:56:48.6204200 +00:00,S,P
25148,BOA NE,NULL,Y9,2026-02-28,62,2026-03-23 21:56:48.6204200 +00:00,S,P
25149,BOA NE,NULL,CZ,2026-02-28,94,2026-03-23 21:56:48.6204200 +00:00,S,P
25150,BOA NE,NULL,GU,2026-02-28,100,2026-03-23 21:56:48.6204200 +00:00,S,P
25151,BOA NE,NULL,GW,2026-02-28,80,2026-03-23 21:56:48.6204200 +00:00,S,P
25152,BOA NE,NULL,5E,2026-02-28,88,2026-03-23 21:56:48.6204200 +00:00,S,P
25153,BOA NE,NULL,CW,2026-02-28,100,2026-03-23 21:56:48.6204200 +00:00,S,P
25154,BOA NE,NULL,1B,2026-02-28,89,2026-03-23 21:56:48.6204200 +00:00,S,P
25155,BOA NE,NULL,BL,2026-02-28,78,2026-03-23 21:56:48.6204200 +00:00,S,P
25156,BOA NE,NULL,5T,2026-02-28,50,2026-03-23 21:56:48.6204200 +00:00,S,P
25157,BOA NE,NULL,92,2026-02-28,100,2026-03-23 21:56:48.6204200 +00:00,S,P
25158,BOA NE,NULL,IL,2026-02-28,4,2026-03-23 21:56:48.6204200 +00:00,S,P
25159,BOA NE,NULL,5M,2026-02-28,100,2026-03-23 21:56:48.6204200 +00:00,S,P
25160,BOA NE,NULL,ZA,2026-02-28,100,2026-03-23 21:56:48.6204200 +00:00,S,P
25161,BOA NE,NULL,4E,2026-02-28,100,2026-03-23 21:56:48.6204200 +00:00,S,P
25162,BOA NE,NULL,KY,2026-02-28,98,2026-03-23 21:56:48.6204200 +00:00,S,P
25163,BOA NE,NULL,Z6,2026-02-28,100,2026-03-23 21:56:48.6204200 +00:00,S,P
25164,BOA NE,NULL,IX,2026-02-28,100,2026-03-23 21:56:48.6204200 +00:00,S,P
25165,BOA NE,NULL,OK,2026-02-28,64,2026-03-23 21:56:48.6204200 +00:00,S,P
25166,BOA NE,NULL,34,2026-02-28,96,2026-03-23 21:56:48.6204200 +00:00,S,P
25167,BOA NE,NULL,4L,2026-02-28,100,2026-03-23 21:56:48.6204200 +00:00,S,P
25168,BOA NE,NULL,N3,2026-02-28,32,2026-03-23 21:56:48.6204200 +00:00,S,P
25169,BOA NE,NULL,7M,2026-02-28,71,2026-03-23 21:56:48.6204200 +00:00,S,P
25170,BOA NE,NULL,04,2026-02-28,50,2026-03-23 21:56:48.6204200 +00:00,S,P
25171,BOA NE,NULL,8B,2026-02-28,83,2026-03-23 21:56:48.6204200 +00:00,S,P
25172,BOA NE,NULL,TZ,2026-02-28,100,2026-03-23 21:56:48.6204200 +00:00,S,P
25173,BOA NE,NULL,GZ,2026-02-28,100,2026-03-23 21:56:48.6204200 +00:00,S,P
25174,BOA NE,NULL,VE,2026-02-28,100,2026-03-23 21:56:48.6204200 +00:00,S,P
25175,BOA NE,NULL,7R,2026-02-28,100,2026-03-23 21:56:48.6204200 +00:00,S,P
25176,BOA NE,NULL,FA,2026-02-28,81,2026-03-23 21:56:48.6204200 +00:00,S,P
25177,BOA NE,NULL,1R,2026-02-28,0,2026-03-23 21:56:48.6204200 +00:00,S,P
25178,BOA NE,NULL,3W,2026-02-28,18,2026-03-23 21:56:48.6204200 +00:00,S,P
25179,BOA NE,NULL,M8,2026-02-28,33,2026-03-23 21:56:48.6204200 +00:00,S,P
25180,BOA NE,NULL,RB,2026-02-28,83,2026-03-23 21:56:48.6204200 +00:00,S,P
25181,BOA NE,NULL,C7,2026-02-28,100,2026-03-23 21:56:48.6204200 +00:00,S,P
25182,BOA NE,NULL,ZD,2026-02-28,100,2026-03-23 21:56:48.6204200 +00:00,S,P
25183,BOA NE,NULL,RJ,2026-02-28,100,2026-03-23 21:56:48.6204200 +00:00,S,P
25184,BOA NE,NULL,UX,2026-02-28,100,2026-03-23 21:56:48.6204200 +00:00,S,P
25185,BOA NE,NULL,V2,2026-02-28,75,2026-03-23 21:56:48.6204200 +00:00,S,P
25186,BOA NE,NULL,I7,2026-02-28,89,2026-03-23 21:56:48.6204200 +00:00,S,P
25187,BOA NE,NULL,54,2026-02-28,100,2026-03-23 21:56:48.7016950 +00:00,S,P
25188,BOA NE,NULL,M6,2026-02-28,100,2026-03-23 21:56:48.7016950 +00:00,S,P
25189,BOA NE,NULL,ET,2026-02-28,100,2026-03-23 21:56:48.7016950 +00:00,S,P
25190,BOA NE,NULL,ED,2026-02-28,0,2026-03-23 21:56:48.7016950 +00:00,S,P
25191,BOA NE,NULL,TR,2026-02-28,85,2026-03-23 21:56:48.7016950 +00:00,S,P
25192,BOA NE,NULL,28,2026-02-28,90,2026-03-23 21:56:48.7016950 +00:00,S,P
25193,BOA NE,NULL,YP,2026-02-28,100,2026-03-23 21:56:48.7016950 +00:00,S,P
25194,BOA NE,NULL,OJ,2026-02-28,69,2026-03-23 21:56:48.7016950 +00:00,S,P
25195,BOA NE,NULL,KU,2026-02-28,90,2026-03-23 21:56:48.7016950 +00:00,S,P
25196,BOA NE,NULL,CH,2026-02-28,100,2026-03-23 21:56:48.7016950 +00:00,S,P
25197,BOA NE,NULL,LV,2026-02-28,100,2026-03-23 21:56:48.7016950 +00:00,S,P
25198,BOA NE,NULL,TA,2026-02-28,100,2026-03-23 21:56:48.7016950 +00:00,S,P
25199,BOA NE,NULL,38,2026-02-28,100,2026-03-23 21:56:48.7016950 +00:00,S,P
25200,BOA NE,NULL,3Q,2026-02-28,100,2026-03-23 21:56:48.7016950 +00:00,S,P
25201,BOA NE,NULL,RZ,2026-02-28,100,2026-03-23 21:56:48.7016950 +00:00,S,P
25202,BOA NE,NULL,NU,2026-02-28,76,2026-03-23 21:56:48.7016950 +00:00,S,P
25203,BOA NE,NULL,GI,2026-02-28,100,2026-03-23 21:56:48.7016950 +00:00,S,P
25204,BOA NE,NULL,6S,2026-02-28,75,2026-03-23 21:56:48.7016950 +00:00,S,P
25205,BOA NE,NULL,4T,2026-02-28,91,2026-03-23 21:56:48.7016950 +00:00,S,P
25206,BOA NE,NULL,BR,2026-02-28,100,2026-03-23 21:56:48.7016950 +00:00,S,P
25207,BOA NE,NULL,IE,2026-02-28,50,2026-03-23 21:56:48.7016950 +00:00,S,P
25208,BOA NE,NULL,QU,2026-02-28,100,2026-03-23 21:56:48.7016950 +00:00,S,P
25209,BOA NE,NULL,BJ,2026-02-28,0,2026-03-23 21:56:48.7016950 +00:00,S,P
25210,BOA NE,NULL,C4,2026-02-28,100,2026-03-23 21:56:48.7016950 +00:00,S,P
25211,BOA NE,NULL,BW,2026-02-28,66,2026-03-23 21:56:48.7016950 +00:00,S,P
25212,BOA NE,NULL,8P,2026-02-28,0,2026-03-23 21:56:48.7016950 +00:00,S,P
25213,BOA NE,NULL,O6,2026-02-28,100,2026-03-23 21:56:48.7016950 +00:00,S,P
25214,BOA NE,NULL,71,2026-02-28,0,2026-03-23 21:56:48.7016950 +00:00,S,P
25215,BOA NE,NULL,LS,2026-02-28,100,2026-03-23 21:56:48.7016950 +00:00,S,P
25216,BOA NE,NULL,AU,2026-02-28,100,2026-03-23 21:56:48.7016950 +00:00,S,P
25217,BOA NE,NULL,PM,2026-02-28,0,2026-03-23 21:56:48.7016950 +00:00,S,P
25218,BOA NE,NULL,BP,2026-02-28,66,2026-03-23 21:56:48.7016950 +00:00,S,P
25219,BOA NE,NULL,J2,2026-02-28,66,2026-03-23 21:56:48.7016950 +00:00,S,P
25220,BOA NE,NULL,SU,2026-02-28,50,2026-03-23 21:56:48.7016950 +00:00,S,P
25221,BOA NE,NULL,24,2026-02-28,0,2026-03-23 21:56:48.7016950 +00:00,S,P
25222,BOA NE,NULL,JW,2026-02-28,100,2026-03-23 21:56:48.7016950 +00:00,S,P
25223,BOA NE,NULL,4P,2026-02-28,0,2026-03-23 21:56:48.7016950 +00:00,S,P
25224,BOA NE,NULL,5J,2026-02-28,100,2026-03-23 21:56:48.7016950 +00:00,S,P
25225,BOA NE,NULL,OT,2026-02-28,0,2026-03-23 21:56:48.7016950 +00:00,S,P
25226,BOA NE,NULL,EX,2026-02-28,100,2026-03-23 21:56:48.7016950 +00:00,S,P
25227,BOA NE,NULL,JR,2026-02-28,0,2026-03-23 21:56:48.7016950 +00:00,S,P
25228,BOA NE,NULL,UL,2026-02-28,100,2026-03-23 21:56:48.7016950 +00:00,S,P
25229,BOA NE,NULL,GS,2026-02-28,0,2026-03-23 21:56:48.7016950 +00:00,S,P
25230,BOA NE,NULL,PJ,2026-02-28,50,2026-03-23 21:56:48.7016950 +00:00,S,P
25231,BOA NE,NULL,0L,2026-02-28,0,2026-03-23 21:56:48.7016950 +00:00,S,P
25232,BOA NE,NULL,FF,2026-02-28,100,2026-03-23 21:56:48.7016950 +00:00,S,P
25233,BOA NE,NULL,CN,2026-02-28,100,2026-03-23 21:56:48.7016950 +00:00,S,P
25234,BOA NE,NULL,CA,2026-02-28,100,2026-03-23 21:56:48.7016950 +00:00,S,P
25235,BOA NE,NULL,AA,2026-02-28,0,2026-03-23 21:56:48.7016950 +00:00,S,P
25236,BOA NE,NULL,AS,2026-02-28,0,2026-03-23 21:56:48.7016950 +00:00,S,P
25237,BOA NE,NULL,TH,2026-02-28,100,2026-03-23 21:56:48.7016950 +00:00,S,P
25238,BOA NE,NULL,01,2026-02-28,100,2026-03-23 21:56:48.7016950 +00:00,S,P
25239,BOA NE,NULL,BM,2026-02-28,100,2026-03-23 21:56:48.7016950 +00:00,S,P
25240,BOA NE,NULL,OX,2026-02-28,100,2026-03-23 21:56:48.7016950 +00:00,S,P
25241,BOA NE,NULL,FR,2026-02-28,100,2026-03-23 21:56:48.7016950 +00:00,S,P
25242,BOA NE,NULL,QN,2026-02-28,0,2026-03-23 21:56:48.7016950 +00:00,S,P
25243,BOA NE,NULL,FB,2026-02-28,100,2026-03-23 21:56:48.7016950 +00:00,S,P
25244,BOA NE,NULL,WJ,2026-02-28,100,2026-03-23 21:56:48.7016950 +00:00,S,P
25245,BOA NE,NULL,4Q,2026-02-28,100,2026-03-23 21:56:48.7016950 +00:00,S,P
25246,BOA NE,NULL,VI,2026-02-28,0,2026-03-23 21:56:48.7016950 +00:00,S,P
25247,BOA NE,NULL,B1,2026-02-28,100,2026-03-23 21:56:48.7016950 +00:00,S,P
25248,BOA NE,NULL,MR,2026-02-28,100,2026-03-23 21:56:48.7016950 +00:00,S,P
25249,BOA NE,NULL,XV,2026-02-28,100,2026-03-23 21:56:48.7016950 +00:00,S,P
25250,BOA NE,NULL,PP,2026-02-28,100,2026-03-23 21:56:48.7016950 +00:00,S,P
25251,BOA NE,NULL,EF,2026-02-28,0,2026-03-23 21:56:48.7016950 +00:00,S,M
25252,BOA NE,NULL,ZO,2026-02-28,0,2026-03-23 21:56:48.7016950 +00:00,S,M
25253,BOA NE,NULL,SM,2026-02-28,0,2026-03-23 21:56:48.7016950 +00:00,S,M
25254,BOA NE,NULL,Y6,2026-02-28,0,2026-03-23 21:56:48.7026970 +00:00,S,M
25255,BOA NE,NULL,ZC,2026-02-28,0,2026-03-23 21:56:48.7026970 +00:00,S,M
25256,BOA NE,NULL,PA,2026-02-28,0,2026-03-23 21:56:48.7026970 +00:00,S,M
25257,BOA NE,NULL,CL,2026-02-28,0,2026-03-23 21:56:48.7026970 +00:00,S,M
25258,BOA NE,NULL,8I,2026-02-28,0,2026-03-23 21:56:48.7026970 +00:00,S,M
25259,BOA NE,NULL,O5,2026-02-28,0,2026-03-23 21:56:48.7026970 +00:00,S,M
25260,BOA NE,NULL,I3,2026-02-28,0,2026-03-23 21:56:48.7026970 +00:00,S,M
25261,BOA NE,NULL,99,2026-02-28,0,2026-03-23 21:56:48.7026970 +00:00,S,M
25262,BOA BF,NULL,7U,2026-02-28,100,2026-03-23 21:56:48.7849300 +00:00,F,P
25263,BOA BF,NULL,QX,2026-02-28,100,2026-03-23 21:56:48.7849300 +00:00,F,P
25264,BOA BF,NULL,TSV,2026-02-28,100,2026-03-23 21:56:48.7849300 +00:00,F,P
25265,BOA BF,NULL,6Q,2026-02-28,100,2026-03-23 21:56:48.7849300 +00:00,F,P
25266,BOA BF,NULL,HP,2026-02-28,100,2026-03-23 21:56:48.7849300 +00:00,F,P
25267,BOA BF,NULL,KL,2026-02-28,100,2026-03-23 21:56:48.7849300 +00:00,F,P
25268,BOA BF,NULL,LA,2026-02-28,100,2026-03-23 21:56:48.7849300 +00:00,F,P
25269,BOA BF,NULL,WX,2026-02-28,88,2026-03-23 21:56:48.7849300 +00:00,F,P
25270,BOA BF,NULL,YW,2026-02-28,100,2026-03-23 21:56:48.7849300 +00:00,F,P
25271,BOA BF,NULL,1T,2026-02-28,83,2026-03-23 21:56:48.7849300 +00:00,F,P
25272,BOA BF,NULL,5E,2026-02-28,100,2026-03-23 21:56:48.7849300 +00:00,F,P
25273,BOA BF,NULL,ET,2026-02-28,100,2026-03-23 21:56:48.7849300 +00:00,F,P
25274,BOA BF,NULL,OAR,2026-02-28,100,2026-03-23 21:56:48.7849300 +00:00,F,P
25275,BOA BF,NULL,SDM,2026-02-28,89,2026-03-23 21:56:48.7849300 +00:00,F,P
25276,BOA BF,NULL,SKY,2026-02-28,71,2026-03-23 21:56:48.7849300 +00:00,F,P
25277,BOA BF,NULL,LM,2026-02-28,50,2026-03-23 21:56:48.7849300 +00:00,F,P
25278,BOA BF,NULL,SYA,2026-02-28,100,2026-03-23 21:56:48.7849300 +00:00,F,P
25279,BOA BF,NULL,XF,2026-02-28,90,2026-03-23 21:56:48.7849300 +00:00,F,P
25280,BOA BF,NULL,1P,2026-02-28,100,2026-03-23 21:56:48.7849300 +00:00,F,P
25281,BOA BF,NULL,SIE,2026-02-28,100,2026-03-23 21:56:48.7849300 +00:00,F,P
25282,BOA BF,NULL,4Z,2026-02-28,100,2026-03-23 21:56:48.7849300 +00:00,F,P
25283,BOA BF,NULL,Q0,2026-02-28,100,2026-03-23 21:56:48.7849300 +00:00,F,P
25284,BOA BF,NULL,MF,2026-02-28,93,2026-03-23 21:56:48.7849300 +00:00,F,P
25285,BOA BF,NULL,TG,2026-02-28,80,2026-03-23 21:56:48.7849300 +00:00,F,P
25286,BOA BF,NULL,HO,2026-02-28,100,2026-03-23 21:56:48.7849300 +00:00,F,P
25287,BOA BF,NULL,KT,2026-02-28,100,2026-03-23 21:56:48.7849300 +00:00,F,P
25288,BOA BF,NULL,GW,2026-02-28,83,2026-03-23 21:56:48.7849300 +00:00,F,P
25289,BOA BF,NULL,IM,2026-02-28,50,2026-03-23 21:56:48.7849300 +00:00,F,P
25290,BOA BF,NULL,ZY,2026-02-28,66,2026-03-23 21:56:48.7849300 +00:00,F,P
25291,BOA BF,NULL,ZAL,2026-02-28,90,2026-03-23 21:56:48.7849300 +00:00,F,P
25292,BOA BF,NULL,LR,2026-02-28,85,2026-03-23 21:56:48.7849300 +00:00,F,P
25293,BOA BF,NULL,AB,2026-02-28,100,2026-03-23 21:56:48.7849300 +00:00,F,P
25294,BOA BF,NULL,SWO,2026-02-28,100,2026-03-23 21:56:48.7849300 +00:00,F,P
25295,BOA BF,NULL,TGN,2026-02-28,100,2026-03-23 21:56:48.7849300 +00:00,F,P
25296,BOA BF,NULL,CGM,2026-02-28,100,2026-03-23 21:56:48.7849300 +00:00,F,P
25297,BOA BF,NULL,ZSA,2026-02-28,100,2026-03-23 21:56:48.7859600 +00:00,F,P
25298,BOA BF,NULL,SOM,2026-02-28,100,2026-03-23 21:56:48.7859600 +00:00,F,P
25299,BOA BF,NULL,SL,2026-02-28,100,2026-03-23 21:56:48.7859600 +00:00,F,P
25300,BOA BF,NULL,DIL,2026-02-28,100,2026-03-23 21:56:48.7859600 +00:00,F,P
25301,BOA BF,NULL,JM,2026-02-28,100,2026-03-23 21:56:48.7859600 +00:00,F,P
25302,BOA BF,NULL,LD,2026-02-28,75,2026-03-23 21:56:48.7859600 +00:00,F,P
25303,BOA BF,NULL,LQ,2026-02-28,100,2026-03-23 21:56:48.7859600 +00:00,F,P
25304,BOA BF,NULL,FS,2026-02-28,100,2026-03-23 21:56:48.7859600 +00:00,F,P
25305,BOA BF,NULL,TC,2026-02-28,83,2026-03-23 21:56:48.7859600 +00:00,F,P
25306,BOA BF,NULL,SLM,2026-02-28,86,2026-03-23 21:56:48.7859600 +00:00,F,P
25307,BOA BF,NULL,DCI,2026-02-28,88,2026-03-23 21:56:48.7859600 +00:00,F,P
25308,BOA BF,NULL,Q5,2026-02-28,100,2026-03-23 21:56:48.7859600 +00:00,F,P
25309,BOA BF,NULL,UB,2026-02-28,100,2026-03-23 21:56:48.7859600 +00:00,F,P
25310,BOA BF,NULL,KWA,2026-02-28,75,2026-03-23 21:56:48.7859600 +00:00,F,P
25311,BOA BF,NULL,TEB,2026-02-28,100,2026-03-23 21:56:48.7859600 +00:00,F,P
25312,BOA BF,NULL,KW,2026-02-28,100,2026-03-23 21:56:48.7859600 +00:00,F,P
25313,BOA BF,NULL,ON,2026-02-28,100,2026-03-23 21:56:48.7859600 +00:00,F,P
25314,BOA BF,NULL,IW,2026-02-28,100,2026-03-23 21:56:48.7859600 +00:00,F,P
25315,BOA BF,NULL,MY,2026-02-28,100,2026-03-23 21:56:48.7859600 +00:00,F,P
25316,BOA BF,NULL,3U,2026-02-28,100,2026-03-23 21:56:48.7859600 +00:00,F,P
25317,BOA BF,NULL,9I,2026-02-28,100,2026-03-23 21:56:48.7859600 +00:00,F,P
25318,BOA BF,NULL,TP,2026-02-28,100,2026-03-23 21:56:48.7859600 +00:00,F,P
25319,BOA BF,NULL,2P,2026-02-28,100,2026-03-23 21:56:48.7859600 +00:00,F,P
25320,BOA BF,NULL,KAK,2026-02-28,100,2026-03-23 21:56:48.7859600 +00:00,F,P
25321,BOA BF,NULL,3Z,2026-02-28,100,2026-03-23 21:56:48.7859600 +00:00,F,P
25322,BOA BF,NULL,8T,2026-02-28,100,2026-03-23 21:56:48.7859600 +00:00,F,P
25323,BOA BF,NULL,9T,2026-02-28,100,2026-03-23 21:56:48.7859600 +00:00,F,P
25324,BOA BF,NULL,YR,2026-02-28,66,2026-03-23 21:56:48.7859600 +00:00,F,P
25325,BOA BF,NULL,UR,2026-02-28,100,2026-03-23 21:56:48.7859600 +00:00,F,P
25326,BOA BF,NULL,WG,2026-02-28,100,2026-03-23 21:56:48.7859600 +00:00,F,P
25327,BOA BF,NULL,DAT,2026-02-28,100,2026-03-23 21:56:48.7859600 +00:00,F,P
25328,BOA BF,NULL,TAR,2026-02-28,100,2026-03-23 21:56:48.7859600 +00:00,F,P
25329,BOA BF,NULL,6W,2026-02-28,60,2026-03-23 21:56:48.7859600 +00:00,F,P
25330,BOA BF,NULL,ILA,2026-02-28,100,2026-03-23 21:56:48.7859600 +00:00,F,P
25331,BOA BF,NULL,RW,2026-02-28,75,2026-03-23 21:56:48.7859600 +00:00,F,P
25332,BOA BF,NULL,G7,2026-02-28,100,2026-03-23 21:56:48.7859600 +00:00,F,P
25333,BOA BF,NULL,BOS,2026-02-28,100,2026-03-23 21:56:48.7859600 +00:00,F,P
25334,BOA BF,NULL,AQ,2026-02-28,100,2026-03-23 21:56:48.7859600 +00:00,F,P
25335,BOA BF,NULL,WAN,2026-02-28,100,2026-03-23 21:56:48.7859600 +00:00,F,P
25336,BOA BF,NULL,DYH,2026-02-28,100,2026-03-23 21:56:48.7859600 +00:00,F,P
25337,BOA BF,NULL,YAR,2026-02-28,100,2026-03-23 21:56:48.7859600 +00:00,F,P
25338,BOA BF,NULL,PZR,2026-02-28,100,2026-03-23 21:56:48.7859600 +00:00,F,P
25339,BOA BF,NULL,IC,2026-02-28,100,2026-03-23 21:56:48.7859600 +00:00,F,P
25340,BOA BF,NULL,KX,2026-02-28,100,2026-03-23 21:56:48.7859600 +00:00,F,P
25341,BOA BF,NULL,NG,2026-02-28,100,2026-03-23 21:56:48.7859600 +00:00,F,M
25342,BOA BF,NULL,IL,2026-02-28,100,2026-03-23 21:56:48.7859600 +00:00,F,M
25343,BOA BF,NULL,NC,2026-02-28,100,2026-03-23 21:56:48.7859600 +00:00,F,M
25344,BOA BF,NULL,ZML,2026-02-28,100,2026-03-23 21:56:48.7859600 +00:00,F,M
25345,BOA BF,NULL,BM,2026-02-28,100,2026-03-23 21:56:48.7859600 +00:00,F,M
25346,BOA BF,NULL,KV,2026-02-28,100,2026-03-23 21:56:48.7859600 +00:00,F,M
25347,BOA BF,NULL,JG,2026-02-28,100,2026-03-23 21:56:48.7859600 +00:00,F,M
25348,BOA BF,NULL,SS,2026-02-28,100,2026-03-23 21:56:48.7859600 +00:00,F,M
25349,BOA BF,NULL,LV,2026-02-28,50,2026-03-23 21:56:48.7859600 +00:00,F,M
25350,BOA BF,NULL,PW,2026-02-28,100,2026-03-23 21:56:48.7859600 +00:00,F,M
25351,BOA BF,NULL,J8,2026-02-28,100,2026-03-23 21:56:48.7859600 +00:00,F,M
25352,BOA BF,NULL,RI,2026-02-28,100,2026-03-23 21:56:48.7859600 +00:00,F,M
25353,BOA BF,NULL,SP,2026-02-28,75,2026-03-23 21:56:48.7859600 +00:00,F,M
25354,BOA BF,NULL,RG,2026-02-28,100,2026-03-23 21:56:48.7859600 +00:00,F,M
25355,BOA BF,NULL,5I,2026-02-28,50,2026-03-23 21:56:48.7859600 +00:00,F,M
25356,BOA BF,NULL,KIA,2026-02-28,100,2026-03-23 21:56:48.7859600 +00:00,F,M
25357,BOA BF,NULL,XT,2026-02-28,100,2026-03-23 21:56:48.7859600 +00:00,F,M
25358,BOA BF,NULL,ZH,2026-02-28,100,2026-03-23 21:56:48.7859600 +00:00,F,M
25359,BOA BF,NULL,KG,2026-02-28,100,2026-03-23 21:56:48.7859600 +00:00,F,M
25360,BOA BF,NULL,A9,2026-02-28,67,2026-03-23 21:56:48.7859600 +00:00,S,P
25361,BOA BF,NULL,AW,2026-02-28,43,2026-03-23 21:56:48.7859600 +00:00,S,P
25362,BOA BF,NULL,CD,2026-02-28,100,2026-03-23 21:56:48.7859600 +00:00,S,P
25363,BOA BF,NULL,CW,2026-02-28,83,2026-03-23 21:56:48.7859600 +00:00,S,P
25364,BOA BF,NULL,FQ,2026-02-28,0,2026-03-23 21:56:48.7859600 +00:00,S,P
25365,BOA BF,NULL,GF,2026-02-28,84,2026-03-23 21:56:48.7859600 +00:00,S,P
25366,BOA BF,NULL,HE,2026-02-28,0,2026-03-23 21:56:48.7859600 +00:00,S,P
25367,BOA BF,NULL,JB,2026-02-28,0,2026-03-23 21:56:48.7859600 +00:00,S,P
25368,BOA BF,NULL,TU,2026-02-28,68,2026-03-23 21:56:48.7859600 +00:00,S,P
25369,BOA BF,NULL,WQ,2026-02-28,77,2026-03-23 21:56:48.7859600 +00:00,S,P
25370,BOA BF,NULL,XX,2026-02-28,2,2026-03-23 21:56:48.7869500 +00:00,S,P
25371,BOA BF,NULL,YD,2026-02-28,96,2026-03-23 21:56:48.7869500 +00:00,S,P
25372,BOA BF,NULL,YH,2026-02-28,77,2026-03-23 21:56:48.7869500 +00:00,S,P
25373,BOA BF,NULL,AA,2026-02-28,0,2026-03-23 21:56:48.7869500 +00:00,S,P
25374,BOA BF,NULL,B7,2026-02-28,94,2026-03-23 21:56:48.7869500 +00:00,S,P
25375,BOA BF,NULL,BI,2026-02-28,81,2026-03-23 21:56:48.7869500 +00:00,S,P
25376,BOA BF,NULL,BL,2026-02-28,79,2026-03-23 21:56:48.7869500 +00:00,S,P
25377,BOA BF,NULL,BV,2026-02-28,25,2026-03-23 21:56:48.7869500 +00:00,S,P
25378,BOA BF,NULL,C0,2026-02-28,59,2026-03-23 21:56:48.7869500 +00:00,S,P
25379,BOA BF,NULL,CI,2026-02-28,95,2026-03-23 21:56:48.7869500 +00:00,S,P
25380,BOA BF,NULL,CO,2026-02-28,90,2026-03-23 21:56:48.7869500 +00:00,S,P
25381,BOA BF,NULL,DAD,2026-02-28,25,2026-03-23 21:56:48.7869500 +00:00,S,P
25382,BOA BF,NULL,DC,2026-02-28,86,2026-03-23 21:56:48.7869500 +00:00,S,P
25383,BOA BF,NULL,DF,2026-02-28,0,2026-03-23 21:56:48.7869500 +00:00,S,P
25384,BOA BF,NULL,GN,2026-02-28,100,2026-03-23 21:56:48.7869500 +00:00,S,P
25385,BOA BF,NULL,GY,2026-02-28,87,2026-03-23 21:56:48.7869500 +00:00,S,P
25386,BOA BF,NULL,HD,2026-02-28,0,2026-03-23 21:56:48.7869500 +00:00,S,P
25387,BOA BF,NULL,IJ,2026-02-28,86,2026-03-23 21:56:48.7869500 +00:00,S,P
25388,BOA BF,NULL,JJ,2026-02-28,42,2026-03-23 21:56:48.7869500 +00:00,S,P
25389,BOA BF,NULL,JL,2026-02-28,25,2026-03-23 21:56:48.7869500 +00:00,S,P
25390,BOA BF,NULL,JZ,2026-02-28,33,2026-03-23 21:56:48.8631510 +00:00,S,P
25391,BOA BF,NULL,KB,2026-02-28,82,2026-03-23 21:56:48.8631510 +00:00,S,P
25392,BOA BF,NULL,KJO,2026-02-28,93,2026-03-23 21:56:48.8631510 +00:00,S,P
25393,BOA BF,NULL,MJ,2026-02-28,77,2026-03-23 21:56:48.8631510 +00:00,S,P
25394,BOA BF,NULL,MM,2026-02-28,75,2026-03-23 21:56:48.8631510 +00:00,S,P
25395,BOA BF,NULL,NF,2026-02-28,91,2026-03-23 21:56:48.8631510 +00:00,S,P
25396,BOA BF,NULL,OAK,2026-02-28,87,2026-03-23 21:56:48.8631510 +00:00,S,P
25397,BOA BF,NULL,PEA,2026-02-28,92,2026-03-23 21:56:48.8631510 +00:00,S,P
25398,BOA BF,NULL,RH,2026-02-28,83,2026-03-23 21:56:48.8631510 +00:00,S,P
25399,BOA BF,NULL,RZ,2026-02-28,92,2026-03-23 21:56:48.8631510 +00:00,S,P
25400,BOA BF,NULL,SH,2026-02-28,0,2026-03-23 21:56:48.8631510 +00:00,S,P
25401,BOA BF,NULL,SMA,2026-02-28,84,2026-03-23 21:56:48.8631510 +00:00,S,P
25402,BOA BF,NULL,SMO,2026-02-28,83,2026-03-23 21:56:48.8631510 +00:00,S,P
25403,BOA BF,NULL,TKM,2026-02-28,100,2026-03-23 21:56:48.8631510 +00:00,S,P
25404,BOA BF,NULL,TT,2026-02-28,80,2026-03-23 21:56:48.8631510 +00:00,S,P
25405,BOA BF,NULL,UE,2026-02-28,94,2026-03-23 21:56:48.8631510 +00:00,S,P
25406,BOA BF,NULL,XG,2026-02-28,100,2026-03-23 21:56:48.8631510 +00:00,S,P
25407,BOA BF,NULL,ZJA,2026-02-28,100,2026-03-23 21:56:48.8631510 +00:00,S,P
25408,BOA BF,NULL,ZWM,2026-02-28,100,2026-03-23 21:56:48.8631510 +00:00,S,P
25409,BOA BF,NULL,DIR_AGENCE_1001,2026-02-28,0,2026-03-23 21:56:48.8631510 +00:00,S,P
25410,BOA BF,NULL,CCY,2026-02-28,72,2026-03-23 21:56:48.8631510 +00:00,S,P
25411,BOA BF,NULL,JO,2026-02-28,50,2026-03-23 21:56:48.8631510 +00:00,S,P
25412,BOA BF,NULL,US,2026-02-28,83,2026-03-23 21:56:48.8631510 +00:00,S,P
25413,BOA BF,NULL,8B,2026-02-28,92,2026-03-23 21:56:48.8631510 +00:00,S,P
25414,BOA BF,NULL,9R,2026-02-28,81,2026-03-23 21:56:48.8631510 +00:00,S,P
25415,BOA BF,NULL,AH,2026-02-28,50,2026-03-23 21:56:48.8631510 +00:00,S,P
25416,BOA BF,NULL,B4,2026-02-28,70,2026-03-23 21:56:48.8631510 +00:00,S,P
25417,BOA BF,NULL,BA,2026-02-28,52,2026-03-23 21:56:48.8631510 +00:00,S,P
25418,BOA BF,NULL,BP,2026-02-28,100,2026-03-23 21:56:48.8631510 +00:00,S,P
25419,BOA BF,NULL,DD,2026-02-28,90,2026-03-23 21:56:48.8631510 +00:00,S,P
25420,BOA BF,NULL,DE,2026-02-28,100,2026-03-23 21:56:48.8631510 +00:00,S,P
25421,BOA BF,NULL,I6,2026-02-28,97,2026-03-23 21:56:48.8631510 +00:00,S,P
25422,BOA BF,NULL,J4,2026-02-28,66,2026-03-23 21:56:48.8631510 +00:00,S,P
25423,BOA BF,NULL,JF,2026-02-28,100,2026-03-23 21:56:48.8631510 +00:00,S,P
25424,BOA BF,NULL,JJ2,2026-02-28,100,2026-03-23 21:56:48.8631510 +00:00,S,P
25425,BOA BF,NULL,LE,2026-02-28,88,2026-03-23 21:56:48.8631510 +00:00,S,P
25426,BOA BF,NULL,OV,2026-02-28,92,2026-03-23 21:56:48.8631510 +00:00,S,P
25427,BOA BF,NULL,PP,2026-02-28,100,2026-03-23 21:56:48.8631510 +00:00,S,P
25428,BOA BF,NULL,Q6,2026-02-28,100,2026-03-23 21:56:48.8631510 +00:00,S,P
25429,BOA BF,NULL,QT,2026-02-28,74,2026-03-23 21:56:48.8631510 +00:00,S,P
25430,BOA BF,NULL,QY,2026-02-28,75,2026-03-23 21:56:48.8631510 +00:00,S,P
25431,BOA BF,NULL,TNO,2026-02-28,76,2026-03-23 21:56:48.8631510 +00:00,S,P
25432,BOA BF,NULL,ZW,2026-02-28,100,2026-03-23 21:56:48.8631510 +00:00,S,P
25433,BOA BF,NULL,DIR_AGENCE_1003,2026-02-28,33,2026-03-23 21:56:48.8631510 +00:00,S,P
25434,BOA BF,NULL,A1,2026-02-28,100,2026-03-23 21:56:48.8631510 +00:00,S,P
25435,BOA BF,NULL,BF,2026-02-28,100,2026-03-23 21:56:48.8631510 +00:00,S,P
25436,BOA BF,NULL,BH,2026-02-28,41,2026-03-23 21:56:48.8631510 +00:00,S,P
25437,BOA BF,NULL,JT,2026-02-28,75,2026-03-23 21:56:48.8631510 +00:00,S,P
25438,BOA BF,NULL,NN,2026-02-28,100,2026-03-23 21:56:48.8631510 +00:00,S,P
25439,BOA BF,NULL,PA,2026-02-28,100,2026-03-23 21:56:48.8631510 +00:00,S,P
25440,BOA BF,NULL,WC,2026-02-28,77,2026-03-23 21:56:48.8631510 +00:00,S,P
25441,BOA BF,NULL,WY,2026-02-28,100,2026-03-23 21:56:48.8631510 +00:00,S,P
25442,BOA BF,NULL,XB,2026-02-28,94,2026-03-23 21:56:48.8631510 +00:00,S,P
25443,BOA BF,NULL,BAW,2026-02-28,100,2026-03-23 21:56:48.8631510 +00:00,S,P
25444,BOA BF,NULL,K2,2026-02-28,58,2026-03-23 21:56:48.8631510 +00:00,S,P
25445,BOA BF,NULL,RP,2026-02-28,100,2026-03-23 21:56:48.8631510 +00:00,S,P
25446,BOA BF,NULL,WO,2026-02-28,50,2026-03-23 21:56:48.8631510 +00:00,S,P
25447,BOA BF,NULL,ZI,2026-02-28,0,2026-03-23 21:56:48.8631510 +00:00,S,P
25448,BOA BF,NULL,5A,2026-02-28,100,2026-03-23 21:56:48.8631510 +00:00,S,P
25449,BOA BF,NULL,5F,2026-02-28,50,2026-03-23 21:56:48.8631510 +00:00,S,P
25450,BOA BF,NULL,8X,2026-02-28,100,2026-03-23 21:56:48.8631510 +00:00,S,P
25451,BOA BF,NULL,ASS,2026-02-28,100,2026-03-23 21:56:48.8631510 +00:00,S,P
25452,BOA BF,NULL,EJ,2026-02-28,80,2026-03-23 21:56:48.8631510 +00:00,S,P
25453,BOA BF,NULL,J9,2026-02-28,85,2026-03-23 21:56:48.8631510 +00:00,S,P
25454,BOA BF,NULL,KP,2026-02-28,100,2026-03-23 21:56:48.8631510 +00:00,S,P
25455,BOA BF,NULL,M6,2026-02-28,100,2026-03-23 21:56:48.8631510 +00:00,S,P
25456,BOA BF,NULL,MG,2026-02-28,100,2026-03-23 21:56:48.8631510 +00:00,S,P
25457,BOA BF,NULL,ML,2026-02-28,83,2026-03-23 21:56:48.8631510 +00:00,S,P
25458,BOA BF,NULL,OQ,2026-02-28,80,2026-03-23 21:56:48.8631510 +00:00,S,P
25459,BOA BF,NULL,RQ,2026-02-28,100,2026-03-23 21:56:48.8631510 +00:00,S,P
25460,BOA BF,NULL,SAS,2026-02-28,100,2026-03-23 21:56:48.8631510 +00:00,S,P
25461,BOA BF,NULL,TF,2026-02-28,100,2026-03-23 21:56:48.8631510 +00:00,S,P
25462,BOA BF,NULL,TME,2026-02-28,73,2026-03-23 21:56:48.8631510 +00:00,S,P
25463,BOA BF,NULL,AO,2026-02-28,94,2026-03-23 21:56:48.8631510 +00:00,S,P
25464,BOA BF,NULL,BAC,2026-02-28,80,2026-03-23 21:56:48.8631510 +00:00,S,P
25465,BOA BF,NULL,BEN,2026-02-28,100,2026-03-23 21:56:48.8631510 +00:00,S,P
25466,BOA BF,NULL,CM,2026-02-28,75,2026-03-23 21:56:48.8631510 +00:00,S,P
25467,BOA BF,NULL,DI,2026-02-28,50,2026-03-23 21:56:48.8631510 +00:00,S,P
25468,BOA BF,NULL,JH,2026-02-28,28,2026-03-23 21:56:48.8631510 +00:00,S,P
25469,BOA BF,NULL,OJ,2026-02-28,85,2026-03-23 21:56:48.8631510 +00:00,S,P
25470,BOA BF,NULL,T8,2026-02-28,87,2026-03-23 21:56:48.8631510 +00:00,S,P
25471,BOA BF,NULL,TOD,2026-02-28,64,2026-03-23 21:56:48.8631510 +00:00,S,P
25472,BOA BF,NULL,YU,2026-02-28,78,2026-03-23 21:56:48.8631510 +00:00,S,P
25473,BOA BF,NULL,E2,2026-02-28,100,2026-03-23 21:56:48.8631510 +00:00,S,P
25474,BOA BF,NULL,EK,2026-02-28,80,2026-03-23 21:56:48.8631510 +00:00,S,P
25475,BOA BF,NULL,KE,2026-02-28,100,2026-03-23 21:56:48.8631510 +00:00,S,P
25476,BOA BF,NULL,ZE,2026-02-28,100,2026-03-23 21:56:48.8631510 +00:00,S,P
25477,BOA BF,NULL,1B,2026-02-28,100,2026-03-23 21:56:48.8631510 +00:00,S,P
25478,BOA BF,NULL,1P1,2026-02-28,100,2026-03-23 21:56:48.8631510 +00:00,S,P
25479,BOA BF,NULL,BJ,2026-02-28,100,2026-03-23 21:56:48.8631510 +00:00,S,P
25480,BOA BF,NULL,HAW,2026-02-28,50,2026-03-23 21:56:48.8631510 +00:00,S,P
25481,BOA BF,NULL,NIK,2026-02-28,79,2026-03-23 21:56:48.8631510 +00:00,S,P
25482,BOA BF,NULL,PK,2026-02-28,76,2026-03-23 21:56:48.8631510 +00:00,S,P
25483,BOA BF,NULL,XU,2026-02-28,100,2026-03-23 21:56:48.8631510 +00:00,S,P
25484,BOA BF,NULL,E1,2026-02-28,83,2026-03-23 21:56:48.8631510 +00:00,S,P
25485,BOA BF,NULL,GL,2026-02-28,100,2026-03-23 21:56:48.8631510 +00:00,S,P
25486,BOA BF,NULL,HR,2026-02-28,50,2026-03-23 21:56:48.8631510 +00:00,S,P
25487,BOA BF,NULL,UC,2026-02-28,100,2026-03-23 21:56:48.8631510 +00:00,S,P
25488,BOA BF,NULL,X7,2026-02-28,100,2026-03-23 21:56:48.8631510 +00:00,S,P
25489,BOA BF,NULL,0L,2026-02-28,100,2026-03-23 21:56:48.8631510 +00:00,S,P
25490,BOA BF,NULL,BD,2026-02-28,100,2026-03-23 21:56:48.8631510 +00:00,S,P
25491,BOA BF,NULL,HY,2026-02-28,100,2026-03-23 21:56:48.8631510 +00:00,S,P
25492,BOA BF,NULL,ORA,2026-02-28,89,2026-03-23 21:56:48.8631510 +00:00,S,P
25493,BOA BF,NULL,PX,2026-02-28,75,2026-03-23 21:56:48.8631510 +00:00,S,P
25494,BOA BF,NULL,SA,2026-02-28,89,2026-03-23 21:56:48.8631510 +00:00,S,P
25495,BOA BF,NULL,9Q,2026-02-28,94,2026-03-23 21:56:48.8631510 +00:00,S,P
25496,BOA BF,NULL,A5,2026-02-28,100,2026-03-23 21:56:48.8631510 +00:00,S,P
25497,BOA BF,NULL,GZ,2026-02-28,64,2026-03-23 21:56:48.8631510 +00:00,S,P
25498,BOA BF,NULL,9O,2026-02-28,0,2026-03-23 21:56:48.8631510 +00:00,S,P
25499,BOA BF,NULL,LK,2026-02-28,33,2026-03-23 21:56:48.8631510 +00:00,S,P
25500,BOA BF,NULL,OH,2026-02-28,50,2026-03-23 21:56:48.8631510 +00:00,S,P
25501,BOA BF,NULL,TS,2026-02-28,100,2026-03-23 21:56:48.8631510 +00:00,S,P
25502,BOA BF,NULL,AU,2026-02-28,33,2026-03-23 21:56:48.8631510 +00:00,S,P
25503,BOA BF,NULL,FC,2026-02-28,0,2026-03-23 21:56:48.8631510 +00:00,S,P
25504,BOA BF,NULL,GC,2026-02-28,0,2026-03-23 21:56:48.8631510 +00:00,S,P
25505,BOA BF,NULL,GR,2026-02-28,0,2026-03-23 21:56:48.8631510 +00:00,S,P
25506,BOA BF,NULL,WS,2026-02-28,0,2026-03-23 21:56:48.8631510 +00:00,S,P
25507,BOA BF,NULL,3C,2026-02-28,100,2026-03-23 21:56:48.8631510 +00:00,S,P
25508,BOA BF,NULL,C3,2026-02-28,95,2026-03-23 21:56:48.8631510 +00:00,S,P
25509,BOA BF,NULL,II,2026-02-28,90,2026-03-23 21:56:48.8631510 +00:00,S,P
25510,BOA BF,NULL,ND,2026-02-28,100,2026-03-23 21:56:48.8631510 +00:00,S,P
25511,BOA BF,NULL,PJ,2026-02-28,100,2026-03-23 21:56:48.8631510 +00:00,S,P
25512,BOA BF,NULL,WZ,2026-02-28,100,2026-03-23 21:56:48.8631510 +00:00,S,P
25513,BOA BF,NULL,ZB,2026-02-28,68,2026-03-23 21:56:48.8631510 +00:00,S,P
25514,BOA BF,NULL,ZS,2026-02-28,100,2026-03-23 21:56:48.8631510 +00:00,S,P
25515,BOA BF,NULL,ZU,2026-02-28,100,2026-03-23 21:56:48.8631510 +00:00,S,P
25516,BOA BF,NULL,6L,2026-02-28,100,2026-03-23 21:56:48.8631510 +00:00,S,P
25517,BOA BF,NULL,MO,2026-02-28,90,2026-03-23 21:56:48.8631510 +00:00,S,P
25518,BOA BF,NULL,SAM,2026-02-28,100,2026-03-23 21:56:48.9423510 +00:00,S,P
25519,BOA BF,NULL,8Z,2026-02-28,100,2026-03-23 21:56:48.9423510 +00:00,S,P
25520,BOA BF,NULL,BE,2026-02-28,89,2026-03-23 21:56:48.9423510 +00:00,S,P
25521,BOA BF,NULL,ER,2026-02-28,83,2026-03-23 21:56:48.9423510 +00:00,S,P
25522,BOA BF,NULL,MA,2026-02-28,80,2026-03-23 21:56:48.9423510 +00:00,S,P
25523,BOA BF,NULL,NDO,2026-02-28,85,2026-03-23 21:56:48.9423510 +00:00,S,P
25524,BOA BF,NULL,YAN,2026-02-28,100,2026-03-23 21:56:48.9423510 +00:00,S,P
25525,BOA BF,NULL,ZOM,2026-02-28,97,2026-03-23 21:56:48.9423510 +00:00,S,P
25526,BOA BF,NULL,GG,2026-02-28,98,2026-03-23 21:56:48.9423510 +00:00,S,P
25527,BOA BF,NULL,OW,2026-02-28,100,2026-03-23 21:56:48.9423510 +00:00,S,P
25528,BOA BF,NULL,IU,2026-02-28,100,2026-03-23 21:56:48.9423510 +00:00,S,P
25529,BOA BF,NULL,KIR,2026-02-28,90,2026-03-23 21:56:48.9423510 +00:00,S,P
25530,BOA BF,NULL,RF,2026-02-28,77,2026-03-23 21:56:48.9423510 +00:00,S,P
25531,BOA BF,NULL,WW,2026-02-28,75,2026-03-23 21:56:48.9423510 +00:00,S,P
25532,BOA BF,NULL,KAA,2026-02-28,100,2026-03-23 21:56:48.9423510 +00:00,S,P
25533,BOA BF,NULL,LO,2026-02-28,85,2026-03-23 21:56:48.9423510 +00:00,S,P
25534,BOA BF,NULL,WL,2026-02-28,100,2026-03-23 21:56:48.9423510 +00:00,S,P
25535,BOA BF,NULL,BKA,2026-02-28,100,2026-03-23 21:56:48.9423510 +00:00,S,P
25536,BOA BF,NULL,DOM,2026-02-28,100,2026-03-23 21:56:48.9423510 +00:00,S,P
25537,BOA BF,NULL,GS,2026-02-28,100,2026-03-23 21:56:48.9423510 +00:00,S,P
25538,BOA BF,NULL,BB,2026-02-28,100,2026-03-23 21:56:48.9423510 +00:00,S,P
25539,BOA BF,NULL,DAK,2026-02-28,100,2026-03-23 21:56:48.9423510 +00:00,S,P
25540,BOA BF,NULL,DSY,2026-02-28,100,2026-03-23 21:56:48.9423510 +00:00,S,P
25541,BOA BF,NULL,EO,2026-02-28,100,2026-03-23 21:56:48.9423510 +00:00,S,P
25542,BOA BF,NULL,KA,2026-02-28,100,2026-03-23 21:56:48.9423510 +00:00,S,P
25543,BOA BF,NULL,KAS,2026-02-28,100,2026-03-23 21:56:48.9423510 +00:00,S,P
25544,BOA BF,NULL,KD,2026-02-28,100,2026-03-23 21:56:48.9423510 +00:00,S,P
25545,BOA BF,NULL,KN,2026-02-28,100,2026-03-23 21:56:48.9423510 +00:00,S,P
25546,BOA BF,NULL,KOD,2026-02-28,100,2026-03-23 21:56:48.9423510 +00:00,S,P
25547,BOA BF,NULL,KOU,2026-02-28,100,2026-03-23 21:56:48.9423510 +00:00,S,P
25548,BOA BF,NULL,LF,2026-02-28,100,2026-03-23 21:56:48.9423510 +00:00,S,P
25549,BOA BF,NULL,RS,2026-02-28,58,2026-03-23 21:56:48.9423510 +00:00,S,P
25550,BOA BF,NULL,SV,2026-02-28,100,2026-03-23 21:56:48.9423510 +00:00,S,P
25551,BOA BF,NULL,SW,2026-02-28,0,2026-03-23 21:56:48.9423510 +00:00,S,P
25552,BOA BF,NULL,TD,2026-02-28,100,2026-03-23 21:56:48.9423510 +00:00,S,P
25553,BOA BF,NULL,THA,2026-02-28,85,2026-03-23 21:56:48.9423510 +00:00,S,P
25554,BOA BF,NULL,3F,2026-02-28,100,2026-03-23 21:56:48.9423510 +00:00,S,P
25555,BOA BF,NULL,CL,2026-02-28,91,2026-03-23 21:56:48.9423510 +00:00,S,P
25556,BOA BF,NULL,CT,2026-02-28,100,2026-03-23 21:56:48.9423510 +00:00,S,P
25557,BOA BF,NULL,F5,2026-02-28,100,2026-03-23 21:56:48.9423510 +00:00,S,P
25558,BOA BF,NULL,HX,2026-02-28,96,2026-03-23 21:56:48.9423510 +00:00,S,P
25559,BOA BF,NULL,LC,2026-02-28,100,2026-03-23 21:56:48.9423510 +00:00,S,P
25560,BOA BF,NULL,MC,2026-02-28,100,2026-03-23 21:56:48.9423510 +00:00,S,P
25561,BOA BF,NULL,PZ,2026-02-28,100,2026-03-23 21:56:48.9423510 +00:00,S,P
25562,BOA BF,NULL,U6,2026-02-28,86,2026-03-23 21:56:48.9423510 +00:00,S,P
25563,BOA BF,NULL,DY,2026-02-28,92,2026-03-23 21:56:48.9423510 +00:00,S,P
25564,BOA BF,NULL,PV,2026-02-28,84,2026-03-23 21:56:48.9423510 +00:00,S,P
25565,BOA BF,NULL,RT,2026-02-28,81,2026-03-23 21:56:48.9423510 +00:00,S,P
25566,BOA BF,NULL,UI,2026-02-28,100,2026-03-23 21:56:48.9423510 +00:00,S,P
25567,BOA BF,NULL,XP,2026-02-28,100,2026-03-23 21:56:48.9423510 +00:00,S,P
25568,BOA BF,NULL,FX,2026-02-28,66,2026-03-23 21:56:48.9423510 +00:00,S,P
25569,BOA BF,NULL,IB,2026-02-28,100,2026-03-23 21:56:48.9423510 +00:00,S,P
25570,BOA BF,NULL,JI,2026-02-28,100,2026-03-23 21:56:48.9423510 +00:00,S,P
25571,BOA BF,NULL,TBI,2026-02-28,100,2026-03-23 21:56:48.9423510 +00:00,S,P
25572,BOA BF,NULL,VS,2026-02-28,100,2026-03-23 21:56:48.9423510 +00:00,S,P
25573,BOA BF,NULL,ZV,2026-02-28,86,2026-03-23 21:56:48.9423510 +00:00,S,P
25574,BOA BF,NULL,AL,2026-02-28,95,2026-03-23 21:56:48.9423510 +00:00,S,P
25575,BOA BF,NULL,XO,2026-02-28,100,2026-03-23 21:56:48.9423510 +00:00,S,P
25576,BOA BF,NULL,YM,2026-02-28,100,2026-03-23 21:56:48.9423510 +00:00,S,P
25577,BOA BF,NULL,B6,2026-02-28,92,2026-03-23 21:56:48.9423510 +00:00,S,P
25578,BOA BF,NULL,CSD,2026-02-28,87,2026-03-23 21:56:48.9423510 +00:00,S,P
25579,BOA BF,NULL,FR,2026-02-28,100,2026-03-23 21:56:48.9423510 +00:00,S,P
25580,BOA BF,NULL,NO,2026-02-28,100,2026-03-23 21:56:48.9423510 +00:00,S,P
25581,BOA BF,NULL,XE,2026-02-28,100,2026-03-23 21:56:48.9423510 +00:00,S,P
25582,BOA BF,NULL,ic,2026-02-28,100,2026-03-23 21:56:48.9423510 +00:00,S,P
25583,BOA BF,NULL,BNA,2026-02-28,100,2026-03-23 21:56:48.9423510 +00:00,S,P
25584,BOA BF,NULL,WI,2026-02-28,100,2026-03-23 21:56:48.9423510 +00:00,S,P
25585,BOA BF,NULL,XW,2026-02-28,100,2026-03-23 21:56:48.9423510 +00:00,S,P
25586,BOA BF,NULL,A3,2026-02-28,100,2026-03-23 21:56:48.9423510 +00:00,S,P
25587,BOA BF,NULL,LYM,2026-02-28,100,2026-03-23 21:56:48.9423510 +00:00,S,P
25588,BOA BF,NULL,Y5,2026-02-28,100,2026-03-23 21:56:48.9423510 +00:00,S,P
25589,BOA BF,NULL,TAP,2026-02-28,100,2026-03-23 21:56:48.9423510 +00:00,S,P
25590,BOA BF,NULL,2A,2026-02-28,100,2026-03-23 21:56:48.9423510 +00:00,S,P
25591,BOA BF,NULL,GH,2026-02-28,100,2026-03-23 21:56:48.9423510 +00:00,S,P
25592,BOA BF,NULL,KCL,2026-02-28,100,2026-03-23 21:56:48.9423510 +00:00,S,P
25593,BOA BF,NULL,LL,2026-02-28,100,2026-03-23 21:56:48.9423510 +00:00,S,P
25594,BOA BF,NULL,QO,2026-02-28,66,2026-03-23 21:56:48.9423510 +00:00,S,P
25595,BOA BF,NULL,9T+,2026-02-28,0,2026-03-23 21:56:48.9423510 +00:00,S,P
25596,BOA BF,NULL,C2,2026-02-28,84,2026-03-23 21:56:48.9423510 +00:00,S,P
25597,BOA BF,NULL,DA,2026-02-28,100,2026-03-23 21:56:48.9423510 +00:00,S,P
25598,BOA BF,NULL,H2,2026-02-28,100,2026-03-23 21:56:48.9423510 +00:00,S,P
25599,BOA BF,NULL,IY,2026-02-28,80,2026-03-23 21:56:48.9423510 +00:00,S,P
25600,BOA BF,NULL,JSK,2026-02-28,100,2026-03-23 21:56:48.9423510 +00:00,S,P
25601,BOA BF,NULL,ODC,2026-02-28,66,2026-03-23 21:56:48.9423510 +00:00,S,P
25602,BOA BF,NULL,WH,2026-02-28,100,2026-03-23 21:56:48.9423510 +00:00,S,P
25603,BOA BF,NULL,5T,2026-02-28,100,2026-03-23 21:56:48.9423510 +00:00,S,P
25604,BOA BF,NULL,X9,2026-02-28,100,2026-03-23 21:56:48.9423510 +00:00,S,P
25605,BOA BF,NULL,1M,2026-02-28,100,2026-03-23 21:56:48.9423510 +00:00,S,P
25606,BOA BF,NULL,1S,2026-02-28,50,2026-03-23 21:56:48.9423510 +00:00,S,P
25607,BOA BF,NULL,BAG,2026-02-28,100,2026-03-23 21:56:48.9423510 +00:00,S,P
25608,BOA BF,NULL,DDF,2026-02-28,100,2026-03-23 21:56:48.9423510 +00:00,S,P
25609,BOA BF,NULL,H9,2026-02-28,100,2026-03-23 21:56:48.9423510 +00:00,S,P
25610,BOA BF,NULL,Q3,2026-02-28,51,2026-03-23 21:56:48.9423510 +00:00,S,P
25611,BOA BF,NULL,QN,2026-02-28,100,2026-03-23 21:56:48.9423510 +00:00,S,P
25612,BOA BF,NULL,T17,2026-02-28,60,2026-03-23 21:56:48.9423510 +00:00,S,P
25613,BOA BF,NULL,YI,2026-02-28,100,2026-03-23 21:56:48.9423510 +00:00,S,P
25614,BOA BF,NULL,ZCW,2026-02-28,100,2026-03-23 21:56:48.9423510 +00:00,S,P
25615,BOA BF,NULL,KWO,2026-02-28,60,2026-03-23 21:56:48.9423510 +00:00,S,P
25616,BOA BF,NULL,NS,2026-02-28,100,2026-03-23 21:56:48.9423510 +00:00,S,P
25617,BOA BF,NULL,OI,2026-02-28,91,2026-03-23 21:56:48.9423510 +00:00,S,P
25618,BOA BF,NULL,P9,2026-02-28,100,2026-03-23 21:56:48.9423510 +00:00,S,P
25619,BOA BF,NULL,Q9,2026-02-28,99,2026-03-23 21:56:48.9423510 +00:00,S,P
25620,BOA BF,NULL,U2,2026-02-28,100,2026-03-23 21:56:48.9423510 +00:00,S,P
25621,BOA BF,NULL,YN,2026-02-28,100,2026-03-23 21:56:48.9423510 +00:00,S,P
25622,BOA BF,NULL,F8,2026-02-28,100,2026-03-23 21:56:48.9423510 +00:00,S,P
25623,BOA BF,NULL,MW,2026-02-28,100,2026-03-23 21:56:48.9423510 +00:00,S,P
25624,BOA BF,NULL,W1,2026-02-28,100,2026-03-23 21:56:48.9423510 +00:00,S,P
25625,BOA BF,NULL,ZHA,2026-02-28,86,2026-03-23 21:56:48.9423510 +00:00,S,P
25626,BOA BF,NULL,7W,2026-02-28,100,2026-03-23 21:56:48.9423510 +00:00,S,P
25627,BOA BF,NULL,EV,2026-02-28,100,2026-03-23 21:56:48.9423510 +00:00,S,P
25628,BOA BF,NULL,YX,2026-02-28,100,2026-03-23 21:56:48.9423510 +00:00,S,P
25629,BOA BF,NULL,GT,2026-02-28,100,2026-03-23 21:56:48.9423510 +00:00,S,P
25630,BOA BF,NULL,DIR_AGENCE_17001,2026-02-28,0,2026-03-23 21:56:48.9423510 +00:00,S,P
25631,BOA BF,NULL,7X,2026-02-28,100,2026-03-23 21:56:48.9423510 +00:00,S,P
25632,BOA BF,NULL,OMA,2026-02-28,100,2026-03-23 21:56:48.9423510 +00:00,S,P
25633,BOA BF,NULL,8N,2026-02-28,90,2026-03-23 21:56:48.9423510 +00:00,S,P
25634,BOA BF,NULL,HH,2026-02-28,0,2026-03-23 21:56:48.9423510 +00:00,S,M
25635,BOA BF,NULL,AT,2026-02-28,0,2026-03-23 21:56:48.9423510 +00:00,S,M
25636,BOA BF,NULL,EB,2026-02-28,0,2026-03-23 21:56:48.9423510 +00:00,S,M
25637,BOA BF,NULL,FB,2026-02-28,0,2026-03-23 21:56:48.9423510 +00:00,S,M
25638,BOA BF,NULL,FE,2026-02-28,0,2026-03-23 21:56:48.9423510 +00:00,S,M
25639,BOA BF,NULL,HF,2026-02-28,0,2026-03-23 21:56:48.9423510 +00:00,S,M
25640,BOA BF,NULL,YA,2026-02-28,100,2026-03-23 21:56:48.9423510 +00:00,S,M
25641,BOA BF,NULL,X8,2026-02-28,100,2026-03-23 21:56:48.9423510 +00:00,S,M
25642,BOA BF,NULL,B5,2026-02-28,0,2026-03-23 21:56:48.9423510 +00:00,S,M
25643,BOA BF,NULL,PQ,2026-02-28,0,2026-03-23 21:56:48.9423510 +00:00,S,M
25644,BOA BF,NULL,QP,2026-02-28,0,2026-03-23 21:56:48.9423510 +00:00,S,M
25645,BOA BF,NULL,J1,2026-02-28,0,2026-03-23 21:56:48.9423510 +00:00,S,M
25646,BOA BF,NULL,HC,2026-02-28,0,2026-03-23 21:56:49.0219140 +00:00,S,M
25647,BOA BF,NULL,SFD,2026-02-28,75,2026-03-23 21:56:49.0219140 +00:00,S,M
25648,BOA BF,NULL,TH,2026-02-28,100,2026-03-23 21:56:49.0219140 +00:00,S,M
25649,BOA BF,NULL,VF,2026-02-28,100,2026-03-23 21:56:49.0219140 +00:00,S,M
25650,BOA BF,NULL,MB,2026-02-28,0,2026-03-23 21:56:49.0219140 +00:00,S,M
25651,BOA BF,NULL,GJ,2026-02-28,85,2026-03-23 21:56:49.0219140 +00:00,S,M
25652,BOA BF,NULL,JC,2026-02-28,0,2026-03-23 21:56:49.0219140 +00:00,S,M
25653,BOA BF,NULL,VZ,2026-02-28,100,2026-03-23 21:56:49.0219140 +00:00,S,M
25654,BOA BF,NULL,PF,2026-02-28,0,2026-03-23 21:56:49.0219140 +00:00,S,M
25655,BOA BF,NULL,YAC,2026-02-28,100,2026-03-23 21:56:49.0219140 +00:00,S,M
25656,BOA BF,NULL,FD,2026-02-28,0,2026-03-23 21:56:49.0219140 +00:00,S,M
25657,BOA BF,NULL,RE,2026-02-28,57,2026-03-23 21:56:49.0219140 +00:00,S,M
25658,BOA MR,NULL,I1,2026-02-28,100,2026-03-23 21:56:49.0375740 +00:00,F,P
25659,BOA MR,NULL,NYM,2026-02-28,100,2026-03-23 21:56:49.0375740 +00:00,F,P
25660,BOA MR,NULL,NF1,2026-02-28,100,2026-03-23 21:56:49.0375740 +00:00,F,P
25661,BOA MR,NULL,N5,2026-02-28,100,2026-03-23 21:56:49.0375740 +00:00,F,P
25662,BOA MR,NULL,AA1,2026-02-28,100,2026-03-23 21:56:49.0375740 +00:00,F,P
25663,BOA MR,NULL,HAN,2026-02-28,100,2026-03-23 21:56:49.0375740 +00:00,F,P
25664,BOA MR,NULL,RSH,2026-02-28,100,2026-03-23 21:56:49.0375740 +00:00,F,P
25665,BOA MR,NULL,FAM,2026-02-28,100,2026-03-23 21:56:49.0375740 +00:00,F,P
25666,BOA MR,NULL,KMA,2026-02-28,100,2026-03-23 21:56:49.0375740 +00:00,F,P
25667,BOA MR,NULL,NII,2026-02-28,100,2026-03-23 21:56:49.0375740 +00:00,F,P
25668,BOA MR,NULL,S2A,2026-02-28,0,2026-03-23 21:56:49.0375740 +00:00,F,P
25669,BOA MR,NULL,F0,2026-02-28,0,2026-03-23 21:56:49.0375740 +00:00,F,M
25670,BOA MR,NULL,OMM,2026-02-28,0,2026-03-23 21:56:49.0375740 +00:00,F,M
25671,BOA MR,NULL,AFD,2026-02-28,34,2026-03-23 21:56:49.0375740 +00:00,S,P
25672,BOA MR,NULL,BBE,2026-02-28,0,2026-03-23 21:56:49.0375740 +00:00,S,P
25673,BOA MR,NULL,C6,2026-02-28,0,2026-03-23 21:56:49.0375740 +00:00,S,P
25674,BOA MR,NULL,HQ,2026-02-28,3,2026-03-23 21:56:49.0375740 +00:00,S,P
25675,BOA MR,NULL,IMD,2026-02-28,6,2026-03-23 21:56:49.0375740 +00:00,S,P
25676,BOA MR,NULL,JJ,2026-02-28,0,2026-03-23 21:56:49.0375740 +00:00,S,P
25677,BOA MR,NULL,RAA,2026-02-28,0,2026-03-23 21:56:49.0375740 +00:00,S,P
25678,BOA MR,NULL,SA,2026-02-28,0,2026-03-23 21:56:49.0375740 +00:00,S,P
25679,BOA MR,NULL,SHE,2026-02-28,0,2026-03-23 21:56:49.0375740 +00:00,S,P
25680,BOA MR,NULL,ARA,2026-02-28,6,2026-03-23 21:56:49.0375740 +00:00,S,P
25681,BOA MR,NULL,AV,2026-02-28,0,2026-03-23 21:56:49.0375740 +00:00,S,P
25682,BOA MR,NULL,E8,2026-02-28,0,2026-03-23 21:56:49.0375740 +00:00,S,P
25683,BOA MR,NULL,J5,2026-02-28,1,2026-03-23 21:56:49.0375740 +00:00,S,P
25684,BOA MR,NULL,KAO,2026-02-28,0,2026-03-23 21:56:49.0375740 +00:00,S,P
25685,BOA MR,NULL,KMI,2026-02-28,0,2026-03-23 21:56:49.0375740 +00:00,S,P
25686,BOA MR,NULL,KW,2026-02-28,0,2026-03-23 21:56:49.0375740 +00:00,S,P
25687,BOA MR,NULL,NI,2026-02-28,0,2026-03-23 21:56:49.0375740 +00:00,S,P
25688,BOA MR,NULL,Y5,2026-02-28,0,2026-03-23 21:56:49.0375740 +00:00,S,P
25689,BOA MR,NULL,ZMA,2026-02-28,9,2026-03-23 21:56:49.0375740 +00:00,S,P
25690,BOA MR,NULL,A2A,2026-02-28,2,2026-03-23 21:56:49.0375740 +00:00,S,P
25691,BOA MR,NULL,IMA,2026-02-28,0,2026-03-23 21:56:49.0375740 +00:00,S,P
25692,BOA MR,NULL,M2,2026-02-28,0,2026-03-23 21:56:49.0375740 +00:00,S,P
25693,BOA MR,NULL,AH1,2026-02-28,0,2026-03-23 21:56:49.0375740 +00:00,S,P
25694,BOA MR,NULL,HHA,2026-02-28,0,2026-03-23 21:56:49.0375740 +00:00,S,P
25695,BOA MR,NULL,HMA,2026-02-28,0,2026-03-23 21:56:49.0375740 +00:00,S,P
25696,BOA MR,NULL,SSB,2026-02-28,34,2026-03-23 21:56:49.0375740 +00:00,S,P
25697,BOA MR,NULL,VVV,2026-02-28,0,2026-03-23 21:56:49.0375740 +00:00,S,P
25698,BOA MR,NULL,AF9,2026-02-28,0,2026-03-23 21:56:49.0375740 +00:00,S,P
25699,BOA MR,NULL,CH,2026-02-28,0,2026-03-23 21:56:49.0375740 +00:00,S,P
25700,BOA MR,NULL,DH9,2026-02-28,0,2026-03-23 21:56:49.0375740 +00:00,S,P
25701,BOA MR,NULL,GU,2026-02-28,0,2026-03-23 21:56:49.0375740 +00:00,S,P
25702,BOA MR,NULL,IAY,2026-02-28,0,2026-03-23 21:56:49.0375740 +00:00,S,P
25703,BOA MR,NULL,M2A,2026-02-28,0,2026-03-23 21:56:49.0375740 +00:00,S,P
25704,BOA MR,NULL,MAF,2026-02-28,0,2026-03-23 21:56:49.0375740 +00:00,S,P
25705,BOA MR,NULL,MAM,2026-02-28,0,2026-03-23 21:56:49.0375740 +00:00,S,P
25706,BOA MR,NULL,EH,2026-02-28,1,2026-03-23 21:56:49.0375740 +00:00,S,P
25707,BOA MR,NULL,RA2,2026-02-28,8,2026-03-23 21:56:49.0375740 +00:00,S,P
25708,BOA MR,NULL,A8,2026-02-28,0,2026-03-23 21:56:49.0375740 +00:00,S,P
25709,BOA MR,NULL,KA,2026-02-28,0,2026-03-23 21:56:49.0375740 +00:00,S,P
25710,BOA MR,NULL,RMU,2026-02-28,0,2026-03-23 21:56:49.0375740 +00:00,S,P
25711,BOA MR,NULL,00,2026-02-28,0,2026-03-23 21:56:49.0375740 +00:00,S,P
25712,BOA MR,NULL,AY,2026-02-28,5,2026-03-23 21:56:49.0375740 +00:00,S,P
25713,BOA MR,NULL,CT,2026-02-28,0,2026-03-23 21:56:49.0375740 +00:00,S,P
25714,BOA MR,NULL,IG,2026-02-28,0,2026-03-23 21:56:49.0375740 +00:00,S,P
25715,BOA MR,NULL,MF,2026-02-28,0,2026-03-23 21:56:49.0375740 +00:00,S,P
25716,BOA MR,NULL,MHD,2026-02-28,75,2026-03-23 21:56:49.0375740 +00:00,S,P
25717,BOA MR,NULL,R1,2026-02-28,100,2026-03-23 21:56:49.0375740 +00:00,S,P
25718,BOA MR,NULL,SHM,2026-02-28,50,2026-03-23 21:56:49.0375740 +00:00,S,P
25719,BOA MR,NULL,AAV,2026-02-28,51,2026-03-23 21:56:49.0375740 +00:00,S,P
25720,BOA MR,NULL,AHA,2026-02-28,0,2026-03-23 21:56:49.0375740 +00:00,S,P
25721,BOA MR,NULL,FSM,2026-02-28,100,2026-03-23 21:56:49.0375740 +00:00,S,P
25722,BOA MR,NULL,FB,2026-02-28,0,2026-03-23 21:56:49.0375740 +00:00,S,M
25723,BOA MR,NULL,JX,2026-02-28,0,2026-03-23 21:56:49.0375740 +00:00,S,M
25724,BOA MR,NULL,AMA,2026-02-28,0,2026-03-23 21:56:49.0375740 +00:00,S,M
25725,BOA MR,NULL,ZD,2026-02-28,0,2026-03-23 21:56:49.0375740 +00:00,S,M
25726,BOA MR,NULL,DH,2026-02-28,0,2026-03-23 21:56:49.0375740 +00:00,S,M
25727,BOA TG,NULL,AFA,2026-02-28,100,2026-03-23 21:56:49.0959860 +00:00,F,P
25728,BOA TG,NULL,BAR,2026-02-28,94,2026-03-23 21:56:49.0959860 +00:00,F,P
25729,BOA TG,NULL,TSK,2026-02-28,100,2026-03-23 21:56:49.0959860 +00:00,F,P
25730,BOA TG,NULL,EDA,2026-02-28,97,2026-03-23 21:56:49.0959860 +00:00,F,P
25731,BOA TG,NULL,KAE,2026-02-28,100,2026-03-23 21:56:49.0959860 +00:00,F,P
25732,BOA TG,NULL,DYR,2026-02-28,92,2026-03-23 21:56:49.0959860 +00:00,F,P
25733,BOA TG,NULL,GUM,2026-02-28,88,2026-03-23 21:56:49.0959860 +00:00,F,P
25734,BOA TG,NULL,SYT,2026-02-28,77,2026-03-23 21:56:49.0959860 +00:00,F,P
25735,BOA TG,NULL,TMD,2026-02-28,85,2026-03-23 21:56:49.0959860 +00:00,F,P
25736,BOA TG,NULL,BYE,2026-02-28,85,2026-03-23 21:56:49.0959860 +00:00,F,P
25737,BOA TG,NULL,DEK,2026-02-28,89,2026-03-23 21:56:49.0959860 +00:00,F,P
25738,BOA TG,NULL,JAN,2026-02-28,100,2026-03-23 21:56:49.0959860 +00:00,F,P
25739,BOA TG,NULL,KAL,2026-02-28,96,2026-03-23 21:56:49.0959860 +00:00,F,P
25740,BOA TG,NULL,AKN,2026-02-28,92,2026-03-23 21:56:49.0959860 +00:00,F,P
25741,BOA TG,NULL,AKE,2026-02-28,86,2026-03-23 21:56:49.0959860 +00:00,F,P
25742,BOA TG,NULL,AKR,2026-02-28,100,2026-03-23 21:56:49.0959860 +00:00,F,P
25743,BOA TG,NULL,BMN,2026-02-28,95,2026-03-23 21:56:49.0959860 +00:00,F,P
25744,BOA TG,NULL,KOT,2026-02-28,100,2026-03-23 21:56:49.0959860 +00:00,F,P
25745,BOA TG,NULL,ADD,2026-02-28,93,2026-03-23 21:56:49.0959860 +00:00,F,P
25746,BOA TG,NULL,DJM,2026-02-28,95,2026-03-23 21:56:49.0959860 +00:00,F,P
25747,BOA TG,NULL,AKF,2026-02-28,100,2026-03-23 21:56:49.0959860 +00:00,F,P
25748,BOA TG,NULL,MAT,2026-02-28,100,2026-03-23 21:56:49.0959860 +00:00,F,M
25749,BOA TG,NULL,MJN,2026-02-28,100,2026-03-23 21:56:49.0959860 +00:00,F,M
25750,BOA TG,NULL,KPM,2026-02-28,66,2026-03-23 21:56:49.0959860 +00:00,F,M
25751,BOA TG,NULL,SAK,2026-02-28,100,2026-03-23 21:56:49.0959860 +00:00,F,M
25752,BOA TG,NULL,SOU,2026-02-28,100,2026-03-23 21:56:49.0959860 +00:00,F,M
25753,BOA TG,NULL,DKG,2026-02-28,33,2026-03-23 21:56:49.0959860 +00:00,F,M
25754,BOA TG,NULL,GKF,2026-02-28,100,2026-03-23 21:56:49.0959860 +00:00,F,M
25755,BOA TG,NULL,CAT,2026-02-28,0,2026-03-23 21:56:49.0959860 +00:00,F,M
25756,BOA TG,NULL,LEK,2026-02-28,100,2026-03-23 21:56:49.0959860 +00:00,F,M
25757,BOA TG,NULL,KPK,2026-02-28,50,2026-03-23 21:56:49.0959860 +00:00,F,M
25758,BOA TG,NULL,AF,2026-02-28,0,2026-03-23 21:56:49.0959860 +00:00,S,P
25759,BOA TG,NULL,AFC,2026-02-28,26,2026-03-23 21:56:49.0959860 +00:00,S,P
25760,BOA TG,NULL,AS,2026-02-28,0,2026-03-23 21:56:49.0959860 +00:00,S,P
25761,BOA TG,NULL,BA,2026-02-28,0,2026-03-23 21:56:49.0959860 +00:00,S,P
25762,BOA TG,NULL,BOL,2026-02-28,0,2026-03-23 21:56:49.0959860 +00:00,S,P
25763,BOA TG,NULL,CA,2026-02-28,0,2026-03-23 21:56:49.0959860 +00:00,S,P
25764,BOA TG,NULL,ED,2026-02-28,5,2026-03-23 21:56:49.0959860 +00:00,S,P
25765,BOA TG,NULL,EDN,2026-02-28,40,2026-03-23 21:56:49.0959860 +00:00,S,P
25766,BOA TG,NULL,EK,2026-02-28,32,2026-03-23 21:56:49.0959860 +00:00,S,P
25767,BOA TG,NULL,FC,2026-02-28,0,2026-03-23 21:56:49.0959860 +00:00,S,P
25768,BOA TG,NULL,GMJ,2026-02-28,79,2026-03-23 21:56:49.0959860 +00:00,S,P
25769,BOA TG,NULL,HEK,2026-02-28,0,2026-03-23 21:56:49.0959860 +00:00,S,P
25770,BOA TG,NULL,HO,2026-02-28,5,2026-03-23 21:56:49.0959860 +00:00,S,P
25771,BOA TG,NULL,KB,2026-02-28,9,2026-03-23 21:56:49.0959860 +00:00,S,P
25772,BOA TG,NULL,KO,2026-02-28,0,2026-03-23 21:56:49.0959860 +00:00,S,P
25773,BOA TG,NULL,KOK,2026-02-28,0,2026-03-23 21:56:49.0959860 +00:00,S,P
25774,BOA TG,NULL,LBS,2026-02-28,68,2026-03-23 21:56:49.0959860 +00:00,S,P
25775,BOA TG,NULL,LSB,2026-02-28,0,2026-03-23 21:56:49.0959860 +00:00,S,P
25776,BOA TG,NULL,SO,2026-02-28,0,2026-03-23 21:56:49.0959860 +00:00,S,P
25777,BOA TG,NULL,TKP,2026-02-28,20,2026-03-23 21:56:49.0959860 +00:00,S,P
25778,BOA TG,NULL,RAI,2026-02-28,29,2026-03-23 21:56:49.0959860 +00:00,S,P
25779,BOA TG,NULL,AD,2026-02-28,0,2026-03-23 21:56:49.0959860 +00:00,S,P
25780,BOA TG,NULL,BED,2026-02-28,0,2026-03-23 21:56:49.0959860 +00:00,S,P
25781,BOA TG,NULL,BWN,2026-02-28,0,2026-03-23 21:56:49.0959860 +00:00,S,P
25782,BOA TG,NULL,EA,2026-02-28,11,2026-03-23 21:56:49.0959860 +00:00,S,P
25783,BOA TG,NULL,EDO,2026-02-28,100,2026-03-23 21:56:49.0959860 +00:00,S,P
25784,BOA TG,NULL,EV,2026-02-28,0,2026-03-23 21:56:49.0959860 +00:00,S,P
25785,BOA TG,NULL,FCF,2026-02-28,0,2026-03-23 21:56:49.0959860 +00:00,S,P
25786,BOA TG,NULL,KBT,2026-02-28,34,2026-03-23 21:56:49.0959860 +00:00,S,P
25787,BOA TG,NULL,KP,2026-02-28,0,2026-03-23 21:56:49.0959860 +00:00,S,P
25788,BOA TG,NULL,KPL,2026-02-28,25,2026-03-23 21:56:49.0959860 +00:00,S,P
25789,BOA TG,NULL,LK,2026-02-28,0,2026-03-23 21:56:49.0959860 +00:00,S,P
25790,BOA TG,NULL,LKP,2026-02-28,25,2026-03-23 21:56:49.0969870 +00:00,S,P
25791,BOA TG,NULL,MI,2026-02-28,18,2026-03-23 21:56:49.0969870 +00:00,S,P
25792,BOA TG,NULL,MO,2026-02-28,12,2026-03-23 21:56:49.0969870 +00:00,S,P
25793,BOA TG,NULL,MOB,2026-02-28,0,2026-03-23 21:56:49.0969870 +00:00,S,P
25794,BOA TG,NULL,TBK,2026-02-28,0,2026-03-23 21:56:49.0969870 +00:00,S,P
25795,BOA TG,NULL,AG,2026-02-28,50,2026-03-23 21:56:49.0969870 +00:00,S,P
25796,BOA TG,NULL,WK,2026-02-28,0,2026-03-23 21:56:49.0969870 +00:00,S,P
25797,BOA TG,NULL,KMH,2026-02-28,0,2026-03-23 21:56:49.0969870 +00:00,S,P
25798,BOA TG,NULL,TEM,2026-02-28,0,2026-03-23 21:56:49.0969870 +00:00,S,P
25799,BOA TG,NULL,AME,2026-02-28,0,2026-03-23 21:56:49.0969870 +00:00,S,P
25800,BOA TG,NULL,BW,2026-02-28,19,2026-03-23 21:56:49.0969870 +00:00,S,P
25801,BOA TG,NULL,DD,2026-02-28,14,2026-03-23 21:56:49.0969870 +00:00,S,P
25802,BOA TG,NULL,DIT,2026-02-28,0,2026-03-23 21:56:49.0969870 +00:00,S,P
25803,BOA TG,NULL,EF,2026-02-28,11,2026-03-23 21:56:49.0969870 +00:00,S,P
25804,BOA TG,NULL,EFA,2026-02-28,50,2026-03-23 21:56:49.0969870 +00:00,S,P
25805,BOA TG,NULL,RG,2026-02-28,100,2026-03-23 21:56:49.0969870 +00:00,S,P
25806,BOA TG,NULL,TID,2026-02-28,7,2026-03-23 21:56:49.0969870 +00:00,S,P
25807,BOA TG,NULL,BAS,2026-02-28,60,2026-03-23 21:56:49.0969870 +00:00,S,P
25808,BOA TG,NULL,EAC,2026-02-28,57,2026-03-23 21:56:49.0969870 +00:00,S,P
25809,BOA TG,NULL,KAD,2026-02-28,33,2026-03-23 21:56:49.0969870 +00:00,S,P
25810,BOA TG,NULL,KM,2026-02-28,37,2026-03-23 21:56:49.0969870 +00:00,S,P
25811,BOA TG,NULL,OS,2026-02-28,50,2026-03-23 21:56:49.0969870 +00:00,S,P
25812,BOA TG,NULL,PEA,2026-02-28,0,2026-03-23 21:56:49.0969870 +00:00,S,P
25813,BOA TG,NULL,STY,2026-02-28,41,2026-03-23 21:56:49.0969870 +00:00,S,P
25814,BOA TG,NULL,TDM,2026-02-28,75,2026-03-23 21:56:49.0969870 +00:00,S,P
25815,BOA TG,NULL,ADV,2026-02-28,51,2026-03-23 21:56:49.0969870 +00:00,S,P
25816,BOA TG,NULL,AM,2026-02-28,0,2026-03-23 21:56:49.0969870 +00:00,S,P
25817,BOA TG,NULL,BNM,2026-02-28,100,2026-03-23 21:56:49.0969870 +00:00,S,P
25818,BOA TG,NULL,DVN,2026-02-28,0,2026-03-23 21:56:49.0969870 +00:00,S,P
25819,BOA TG,NULL,EAG,2026-02-28,33,2026-03-23 21:56:49.0969870 +00:00,S,P
25820,BOA TG,NULL,SY,2026-02-28,0,2026-03-23 21:56:49.0969870 +00:00,S,P
25821,BOA TG,NULL,ADJ,2026-02-28,66,2026-03-23 21:56:49.0969870 +00:00,S,P
25822,BOA TG,NULL,DJA,2026-02-28,54,2026-03-23 21:56:49.0969870 +00:00,S,P
25823,BOA TG,NULL,EKA,2026-02-28,33,2026-03-23 21:56:49.0969870 +00:00,S,P
25824,BOA TG,NULL,PO,2026-02-28,10,2026-03-23 21:56:49.0969870 +00:00,S,P
25825,BOA TG,NULL,WNB,2026-02-28,0,2026-03-23 21:56:49.0969870 +00:00,S,P
25826,BOA TG,NULL,YAA,2026-02-28,100,2026-03-23 21:56:49.0969870 +00:00,S,P
25827,BOA TG,NULL,EKC,2026-02-28,100,2026-03-23 21:56:49.0969870 +00:00,S,P
25828,BOA TG,NULL,KAK,2026-02-28,81,2026-03-23 21:56:49.0969870 +00:00,S,P
25829,BOA TG,NULL,TK,2026-02-28,0,2026-03-23 21:56:49.0969870 +00:00,S,P
25830,BOA TG,NULL,AE,2026-02-28,0,2026-03-23 21:56:49.0969870 +00:00,S,P
25831,BOA TG,NULL,AHA,2026-02-28,36,2026-03-23 21:56:49.0969870 +00:00,S,P
25832,BOA TG,NULL,KA,2026-02-28,0,2026-03-23 21:56:49.0969870 +00:00,S,P
25833,BOA TG,NULL,DIR_AGENCE_1012,2026-02-28,0,2026-03-23 21:56:49.0969870 +00:00,S,P
25834,BOA TG,NULL,NAJ,2026-02-28,0,2026-03-23 21:56:49.0969870 +00:00,S,P
25835,BOA TG,NULL,SA,2026-02-28,28,2026-03-23 21:56:49.0969870 +00:00,S,P
25836,BOA TG,NULL,TM,2026-02-28,18,2026-03-23 21:56:49.0969870 +00:00,S,P
25837,BOA TG,NULL,DE,2026-02-28,0,2026-03-23 21:56:49.0969870 +00:00,S,P
25838,BOA TG,NULL,NAS,2026-02-28,0,2026-03-23 21:56:49.0969870 +00:00,S,P
25839,BOA TG,NULL,POP,2026-02-28,40,2026-03-23 21:56:49.0969870 +00:00,S,P
25840,BOA TG,NULL,KKA,2026-02-28,0,2026-03-23 21:56:49.0969870 +00:00,S,P
25841,BOA TG,NULL,KKM,2026-02-28,100,2026-03-23 21:56:49.0969870 +00:00,S,P
25842,BOA TG,NULL,TRK,2026-02-28,66,2026-03-23 21:56:49.0969870 +00:00,S,P
25843,BOA TG,NULL,ADZ,2026-02-28,25,2026-03-23 21:56:49.0969870 +00:00,S,P
25844,BOA TG,NULL,DEA,2026-02-28,38,2026-03-23 21:56:49.0969870 +00:00,S,P
25845,BOA TG,NULL,LOX,2026-02-28,0,2026-03-23 21:56:49.0969870 +00:00,S,P
25846,BOA TG,NULL,ABW,2026-02-28,0,2026-03-23 21:56:49.0969870 +00:00,S,P
25847,BOA TG,NULL,ARB,2026-02-28,100,2026-03-23 21:56:49.0969870 +00:00,S,P
25848,BOA TG,NULL,ITM,2026-02-28,0,2026-03-23 21:56:49.0969870 +00:00,S,P
25849,BOA TG,NULL,PYT,2026-02-28,80,2026-03-23 21:56:49.0969870 +00:00,S,P
25850,BOA TG,NULL,DJS,2026-02-28,100,2026-03-23 21:56:49.0969870 +00:00,S,P
25851,BOA TG,NULL,FKA,2026-02-28,66,2026-03-23 21:56:49.0969870 +00:00,S,P
25852,BOA TG,NULL,ATS,2026-02-28,0,2026-03-23 21:56:49.0969870 +00:00,S,M
25853,BOA TG,NULL,KAT,2026-02-28,10,2026-03-23 21:56:49.0969870 +00:00,S,M
25854,BOA TG,NULL,MNJ,2026-02-28,50,2026-03-23 21:56:49.0969870 +00:00,S,M
25855,BOA TG,NULL,VFA,2026-02-28,6,2026-03-23 21:56:49.1681130 +00:00,S,M
25856,BOA TG,NULL,ADK,2026-02-28,0,2026-03-23 21:56:49.1681130 +00:00,S,M
25857,BOA TG,NULL,AJK,2026-02-28,28,2026-03-23 21:56:49.1681130 +00:00,S,M
25858,BOA TG,NULL,WKF,2026-02-28,6,2026-03-23 21:56:49.1681130 +00:00,S,M
25859,BOA TG,NULL,KAB,2026-02-28,0,2026-03-23 21:56:49.1681130 +00:00,S,M
25860,BOA TG,NULL,BAG,2026-02-28,33,2026-03-23 21:56:49.1681130 +00:00,S,M
25861,BOA TG,NULL,SAE,2026-02-28,7,2026-03-23 21:56:49.1681130 +00:00,S,M
25862,BOA TG,NULL,aME,2026-02-28,0,2026-03-23 21:56:49.1681130 +00:00,S,M
25863,BOA TG,NULL,NAH,2026-02-28,36,2026-03-23 21:56:49.1681130 +00:00,S,M
25864,BOA TG,NULL,TCK,2026-02-28,100,2026-03-23 21:56:49.1681130 +00:00,S,M
25865,BOA TG,NULL,AMK,2026-02-28,0,2026-03-23 21:56:49.1681130 +00:00,S,M
25866,BOA TG,NULL,LKE,2026-02-28,0,2026-03-23 21:56:49.1681130 +00:00,S,M
25867,BOA TG,NULL,TKM,2026-02-28,25,2026-03-23 21:56:49.1681130 +00:00,S,M
25868,BOA TG,NULL,KKP,2026-02-28,0,2026-03-23 21:56:49.1681130 +00:00,S,M
25869,BOA CI,NULL,4I,2026-02-28,100,2026-03-23 21:56:49.2092170 +00:00,F,P
25870,BOA CI,NULL,AKL,2026-02-28,100,2026-03-23 21:56:49.2092170 +00:00,F,P
25871,BOA CI,NULL,AKO,2026-02-28,100,2026-03-23 21:56:49.2092170 +00:00,F,P
25872,BOA CI,NULL,AKV,2026-02-28,100,2026-03-23 21:56:49.2092170 +00:00,F,P
25873,BOA CI,NULL,ST,2026-02-28,100,2026-03-23 21:56:49.2092170 +00:00,F,P
25874,BOA CI,NULL,BAA,2026-02-28,90,2026-03-23 21:56:49.2092170 +00:00,F,P
25875,BOA CI,NULL,LM,2026-02-28,100,2026-03-23 21:56:49.2092170 +00:00,F,P
25876,BOA CI,NULL,SZ,2026-02-28,100,2026-03-23 21:56:49.2092170 +00:00,F,P
25877,BOA CI,NULL,D3,2026-02-28,90,2026-03-23 21:56:49.2092170 +00:00,F,P
25878,BOA CI,NULL,AY,2026-02-28,100,2026-03-23 21:56:49.2092170 +00:00,F,P
25879,BOA CI,NULL,WN,2026-02-28,100,2026-03-23 21:56:49.2092170 +00:00,F,P
25880,BOA CI,NULL,CV,2026-02-28,100,2026-03-23 21:56:49.2092170 +00:00,F,P
25881,BOA CI,NULL,BW,2026-02-28,100,2026-03-23 21:56:49.2092170 +00:00,F,P
25882,BOA CI,NULL,J6,2026-02-28,100,2026-03-23 21:56:49.2092170 +00:00,F,P
25883,BOA CI,NULL,ARV,2026-02-28,100,2026-03-23 21:56:49.2092170 +00:00,F,P
25884,BOA CI,NULL,AVZ,2026-02-28,100,2026-03-23 21:56:49.2092170 +00:00,F,P
25885,BOA CI,NULL,CH,2026-02-28,100,2026-03-23 21:56:49.2092170 +00:00,F,P
25886,BOA CI,NULL,0A,2026-02-28,100,2026-03-23 21:56:49.2092170 +00:00,F,P
25887,BOA CI,NULL,BBN,2026-02-28,100,2026-03-23 21:56:49.2092170 +00:00,F,P
25888,BOA CI,NULL,AYF,2026-02-28,100,2026-03-23 21:56:49.2092170 +00:00,F,P
25889,BOA CI,NULL,15,2026-02-28,98,2026-03-23 21:56:49.2092170 +00:00,F,P
25890,BOA CI,NULL,9R,2026-02-28,100,2026-03-23 21:56:49.2092170 +00:00,F,P
25891,BOA CI,NULL,HM,2026-02-28,100,2026-03-23 21:56:49.2092170 +00:00,F,P
25892,BOA CI,NULL,4R,2026-02-28,100,2026-03-23 21:56:49.2092170 +00:00,F,P
25893,BOA CI,NULL,ASC,2026-02-28,100,2026-03-23 21:56:49.2092170 +00:00,F,P
25894,BOA CI,NULL,LL,2026-02-28,66,2026-03-23 21:56:49.2092170 +00:00,F,P
25895,BOA CI,NULL,BAY,2026-02-28,100,2026-03-23 21:56:49.2092170 +00:00,F,P
25896,BOA CI,NULL,IA,2026-02-28,100,2026-03-23 21:56:49.2092170 +00:00,F,P
25897,BOA CI,NULL,S3,2026-02-28,100,2026-03-23 21:56:49.2092170 +00:00,F,P
25898,BOA CI,NULL,BBO,2026-02-28,100,2026-03-23 21:56:49.2092170 +00:00,F,P
25899,BOA CI,NULL,NI,2026-02-28,100,2026-03-23 21:56:49.2092170 +00:00,F,P
25900,BOA CI,NULL,F0,2026-02-28,100,2026-03-23 21:56:49.2092170 +00:00,F,P
25901,BOA CI,NULL,UN,2026-02-28,93,2026-03-23 21:56:49.2092170 +00:00,F,P
25902,BOA CI,NULL,0Y,2026-02-28,94,2026-03-23 21:56:49.2092170 +00:00,F,P
25903,BOA CI,NULL,APH,2026-02-28,93,2026-03-23 21:56:49.2092170 +00:00,F,P
25904,BOA CI,NULL,ADI,2026-02-28,97,2026-03-23 21:56:49.2092170 +00:00,F,P
25905,BOA CI,NULL,UC,2026-02-28,96,2026-03-23 21:56:49.2092170 +00:00,F,P
25906,BOA CI,NULL,AYZ,2026-02-28,100,2026-03-23 21:56:49.2092170 +00:00,F,P
25907,BOA CI,NULL,L4,2026-02-28,100,2026-03-23 21:56:49.2092170 +00:00,F,P
25908,BOA CI,NULL,ABS,2026-02-28,100,2026-03-23 21:56:49.2092170 +00:00,F,P
25909,BOA CI,NULL,AKG,2026-02-28,100,2026-03-23 21:56:49.2102150 +00:00,F,P
25910,BOA CI,NULL,MZ,2026-02-28,100,2026-03-23 21:56:49.2102150 +00:00,F,P
25911,BOA CI,NULL,QA,2026-02-28,100,2026-03-23 21:56:49.2102150 +00:00,F,P
25912,BOA CI,NULL,7P,2026-02-28,100,2026-03-23 21:56:49.2102150 +00:00,F,P
25913,BOA CI,NULL,AYN,2026-02-28,100,2026-03-23 21:56:49.2102150 +00:00,F,P
25914,BOA CI,NULL,AYK,2026-02-28,100,2026-03-23 21:56:49.2102150 +00:00,F,P
25915,BOA CI,NULL,3D,2026-02-28,100,2026-03-23 21:56:49.2102150 +00:00,F,P
25916,BOA CI,NULL,BME,2026-02-28,100,2026-03-23 21:56:49.2102150 +00:00,F,P
25917,BOA CI,NULL,BMB,2026-02-28,97,2026-03-23 21:56:49.2102150 +00:00,F,P
25918,BOA CI,NULL,EB,2026-02-28,100,2026-03-23 21:56:49.2102150 +00:00,F,P
25919,BOA CI,NULL,9H,2026-02-28,97,2026-03-23 21:56:49.2102150 +00:00,F,P
25920,BOA CI,NULL,SG,2026-02-28,100,2026-03-23 21:56:49.2102150 +00:00,F,P
25921,BOA CI,NULL,7N,2026-02-28,95,2026-03-23 21:56:49.2102150 +00:00,F,P
25922,BOA CI,NULL,UH,2026-02-28,100,2026-03-23 21:56:49.2102150 +00:00,F,P
25923,BOA CI,NULL,0W,2026-02-28,100,2026-03-23 21:56:49.2102150 +00:00,F,P
25924,BOA CI,NULL,1C,2026-02-28,100,2026-03-23 21:56:49.2102150 +00:00,F,P
25925,BOA CI,NULL,74,2026-02-28,100,2026-03-23 21:56:49.2102150 +00:00,F,P
25926,BOA CI,NULL,UI,2026-02-28,100,2026-03-23 21:56:49.2102150 +00:00,F,P
25927,BOA CI,NULL,L2,2026-02-28,96,2026-03-23 21:56:49.2102150 +00:00,F,P
25928,BOA CI,NULL,2U,2026-02-28,100,2026-03-23 21:56:49.2102150 +00:00,F,P
25929,BOA CI,NULL,WZ,2026-02-28,100,2026-03-23 21:56:49.2102150 +00:00,F,P
25930,BOA CI,NULL,ADF,2026-02-28,100,2026-03-23 21:56:49.2102150 +00:00,F,P
25931,BOA CI,NULL,BHA,2026-02-28,94,2026-03-23 21:56:49.2102150 +00:00,F,P
25932,BOA CI,NULL,ACA,2026-02-28,100,2026-03-23 21:56:49.2102150 +00:00,F,P
25933,BOA CI,NULL,AXU,2026-02-28,100,2026-03-23 21:56:49.2102150 +00:00,F,P
25934,BOA CI,NULL,UA,2026-02-28,100,2026-03-23 21:56:49.2102150 +00:00,F,P
25935,BOA CI,NULL,7L,2026-02-28,100,2026-03-23 21:56:49.2102150 +00:00,F,P
25936,BOA CI,NULL,AT,2026-02-28,100,2026-03-23 21:56:49.2102150 +00:00,F,P
25937,BOA CI,NULL,MR,2026-02-28,66,2026-03-23 21:56:49.2102150 +00:00,F,P
25938,BOA CI,NULL,2F,2026-02-28,94,2026-03-23 21:56:49.2102150 +00:00,F,P
25939,BOA CI,NULL,7E,2026-02-28,100,2026-03-23 21:56:49.2102150 +00:00,F,P
25940,BOA CI,NULL,QJ,2026-02-28,100,2026-03-23 21:56:49.2102150 +00:00,F,P
25941,BOA CI,NULL,5N,2026-02-28,100,2026-03-23 21:56:49.2102150 +00:00,F,P
25942,BOA CI,NULL,AAY,2026-02-28,100,2026-03-23 21:56:49.2102150 +00:00,F,P
25943,BOA CI,NULL,DP,2026-02-28,100,2026-03-23 21:56:49.2102150 +00:00,F,P
25944,BOA CI,NULL,FE,2026-02-28,100,2026-03-23 21:56:49.2102150 +00:00,F,P
25945,BOA CI,NULL,IT,2026-02-28,100,2026-03-23 21:56:49.2102150 +00:00,F,P
25946,BOA CI,NULL,7D,2026-02-28,100,2026-03-23 21:56:49.2102150 +00:00,F,P
25947,BOA CI,NULL,ARI,2026-02-28,100,2026-03-23 21:56:49.2102150 +00:00,F,P
25948,BOA CI,NULL,PB,2026-02-28,100,2026-03-23 21:56:49.2102150 +00:00,F,P
25949,BOA CI,NULL,UY,2026-02-28,96,2026-03-23 21:56:49.2102150 +00:00,F,P
25950,BOA CI,NULL,ME,2026-02-28,100,2026-03-23 21:56:49.2102150 +00:00,F,P
25951,BOA CI,NULL,FG,2026-02-28,0,2026-03-23 21:56:49.2102150 +00:00,F,P
25952,BOA CI,NULL,6B,2026-02-28,50,2026-03-23 21:56:49.2102150 +00:00,F,M
25953,BOA CI,NULL,ADL,2026-02-28,100,2026-03-23 21:56:49.2102150 +00:00,F,M
25954,BOA CI,NULL,BAL,2026-02-28,50,2026-03-23 21:56:49.2102150 +00:00,F,M
25955,BOA CI,NULL,APW,2026-02-28,100,2026-03-23 21:56:49.2102150 +00:00,F,M
25956,BOA CI,NULL,M1,2026-02-28,0,2026-03-23 21:56:49.2102150 +00:00,F,M
25957,BOA CI,NULL,17,2026-02-28,100,2026-03-23 21:56:49.2102150 +00:00,F,M
25958,BOA CI,NULL,5L,2026-02-28,100,2026-03-23 21:56:49.2102150 +00:00,F,M
25959,BOA CI,NULL,KA,2026-02-28,100,2026-03-23 21:56:49.2102150 +00:00,F,M
25960,BOA CI,NULL,E8,2026-02-28,100,2026-03-23 21:56:49.2102150 +00:00,F,M
25961,BOA CI,NULL,88,2026-02-28,100,2026-03-23 21:56:49.2102150 +00:00,F,M
25962,BOA CI,NULL,AYS,2026-02-28,100,2026-03-23 21:56:49.2102150 +00:00,F,M
25963,BOA CI,NULL,ADZ,2026-02-28,66,2026-03-23 21:56:49.2102150 +00:00,F,M
25964,BOA CI,NULL,JI,2026-02-28,100,2026-03-23 21:56:49.2102150 +00:00,F,M
25965,BOA CI,NULL,0Q,2026-02-28,0,2026-03-23 21:56:49.2102150 +00:00,F,M
25966,BOA CI,NULL,AWZ,2026-02-28,100,2026-03-23 21:56:49.2102150 +00:00,F,M
25967,BOA CI,NULL,KJ,2026-02-28,100,2026-03-23 21:56:49.2102150 +00:00,F,M
25968,BOA CI,NULL,9T,2026-02-28,100,2026-03-23 21:56:49.2102150 +00:00,F,M
25969,BOA CI,NULL,AJX,2026-02-28,0,2026-03-23 21:56:49.2102150 +00:00,F,M
25970,BOA CI,NULL,BFX,2026-02-28,100,2026-03-23 21:56:49.2102150 +00:00,F,M
25971,BOA CI,NULL,DS,2026-02-28,100,2026-03-23 21:56:49.2102150 +00:00,F,M
25972,BOA CI,NULL,C8,2026-02-28,77,2026-03-23 21:56:49.2102150 +00:00,S,P
25973,BOA CI,NULL,KC,2026-02-28,56,2026-03-23 21:56:49.2102150 +00:00,S,P
25974,BOA CI,NULL,13,2026-02-28,17,2026-03-23 21:56:49.2102150 +00:00,S,P
25975,BOA CI,NULL,4Y,2026-02-28,50,2026-03-23 21:56:49.2102150 +00:00,S,P
25976,BOA CI,NULL,4i,2026-02-28,100,2026-03-23 21:56:49.2102150 +00:00,S,P
25977,BOA CI,NULL,5W,2026-02-28,50,2026-03-23 21:56:49.2102150 +00:00,S,P
25978,BOA CI,NULL,7Q,2026-02-28,0,2026-03-23 21:56:49.2102150 +00:00,S,P
25979,BOA CI,NULL,84,2026-02-28,84,2026-03-23 21:56:49.2102150 +00:00,S,P
25980,BOA CI,NULL,ADE,2026-02-28,34,2026-03-23 21:56:49.2102150 +00:00,S,P
25981,BOA CI,NULL,AM,2026-02-28,0,2026-03-23 21:56:49.2112120 +00:00,S,P
25982,BOA CI,NULL,ASA,2026-02-28,85,2026-03-23 21:56:49.2112120 +00:00,S,P
25983,BOA CI,NULL,ASD,2026-02-28,76,2026-03-23 21:56:49.2112120 +00:00,S,P
25984,BOA CI,NULL,BHQ,2026-02-28,100,2026-03-23 21:56:49.2112120 +00:00,S,P
25985,BOA CI,NULL,BQ,2026-02-28,52,2026-03-23 21:56:49.2112120 +00:00,S,P
25986,BOA CI,NULL,CT,2026-02-28,70,2026-03-23 21:56:49.2112120 +00:00,S,P
25987,BOA CI,NULL,E2,2026-02-28,0,2026-03-23 21:56:49.2112120 +00:00,S,P
25988,BOA CI,NULL,F2,2026-02-28,100,2026-03-23 21:56:49.2112120 +00:00,S,P
25989,BOA CI,NULL,FV,2026-02-28,26,2026-03-23 21:56:49.2112120 +00:00,S,P
25990,BOA CI,NULL,G5,2026-02-28,100,2026-03-23 21:56:49.2112120 +00:00,S,P
25991,BOA CI,NULL,GA,2026-02-28,0,2026-03-23 21:56:49.2112120 +00:00,S,P
25992,BOA CI,NULL,GD,2026-02-28,7,2026-03-23 21:56:49.2112120 +00:00,S,P
25993,BOA CI,NULL,GI,2026-02-28,100,2026-03-23 21:56:49.2112120 +00:00,S,P
25994,BOA CI,NULL,HD,2026-02-28,100,2026-03-23 21:56:49.2112120 +00:00,S,P
25995,BOA CI,NULL,HI,2026-02-28,33,2026-03-23 21:56:49.2112120 +00:00,S,P
25996,BOA CI,NULL,HJ,2026-02-28,87,2026-03-23 21:56:49.2112120 +00:00,S,P
25997,BOA CI,NULL,HK,2026-02-28,75,2026-03-23 21:56:49.2823480 +00:00,S,P
25998,BOA CI,NULL,HX,2026-02-28,83,2026-03-23 21:56:49.2823480 +00:00,S,P
25999,BOA CI,NULL,J9,2026-02-28,88,2026-03-23 21:56:49.2823480 +00:00,S,P
26000,BOA CI,NULL,JB,2026-02-28,0,2026-03-23 21:56:49.2823480 +00:00,S,P
26001,BOA CI,NULL,K2,2026-02-28,36,2026-03-23 21:56:49.2823480 +00:00,S,P
26002,BOA CI,NULL,L6,2026-02-28,88,2026-03-23 21:56:49.2823480 +00:00,S,P
26003,BOA CI,NULL,LU,2026-02-28,100,2026-03-23 21:56:49.2823480 +00:00,S,P
26004,BOA CI,NULL,MK,2026-02-28,100,2026-03-23 21:56:49.2823480 +00:00,S,P
26005,BOA CI,NULL,NH,2026-02-28,89,2026-03-23 21:56:49.2823480 +00:00,S,P
26006,BOA CI,NULL,NK,2026-02-28,21,2026-03-23 21:56:49.2823480 +00:00,S,P
26007,BOA CI,NULL,NW,2026-02-28,100,2026-03-23 21:56:49.2823480 +00:00,S,P
26008,BOA CI,NULL,O9,2026-02-28,97,2026-03-23 21:56:49.2823480 +00:00,S,P
26009,BOA CI,NULL,PA,2026-02-28,90,2026-03-23 21:56:49.2823480 +00:00,S,P
26010,BOA CI,NULL,PT,2026-02-28,75,2026-03-23 21:56:49.2823480 +00:00,S,P
26011,BOA CI,NULL,QN,2026-02-28,82,2026-03-23 21:56:49.2823480 +00:00,S,P
26012,BOA CI,NULL,S7,2026-02-28,79,2026-03-23 21:56:49.2823480 +00:00,S,P
26013,BOA CI,NULL,V9,2026-02-28,94,2026-03-23 21:56:49.2823480 +00:00,S,P
26014,BOA CI,NULL,WA,2026-02-28,81,2026-03-23 21:56:49.2823480 +00:00,S,P
26015,BOA CI,NULL,WB,2026-02-28,77,2026-03-23 21:56:49.2823480 +00:00,S,P
26016,BOA CI,NULL,53,2026-02-28,85,2026-03-23 21:56:49.2823480 +00:00,S,P
26017,BOA CI,NULL,6N,2026-02-28,100,2026-03-23 21:56:49.2823480 +00:00,S,P
26018,BOA CI,NULL,A2,2026-02-28,100,2026-03-23 21:56:49.2823480 +00:00,S,P
26019,BOA CI,NULL,AYB,2026-02-28,80,2026-03-23 21:56:49.2823480 +00:00,S,P
26020,BOA CI,NULL,BA,2026-02-28,100,2026-03-23 21:56:49.2823480 +00:00,S,P
26021,BOA CI,NULL,BBA,2026-02-28,100,2026-03-23 21:56:49.2823480 +00:00,S,P
26022,BOA CI,NULL,EX,2026-02-28,0,2026-03-23 21:56:49.2823480 +00:00,S,P
26023,BOA CI,NULL,KH,2026-02-28,72,2026-03-23 21:56:49.2823480 +00:00,S,P
26024,BOA CI,NULL,4O,2026-02-28,100,2026-03-23 21:56:49.2823480 +00:00,S,P
26025,BOA CI,NULL,U0,2026-02-28,100,2026-03-23 21:56:49.2823480 +00:00,S,P
26026,BOA CI,NULL,8N,2026-02-28,92,2026-03-23 21:56:49.2823480 +00:00,S,P
26027,BOA CI,NULL,8n,2026-02-28,0,2026-03-23 21:56:49.2823480 +00:00,S,P
26028,BOA CI,NULL,JU,2026-02-28,91,2026-03-23 21:56:49.2823480 +00:00,S,P
26029,BOA CI,NULL,8K,2026-02-28,50,2026-03-23 21:56:49.2823480 +00:00,S,P
26030,BOA CI,NULL,BDJ,2026-02-28,100,2026-03-23 21:56:49.2823480 +00:00,S,P
26031,BOA CI,NULL,MS,2026-02-28,83,2026-03-23 21:56:49.2823480 +00:00,S,P
26032,BOA CI,NULL,5A,2026-02-28,72,2026-03-23 21:56:49.2823480 +00:00,S,P
26033,BOA CI,NULL,AR,2026-02-28,100,2026-03-23 21:56:49.2823480 +00:00,S,P
26034,BOA CI,NULL,B2,2026-02-28,87,2026-03-23 21:56:49.2823480 +00:00,S,P
26035,BOA CI,NULL,J3,2026-02-28,89,2026-03-23 21:56:49.2823480 +00:00,S,P
26036,BOA CI,NULL,0U,2026-02-28,91,2026-03-23 21:56:49.2823480 +00:00,S,P
26037,BOA CI,NULL,FO,2026-02-28,100,2026-03-23 21:56:49.2823480 +00:00,S,P
26038,BOA CI,NULL,NM,2026-02-28,75,2026-03-23 21:56:49.2823480 +00:00,S,P
26039,BOA CI,NULL,T2,2026-02-28,92,2026-03-23 21:56:49.2823480 +00:00,S,P
26040,BOA CI,NULL,F8,2026-02-28,81,2026-03-23 21:56:49.2823480 +00:00,S,P
26041,BOA CI,NULL,KB,2026-02-28,100,2026-03-23 21:56:49.2823480 +00:00,S,P
26042,BOA CI,NULL,AET,2026-02-28,90,2026-03-23 21:56:49.2823480 +00:00,S,P
26043,BOA CI,NULL,IS,2026-02-28,57,2026-03-23 21:56:49.2823480 +00:00,S,P
26044,BOA CI,NULL,KM,2026-02-28,100,2026-03-23 21:56:49.2823480 +00:00,S,P
26045,BOA CI,NULL,NF,2026-02-28,100,2026-03-23 21:56:49.2823480 +00:00,S,P
26046,BOA CI,NULL,6L,2026-02-28,3,2026-03-23 21:56:49.2823480 +00:00,S,P
26047,BOA CI,NULL,9O,2026-02-28,14,2026-03-23 21:56:49.2823480 +00:00,S,P
26048,BOA CI,NULL,DK,2026-02-28,2,2026-03-23 21:56:49.2823480 +00:00,S,P
26049,BOA CI,NULL,I7,2026-02-28,1,2026-03-23 21:56:49.2823480 +00:00,S,P
26050,BOA CI,NULL,RJ,2026-02-28,0,2026-03-23 21:56:49.2823480 +00:00,S,P
26051,BOA CI,NULL,TH,2026-02-28,14,2026-03-23 21:56:49.2823480 +00:00,S,P
26052,BOA CI,NULL,SY,2026-02-28,79,2026-03-23 21:56:49.2823480 +00:00,S,P
26053,BOA CI,NULL,0X,2026-02-28,80,2026-03-23 21:56:49.2823480 +00:00,S,P
26054,BOA CI,NULL,0x,2026-02-28,100,2026-03-23 21:56:49.2823480 +00:00,S,P
26055,BOA CI,NULL,71,2026-02-28,100,2026-03-23 21:56:49.2823480 +00:00,S,P
26056,BOA CI,NULL,EA,2026-02-28,22,2026-03-23 21:56:49.2823480 +00:00,S,P
26057,BOA CI,NULL,WH,2026-02-28,77,2026-03-23 21:56:49.2823480 +00:00,S,P
26058,BOA CI,NULL,WX,2026-02-28,0,2026-03-23 21:56:49.2823480 +00:00,S,P
26059,BOA CI,NULL,ATA,2026-02-28,83,2026-03-23 21:56:49.2823480 +00:00,S,P
26060,BOA CI,NULL,I2,2026-02-28,88,2026-03-23 21:56:49.2823480 +00:00,S,P
26061,BOA CI,NULL,ATU,2026-02-28,75,2026-03-23 21:56:49.2823480 +00:00,S,P
26062,BOA CI,NULL,AYV,2026-02-28,100,2026-03-23 21:56:49.2833680 +00:00,S,P
26063,BOA CI,NULL,BV,2026-02-28,100,2026-03-23 21:56:49.2833680 +00:00,S,P
26064,BOA CI,NULL,E9,2026-02-28,100,2026-03-23 21:56:49.2833680 +00:00,S,P
26065,BOA CI,NULL,VB,2026-02-28,95,2026-03-23 21:56:49.2833680 +00:00,S,P
26066,BOA CI,NULL,KZ,2026-02-28,96,2026-03-23 21:56:49.2833680 +00:00,S,P
26067,BOA CI,NULL,BHJ,2026-02-28,100,2026-03-23 21:56:49.2833680 +00:00,S,P
26068,BOA CI,NULL,AKH,2026-02-28,100,2026-03-23 21:56:49.2833680 +00:00,S,P
26069,BOA CI,NULL,HKG,2026-02-28,100,2026-03-23 21:56:49.2833680 +00:00,S,P
26070,BOA CI,NULL,K1,2026-02-28,100,2026-03-23 21:56:49.2833680 +00:00,S,P
26071,BOA CI,NULL,O4,2026-02-28,100,2026-03-23 21:56:49.2833680 +00:00,S,P
26072,BOA CI,NULL,SD,2026-02-28,93,2026-03-23 21:56:49.2833680 +00:00,S,P
26073,BOA CI,NULL,2G,2026-02-28,81,2026-03-23 21:56:49.2833680 +00:00,S,P
26074,BOA CI,NULL,AKY,2026-02-28,100,2026-03-23 21:56:49.2833680 +00:00,S,P
26075,BOA CI,NULL,IM,2026-02-28,80,2026-03-23 21:56:49.2833680 +00:00,S,P
26076,BOA CI,NULL,PX,2026-02-28,100,2026-03-23 21:56:49.2833680 +00:00,S,P
26077,BOA CI,NULL,IB,2026-02-28,57,2026-03-23 21:56:49.2833680 +00:00,S,P
26078,BOA CI,NULL,AVS,2026-02-28,100,2026-03-23 21:56:49.2833680 +00:00,S,P
26079,BOA CI,NULL,SN,2026-02-28,100,2026-03-23 21:56:49.2833680 +00:00,S,P
26080,BOA CI,NULL,9M,2026-02-28,91,2026-03-23 21:56:49.2833680 +00:00,S,P
26081,BOA CI,NULL,sg,2026-02-28,100,2026-03-23 21:56:49.2833680 +00:00,S,P
26082,BOA CI,NULL,9D,2026-02-28,89,2026-03-23 21:56:49.2833680 +00:00,S,P
26083,BOA CI,NULL,C5,2026-02-28,98,2026-03-23 21:56:49.2833680 +00:00,S,P
26084,BOA CI,NULL,IV,2026-02-28,50,2026-03-23 21:56:49.2833680 +00:00,S,P
26085,BOA CI,NULL,LV,2026-02-28,83,2026-03-23 21:56:49.2833680 +00:00,S,P
26086,BOA CI,NULL,IU,2026-02-28,100,2026-03-23 21:56:49.2833680 +00:00,S,P
26087,BOA CI,NULL,VU,2026-02-28,100,2026-03-23 21:56:49.2833680 +00:00,S,P
26088,BOA CI,NULL,BH,2026-02-28,100,2026-03-23 21:56:49.2833680 +00:00,S,P
26089,BOA CI,NULL,k2,2026-02-28,100,2026-03-23 21:56:49.2833680 +00:00,S,P
26090,BOA CI,NULL,AHL,2026-02-28,93,2026-03-23 21:56:49.2833680 +00:00,S,P
26091,BOA CI,NULL,KW,2026-02-28,100,2026-03-23 21:56:49.2833680 +00:00,S,P
26092,BOA CI,NULL,ALK,2026-02-28,83,2026-03-23 21:56:49.2833680 +00:00,S,P
26093,BOA CI,NULL,AOG,2026-02-28,87,2026-03-23 21:56:49.2833680 +00:00,S,P
26094,BOA CI,NULL,AZB,2026-02-28,93,2026-03-23 21:56:49.2833680 +00:00,S,P
26095,BOA CI,NULL,C7,2026-02-28,77,2026-03-23 21:56:49.2833680 +00:00,S,P
26096,BOA CI,NULL,TW,2026-02-28,100,2026-03-23 21:56:49.2833680 +00:00,S,P
26097,BOA CI,NULL,ARJ,2026-02-28,75,2026-03-23 21:56:49.2833680 +00:00,S,P
26098,BOA CI,NULL,3F,2026-02-28,100,2026-03-23 21:56:49.2833680 +00:00,S,P
26099,BOA CI,NULL,40,2026-02-28,100,2026-03-23 21:56:49.2833680 +00:00,S,P
26100,BOA CI,NULL,QG,2026-02-28,100,2026-03-23 21:56:49.2833680 +00:00,S,P
26101,BOA CI,NULL,8R,2026-02-28,70,2026-03-23 21:56:49.2833680 +00:00,S,P
26102,BOA CI,NULL,AFJ,2026-02-28,100,2026-03-23 21:56:49.2833680 +00:00,S,P
26103,BOA CI,NULL,BCL,2026-02-28,84,2026-03-23 21:56:49.2833680 +00:00,S,P
26104,BOA CI,NULL,F5,2026-02-28,74,2026-03-23 21:56:49.2833680 +00:00,S,P
26105,BOA CI,NULL,AWT,2026-02-28,100,2026-03-23 21:56:49.2833680 +00:00,S,P
26106,BOA CI,NULL,EH,2026-02-28,10,2026-03-23 21:56:49.2833680 +00:00,S,P
26107,BOA CI,NULL,ER,2026-02-28,95,2026-03-23 21:56:49.2833680 +00:00,S,P
26108,BOA CI,NULL,5I,2026-02-28,82,2026-03-23 21:56:49.2833680 +00:00,S,P
26109,BOA CI,NULL,LO,2026-02-28,80,2026-03-23 21:56:49.2833680 +00:00,S,P
26110,BOA CI,NULL,SV,2026-02-28,100,2026-03-23 21:56:49.2833680 +00:00,S,P
26111,BOA CI,NULL,28,2026-02-28,100,2026-03-23 21:56:49.2833680 +00:00,S,P
26112,BOA CI,NULL,2R,2026-02-28,0,2026-03-23 21:56:49.2833680 +00:00,S,P
26113,BOA CI,NULL,2S,2026-02-28,72,2026-03-23 21:56:49.2833680 +00:00,S,P
26114,BOA CI,NULL,2T,2026-02-28,97,2026-03-23 21:56:49.2833680 +00:00,S,P
26115,BOA CI,NULL,45,2026-02-28,0,2026-03-23 21:56:49.2833680 +00:00,S,P
26116,BOA CI,NULL,46,2026-02-28,0,2026-03-23 21:56:49.2833680 +00:00,S,P
26117,BOA CI,NULL,57,2026-02-28,70,2026-03-23 21:56:49.2833680 +00:00,S,P
26118,BOA CI,NULL,6S,2026-02-28,100,2026-03-23 21:56:49.2833680 +00:00,S,P
26119,BOA CI,NULL,6T,2026-02-28,100,2026-03-23 21:56:49.2833680 +00:00,S,P
26120,BOA CI,NULL,7H,2026-02-28,30,2026-03-23 21:56:49.2833680 +00:00,S,P
26121,BOA CI,NULL,91,2026-02-28,100,2026-03-23 21:56:49.2833680 +00:00,S,P
26122,BOA CI,NULL,99,2026-02-28,0,2026-03-23 21:56:49.2833680 +00:00,S,P
26123,BOA CI,NULL,AE,2026-02-28,100,2026-03-23 21:56:49.2833680 +00:00,S,P
26124,BOA CI,NULL,B6,2026-02-28,100,2026-03-23 21:56:49.2833680 +00:00,S,P
26125,BOA CI,NULL,FC,2026-02-28,75,2026-03-23 21:56:49.3505410 +00:00,S,P
26126,BOA CI,NULL,HQ,2026-02-28,60,2026-03-23 21:56:49.3605880 +00:00,S,P
26127,BOA CI,NULL,IN,2026-02-28,40,2026-03-23 21:56:49.3605880 +00:00,S,P
26128,BOA CI,NULL,JQ,2026-02-28,78,2026-03-23 21:56:49.3605880 +00:00,S,P
26129,BOA CI,NULL,KE,2026-02-28,82,2026-03-23 21:56:49.3605880 +00:00,S,P
26130,BOA CI,NULL,N6,2026-02-28,33,2026-03-23 21:56:49.3605880 +00:00,S,P
26131,BOA CI,NULL,PC,2026-02-28,12,2026-03-23 21:56:49.3605880 +00:00,S,P
26132,BOA CI,NULL,PG,2026-02-28,95,2026-03-23 21:56:49.3605880 +00:00,S,P
26133,BOA CI,NULL,PN,2026-02-28,100,2026-03-23 21:56:49.3605880 +00:00,S,P
26134,BOA CI,NULL,PR,2026-02-28,100,2026-03-23 21:56:49.3605880 +00:00,S,P
26135,BOA CI,NULL,PW,2026-02-28,100,2026-03-23 21:56:49.3605880 +00:00,S,P
26136,BOA CI,NULL,T7,2026-02-28,66,2026-03-23 21:56:49.3605880 +00:00,S,P
26137,BOA CI,NULL,Z3,2026-02-28,98,2026-03-23 21:56:49.3605880 +00:00,S,P
26138,BOA CI,NULL,F6,2026-02-28,0,2026-03-23 21:56:49.3605880 +00:00,S,M
26139,BOA CI,NULL,FA,2026-02-28,0,2026-03-23 21:56:49.3605880 +00:00,S,M
26140,BOA CI,NULL,HA,2026-02-28,0,2026-03-23 21:56:49.3605880 +00:00,S,M
26141,BOA CI,NULL,UR,2026-02-28,0,2026-03-23 21:56:49.3605880 +00:00,S,M
26142,BOA CI,NULL,AXA,2026-02-28,57,2026-03-23 21:56:49.3605880 +00:00,S,M
26143,BOA CI,NULL,AXB,2026-02-28,64,2026-03-23 21:56:49.3605880 +00:00,S,M
26144,BOA CI,NULL,AXN,2026-02-28,55,2026-03-23 21:56:49.3605880 +00:00,S,M
26145,BOA CI,NULL,DA,2026-02-28,0,2026-03-23 21:56:49.3605880 +00:00,S,M
26146,BOA CI,NULL,E1,2026-02-28,0,2026-03-23 21:56:49.3605880 +00:00,S,M
26147,BOA CI,NULL,E6,2026-02-28,0,2026-03-23 21:56:49.3605880 +00:00,S,M
26148,BOA CI,NULL,GC,2026-02-28,0,2026-03-23 21:56:49.3605880 +00:00,S,M
26149,BOA CI,NULL,MG,2026-02-28,0,2026-03-23 21:56:49.3605880 +00:00,S,M
26150,BOA CI,NULL,PL,2026-02-28,0,2026-03-23 21:56:49.3605880 +00:00,S,M
26151,BOA CI,NULL,S5,2026-02-28,50,2026-03-23 21:56:49.3605880 +00:00,S,M
26152,BOA CI,NULL,ZB,2026-02-28,0,2026-03-23 21:56:49.3605880 +00:00,S,M
26153,BOA CI,NULL,AXJ,2026-02-28,50,2026-03-23 21:56:49.3605880 +00:00,S,M
26154,BOA CI,NULL,BMQ,2026-02-28,25,2026-03-23 21:56:49.3605880 +00:00,S,M
26155,BOA CI,NULL,AXO,2026-02-28,0,2026-03-23 21:56:49.3605880 +00:00,S,M
26156,BOA CI,NULL,XB,2026-02-28,11,2026-03-23 21:56:49.3605880 +00:00,S,M
26157,BOA CI,NULL,ASW,2026-02-28,33,2026-03-23 21:56:49.3605880 +00:00,S,M
26158,BOA CI,NULL,9J,2026-02-28,100,2026-03-23 21:56:49.3605880 +00:00,S,M
26159,BOA CI,NULL,V3,2026-02-28,100,2026-03-23 21:56:49.3605880 +00:00,S,M
26160,BOA CI,NULL,KY,2026-02-28,100,2026-03-23 21:56:49.3605880 +00:00,S,M
26161,BOA CI,NULL,ZG,2026-02-28,100,2026-03-23 21:56:49.3605880 +00:00,S,M
26162,BOA CI,NULL,AML,2026-02-28,100,2026-03-23 21:56:49.3605880 +00:00,S,M
26163,BOA CI,NULL,AND,2026-02-28,70,2026-03-23 21:56:49.3605880 +00:00,S,M
26164,BOA CI,NULL,D5,2026-02-28,100,2026-03-23 21:56:49.3605880 +00:00,S,M
26165,BOA CI,NULL,CU,2026-02-28,40,2026-03-23 21:56:49.3605880 +00:00,S,M
26166,BOA RDC,NULL,3R,2026-02-28,91,2026-03-23 21:56:49.3918690 +00:00,F,P
26167,BOA RDC,NULL,3X,2026-02-28,87,2026-03-23 21:56:49.3918690 +00:00,F,P
26168,BOA RDC,NULL,5G,2026-02-28,83,2026-03-23 21:56:49.3918690 +00:00,F,P
26169,BOA RDC,NULL,RM,2026-02-28,0,2026-03-23 21:56:49.3918690 +00:00,F,M
26170,BOA RDC,NULL,F4,2026-02-28,0,2026-03-23 21:56:49.3918690 +00:00,F,M
26171,BOA RDC,NULL,0P,2026-02-28,0,2026-03-23 21:56:49.3918690 +00:00,F,M
26172,BOA RDC,NULL,EM,2026-02-28,0,2026-03-23 21:56:49.3918690 +00:00,F,M
26173,BOA RDC,NULL,22,2026-02-28,0,2026-03-23 21:56:49.3918690 +00:00,F,M
26174,BOA RDC,NULL,UH,2026-02-28,0,2026-03-23 21:56:49.3918690 +00:00,F,M
26175,BOA RDC,NULL,CW,2026-02-28,0,2026-03-23 21:56:49.3918690 +00:00,F,M
26176,BOA RDC,NULL,NE,2026-02-28,66,2026-03-23 21:56:49.3918690 +00:00,F,M
26177,BOA RDC,NULL,VO,2026-02-28,0,2026-03-23 21:56:49.3918690 +00:00,F,M
26178,BOA RDC,NULL,E1,2026-02-28,0,2026-03-23 21:56:49.3918690 +00:00,F,M
26179,BOA RDC,NULL,EC,2026-02-28,0,2026-03-23 21:56:49.3918690 +00:00,F,M
26180,BOA RDC,NULL,FN,2026-02-28,0,2026-03-23 21:56:49.3918690 +00:00,F,M
26181,BOA RDC,NULL,RF,2026-02-28,0,2026-03-23 21:56:49.3918690 +00:00,F,M
26182,BOA RDC,NULL,K7,2026-02-28,33,2026-03-23 21:56:49.3918690 +00:00,F,M
26183,BOA RDC,NULL,SY,2026-02-28,0,2026-03-23 21:56:49.3918690 +00:00,F,M
26184,BOA RDC,NULL,45,2026-02-28,2,2026-03-23 21:56:49.3918690 +00:00,S,P
26185,BOA RDC,NULL,5N,2026-02-28,0,2026-03-23 21:56:49.3918690 +00:00,S,P
26186,BOA RDC,NULL,60,2026-02-28,0,2026-03-23 21:56:49.3918690 +00:00,S,P
26187,BOA RDC,NULL,AF,2026-02-28,0,2026-03-23 21:56:49.3918690 +00:00,S,P
26188,BOA RDC,NULL,AO,2026-02-28,0,2026-03-23 21:56:49.3918690 +00:00,S,P
26189,BOA RDC,NULL,BE,2026-02-28,0,2026-03-23 21:56:49.3918690 +00:00,S,P
26190,BOA RDC,NULL,BO,2026-02-28,0,2026-03-23 21:56:49.3918690 +00:00,S,P
26191,BOA RDC,NULL,BR,2026-02-28,0,2026-03-23 21:56:49.3918690 +00:00,S,P
26192,BOA RDC,NULL,C1,2026-02-28,0,2026-03-23 21:56:49.3918690 +00:00,S,P
26193,BOA RDC,NULL,DL,2026-02-28,1,2026-03-23 21:56:49.3918690 +00:00,S,P
26194,BOA RDC,NULL,DN,2026-02-28,0,2026-03-23 21:56:49.3918690 +00:00,S,P
26195,BOA RDC,NULL,DQ,2026-02-28,0,2026-03-23 21:56:49.3918690 +00:00,S,P
26196,BOA RDC,NULL,EN,2026-02-28,0,2026-03-23 21:56:49.3918690 +00:00,S,P
26197,BOA RDC,NULL,GM,2026-02-28,22,2026-03-23 21:56:49.3918690 +00:00,S,P
26198,BOA RDC,NULL,GP,2026-02-28,0,2026-03-23 21:56:49.3918690 +00:00,S,P
26199,BOA RDC,NULL,HN,2026-02-28,2,2026-03-23 21:56:49.3918690 +00:00,S,P
26200,BOA RDC,NULL,HR,2026-02-28,0,2026-03-23 21:56:49.3918690 +00:00,S,P
26201,BOA RDC,NULL,JO,2026-02-28,0,2026-03-23 21:56:49.3918690 +00:00,S,P
26202,BOA RDC,NULL,JT,2026-02-28,12,2026-03-23 21:56:49.3918690 +00:00,S,P
26203,BOA RDC,NULL,K5,2026-02-28,0,2026-03-23 21:56:49.3918690 +00:00,S,P
26204,BOA RDC,NULL,KC,2026-02-28,0,2026-03-23 21:56:49.3918690 +00:00,S,P
26205,BOA RDC,NULL,KZ,2026-02-28,0,2026-03-23 21:56:49.3918690 +00:00,S,P
26206,BOA RDC,NULL,ML,2026-02-28,50,2026-03-23 21:56:49.3918690 +00:00,S,P
26207,BOA RDC,NULL,N2,2026-02-28,0,2026-03-23 21:56:49.3918690 +00:00,S,P
26208,BOA RDC,NULL,NP,2026-02-28,0,2026-03-23 21:56:49.3918690 +00:00,S,P
26209,BOA RDC,NULL,OT,2026-02-28,0,2026-03-23 21:56:49.3918690 +00:00,S,P
26210,BOA RDC,NULL,PK,2026-02-28,0,2026-03-23 21:56:49.3918690 +00:00,S,P
26211,BOA RDC,NULL,R8,2026-02-28,7,2026-03-23 21:56:49.3918690 +00:00,S,P
26212,BOA RDC,NULL,BL,2026-02-28,0,2026-03-23 21:56:49.3918690 +00:00,S,M
26213,BOA RDC,NULL,B7,2026-02-28,0,2026-03-23 21:56:49.3918690 +00:00,S,M
26214,BOA RDC,NULL,IL,2026-02-28,0,2026-03-23 21:56:49.3918690 +00:00,S,M
26215,BOA RDC,NULL,RQ,2026-02-28,13,2026-03-23 21:56:49.3918690 +00:00,S,M
26216,BOA RDC,NULL,RR,2026-02-28,0,2026-03-23 21:56:49.3918690 +00:00,S,M
26217,BOA RDC,NULL,SA,2026-02-28,0,2026-03-23 21:56:49.3918690 +00:00,S,M
26218,BOA RDC,NULL,UM,2026-02-28,0,2026-03-23 21:56:49.3918690 +00:00,S,M
26219,BOA RDC,NULL,G7,2026-02-28,0,2026-03-23 21:56:49.3918690 +00:00,S,M
26220,BOA RDC,NULL,NM,2026-02-28,2,2026-03-23 21:56:49.3918690 +00:00,S,M
26221,BOA RDC,NULL,S1,2026-02-28,0,2026-03-23 21:56:49.3918690 +00:00,S,M
26222,BOA RDC,NULL,SB,2026-02-28,0,2026-03-23 21:56:49.3918690 +00:00,S,M
26223,BOA RDC,NULL,7N,2026-02-28,0,2026-03-23 21:56:49.3918690 +00:00,S,M
26224,BOA RDC,NULL,ED,2026-02-28,0,2026-03-23 21:56:49.3918690 +00:00,S,M
26225,BOA RDC,NULL,LS,2026-02-28,0,2026-03-23 21:56:49.3918690 +00:00,S,M
26226,BOA RDC,NULL,ZY,2026-02-28,0,2026-03-23 21:56:49.3918690 +00:00,S,M
26227,BOA RDC,NULL,5D,2026-02-28,0,2026-03-23 21:56:49.3918690 +00:00,S,M
26228,BOA RDC,NULL,BS,2026-02-28,0,2026-03-23 21:56:49.3918690 +00:00,S,M
26229,BOA RDC,NULL,4B,2026-02-28,0,2026-03-23 21:56:49.3918690 +00:00,S,M
26230,BOA RDC,NULL,EL,2026-02-28,0,2026-03-23 21:56:49.3918690 +00:00,S,M
26231,BOA RDC,NULL,PL,2026-02-28,0,2026-03-23 21:56:49.3918690 +00:00,S,M
26232,BOA RDC,NULL,SP,2026-02-28,0,2026-03-23 21:56:49.3918690 +00:00,S,M
26233,BOA RDC,NULL,YK,2026-02-28,0,2026-03-23 21:56:49.3918690 +00:00,S,M
26234,BOA RDC,NULL,CN,2026-02-28,36,2026-03-23 21:56:49.3918690 +00:00,S,M
26235,BOA RDC,NULL,GK,2026-02-28,5,2026-03-23 21:56:49.3918690 +00:00,S,M
26236,BOA RDC,NULL,KW,2026-02-28,1,2026-03-23 21:56:49.3918690 +00:00,S,M
26237,BOA RDC,NULL,YI,2026-02-28,0,2026-03-23 21:56:49.3918690 +00:00,S,M
26238,BOA RDC,NULL,EZ,2026-02-28,0,2026-03-23 21:56:49.3918690 +00:00,S,M
26239,BOA RDC,NULL,JL,2026-02-28,0,2026-03-23 21:56:49.3918690 +00:00,S,M
26240,BOA RDC,NULL,MU,2026-02-28,0,2026-03-23 21:56:49.3918690 +00:00,S,M
26241,BOA RDC,NULL,VL,2026-02-28,0,2026-03-23 21:56:49.3918690 +00:00,S,M
26242,BOA RDC,NULL,YU,2026-02-28,0,2026-03-23 21:56:49.3918690 +00:00,S,M
26243,BOA RDC,NULL,10,2026-02-28,0,2026-03-23 21:56:49.3918690 +00:00,S,M
26244,BOA RDC,NULL,KR,2026-02-28,0,2026-03-23 21:56:49.3918690 +00:00,S,M
26245,BOA RDC,NULL,OU,2026-02-28,6,2026-03-23 21:56:49.3918690 +00:00,S,M
26246,BOA RDC,NULL,PS,2026-02-28,0,2026-03-23 21:56:49.3918690 +00:00,S,M
26247,BOA RDC,NULL,5Y,2026-02-28,0,2026-03-23 21:56:49.3918690 +00:00,S,M
26248,BOA RDC,NULL,81,2026-02-28,0,2026-03-23 21:56:49.3918690 +00:00,S,M
26249,BOA RDC,NULL,F7,2026-02-28,0,2026-03-23 21:56:49.3918690 +00:00,S,M
26250,BOA RDC,NULL,1H,2026-02-28,0,2026-03-23 21:56:49.3918690 +00:00,S,M
26251,BOA RDC,NULL,68,2026-02-28,0,2026-03-23 21:56:49.3918690 +00:00,S,M
26252,BOA RDC,NULL,7H,2026-02-28,0,2026-03-23 21:56:49.3918690 +00:00,S,M
26253,BOA MG,NULL,[4,2026-02-28,73,2026-03-23 22:04:23.2628160 +00:00,F,P
26254,BOA MG,NULL,AUD,2026-02-28,100,2026-03-23 22:04:23.2628160 +00:00,F,P
26255,BOA MG,NULL,NI,2026-02-28,43,2026-03-23 22:04:23.2628160 +00:00,F,P
26256,BOA MG,NULL,0K,2026-02-28,95,2026-03-23 22:04:23.2628160 +00:00,F,P
26257,BOA MG,NULL,27,2026-02-28,75,2026-03-23 22:04:23.2628160 +00:00,F,P
26258,BOA MG,NULL,IX,2026-02-28,100,2026-03-23 22:04:23.2628160 +00:00,F,P
26259,BOA MG,NULL,[9,2026-02-28,100,2026-03-23 22:04:23.2628160 +00:00,F,P
26260,BOA MG,NULL,57,2026-02-28,94,2026-03-23 22:04:23.2628160 +00:00,F,P
26261,BOA MG,NULL,BCR,2026-02-28,91,2026-03-23 22:04:23.2628160 +00:00,F,P
26262,BOA MG,NULL,ECD,2026-02-28,100,2026-03-23 22:04:23.2628160 +00:00,F,P
26263,BOA MG,NULL,J3,2026-02-28,91,2026-03-23 22:04:23.2628160 +00:00,F,P
26264,BOA MG,NULL,BSV,2026-02-28,90,2026-03-23 22:04:23.2628160 +00:00,F,P
26265,BOA MG,NULL,AMM,2026-02-28,94,2026-03-23 22:04:23.2628160 +00:00,F,P
26266,BOA MG,NULL,ASP,2026-02-28,94,2026-03-23 22:04:23.2628160 +00:00,F,P
26267,BOA MG,NULL,LD,2026-02-28,100,2026-03-23 22:04:23.2628160 +00:00,F,P
26268,BOA MG,NULL,ASG,2026-02-28,88,2026-03-23 22:04:23.2628160 +00:00,F,P
26269,BOA MG,NULL,CYP,2026-02-28,100,2026-03-23 22:04:23.2628160 +00:00,F,P
26270,BOA MG,NULL,{T,2026-02-28,100,2026-03-23 22:04:23.2628160 +00:00,F,P
26271,BOA MG,NULL,APF,2026-02-28,100,2026-03-23 22:04:23.2628160 +00:00,F,P
26272,BOA MG,NULL,BVC,2026-02-28,66,2026-03-23 22:04:23.2628160 +00:00,F,P
26273,BOA MG,NULL,-X,2026-02-28,61,2026-03-23 22:04:23.2628160 +00:00,F,P
26274,BOA MG,NULL,{5,2026-02-28,92,2026-03-23 22:04:23.2628160 +00:00,F,P
26275,BOA MG,NULL,87,2026-02-28,71,2026-03-23 22:04:23.2628160 +00:00,F,P
26276,BOA MG,NULL,H9,2026-02-28,65,2026-03-23 22:04:23.2628160 +00:00,F,P
26277,BOA MG,NULL,AMJ,2026-02-28,100,2026-03-23 22:04:23.2628160 +00:00,F,P
26278,BOA MG,NULL,BCS,2026-02-28,85,2026-03-23 22:04:23.2628160 +00:00,F,P
26279,BOA MG,NULL,K2,2026-02-28,90,2026-03-23 22:04:23.2628160 +00:00,F,P
26280,BOA MG,NULL,}V,2026-02-28,0,2026-03-23 22:04:23.2628160 +00:00,F,P
26281,BOA MG,NULL,]T,2026-02-28,91,2026-03-23 22:04:23.2628160 +00:00,F,P
26282,BOA MG,NULL,7-,2026-02-28,75,2026-03-23 22:04:23.2628160 +00:00,F,P
26283,BOA MG,NULL,]B,2026-02-28,54,2026-03-23 22:04:23.2628160 +00:00,F,P
26284,BOA MG,NULL,BWR,2026-02-28,50,2026-03-23 22:04:23.2628160 +00:00,F,P
26285,BOA MG,NULL,V],2026-02-28,85,2026-03-23 22:04:23.2628160 +00:00,F,P
26286,BOA MG,NULL,B-,2026-02-28,93,2026-03-23 22:04:23.2628160 +00:00,F,P
26287,BOA MG,NULL,AQ,2026-02-28,0,2026-03-23 22:04:23.2628160 +00:00,F,M
26288,BOA MG,NULL,}F,2026-02-28,50,2026-03-23 22:04:23.2628160 +00:00,F,M
26289,BOA MG,NULL,6D,2026-02-28,0,2026-03-23 22:04:23.2628160 +00:00,F,M
26290,BOA MG,NULL,7W,2026-02-28,0,2026-03-23 22:04:23.2628160 +00:00,F,M
26291,BOA MG,NULL,}L,2026-02-28,0,2026-03-23 22:04:23.2628160 +00:00,F,M
26292,BOA MG,NULL,AML,2026-02-28,50,2026-03-23 22:04:23.2628160 +00:00,F,M
26293,BOA MG,NULL,36,2026-02-28,0,2026-03-23 22:04:23.2628160 +00:00,F,M
26294,BOA MG,NULL,7Z,2026-02-28,0,2026-03-23 22:04:23.2628160 +00:00,F,M
26295,BOA MG,NULL,MU,2026-02-28,100,2026-03-23 22:04:23.2628160 +00:00,F,M
26296,BOA MG,NULL,ATD,2026-02-28,100,2026-03-23 22:04:23.2628160 +00:00,F,M
26297,BOA MG,NULL,Y3,2026-02-28,0,2026-03-23 22:04:23.2628160 +00:00,F,M
26298,BOA MG,NULL,9[,2026-02-28,0,2026-03-23 22:04:23.2628160 +00:00,F,M
26299,BOA MG,NULL,5-,2026-02-28,0,2026-03-23 22:04:23.2628160 +00:00,F,M
26300,BOA MG,NULL,0X,2026-02-28,100,2026-03-23 22:04:23.2628160 +00:00,F,M
26301,BOA MG,NULL,AOA,2026-02-28,0,2026-03-23 22:04:23.2628160 +00:00,F,M
26302,BOA MG,NULL,17,2026-02-28,0,2026-03-23 22:04:23.2628160 +00:00,F,M
26303,BOA MG,NULL,{Q,2026-02-28,0,2026-03-23 22:04:23.2628160 +00:00,F,M
26304,BOA MG,NULL,W8,2026-02-28,0,2026-03-23 22:04:23.2628160 +00:00,F,M
26305,BOA MG,NULL,JH,2026-02-28,100,2026-03-23 22:04:23.2628160 +00:00,F,M
26306,BOA MG,NULL,H3,2026-02-28,0,2026-03-23 22:04:23.2628160 +00:00,F,M
26307,BOA MG,NULL,-9,2026-02-28,0,2026-03-23 22:04:23.2628160 +00:00,F,M
26308,BOA MG,NULL,CVI,2026-02-28,0,2026-03-23 22:04:23.2628160 +00:00,F,M
26309,BOA MG,NULL,DUM,2026-02-28,0,2026-03-23 22:04:23.2628160 +00:00,F,M
26310,BOA MG,NULL,}Y,2026-02-28,50,2026-03-23 22:04:23.2628160 +00:00,F,M
26311,BOA MG,NULL,ANZ,2026-02-28,0,2026-03-23 22:04:23.2628160 +00:00,F,M
26312,BOA MG,NULL,I{,2026-02-28,0,2026-03-23 22:04:23.2628160 +00:00,F,M
26313,BOA MG,NULL,#NOM?,2026-02-28,0,2026-03-23 22:04:23.2628160 +00:00,F,M
26314,BOA MG,NULL,}U,2026-02-28,100,2026-03-23 22:04:23.2628160 +00:00,F,M
26315,BOA MG,NULL,{N,2026-02-28,0,2026-03-23 22:04:23.2628160 +00:00,F,M
26316,BOA MG,NULL,-C,2026-02-28,0,2026-03-23 22:04:23.2628160 +00:00,F,M
26317,BOA MG,NULL,KY,2026-02-28,33,2026-03-23 22:04:23.2628160 +00:00,F,M
26318,BOA MG,NULL,I[,2026-02-28,100,2026-03-23 22:04:23.2628160 +00:00,F,M
26319,BOA MG,NULL,[0,2026-02-28,57,2026-03-23 22:04:23.2628160 +00:00,F,M
26320,BOA MG,NULL,5},2026-02-28,0,2026-03-23 22:04:23.2628160 +00:00,F,M
26321,BOA MG,NULL,]4,2026-02-28,0,2026-03-23 22:04:23.2628160 +00:00,F,M
26322,BOA MG,NULL,A1,2026-02-28,66,2026-03-23 22:04:23.2628160 +00:00,F,M
26323,BOA MG,NULL,DSZ,2026-02-28,0,2026-03-23 22:04:23.2628160 +00:00,F,M
26324,BOA MG,NULL,ZP,2026-02-28,0,2026-03-23 22:04:23.2628160 +00:00,F,M
26325,BOA MG,NULL,CIP,2026-02-28,100,2026-03-23 22:04:23.2628160 +00:00,F,M
26326,BOA MG,NULL,0E,2026-02-28,0,2026-03-23 22:04:23.2628160 +00:00,F,M
26327,BOA MG,NULL,0[,2026-02-28,0,2026-03-23 22:04:23.2628160 +00:00,F,M
26328,BOA MG,NULL,-3,2026-02-28,50,2026-03-23 22:04:23.2628160 +00:00,S,P
26329,BOA MG,NULL,0H,2026-02-28,82,2026-03-23 22:04:23.2628160 +00:00,S,P
26330,BOA MG,NULL,8I,2026-02-28,50,2026-03-23 22:04:23.2628160 +00:00,S,P
26331,BOA MG,NULL,MG,2026-02-28,50,2026-03-23 22:04:23.2628160 +00:00,S,P
26332,BOA MG,NULL,QK,2026-02-28,100,2026-03-23 22:04:23.2628160 +00:00,S,P
26333,BOA MG,NULL,SC,2026-02-28,86,2026-03-23 22:04:23.2628160 +00:00,S,P
26334,BOA MG,NULL,}Z,2026-02-28,50,2026-03-23 22:04:23.2628160 +00:00,S,P
26335,BOA MG,NULL,54,2026-02-28,100,2026-03-23 22:04:23.2628160 +00:00,S,P
26336,BOA MG,NULL,6H,2026-02-28,62,2026-03-23 22:04:23.2628160 +00:00,S,P
26337,BOA MG,NULL,8},2026-02-28,85,2026-03-23 22:04:23.2628160 +00:00,S,P
26338,BOA MG,NULL,AMQ,2026-02-28,90,2026-03-23 22:04:23.2628160 +00:00,S,P
26339,BOA MG,NULL,AO,2026-02-28,94,2026-03-23 22:04:23.2628160 +00:00,S,P
26340,BOA MG,NULL,BDB,2026-02-28,66,2026-03-23 22:04:23.2628160 +00:00,S,P
26341,BOA MG,NULL,BU,2026-02-28,69,2026-03-23 22:04:23.2628160 +00:00,S,P
26342,BOA MG,NULL,H7,2026-02-28,87,2026-03-23 22:04:23.2628160 +00:00,S,P
26343,BOA MG,NULL,JK,2026-02-28,88,2026-03-23 22:04:23.2628160 +00:00,S,P
26344,BOA MG,NULL,P[,2026-02-28,59,2026-03-23 22:04:23.2628160 +00:00,S,P
26345,BOA MG,NULL,QT,2026-02-28,76,2026-03-23 22:04:23.2628160 +00:00,S,P
26346,BOA MG,NULL,U5,2026-02-28,100,2026-03-23 22:04:23.2628160 +00:00,S,P
26347,BOA MG,NULL,01,2026-02-28,100,2026-03-23 22:04:23.2628160 +00:00,S,P
26348,BOA MG,NULL,1P,2026-02-28,62,2026-03-23 22:04:23.2628160 +00:00,S,P
26349,BOA MG,NULL,2G,2026-02-28,74,2026-03-23 22:04:23.2628160 +00:00,S,P
26350,BOA MG,NULL,6C,2026-02-28,77,2026-03-23 22:04:23.2628160 +00:00,S,P
26351,BOA MG,NULL,AMK,2026-02-28,62,2026-03-23 22:04:23.2628160 +00:00,S,P
26352,BOA MG,NULL,BK,2026-02-28,57,2026-03-23 22:04:23.2628160 +00:00,S,P
26353,BOA MG,NULL,BKC,2026-02-28,100,2026-03-23 22:04:23.2628160 +00:00,S,P
26354,BOA MG,NULL,CF,2026-02-28,77,2026-03-23 22:04:23.2628160 +00:00,S,P
26355,BOA MG,NULL,CGM,2026-02-28,100,2026-03-23 22:04:23.2628160 +00:00,S,P
26356,BOA MG,NULL,CK,2026-02-28,70,2026-03-23 22:04:23.2628160 +00:00,S,P
26357,BOA MG,NULL,CNQ,2026-02-28,100,2026-03-23 22:04:23.2628160 +00:00,S,P
26358,BOA MG,NULL,D6,2026-02-28,100,2026-03-23 22:04:23.2628160 +00:00,S,P
26359,BOA MG,NULL,ED,2026-02-28,0,2026-03-23 22:04:23.2628160 +00:00,S,P
26360,BOA MG,NULL,HY,2026-02-28,88,2026-03-23 22:04:23.2628160 +00:00,S,P
26361,BOA MG,NULL,IG,2026-02-28,62,2026-03-23 22:04:23.2628160 +00:00,S,P
26362,BOA MG,NULL,KW,2026-02-28,100,2026-03-23 22:04:23.2628160 +00:00,S,P
26363,BOA MG,NULL,PE,2026-02-28,75,2026-03-23 22:04:23.2628160 +00:00,S,P
26364,BOA MG,NULL,P],2026-02-28,100,2026-03-23 22:04:23.2628160 +00:00,S,P
26365,BOA MG,NULL,QJ,2026-02-28,73,2026-03-23 22:04:23.2628160 +00:00,S,P
26366,BOA MG,NULL,SS,2026-02-28,77,2026-03-23 22:04:23.2628160 +00:00,S,P
26367,BOA MG,NULL,UF,2026-02-28,100,2026-03-23 22:04:23.2628160 +00:00,S,P
26368,BOA MG,NULL,W3,2026-02-28,100,2026-03-23 22:04:23.2628160 +00:00,S,P
26369,BOA MG,NULL,XX,2026-02-28,50,2026-03-23 22:04:23.2628160 +00:00,S,P
26370,BOA MG,NULL,YM,2026-02-28,33,2026-03-23 22:04:23.2628160 +00:00,S,P
26371,BOA MG,NULL,ZK,2026-02-28,65,2026-03-23 22:04:23.2628160 +00:00,S,P
26372,BOA MG,NULL,[2,2026-02-28,85,2026-03-23 22:04:23.2628160 +00:00,S,P
26373,BOA MG,NULL,}R,2026-02-28,100,2026-03-23 22:04:23.2628160 +00:00,S,P
26374,BOA MG,NULL,0},2026-02-28,100,2026-03-23 22:04:23.2628160 +00:00,S,P
26375,BOA MG,NULL,BO,2026-02-28,0,2026-03-23 22:04:23.2628160 +00:00,S,P
26376,BOA MG,NULL,BP,2026-02-28,66,2026-03-23 22:04:23.2628160 +00:00,S,P
26377,BOA MG,NULL,OK,2026-02-28,75,2026-03-23 22:04:23.2628160 +00:00,S,P
26378,BOA MG,NULL,24,2026-02-28,100,2026-03-23 22:04:23.2628160 +00:00,S,P
26379,BOA MG,NULL,DA,2026-02-28,100,2026-03-23 22:04:23.2628160 +00:00,S,P
26380,BOA MG,NULL,UE,2026-02-28,71,2026-03-23 22:04:23.2628160 +00:00,S,P
26381,BOA MG,NULL,59,2026-02-28,50,2026-03-23 22:04:23.3728040 +00:00,S,P
26382,BOA MG,NULL,AK,2026-02-28,50,2026-03-23 22:04:23.3728040 +00:00,S,P
26383,BOA MG,NULL,AVA,2026-02-28,0,2026-03-23 22:04:23.3728040 +00:00,S,P
26384,BOA MG,NULL,CZF,2026-02-28,0,2026-03-23 22:04:23.3728040 +00:00,S,P
26385,BOA MG,NULL,DN,2026-02-28,84,2026-03-23 22:04:23.3728040 +00:00,S,P
26386,BOA MG,NULL,39,2026-02-28,66,2026-03-23 22:04:23.3728040 +00:00,S,P
26387,BOA MG,NULL,BI,2026-02-28,33,2026-03-23 22:04:23.3728040 +00:00,S,P
26388,BOA MG,NULL,CA,2026-02-28,100,2026-03-23 22:04:23.3728040 +00:00,S,P
26389,BOA MG,NULL,BLQ,2026-02-28,85,2026-03-23 22:04:23.3728040 +00:00,S,P
26390,BOA MG,NULL,J4,2026-02-28,75,2026-03-23 22:04:23.3728040 +00:00,S,P
26391,BOA MG,NULL,-7,2026-02-28,81,2026-03-23 22:04:23.3728040 +00:00,S,P
26392,BOA MG,NULL,8{,2026-02-28,100,2026-03-23 22:04:23.3728040 +00:00,S,P
26393,BOA MG,NULL,ALM,2026-02-28,100,2026-03-23 22:04:23.3728040 +00:00,S,P
26394,BOA MG,NULL,Risque moyen faible,2026-02-28,0,2026-03-23 22:04:23.3728040 +00:00,S,P
26395,BOA MG,NULL,U-,2026-02-28,50,2026-03-23 22:04:23.3728040 +00:00,S,P
26396,BOA MG,NULL,V8,2026-02-28,100,2026-03-23 22:04:23.3728040 +00:00,S,P
26397,BOA MG,NULL,WM,2026-02-28,100,2026-03-23 22:04:23.3728040 +00:00,S,P
26398,BOA MG,NULL,}T,2026-02-28,91,2026-03-23 22:04:23.3728040 +00:00,S,P
26399,BOA MG,NULL,3},2026-02-28,100,2026-03-23 22:04:23.3728040 +00:00,S,P
26400,BOA MG,NULL,40,2026-02-28,33,2026-03-23 22:04:23.3728040 +00:00,S,P
26401,BOA MG,NULL,BKI,2026-02-28,100,2026-03-23 22:04:23.3728040 +00:00,S,P
26402,BOA MG,NULL,CGO,2026-02-28,0,2026-03-23 22:04:23.3728040 +00:00,S,P
26403,BOA MG,NULL,CXW,2026-02-28,0,2026-03-23 22:04:23.3728040 +00:00,S,P
26404,BOA MG,NULL,DJ,2026-02-28,100,2026-03-23 22:04:23.3728040 +00:00,S,P
26405,BOA MG,NULL,DLI,2026-02-28,50,2026-03-23 22:04:23.3728040 +00:00,S,P
26406,BOA MG,NULL,J2,2026-02-28,66,2026-03-23 22:04:23.3728040 +00:00,S,P
26407,BOA MG,NULL,J3B,2026-02-28,100,2026-03-23 22:04:23.3728040 +00:00,S,P
26408,BOA MG,NULL,XQ,2026-02-28,100,2026-03-23 22:04:23.3728040 +00:00,S,P
26409,BOA MG,NULL,{D,2026-02-28,100,2026-03-23 22:04:23.3728040 +00:00,S,P
26410,BOA MG,NULL,ALP,2026-02-28,66,2026-03-23 22:04:23.3728040 +00:00,S,P
26411,BOA MG,NULL,BBD,2026-02-28,0,2026-03-23 22:04:23.3728040 +00:00,S,P
26412,BOA MG,NULL,BBJ,2026-02-28,100,2026-03-23 22:04:23.3728040 +00:00,S,P
26413,BOA MG,NULL,BDJ,2026-02-28,67,2026-03-23 22:04:23.3728040 +00:00,S,P
26414,BOA MG,NULL,BNS,2026-02-28,100,2026-03-23 22:04:23.3728040 +00:00,S,P
26415,BOA MG,NULL,CSW,2026-02-28,100,2026-03-23 22:04:23.3728040 +00:00,S,P
26416,BOA MG,NULL,[5,2026-02-28,100,2026-03-23 22:04:23.3728040 +00:00,S,P
26417,BOA MG,NULL,-A,2026-02-28,47,2026-03-23 22:04:23.3728040 +00:00,S,P
26418,BOA MG,NULL,9S,2026-02-28,100,2026-03-23 22:04:23.3728040 +00:00,S,P
26419,BOA MG,NULL,AAM,2026-02-28,0,2026-03-23 22:04:23.3728040 +00:00,S,P
26420,BOA MG,NULL,AF,2026-02-28,100,2026-03-23 22:04:23.3728040 +00:00,S,P
26421,BOA MG,NULL,CH,2026-02-28,50,2026-03-23 22:04:23.3728040 +00:00,S,P
26422,BOA MG,NULL,CR,2026-02-28,70,2026-03-23 22:04:23.3728040 +00:00,S,P
26423,BOA MG,NULL,CZ,2026-02-28,81,2026-03-23 22:04:23.3728040 +00:00,S,P
26424,BOA MG,NULL,G6,2026-02-28,44,2026-03-23 22:04:23.3728040 +00:00,S,P
26425,BOA MG,NULL,P9,2026-02-28,70,2026-03-23 22:04:23.3728040 +00:00,S,P
26426,BOA MG,NULL,-4,2026-02-28,100,2026-03-23 22:04:23.3728040 +00:00,S,P
26427,BOA MG,NULL,9M,2026-02-28,100,2026-03-23 22:04:23.3728040 +00:00,S,P
26428,BOA MG,NULL,DIW,2026-02-28,100,2026-03-23 22:04:23.3728040 +00:00,S,P
26429,BOA MG,NULL,F9,2026-02-28,100,2026-03-23 22:04:23.3728040 +00:00,S,P
26430,BOA MG,NULL,J5,2026-02-28,94,2026-03-23 22:04:23.3728040 +00:00,S,P
26431,BOA MG,NULL,LL,2026-02-28,100,2026-03-23 22:04:23.3728040 +00:00,S,P
26432,BOA MG,NULL,P8,2026-02-28,100,2026-03-23 22:04:23.3728040 +00:00,S,P
26433,BOA MG,NULL,PA,2026-02-28,66,2026-03-23 22:04:23.3728040 +00:00,S,P
26434,BOA MG,NULL,SP,2026-02-28,50,2026-03-23 22:04:23.3728040 +00:00,S,P
26435,BOA MG,NULL,BKW,2026-02-28,100,2026-03-23 22:04:23.3728040 +00:00,S,P
26436,BOA MG,NULL,CPR,2026-02-28,0,2026-03-23 22:04:23.3728040 +00:00,S,P
26437,BOA MG,NULL,CXI,2026-02-28,50,2026-03-23 22:04:23.3728040 +00:00,S,P
26438,BOA MG,NULL,YZ,2026-02-28,100,2026-03-23 22:04:23.3728040 +00:00,S,P
26439,BOA MG,NULL,5Q,2026-02-28,100,2026-03-23 22:04:23.3728040 +00:00,S,P
26440,BOA MG,NULL,AU,2026-02-28,0,2026-03-23 22:04:23.3728040 +00:00,S,P
26441,BOA MG,NULL,AUC,2026-02-28,78,2026-03-23 22:04:23.3728040 +00:00,S,P
26442,BOA MG,NULL,BLS,2026-02-28,92,2026-03-23 22:04:23.3728040 +00:00,S,P
26443,BOA MG,NULL,CEU,2026-02-28,50,2026-03-23 22:04:23.3728040 +00:00,S,P
26444,BOA MG,NULL,COL,2026-02-28,100,2026-03-23 22:04:23.3728040 +00:00,S,P
26445,BOA MG,NULL,BVE,2026-02-28,0,2026-03-23 22:04:23.3728040 +00:00,S,P
26446,BOA MG,NULL,COQ,2026-02-28,77,2026-03-23 22:04:23.3728040 +00:00,S,P
26447,BOA MG,NULL,D0,2026-02-28,87,2026-03-23 22:04:23.3728040 +00:00,S,P
26448,BOA MG,NULL,78,2026-02-28,100,2026-03-23 22:04:23.3728040 +00:00,S,P
26449,BOA MG,NULL,79,2026-02-28,90,2026-03-23 22:04:23.3728040 +00:00,S,P
26450,BOA MG,NULL,ARP,2026-02-28,93,2026-03-23 22:04:23.3728040 +00:00,S,P
26451,BOA MG,NULL,G4,2026-02-28,100,2026-03-23 22:04:23.3728040 +00:00,S,P
26452,BOA MG,NULL,JY,2026-02-28,77,2026-03-23 22:04:23.3728040 +00:00,S,P
26453,BOA MG,NULL,O-,2026-02-28,100,2026-03-23 22:04:23.3728040 +00:00,S,P
26454,BOA MG,NULL,Z1,2026-02-28,100,2026-03-23 22:04:23.3728040 +00:00,S,P
26455,BOA MG,NULL,{G,2026-02-28,0,2026-03-23 22:04:23.3728040 +00:00,S,P
26456,BOA MG,NULL,}M,2026-02-28,100,2026-03-23 22:04:23.3728040 +00:00,S,P
26457,BOA MG,NULL,84,2026-02-28,100,2026-03-23 22:04:23.3728040 +00:00,S,P
26458,BOA MG,NULL,AMN,2026-02-28,100,2026-03-23 22:04:23.3728040 +00:00,S,P
26459,BOA MG,NULL,CE,2026-02-28,100,2026-03-23 22:04:23.3728040 +00:00,S,P
26460,BOA MG,NULL,DIX,2026-02-28,100,2026-03-23 22:04:23.3728040 +00:00,S,P
26461,BOA MG,NULL,G5,2026-02-28,90,2026-03-23 22:04:23.3728040 +00:00,S,P
26462,BOA MG,NULL,{L,2026-02-28,100,2026-03-23 22:04:23.3728040 +00:00,S,P
26463,BOA MG,NULL,49,2026-02-28,100,2026-03-23 22:04:23.3728040 +00:00,S,P
26464,BOA MG,NULL,AM,2026-02-28,100,2026-03-23 22:04:23.3728040 +00:00,S,P
26465,BOA MG,NULL,AMG,2026-02-28,100,2026-03-23 22:04:23.3728040 +00:00,S,P
26466,BOA MG,NULL,ARL,2026-02-28,40,2026-03-23 22:04:23.3728040 +00:00,S,P
26467,BOA MG,NULL,H6,2026-02-28,100,2026-03-23 22:04:23.3728040 +00:00,S,P
26468,BOA MG,NULL,YF,2026-02-28,40,2026-03-23 22:04:23.3728040 +00:00,S,P
26469,BOA MG,NULL,YP,2026-02-28,0,2026-03-23 22:04:23.3728040 +00:00,S,P
26470,BOA MG,NULL,67,2026-02-28,100,2026-03-23 22:04:23.3728040 +00:00,S,P
26471,BOA MG,NULL,JN,2026-02-28,66,2026-03-23 22:04:23.3728040 +00:00,S,P
26472,BOA MG,NULL,M[,2026-02-28,57,2026-03-23 22:04:23.3728040 +00:00,S,P
26473,BOA MG,NULL,M],2026-02-28,50,2026-03-23 22:04:23.3728040 +00:00,S,P
26474,BOA MG,NULL,WK,2026-02-28,100,2026-03-23 22:04:23.3728040 +00:00,S,P
26475,BOA MG,NULL,{W,2026-02-28,0,2026-03-23 22:04:23.3728040 +00:00,S,P
26476,BOA MG,NULL,5{,2026-02-28,50,2026-03-23 22:04:23.3728040 +00:00,S,P
26477,BOA MG,NULL,89,2026-02-28,100,2026-03-23 22:04:23.3728040 +00:00,S,P
26478,BOA MG,NULL,AMR,2026-02-28,100,2026-03-23 22:04:23.3728040 +00:00,S,P
26479,BOA MG,NULL,BBC,2026-02-28,50,2026-03-23 22:04:23.3728040 +00:00,S,P
26480,BOA MG,NULL,BSC,2026-02-28,100,2026-03-23 22:04:23.3728040 +00:00,S,P
26481,BOA MG,NULL,BSG,2026-02-28,91,2026-03-23 22:04:23.3728040 +00:00,S,P
26482,BOA MG,NULL,BSZ,2026-02-28,66,2026-03-23 22:04:23.3728040 +00:00,S,P
26483,BOA MG,NULL,BWA,2026-02-28,100,2026-03-23 22:04:23.3728040 +00:00,S,P
26484,BOA MG,NULL,H1,2026-02-28,50,2026-03-23 22:04:23.3728040 +00:00,S,P
26485,BOA MG,NULL,O8,2026-02-28,87,2026-03-23 22:04:23.3728040 +00:00,S,P
26486,BOA MG,NULL,S},2026-02-28,100,2026-03-23 22:04:23.3728040 +00:00,S,P
26487,BOA MG,NULL,VE,2026-02-28,63,2026-03-23 22:04:23.3728040 +00:00,S,P
26488,BOA MG,NULL,6P,2026-02-28,0,2026-03-23 22:04:23.3728040 +00:00,S,P
26489,BOA MG,NULL,BBQ,2026-02-28,0,2026-03-23 22:04:23.3728040 +00:00,S,P
26490,BOA MG,NULL,BGS,2026-02-28,66,2026-03-23 22:04:23.3728040 +00:00,S,P
26491,BOA MG,NULL,BQG,2026-02-28,100,2026-03-23 22:04:23.3728040 +00:00,S,P
26492,BOA MG,NULL,BS,2026-02-28,100,2026-03-23 22:04:23.3728040 +00:00,S,P
26493,BOA MG,NULL,BSD,2026-02-28,0,2026-03-23 22:04:23.3728040 +00:00,S,P
26494,BOA MG,NULL,BSF,2026-02-28,100,2026-03-23 22:04:23.3728040 +00:00,S,P
26495,BOA MG,NULL,BSS,2026-02-28,100,2026-03-23 22:04:23.3728040 +00:00,S,P
26496,BOA MG,NULL,V},2026-02-28,100,2026-03-23 22:04:23.3728040 +00:00,S,P
26497,BOA MG,NULL,YV,2026-02-28,100,2026-03-23 22:04:23.3728040 +00:00,S,P
26498,BOA MG,NULL,AAD,2026-02-28,0,2026-03-23 22:04:23.3728040 +00:00,S,P
26499,BOA MG,NULL,BMB,2026-02-28,100,2026-03-23 22:04:23.3728040 +00:00,S,P
26500,BOA MG,NULL,CFN,2026-02-28,0,2026-03-23 22:04:23.3728040 +00:00,S,P
26501,BOA MG,NULL,CFQ,2026-02-28,100,2026-03-23 22:04:23.3728040 +00:00,S,P
26502,BOA MG,NULL,BTQ,2026-02-28,100,2026-03-23 22:04:23.3728040 +00:00,S,P
26503,BOA MG,NULL,CGR,2026-02-28,83,2026-03-23 22:04:23.3728040 +00:00,S,P
26504,BOA MG,NULL,F5,2026-02-28,100,2026-03-23 22:04:23.3728040 +00:00,S,P
26505,BOA MG,NULL,H5,2026-02-28,100,2026-03-23 22:04:23.3728040 +00:00,S,P
26506,BOA MG,NULL,IQ,2026-02-28,75,2026-03-23 22:04:23.3728040 +00:00,S,P
26507,BOA MG,NULL,JT,2026-02-28,100,2026-03-23 22:04:23.3728040 +00:00,S,P
26508,BOA MG,NULL,YR,2026-02-28,100,2026-03-23 22:04:23.3728040 +00:00,S,P
26509,BOA MG,NULL,[T,2026-02-28,100,2026-03-23 22:04:23.4676940 +00:00,S,P
26510,BOA MG,NULL,1B,2026-02-28,66,2026-03-23 22:04:23.4676940 +00:00,S,P
26511,BOA MG,NULL,BWD,2026-02-28,33,2026-03-23 22:04:23.4676940 +00:00,S,P
26512,BOA MG,NULL,EH,2026-02-28,100,2026-03-23 22:04:23.4676940 +00:00,S,P
26513,BOA MG,NULL,FP,2026-02-28,50,2026-03-23 22:04:23.4676940 +00:00,S,P
26514,BOA MG,NULL,-S,2026-02-28,100,2026-03-23 22:04:23.4676940 +00:00,S,P
26515,BOA MG,NULL,43,2026-02-28,60,2026-03-23 22:04:23.4676940 +00:00,S,P
26516,BOA MG,NULL,82,2026-02-28,100,2026-03-23 22:04:23.4676940 +00:00,S,P
26517,BOA MG,NULL,ADD,2026-02-28,0,2026-03-23 22:04:23.4676940 +00:00,S,P
26518,BOA MG,NULL,AY,2026-02-28,0,2026-03-23 22:04:23.4676940 +00:00,S,P
26519,BOA MG,NULL,BBO,2026-02-28,0,2026-03-23 22:04:23.4676940 +00:00,S,P
26520,BOA MG,NULL,F,2026-02-28,100,2026-03-23 22:04:23.4676940 +00:00,S,P
26521,BOA MG,NULL,F},2026-02-28,100,2026-03-23 22:04:23.4676940 +00:00,S,P
26522,BOA MG,NULL,MJ,2026-02-28,0,2026-03-23 22:04:23.4676940 +00:00,S,P
26523,BOA MG,NULL,[B,2026-02-28,100,2026-03-23 22:04:23.4676940 +00:00,S,P
26524,BOA MG,NULL,]F,2026-02-28,75,2026-03-23 22:04:23.4676940 +00:00,S,P
26525,BOA MG,NULL,{F,2026-02-28,66,2026-03-23 22:04:23.4676940 +00:00,S,P
26526,BOA MG,NULL,}7,2026-02-28,100,2026-03-23 22:04:23.4676940 +00:00,S,P
26527,BOA MG,NULL,}B,2026-02-28,100,2026-03-23 22:04:23.4676940 +00:00,S,P
26528,BOA MG,NULL,}W,2026-02-28,66,2026-03-23 22:04:23.4676940 +00:00,S,P
26529,BOA MG,NULL,AGP,2026-02-28,50,2026-03-23 22:04:23.4676940 +00:00,S,P
26530,BOA MG,NULL,L{,2026-02-28,100,2026-03-23 22:04:23.4676940 +00:00,S,P
26531,BOA MG,NULL,UR,2026-02-28,66,2026-03-23 22:04:23.4676940 +00:00,S,P
26532,BOA MG,NULL,]V,2026-02-28,100,2026-03-23 22:04:23.4676940 +00:00,S,P
26533,BOA MG,NULL,8W,2026-02-28,100,2026-03-23 22:04:23.4676940 +00:00,S,P
26534,BOA MG,NULL,ANU,2026-02-28,33,2026-03-23 22:04:23.4676940 +00:00,S,P
26535,BOA MG,NULL,BKQ,2026-02-28,100,2026-03-23 22:04:23.4676940 +00:00,S,P
26536,BOA MG,NULL,BKU,2026-02-28,0,2026-03-23 22:04:23.4676940 +00:00,S,P
26537,BOA MG,NULL,DCZ,2026-02-28,0,2026-03-23 22:04:23.4676940 +00:00,S,P
26538,BOA MG,NULL,G-,2026-02-28,100,2026-03-23 22:04:23.4676940 +00:00,S,P
26539,BOA MG,NULL,IE,2026-02-28,100,2026-03-23 22:04:23.4676940 +00:00,S,P
26540,BOA MG,NULL,Q9,2026-02-28,100,2026-03-23 22:04:23.4676940 +00:00,S,P
26541,BOA MG,NULL,F8,2026-02-28,9,2026-03-23 22:04:23.4676940 +00:00,S,P
26542,BOA MG,NULL,BWQ,2026-02-28,3,2026-03-23 22:04:23.4676940 +00:00,S,P
26543,BOA MG,NULL,2Y,2026-02-28,0,2026-03-23 22:04:23.4676940 +00:00,S,P
26544,BOA MG,NULL,}3,2026-02-28,0,2026-03-23 22:04:23.4676940 +00:00,S,P
26545,BOA MG,NULL,DIR_AGENCE_9999,2026-02-28,0,2026-03-23 22:04:23.4676940 +00:00,S,P
26546,BOA MG,NULL,4V,2026-02-28,0,2026-03-23 22:04:23.4676940 +00:00,S,M
26547,BOA MG,NULL,AA,2026-02-28,0,2026-03-23 22:04:23.4676940 +00:00,S,M
26548,BOA MG,NULL,}9,2026-02-28,100,2026-03-23 22:04:23.4676940 +00:00,S,M
26549,BOA MG,NULL,O},2026-02-28,19,2026-03-23 22:04:23.4676940 +00:00,S,M
26550,BOA MG,NULL,1W,2026-02-28,0,2026-03-23 22:04:23.4676940 +00:00,S,M
26551,BOA MG,NULL,CFP,2026-02-28,100,2026-03-23 22:04:23.4676940 +00:00,S,M
26552,BOA MG,NULL,CT,2026-02-28,11,2026-03-23 22:04:23.4676940 +00:00,S,M
26553,BOA MG,NULL,0L,2026-02-28,8,2026-03-23 22:04:23.4676940 +00:00,S,M
26554,BOA MG,NULL,HF,2026-02-28,25,2026-03-23 22:04:23.4676940 +00:00,S,M
26555,BOA MG,NULL,LJ,2026-02-28,0,2026-03-23 22:04:23.4676940 +00:00,S,M
26556,BOA MG,NULL,-6,2026-02-28,0,2026-03-23 22:04:23.4676940 +00:00,S,M
26557,BOA MG,NULL,BBM,2026-02-28,0,2026-03-23 22:04:23.4676940 +00:00,S,M
26558,BOA MG,NULL,HA,2026-02-28,0,2026-03-23 22:04:23.4676940 +00:00,S,M
26559,BOA MG,NULL,1,2026-02-28,16,2026-03-23 22:04:23.4676940 +00:00,S,M
26560,BOA MG,NULL,CPC,2026-02-28,100,2026-03-23 22:04:23.4676940 +00:00,S,M
26561,BOA MG,NULL,BDC,2026-02-28,0,2026-03-23 22:04:23.4676940 +00:00,S,M
26562,BOA MG,NULL,DBJ,2026-02-28,0,2026-03-23 22:04:23.4676940 +00:00,S,M
26563,BOA MG,NULL,V9,2026-02-28,0,2026-03-23 22:04:23.4676940 +00:00,S,M
26564,BOA MG,NULL,DQ,2026-02-28,100,2026-03-23 22:04:23.4676940 +00:00,S,M
26565,BOA MG,NULL,CQY,2026-02-28,100,2026-03-23 22:04:23.4676940 +00:00,S,M
26566,BOA MG,NULL,Q},2026-02-28,25,2026-03-23 22:04:23.4676940 +00:00,S,M
26567,BOA MG,NULL,6-,2026-02-28,0,2026-03-23 22:04:23.4676940 +00:00,S,M
26568,BOA MG,NULL,ARW,2026-02-28,0,2026-03-23 22:04:23.4676940 +00:00,S,M
26569,BOA MG,NULL,TE,2026-02-28,50,2026-03-23 22:04:23.4676940 +00:00,S,M
26570,BOA MG,NULL,}4,2026-02-28,0,2026-03-23 22:04:23.4676940 +00:00,S,M
26571,BOA MG,NULL,0Y,2026-02-28,100,2026-03-23 22:04:23.4676940 +00:00,S,M
26572,BOA MG,NULL,BVU,2026-02-28,0,2026-03-23 22:04:23.4676940 +00:00,S,M
26573,BOA MG,NULL,{Y,2026-02-28,0,2026-03-23 22:04:23.4676940 +00:00,S,M
26574,BOA MG,NULL,8-,2026-02-28,50,2026-03-23 22:04:23.4676940 +00:00,S,M
26575,BOA MG,NULL,BBS,2026-02-28,68,2026-03-23 22:04:23.4676940 +00:00,S,M
26576,BOA MG,NULL,MQ,2026-02-28,100,2026-03-23 22:04:23.4676940 +00:00,S,M
26577,BOA MG,NULL,ALU,2026-02-28,33,2026-03-23 22:04:23.4676940 +00:00,S,M
26578,BOA MG,NULL,DIR_AGENCE_4200,2026-02-28,0,2026-03-23 22:04:23.4676940 +00:00,S,M
26579,BOA MG,NULL,[6,2026-02-28,11,2026-03-23 22:04:23.4676940 +00:00,S,M
26580,BOA MG,NULL,]9,2026-02-28,50,2026-03-23 22:04:23.4676940 +00:00,S,M
26581,BOA MG,NULL,X},2026-02-28,100,2026-03-23 22:04:23.4676940 +00:00,S,M
26582,BOA MG,NULL,ARS,2026-02-28,100,2026-03-23 22:04:23.4676940 +00:00,S,M
26583,BOA MG,NULL,R8,2026-02-28,0,2026-03-23 22:04:23.4676940 +00:00,S,M
26584,BOA MG,NULL,WX,2026-02-28,0,2026-03-23 22:04:23.4676940 +00:00,S,M
26585,BOA MG,NULL,BVV,2026-02-28,28,2026-03-23 22:04:23.4676940 +00:00,S,M
26586,BOA MG,NULL,CIA,2026-02-28,0,2026-03-23 22:04:23.4676940 +00:00,S,M
26587,BOA MG,NULL,DF,2026-02-28,0,2026-03-23 22:04:23.4676940 +00:00,S,M
26588,BOA MG,NULL,MZ,2026-02-28,0,2026-03-23 22:04:23.4676940 +00:00,S,M
26589,BOA MG,NULL,OH,2026-02-28,0,2026-03-23 22:04:23.4676940 +00:00,S,M
26590,BOA MG,NULL,9K,2026-02-28,50,2026-03-23 22:04:23.4676940 +00:00,S,M
26591,BOA MG,NULL,GA,2026-02-28,0,2026-03-23 22:04:23.4676940 +00:00,S,M
26592,BOA MG,NULL,AW,2026-02-28,50,2026-03-23 22:04:23.4676940 +00:00,S,M
26593,BOA MG,NULL,BMJ,2026-02-28,0,2026-03-23 22:04:23.4676940 +00:00,S,M
26594,BOA MG,NULL,DMB,2026-02-28,100,2026-03-23 22:04:23.4676940 +00:00,S,M
26595,BOA MG,NULL,PD,2026-02-28,100,2026-03-23 22:04:23.4676940 +00:00,S,M
26596,BOA MG,NULL,3,2026-02-28,0,2026-03-23 22:04:23.4676940 +00:00,S,M
26597,BOA MG,NULL,0V,2026-02-28,0,2026-03-23 22:04:23.4676940 +00:00,S,M
26598,BOA MG,NULL,TD,2026-02-28,33,2026-03-23 22:04:23.4676940 +00:00,S,M
26599,BOA MG,NULL,6],2026-02-28,100,2026-03-23 22:04:23.4676940 +00:00,S,M
26600,BOA MG,NULL,AMI,2026-02-28,66,2026-03-23 22:04:23.4676940 +00:00,S,M
26601,BOA MG,NULL,KB,2026-02-28,98,2026-03-23 22:04:23.4676940 +00:00,S,M
26602,BOA MG,NULL,LB,2026-02-28,100,2026-03-23 22:04:23.4676940 +00:00,S,M
26603,BOA MG,NULL,T7,2026-02-28,100,2026-03-23 22:04:23.4676940 +00:00,S,M
26604,BOA MG,NULL,Y9,2026-02-28,100,2026-03-23 22:04:23.4676940 +00:00,S,M
26605,BOA MG,NULL,HB,2026-02-28,0,2026-03-23 22:04:23.4676940 +00:00,S,M
26606,BOA MG,NULL,ASU,2026-02-28,0,2026-03-23 22:04:23.4676940 +00:00,S,M
26607,BOA MG,NULL,BUU,2026-02-28,1,2026-03-23 22:04:23.4676940 +00:00,S,M
26608,BOA MG,NULL,G{,2026-02-28,50,2026-03-23 22:04:23.4676940 +00:00,S,M
26609,BOA MG,NULL,QW,2026-02-28,0,2026-03-23 22:04:23.4676940 +00:00,S,M
26610,BOA MG,NULL,TL,2026-02-28,100,2026-03-23 22:04:23.4676940 +00:00,S,M
26611,BOA MG,NULL,ST,2026-02-28,100,2026-03-23 22:04:23.4676940 +00:00,S,M
26612,BOA MG,NULL,[J,2026-02-28,74,2026-03-23 22:04:23.4676940 +00:00,S,M
26613,BOA MG,NULL,RG,2026-02-28,0,2026-03-23 22:04:23.4676940 +00:00,S,M
26614,BOA MG,NULL,TC,2026-02-28,100,2026-03-23 22:04:23.4676940 +00:00,S,M
26615,BOA MG,NULL,Z},2026-02-28,1,2026-03-23 22:04:23.4676940 +00:00,S,M
26616,BOA MG,NULL,WN,2026-02-28,100,2026-03-23 22:04:23.4676940 +00:00,S,M
26617,BOA MG,NULL,5],2026-02-28,100,2026-03-23 22:04:23.4676940 +00:00,S,M
26618,BOA MG,NULL,BMP,2026-02-28,100,2026-03-23 22:04:23.4676940 +00:00,S,M
26619,BOA MG,NULL,P},2026-02-28,100,2026-03-23 22:04:23.4676940 +00:00,S,M
26620,BOA MG,NULL,DLG,2026-02-28,0,2026-03-23 22:04:23.4676940 +00:00,S,M
26621,BOA MG,NULL,DKS,2026-02-28,0,2026-03-23 22:04:23.4676940 +00:00,S,M
26622,BOA MG,NULL,TP,2026-02-28,0,2026-03-23 22:04:23.4676940 +00:00,S,M
26623,BOA MG,NULL,FL,2026-02-28,0,2026-03-23 22:04:23.4676940 +00:00,S,M
26624,BOA MG,NULL,G2,2026-02-28,100,2026-03-23 22:04:23.4676940 +00:00,S,M
26625,BOA MG,NULL,AMT,2026-02-28,100,2026-03-23 22:04:23.4676940 +00:00,S,M
26626,BOA MG,NULL,BDD,2026-02-28,0,2026-03-23 22:04:23.4676940 +00:00,S,M
26627,BOA MG,NULL,BMN,2026-02-28,0,2026-03-23 22:04:23.4676940 +00:00,S,M
26628,BOA MG,NULL,J7,2026-02-28,0,2026-03-23 22:04:23.4676940 +00:00,S,M
26629,BOA MG,NULL,0M,2026-02-28,14,2026-03-23 22:04:23.4676940 +00:00,S,M
26630,BOA MG,NULL,BCX,2026-02-28,0,2026-03-23 22:04:23.4676940 +00:00,S,M
26631,BOA MG,NULL,WU,2026-02-28,0,2026-03-23 22:04:23.4676940 +00:00,S,M
26632,BOA MG,NULL,O[,2026-02-28,0,2026-03-23 22:04:23.4676940 +00:00,S,M
26633,BOA MG,NULL,[O,2026-02-28,0,2026-03-23 22:04:23.4676940 +00:00,S,M
26634,BOA MG,NULL,5K,2026-02-28,0,2026-03-23 22:04:23.4676940 +00:00,S,M
26635,BOA MG,NULL,6E,2026-02-28,0,2026-03-23 22:04:23.4676940 +00:00,S,M
26636,BOA MG,NULL,6M,2026-02-28,0,2026-03-23 22:04:23.4676940 +00:00,S,M
26637,BOA MG,NULL,6N,2026-02-28,0,2026-03-23 22:04:23.5746230 +00:00,S,M
26638,BOA MG,NULL,6Z,2026-02-28,0,2026-03-23 22:04:23.5746230 +00:00,S,M
26639,BOA MG,NULL,SD,2026-02-28,0,2026-03-23 22:04:23.5746230 +00:00,S,M
26640,BOA MG,NULL,[4,2026-01-31,95,2026-03-24 16:50:12.6838880 +00:00,F,P
26641,BOA MG,NULL,AUD,2026-01-31,96,2026-03-24 16:50:12.6838880 +00:00,F,P
26642,BOA MG,NULL,NI,2026-01-31,72,2026-03-24 16:50:12.6838880 +00:00,F,P
26643,BOA MG,NULL,0K,2026-01-31,92,2026-03-24 16:50:12.6838880 +00:00,F,P
26644,BOA MG,NULL,27,2026-01-31,92,2026-03-24 16:50:12.6838880 +00:00,F,P
26645,BOA MG,NULL,[9,2026-01-31,79,2026-03-24 16:50:12.6838880 +00:00,F,P
26646,BOA MG,NULL,57,2026-01-31,100,2026-03-24 16:50:12.6838880 +00:00,F,P
26647,BOA MG,NULL,BDB,2026-01-31,90,2026-03-24 16:50:12.6838880 +00:00,F,P
26648,BOA MG,NULL,AQ,2026-01-31,62,2026-03-24 16:50:12.6838880 +00:00,F,P
26649,BOA MG,NULL,4},2026-01-31,0,2026-03-24 16:50:12.6838880 +00:00,F,P
26650,BOA MG,NULL,}F,2026-01-31,85,2026-03-24 16:50:12.6838880 +00:00,F,P
26651,BOA MG,NULL,AUG,2026-01-31,55,2026-03-24 16:50:12.6838880 +00:00,F,P
26652,BOA MG,NULL,BBM,2026-01-31,100,2026-03-24 16:50:12.6838880 +00:00,F,P
26653,BOA MG,NULL,7W,2026-01-31,86,2026-03-24 16:50:12.6838880 +00:00,F,P
26654,BOA MG,NULL,}L,2026-01-31,58,2026-03-24 16:50:12.6838880 +00:00,F,P
26655,BOA MG,NULL,J4,2026-01-31,88,2026-03-24 16:50:12.6838880 +00:00,F,P
26656,BOA MG,NULL,82,2026-01-31,73,2026-03-24 16:50:12.6838880 +00:00,F,P
26657,BOA MG,NULL,BLQ,2026-01-31,92,2026-03-24 16:50:12.6838880 +00:00,F,P
26658,BOA MG,NULL,O},2026-01-31,100,2026-03-24 16:50:12.6838880 +00:00,F,P
26659,BOA MG,NULL,BCR,2026-01-31,94,2026-03-24 16:50:12.6838880 +00:00,F,P
26660,BOA MG,NULL,AML,2026-01-31,66,2026-03-24 16:50:12.6838880 +00:00,F,P
26661,BOA MG,NULL,BDJ,2026-01-31,100,2026-03-24 16:50:12.6838880 +00:00,F,P
26662,BOA MG,NULL,J3,2026-01-31,92,2026-03-24 16:50:12.6838880 +00:00,F,P
26663,BOA MG,NULL,V8,2026-01-31,100,2026-03-24 16:50:12.6838880 +00:00,F,P
26664,BOA MG,NULL,BSV,2026-01-31,92,2026-03-24 16:50:12.6838880 +00:00,F,P
26665,BOA MG,NULL,AMM,2026-01-31,75,2026-03-24 16:50:12.6838880 +00:00,F,P
26666,BOA MG,NULL,ASP,2026-01-31,89,2026-03-24 16:50:12.6838880 +00:00,F,P
26667,BOA MG,NULL,{T,2026-01-31,86,2026-03-24 16:50:12.6838880 +00:00,F,P
26668,BOA MG,NULL,BLS,2026-01-31,85,2026-03-24 16:50:12.6838880 +00:00,F,P
26669,BOA MG,NULL,3},2026-01-31,85,2026-03-24 16:50:12.6838880 +00:00,F,P
26670,BOA MG,NULL,AUC,2026-01-31,85,2026-03-24 16:50:12.6838880 +00:00,F,P
26671,BOA MG,NULL,36,2026-01-31,71,2026-03-24 16:50:12.6838880 +00:00,F,P
26672,BOA MG,NULL,ARW,2026-01-31,87,2026-03-24 16:50:12.6838880 +00:00,F,P
26673,BOA MG,NULL,BLL,2026-01-31,90,2026-03-24 16:50:12.6838880 +00:00,F,P
26674,BOA MG,NULL,6H,2026-01-31,96,2026-03-24 16:50:12.6838880 +00:00,F,P
26675,BOA MG,NULL,BVU,2026-01-31,90,2026-03-24 16:50:12.6838880 +00:00,F,P
26676,BOA MG,NULL,BBS,2026-01-31,81,2026-03-24 16:50:12.6838880 +00:00,F,P
26677,BOA MG,NULL,ALU,2026-01-31,91,2026-03-24 16:50:12.6838880 +00:00,F,P
26678,BOA MG,NULL,1,2026-01-31,84,2026-03-24 16:50:12.6838880 +00:00,F,P
26679,BOA MG,NULL,H7,2026-01-31,80,2026-03-24 16:50:12.6838880 +00:00,F,P
26680,BOA MG,NULL,7Z,2026-01-31,89,2026-03-24 16:50:12.6838880 +00:00,F,P
26681,BOA MG,NULL,5{,2026-01-31,87,2026-03-24 16:50:12.6838880 +00:00,F,P
26682,BOA MG,NULL,MU,2026-01-31,75,2026-03-24 16:50:12.6838880 +00:00,F,P
26683,BOA MG,NULL,ATD,2026-01-31,90,2026-03-24 16:50:12.6838880 +00:00,F,P
26684,BOA MG,NULL,-3,2026-01-31,85,2026-03-24 16:50:12.6838880 +00:00,F,P
26685,BOA MG,NULL,BVV,2026-01-31,100,2026-03-24 16:50:12.6838880 +00:00,F,P
26686,BOA MG,NULL,Y3,2026-01-31,93,2026-03-24 16:50:12.6838880 +00:00,F,P
26687,BOA MG,NULL,H5,2026-01-31,81,2026-03-24 16:50:12.6838880 +00:00,F,P
26688,BOA MG,NULL,}Z,2026-01-31,84,2026-03-24 16:50:12.6838880 +00:00,F,P
26689,BOA MG,NULL,OI,2026-01-31,63,2026-03-24 16:50:12.6838880 +00:00,F,P
26690,BOA MG,NULL,9[,2026-01-31,82,2026-03-24 16:50:12.6838880 +00:00,F,P
26691,BOA MG,NULL,5-,2026-01-31,100,2026-03-24 16:50:12.6838880 +00:00,F,P
26692,BOA MG,NULL,0X,2026-01-31,92,2026-03-24 16:50:12.6838880 +00:00,F,P
26693,BOA MG,NULL,AOA,2026-01-31,92,2026-03-24 16:50:12.6838880 +00:00,F,P
26694,BOA MG,NULL,17,2026-01-31,92,2026-03-24 16:50:12.6838880 +00:00,F,P
26695,BOA MG,NULL,BJJ,2026-01-31,100,2026-03-24 16:50:12.6838880 +00:00,F,P
26696,BOA MG,NULL,{Q,2026-01-31,90,2026-03-24 16:50:12.6838880 +00:00,F,P
26697,BOA MG,NULL,W8,2026-01-31,94,2026-03-24 16:50:12.6838880 +00:00,F,P
26698,BOA MG,NULL,JH,2026-01-31,100,2026-03-24 16:50:12.6838880 +00:00,F,P
26699,BOA MG,NULL,H3,2026-01-31,98,2026-03-24 16:50:12.6838880 +00:00,F,P
26700,BOA MG,NULL,8],2026-01-31,100,2026-03-24 16:50:12.6838880 +00:00,F,P
26701,BOA MG,NULL,8},2026-01-31,93,2026-03-24 16:50:12.6838880 +00:00,F,P
26702,BOA MG,NULL,-9,2026-01-31,93,2026-03-24 16:50:12.6838880 +00:00,F,P
26703,BOA MG,NULL,CVI,2026-01-31,81,2026-03-24 16:50:12.6838880 +00:00,F,P
26704,BOA MG,NULL,}Y,2026-01-31,92,2026-03-24 16:50:12.6838880 +00:00,F,P
26705,BOA MG,NULL,ANZ,2026-01-31,96,2026-03-24 16:50:12.6838880 +00:00,F,P
26706,BOA MG,NULL,COD,2026-01-31,100,2026-03-24 16:50:12.6838880 +00:00,F,P
26707,BOA MG,NULL,I4,2026-01-31,100,2026-03-24 16:50:12.6838880 +00:00,F,P
26708,BOA MG,NULL,I{,2026-01-31,97,2026-03-24 16:50:12.6838880 +00:00,F,P
26709,BOA MG,NULL,#NOM?,2026-01-31,94,2026-03-24 16:50:12.6838880 +00:00,F,P
26710,BOA MG,NULL,S-,2026-01-31,100,2026-03-24 16:50:12.6838880 +00:00,F,P
26711,BOA MG,NULL,}U,2026-01-31,94,2026-03-24 16:50:12.6838880 +00:00,F,P
26712,BOA MG,NULL,{N,2026-01-31,95,2026-03-24 16:50:12.6838880 +00:00,F,P
26713,BOA MG,NULL,-C,2026-01-31,100,2026-03-24 16:50:12.6838880 +00:00,F,P
26714,BOA MG,NULL,[J,2026-01-31,100,2026-03-24 16:50:12.6838880 +00:00,F,P
26715,BOA MG,NULL,AMN,2026-01-31,90,2026-03-24 16:50:12.6838880 +00:00,F,P
26716,BOA MG,NULL,8{,2026-01-31,53,2026-03-24 16:50:12.6838880 +00:00,F,P
26717,BOA MG,NULL,KY,2026-01-31,80,2026-03-24 16:50:12.6838880 +00:00,F,P
26718,BOA MG,NULL,AY,2026-01-31,75,2026-03-24 16:50:12.6838880 +00:00,F,P
26719,BOA MG,NULL,79,2026-01-31,94,2026-03-24 16:50:12.6838880 +00:00,F,P
26720,BOA MG,NULL,Z},2026-01-31,83,2026-03-24 16:50:12.6838880 +00:00,F,P
26721,BOA MG,NULL,O8,2026-01-31,95,2026-03-24 16:50:12.6838880 +00:00,F,P
26722,BOA MG,NULL,AMR,2026-01-31,81,2026-03-24 16:50:12.6838880 +00:00,F,P
26723,BOA MG,NULL,M[,2026-01-31,93,2026-03-24 16:50:12.6838880 +00:00,F,P
26724,BOA MG,NULL,I[,2026-01-31,82,2026-03-24 16:50:12.6838880 +00:00,F,P
26725,BOA MG,NULL,[0,2026-01-31,96,2026-03-24 16:50:12.6838880 +00:00,F,P
26726,BOA MG,NULL,5},2026-01-31,96,2026-03-24 16:50:12.6838880 +00:00,F,P
26727,BOA MG,NULL,]4,2026-01-31,92,2026-03-24 16:50:12.6838880 +00:00,F,P
26728,BOA MG,NULL,A1,2026-01-31,96,2026-03-24 16:50:12.6838880 +00:00,F,P
26729,BOA MG,NULL,{5,2026-01-31,100,2026-03-24 16:50:12.6838880 +00:00,F,P
26730,BOA MG,NULL,87,2026-01-31,81,2026-03-24 16:50:12.6838880 +00:00,F,P
26731,BOA MG,NULL,H9,2026-01-31,61,2026-03-24 16:50:12.6838880 +00:00,F,P
26732,BOA MG,NULL,AMJ,2026-01-31,100,2026-03-24 16:50:12.6838880 +00:00,F,P
26733,BOA MG,NULL,BCS,2026-01-31,93,2026-03-24 16:50:12.6838880 +00:00,F,P
26734,BOA MG,NULL,K2,2026-01-31,100,2026-03-24 16:50:12.6838880 +00:00,F,P
26735,BOA MG,NULL,}V,2026-01-31,25,2026-03-24 16:50:12.6838880 +00:00,F,P
26736,BOA MG,NULL,]T,2026-01-31,89,2026-03-24 16:50:12.6838880 +00:00,F,P
26737,BOA MG,NULL,7-,2026-01-31,57,2026-03-24 16:50:12.6838880 +00:00,F,P
26738,BOA MG,NULL,]B,2026-01-31,50,2026-03-24 16:50:12.6838880 +00:00,F,P
26739,BOA MG,NULL,V],2026-01-31,80,2026-03-24 16:50:12.6838880 +00:00,F,P
26740,BOA MG,NULL,B-,2026-01-31,91,2026-03-24 16:50:12.6838880 +00:00,F,P
26741,BOA MG,NULL,IX,2026-01-31,0,2026-03-24 16:50:12.6838880 +00:00,F,M
26742,BOA MG,NULL,ASU,2026-01-31,0,2026-03-24 16:50:12.6838880 +00:00,F,M
26743,BOA MG,NULL,CIP,2026-01-31,0,2026-03-24 16:50:12.6838880 +00:00,F,M
26744,BOA MG,NULL,BWQ,2026-01-31,0,2026-03-24 16:50:12.6838880 +00:00,F,M
26745,BOA MG,NULL,0E,2026-01-31,0,2026-03-24 16:50:12.6838880 +00:00,F,M
26746,BOA MG,NULL,0[,2026-01-31,0,2026-03-24 16:50:12.6838880 +00:00,F,M
26747,BOA MG,NULL,0H,2026-01-31,77,2026-03-24 16:50:12.6838880 +00:00,S,P
26748,BOA MG,NULL,8I,2026-01-31,50,2026-03-24 16:50:12.6838880 +00:00,S,P
26749,BOA MG,NULL,MG,2026-01-31,40,2026-03-24 16:50:12.6838880 +00:00,S,P
26750,BOA MG,NULL,QK,2026-01-31,75,2026-03-24 16:50:12.6838880 +00:00,S,P
26751,BOA MG,NULL,SC,2026-01-31,71,2026-03-24 16:50:12.6838880 +00:00,S,P
26752,BOA MG,NULL,54,2026-01-31,100,2026-03-24 16:50:12.6838880 +00:00,S,P
26753,BOA MG,NULL,AMQ,2026-01-31,77,2026-03-24 16:50:12.6838880 +00:00,S,P
26754,BOA MG,NULL,AO,2026-01-31,93,2026-03-24 16:50:12.6838880 +00:00,S,P
26755,BOA MG,NULL,BU,2026-01-31,73,2026-03-24 16:50:12.6838880 +00:00,S,P
26756,BOA MG,NULL,JK,2026-01-31,70,2026-03-24 16:50:12.6838880 +00:00,S,P
26757,BOA MG,NULL,P[,2026-01-31,59,2026-03-24 16:50:12.6838880 +00:00,S,P
26758,BOA MG,NULL,QT,2026-01-31,78,2026-03-24 16:50:12.6838880 +00:00,S,P
26759,BOA MG,NULL,U5,2026-01-31,100,2026-03-24 16:50:12.6838880 +00:00,S,P
26760,BOA MG,NULL,1P,2026-01-31,84,2026-03-24 16:50:12.6838880 +00:00,S,P
26761,BOA MG,NULL,2G,2026-01-31,61,2026-03-24 16:50:12.6838880 +00:00,S,P
26762,BOA MG,NULL,6C,2026-01-31,76,2026-03-24 16:50:12.6838880 +00:00,S,P
26763,BOA MG,NULL,AMK,2026-01-31,62,2026-03-24 16:50:12.6838880 +00:00,S,P
26764,BOA MG,NULL,BK,2026-01-31,57,2026-03-24 16:50:12.6838880 +00:00,S,P
26765,BOA MG,NULL,BKC,2026-01-31,100,2026-03-24 16:50:12.6838880 +00:00,S,P
26766,BOA MG,NULL,CF,2026-01-31,83,2026-03-24 16:50:12.6838880 +00:00,S,P
26767,BOA MG,NULL,CGM,2026-01-31,100,2026-03-24 16:50:12.6838880 +00:00,S,P
26768,BOA MG,NULL,CK,2026-01-31,76,2026-03-24 16:50:12.7790540 +00:00,S,P
26769,BOA MG,NULL,CNQ,2026-01-31,100,2026-03-24 16:50:12.7790540 +00:00,S,P
26770,BOA MG,NULL,D6,2026-01-31,80,2026-03-24 16:50:12.7790540 +00:00,S,P
26771,BOA MG,NULL,ED,2026-01-31,65,2026-03-24 16:50:12.7790540 +00:00,S,P
26772,BOA MG,NULL,HY,2026-01-31,88,2026-03-24 16:50:12.7790540 +00:00,S,P
26773,BOA MG,NULL,IG,2026-01-31,65,2026-03-24 16:50:12.7790540 +00:00,S,P
26774,BOA MG,NULL,KW,2026-01-31,100,2026-03-24 16:50:12.7790540 +00:00,S,P
26775,BOA MG,NULL,PE,2026-01-31,88,2026-03-24 16:50:12.7790540 +00:00,S,P
26776,BOA MG,NULL,P],2026-01-31,66,2026-03-24 16:50:12.7790540 +00:00,S,P
26777,BOA MG,NULL,QJ,2026-01-31,73,2026-03-24 16:50:12.7790540 +00:00,S,P
26778,BOA MG,NULL,SS,2026-01-31,76,2026-03-24 16:50:12.7790540 +00:00,S,P
26779,BOA MG,NULL,UF,2026-01-31,61,2026-03-24 16:50:12.7790540 +00:00,S,P
26780,BOA MG,NULL,W3,2026-01-31,100,2026-03-24 16:50:12.7790540 +00:00,S,P
26781,BOA MG,NULL,XX,2026-01-31,50,2026-03-24 16:50:12.7790540 +00:00,S,P
26782,BOA MG,NULL,YM,2026-01-31,68,2026-03-24 16:50:12.7790540 +00:00,S,P
26783,BOA MG,NULL,ZK,2026-01-31,65,2026-03-24 16:50:12.7790540 +00:00,S,P
26784,BOA MG,NULL,[2,2026-01-31,65,2026-03-24 16:50:12.7790540 +00:00,S,P
26785,BOA MG,NULL,}R,2026-01-31,83,2026-03-24 16:50:12.7790540 +00:00,S,P
26786,BOA MG,NULL,0},2026-01-31,100,2026-03-24 16:50:12.7790540 +00:00,S,P
26787,BOA MG,NULL,BO,2026-01-31,0,2026-03-24 16:50:12.7790540 +00:00,S,P
26788,BOA MG,NULL,BP,2026-01-31,50,2026-03-24 16:50:12.7790540 +00:00,S,P
26789,BOA MG,NULL,OK,2026-01-31,75,2026-03-24 16:50:12.7790540 +00:00,S,P
26790,BOA MG,NULL,24,2026-01-31,100,2026-03-24 16:50:12.7790540 +00:00,S,P
26791,BOA MG,NULL,DA,2026-01-31,83,2026-03-24 16:50:12.7790540 +00:00,S,P
26792,BOA MG,NULL,UE,2026-01-31,71,2026-03-24 16:50:12.7790540 +00:00,S,P
26793,BOA MG,NULL,59,2026-01-31,50,2026-03-24 16:50:12.7790540 +00:00,S,P
26794,BOA MG,NULL,AK,2026-01-31,50,2026-03-24 16:50:12.7790540 +00:00,S,P
26795,BOA MG,NULL,AVA,2026-01-31,0,2026-03-24 16:50:12.7790540 +00:00,S,P
26796,BOA MG,NULL,CZF,2026-01-31,0,2026-03-24 16:50:12.7790540 +00:00,S,P
26797,BOA MG,NULL,DN,2026-01-31,86,2026-03-24 16:50:12.7790540 +00:00,S,P
26798,BOA MG,NULL,39,2026-01-31,66,2026-03-24 16:50:12.7790540 +00:00,S,P
26799,BOA MG,NULL,BI,2026-01-31,33,2026-03-24 16:50:12.7790540 +00:00,S,P
26800,BOA MG,NULL,CA,2026-01-31,50,2026-03-24 16:50:12.7790540 +00:00,S,P
26801,BOA MG,NULL,CR,2026-01-31,70,2026-03-24 16:50:12.7790540 +00:00,S,P
26802,BOA MG,NULL,HB,2026-01-31,81,2026-03-24 16:50:12.7790540 +00:00,S,P
26803,BOA MG,NULL,UQ,2026-01-31,100,2026-03-24 16:50:12.7790540 +00:00,S,P
26804,BOA MG,NULL,-7,2026-01-31,81,2026-03-24 16:50:12.7790540 +00:00,S,P
26805,BOA MG,NULL,1W,2026-01-31,66,2026-03-24 16:50:12.7790540 +00:00,S,P
26806,BOA MG,NULL,4V,2026-01-31,100,2026-03-24 16:50:12.7790540 +00:00,S,P
26807,BOA MG,NULL,AG,2026-01-31,100,2026-03-24 16:50:12.7790540 +00:00,S,P
26808,BOA MG,NULL,BBD,2026-01-31,66,2026-03-24 16:50:12.7790540 +00:00,S,P
26809,BOA MG,NULL,BD,2026-01-31,100,2026-03-24 16:50:12.7790540 +00:00,S,P
26810,BOA MG,NULL,BJW,2026-01-31,0,2026-03-24 16:50:12.7790540 +00:00,S,P
26811,BOA MG,NULL,BTP,2026-01-31,100,2026-03-24 16:50:12.7790540 +00:00,S,P
26812,BOA MG,NULL,CV,2026-01-31,66,2026-03-24 16:50:12.7790540 +00:00,S,P
26813,BOA MG,NULL,DB,2026-01-31,100,2026-03-24 16:50:12.7790540 +00:00,S,P
26814,BOA MG,NULL,DLR,2026-01-31,100,2026-03-24 16:50:12.7790540 +00:00,S,P
26815,BOA MG,NULL,P9,2026-01-31,70,2026-03-24 16:50:12.7790540 +00:00,S,P
26816,BOA MG,NULL,CFP,2026-01-31,100,2026-03-24 16:50:12.7790540 +00:00,S,P
26817,BOA MG,NULL,CT,2026-01-31,81,2026-03-24 16:50:12.7790540 +00:00,S,P
26818,BOA MG,NULL,-6,2026-01-31,51,2026-03-24 16:50:12.7790540 +00:00,S,P
26819,BOA MG,NULL,0L,2026-01-31,85,2026-03-24 16:50:12.7790540 +00:00,S,P
26820,BOA MG,NULL,67,2026-01-31,75,2026-03-24 16:50:12.7790540 +00:00,S,P
26821,BOA MG,NULL,6D,2026-01-31,58,2026-03-24 16:50:12.7790540 +00:00,S,P
26822,BOA MG,NULL,8W,2026-01-31,72,2026-03-24 16:50:12.7790540 +00:00,S,P
26823,BOA MG,NULL,9K,2026-01-31,100,2026-03-24 16:50:12.7790540 +00:00,S,P
26824,BOA MG,NULL,ALP,2026-01-31,56,2026-03-24 16:50:12.7790540 +00:00,S,P
26825,BOA MG,NULL,CGG,2026-01-31,50,2026-03-24 16:50:12.7790540 +00:00,S,P
26826,BOA MG,NULL,G5,2026-01-31,90,2026-03-24 16:50:12.7790540 +00:00,S,P
26827,BOA MG,NULL,GH,2026-01-31,100,2026-03-24 16:50:12.7790540 +00:00,S,P
26828,BOA MG,NULL,HF,2026-01-31,94,2026-03-24 16:50:12.7790540 +00:00,S,P
26829,BOA MG,NULL,IE,2026-01-31,80,2026-03-24 16:50:12.7790540 +00:00,S,P
26830,BOA MG,NULL,IQ,2026-01-31,80,2026-03-24 16:50:12.7790540 +00:00,S,P
26831,BOA MG,NULL,JY,2026-01-31,62,2026-03-24 16:50:12.7790540 +00:00,S,P
26832,BOA MG,NULL,KB,2026-01-31,81,2026-03-24 16:50:12.7790540 +00:00,S,P
26833,BOA MG,NULL,LJ,2026-01-31,66,2026-03-24 16:50:12.7790540 +00:00,S,P
26834,BOA MG,NULL,LK,2026-01-31,100,2026-03-24 16:50:12.7790540 +00:00,S,P
26835,BOA MG,NULL,LL,2026-01-31,51,2026-03-24 16:50:12.7790540 +00:00,S,P
26836,BOA MG,NULL,OL,2026-01-31,83,2026-03-24 16:50:12.7790540 +00:00,S,P
26837,BOA MG,NULL,QX,2026-01-31,100,2026-03-24 16:50:12.7790540 +00:00,S,P
26838,BOA MG,NULL,T9,2026-01-31,50,2026-03-24 16:50:12.7790540 +00:00,S,P
26839,BOA MG,NULL,UR,2026-01-31,69,2026-03-24 16:50:12.7790540 +00:00,S,P
26840,BOA MG,NULL,VE,2026-01-31,63,2026-03-24 16:50:12.7790540 +00:00,S,P
26841,BOA MG,NULL,WM,2026-01-31,75,2026-03-24 16:50:12.7790540 +00:00,S,P
26842,BOA MG,NULL,XO,2026-01-31,100,2026-03-24 16:50:12.7790540 +00:00,S,P
26843,BOA MG,NULL,XQ,2026-01-31,74,2026-03-24 16:50:12.7790540 +00:00,S,P
26844,BOA MG,NULL,XR,2026-01-31,0,2026-03-24 16:50:12.7790540 +00:00,S,P
26845,BOA MG,NULL,YR,2026-01-31,85,2026-03-24 16:50:12.7790540 +00:00,S,P
26846,BOA MG,NULL,[5,2026-01-31,37,2026-03-24 16:50:12.7790540 +00:00,S,P
26847,BOA MG,NULL,]F,2026-01-31,83,2026-03-24 16:50:12.7790540 +00:00,S,P
26848,BOA MG,NULL,{F,2026-01-31,75,2026-03-24 16:50:12.7790540 +00:00,S,P
26849,BOA MG,NULL,{W,2026-01-31,40,2026-03-24 16:50:12.7790540 +00:00,S,P
26850,BOA MG,NULL,}T,2026-01-31,88,2026-03-24 16:50:12.7790540 +00:00,S,P
26851,BOA MG,NULL,49,2026-01-31,100,2026-03-24 16:50:12.7790540 +00:00,S,P
26852,BOA MG,NULL,HA,2026-01-31,60,2026-03-24 16:50:12.7790540 +00:00,S,P
26853,BOA MG,NULL,BSG,2026-01-31,91,2026-03-24 16:50:12.7790540 +00:00,S,P
26854,BOA MG,NULL,0V,2026-01-31,69,2026-03-24 16:50:12.7790540 +00:00,S,P
26855,BOA MG,NULL,1C,2026-01-31,100,2026-03-24 16:50:12.7790540 +00:00,S,P
26856,BOA MG,NULL,43,2026-01-31,43,2026-03-24 16:50:12.7790540 +00:00,S,P
26857,BOA MG,NULL,M{,2026-01-31,66,2026-03-24 16:50:12.7790540 +00:00,S,P
26858,BOA MG,NULL,M},2026-01-31,100,2026-03-24 16:50:12.7790540 +00:00,S,P
26859,BOA MG,NULL,]L,2026-01-31,88,2026-03-24 16:50:12.7790540 +00:00,S,P
26860,BOA MG,NULL,5Q,2026-01-31,75,2026-03-24 16:50:12.7790540 +00:00,S,P
26861,BOA MG,NULL,BBQ,2026-01-31,66,2026-03-24 16:50:12.7790540 +00:00,S,P
26862,BOA MG,NULL,IO,2026-01-31,100,2026-03-24 16:50:12.7790540 +00:00,S,P
26863,BOA MG,NULL,3C,2026-01-31,100,2026-03-24 16:50:12.7790540 +00:00,S,P
26864,BOA MG,NULL,ALT,2026-01-31,100,2026-03-24 16:50:12.7790540 +00:00,S,P
26865,BOA MG,NULL,EV,2026-01-31,100,2026-03-24 16:50:12.7790540 +00:00,S,P
26866,BOA MG,NULL,BCQ,2026-01-31,100,2026-03-24 16:50:12.7790540 +00:00,S,P
26867,BOA MG,NULL,BQL,2026-01-31,100,2026-03-24 16:50:12.7790540 +00:00,S,P
26868,BOA MG,NULL,W4,2026-01-31,50,2026-03-24 16:50:12.7790540 +00:00,S,P
26869,BOA MG,NULL,[H,2026-01-31,100,2026-03-24 16:50:12.7790540 +00:00,S,P
26870,BOA MG,NULL,ALM,2026-01-31,100,2026-03-24 16:50:12.7790540 +00:00,S,P
26871,BOA MG,NULL,CQI,2026-01-31,85,2026-03-24 16:50:12.7790540 +00:00,S,P
26872,BOA MG,NULL,DKS,2026-01-31,100,2026-03-24 16:50:12.7790540 +00:00,S,P
26873,BOA MG,NULL,ML,2026-01-31,50,2026-03-24 16:50:12.7790540 +00:00,S,P
26874,BOA MG,NULL,}W,2026-01-31,72,2026-03-24 16:50:12.7790540 +00:00,S,P
26875,BOA MG,NULL,35,2026-01-31,50,2026-03-24 16:50:12.7790540 +00:00,S,P
26876,BOA MG,NULL,BAJ,2026-01-31,100,2026-03-24 16:50:12.7790540 +00:00,S,P
26877,BOA MG,NULL,BDF,2026-01-31,50,2026-03-24 16:50:12.7790540 +00:00,S,P
26878,BOA MG,NULL,BDK,2026-01-31,0,2026-03-24 16:50:12.7790540 +00:00,S,P
26879,BOA MG,NULL,BFX,2026-01-31,100,2026-03-24 16:50:12.7790540 +00:00,S,P
26880,BOA MG,NULL,BRY,2026-01-31,100,2026-03-24 16:50:12.7790540 +00:00,S,P
26881,BOA MG,NULL,BVC,2026-01-31,80,2026-03-24 16:50:12.7790540 +00:00,S,P
26882,BOA MG,NULL,CWO,2026-01-31,100,2026-03-24 16:50:12.7790540 +00:00,S,P
26883,BOA MG,NULL,DBJ,2026-01-31,75,2026-03-24 16:50:12.7790540 +00:00,S,P
26884,BOA MG,NULL,EAL,2026-01-31,100,2026-03-24 16:50:12.7790540 +00:00,S,P
26885,BOA MG,NULL,IR,2026-01-31,66,2026-03-24 16:50:12.7790540 +00:00,S,P
26886,BOA MG,NULL,N[,2026-01-31,100,2026-03-24 16:50:12.7790540 +00:00,S,P
26887,BOA MG,NULL,QC,2026-01-31,100,2026-03-24 16:50:12.7790540 +00:00,S,P
26888,BOA MG,NULL,U-,2026-01-31,50,2026-03-24 16:50:12.7790540 +00:00,S,P
26889,BOA MG,NULL,40,2026-01-31,33,2026-03-24 16:50:12.7790540 +00:00,S,P
26890,BOA MG,NULL,BKI,2026-01-31,100,2026-03-24 16:50:12.7790540 +00:00,S,P
26891,BOA MG,NULL,CGO,2026-01-31,0,2026-03-24 16:50:12.7790540 +00:00,S,P
26892,BOA MG,NULL,CXW,2026-01-31,0,2026-03-24 16:50:12.7790540 +00:00,S,P
26893,BOA MG,NULL,DJ,2026-01-31,50,2026-03-24 16:50:12.7790540 +00:00,S,P
26894,BOA MG,NULL,DLI,2026-01-31,50,2026-03-24 16:50:12.7790540 +00:00,S,P
26895,BOA MG,NULL,ECD,2026-01-31,100,2026-03-24 16:50:12.7790540 +00:00,S,P
26896,BOA MG,NULL,J2,2026-01-31,66,2026-03-24 16:50:12.8425670 +00:00,S,P
26897,BOA MG,NULL,J3B,2026-01-31,100,2026-03-24 16:50:12.8425670 +00:00,S,P
26898,BOA MG,NULL,{D,2026-01-31,66,2026-03-24 16:50:12.8425670 +00:00,S,P
26899,BOA MG,NULL,BBJ,2026-01-31,100,2026-03-24 16:50:12.8425670 +00:00,S,P
26900,BOA MG,NULL,BNS,2026-01-31,100,2026-03-24 16:50:12.8425670 +00:00,S,P
26901,BOA MG,NULL,CSW,2026-01-31,100,2026-03-24 16:50:12.8425670 +00:00,S,P
26902,BOA MG,NULL,9S,2026-01-31,100,2026-03-24 16:50:12.8425670 +00:00,S,P
26903,BOA MG,NULL,AAM,2026-01-31,0,2026-03-24 16:50:12.8425670 +00:00,S,P
26904,BOA MG,NULL,AF,2026-01-31,100,2026-03-24 16:50:12.8425670 +00:00,S,P
26905,BOA MG,NULL,CH,2026-01-31,50,2026-03-24 16:50:12.8425670 +00:00,S,P
26906,BOA MG,NULL,CZ,2026-01-31,81,2026-03-24 16:50:12.8425670 +00:00,S,P
26907,BOA MG,NULL,G6,2026-01-31,44,2026-03-24 16:50:12.8425670 +00:00,S,P
26908,BOA MG,NULL,-4,2026-01-31,100,2026-03-24 16:50:12.8425670 +00:00,S,P
26909,BOA MG,NULL,9M,2026-01-31,47,2026-03-24 16:50:12.8425670 +00:00,S,P
26910,BOA MG,NULL,DIW,2026-01-31,100,2026-03-24 16:50:12.8425670 +00:00,S,P
26911,BOA MG,NULL,F9,2026-01-31,100,2026-03-24 16:50:12.8425670 +00:00,S,P
26912,BOA MG,NULL,J5,2026-01-31,94,2026-03-24 16:50:12.8425670 +00:00,S,P
26913,BOA MG,NULL,LD,2026-01-31,95,2026-03-24 16:50:12.8425670 +00:00,S,P
26914,BOA MG,NULL,P8,2026-01-31,100,2026-03-24 16:50:12.8425670 +00:00,S,P
26915,BOA MG,NULL,PA,2026-01-31,87,2026-03-24 16:50:12.8425670 +00:00,S,P
26916,BOA MG,NULL,SP,2026-01-31,50,2026-03-24 16:50:12.8425670 +00:00,S,P
26917,BOA MG,NULL,ASG,2026-01-31,100,2026-03-24 16:50:12.8425670 +00:00,S,P
26918,BOA MG,NULL,BKW,2026-01-31,100,2026-03-24 16:50:12.8425670 +00:00,S,P
26919,BOA MG,NULL,CPR,2026-01-31,0,2026-03-24 16:50:12.8425670 +00:00,S,P
26920,BOA MG,NULL,CXI,2026-01-31,50,2026-03-24 16:50:12.8425670 +00:00,S,P
26921,BOA MG,NULL,CYP,2026-01-31,100,2026-03-24 16:50:12.8425670 +00:00,S,P
26922,BOA MG,NULL,YZ,2026-01-31,70,2026-03-24 16:50:12.8425670 +00:00,S,P
26923,BOA MG,NULL,APF,2026-01-31,100,2026-03-24 16:50:12.8425670 +00:00,S,P
26924,BOA MG,NULL,AU,2026-01-31,0,2026-03-24 16:50:12.8425670 +00:00,S,P
26925,BOA MG,NULL,CEU,2026-01-31,50,2026-03-24 16:50:12.8425670 +00:00,S,P
26926,BOA MG,NULL,COL,2026-01-31,100,2026-03-24 16:50:12.8425670 +00:00,S,P
26927,BOA MG,NULL,CSZ,2026-01-31,100,2026-03-24 16:50:12.8425670 +00:00,S,P
26928,BOA MG,NULL,UC,2026-01-31,50,2026-03-24 16:50:12.8425670 +00:00,S,P
26929,BOA MG,NULL,ACF,2026-01-31,100,2026-03-24 16:50:12.8425670 +00:00,S,P
26930,BOA MG,NULL,CWS,2026-01-31,0,2026-03-24 16:50:12.8425670 +00:00,S,P
26931,BOA MG,NULL,GP,2026-01-31,0,2026-03-24 16:50:12.8425670 +00:00,S,P
26932,BOA MG,NULL,N},2026-01-31,66,2026-03-24 16:50:12.8425670 +00:00,S,P
26933,BOA MG,NULL,Q},2026-01-31,86,2026-03-24 16:50:12.8425670 +00:00,S,P
26934,BOA MG,NULL,}3,2026-01-31,50,2026-03-24 16:50:12.8425670 +00:00,S,P
26935,BOA MG,NULL,}B,2026-01-31,33,2026-03-24 16:50:12.8425670 +00:00,S,P
26936,BOA MG,NULL,AVC,2026-01-31,100,2026-03-24 16:50:12.8425670 +00:00,S,P
26937,BOA MG,NULL,CNA,2026-01-31,100,2026-03-24 16:50:12.8425670 +00:00,S,P
26938,BOA MG,NULL,6-,2026-01-31,25,2026-03-24 16:50:12.8425670 +00:00,S,P
26939,BOA MG,NULL,CGJ,2026-01-31,100,2026-03-24 16:50:12.8425670 +00:00,S,P
26940,BOA MG,NULL,ECQ,2026-01-31,100,2026-03-24 16:50:12.8425670 +00:00,S,P
26941,BOA MG,NULL,F,2026-01-31,100,2026-03-24 16:50:12.8425670 +00:00,S,P
26942,BOA MG,NULL,Y2,2026-01-31,0,2026-03-24 16:50:12.8425670 +00:00,S,P
26943,BOA MG,NULL,}4,2026-01-31,76,2026-03-24 16:50:12.8425670 +00:00,S,P
26944,BOA MG,NULL,3[,2026-01-31,71,2026-03-24 16:50:12.8425670 +00:00,S,P
26945,BOA MG,NULL,BBL,2026-01-31,100,2026-03-24 16:50:12.8425670 +00:00,S,P
26946,BOA MG,NULL,DCS,2026-01-31,100,2026-03-24 16:50:12.8425670 +00:00,S,P
26947,BOA MG,NULL,0Y,2026-01-31,62,2026-03-24 16:50:12.8425670 +00:00,S,P
26948,BOA MG,NULL,[6,2026-01-31,66,2026-03-24 16:50:12.8425670 +00:00,S,P
26949,BOA MG,NULL,]E,2026-01-31,0,2026-03-24 16:50:12.8425670 +00:00,S,P
26950,BOA MG,NULL,AFB,2026-01-31,100,2026-03-24 16:50:12.8425670 +00:00,S,P
26951,BOA MG,NULL,BFV,2026-01-31,100,2026-03-24 16:50:12.8425670 +00:00,S,P
26952,BOA MG,NULL,BVY,2026-01-31,50,2026-03-24 16:50:12.8425670 +00:00,S,P
26953,BOA MG,NULL,TE,2026-01-31,68,2026-03-24 16:50:12.8425670 +00:00,S,P
26954,BOA MG,NULL,WK,2026-01-31,61,2026-03-24 16:50:12.8425670 +00:00,S,P
26955,BOA MG,NULL,]C,2026-01-31,100,2026-03-24 16:50:12.8425670 +00:00,S,P
26956,BOA MG,NULL,{Y,2026-01-31,76,2026-03-24 16:50:12.8425670 +00:00,S,P
26957,BOA MG,NULL,-8,2026-01-31,100,2026-03-24 16:50:12.8425670 +00:00,S,P
26958,BOA MG,NULL,8-,2026-01-31,93,2026-03-24 16:50:12.8425670 +00:00,S,P
26959,BOA MG,NULL,BGC,2026-01-31,50,2026-03-24 16:50:12.8425670 +00:00,S,P
26960,BOA MG,NULL,BSB,2026-01-31,0,2026-03-24 16:50:12.8425670 +00:00,S,P
26961,BOA MG,NULL,JP,2026-01-31,100,2026-03-24 16:50:12.8425670 +00:00,S,P
26962,BOA MG,NULL,MQ,2026-01-31,60,2026-03-24 16:50:12.8546020 +00:00,S,P
26963,BOA MG,NULL,S3,2026-01-31,100,2026-03-24 16:50:12.8546020 +00:00,S,P
26964,BOA MG,NULL,ASN,2026-01-31,0,2026-03-24 16:50:12.8546020 +00:00,S,P
26965,BOA MG,NULL,BTQ,2026-01-31,33,2026-03-24 16:50:12.8546020 +00:00,S,P
26966,BOA MG,NULL,DIR_AGENCE_4200,2026-01-31,74,2026-03-24 16:50:12.8546020 +00:00,S,P
26967,BOA MG,NULL,88,2026-01-31,75,2026-03-24 16:50:12.8546020 +00:00,S,P
26968,BOA MG,NULL,BE,2026-01-31,0,2026-03-24 16:50:12.8546020 +00:00,S,P
26969,BOA MG,NULL,DDR,2026-01-31,0,2026-03-24 16:50:12.8546020 +00:00,S,P
26970,BOA MG,NULL,LH,2026-01-31,100,2026-03-24 16:50:12.8546020 +00:00,S,P
26971,BOA MG,NULL,]9,2026-01-31,33,2026-03-24 16:50:12.8546020 +00:00,S,P
26972,BOA MG,NULL,]I,2026-01-31,0,2026-03-24 16:50:12.8546020 +00:00,S,P
26973,BOA MG,NULL,]O,2026-01-31,100,2026-03-24 16:50:12.8546020 +00:00,S,P
26974,BOA MG,NULL,]R,2026-01-31,100,2026-03-24 16:50:12.8546020 +00:00,S,P
26975,BOA MG,NULL,CE,2026-01-31,66,2026-03-24 16:50:12.8546020 +00:00,S,P
26976,BOA MG,NULL,KZ,2026-01-31,0,2026-03-24 16:50:12.8546020 +00:00,S,P
26977,BOA MG,NULL,UH,2026-01-31,100,2026-03-24 16:50:12.8546020 +00:00,S,P
26978,BOA MG,NULL,2X,2026-01-31,100,2026-03-24 16:50:12.8546020 +00:00,S,P
26979,BOA MG,NULL,BZX,2026-01-31,0,2026-03-24 16:50:12.8546020 +00:00,S,P
26980,BOA MG,NULL,COU,2026-01-31,0,2026-03-24 16:50:12.8546020 +00:00,S,P
26981,BOA MG,NULL,CQN,2026-01-31,90,2026-03-24 16:50:12.8546020 +00:00,S,P
26982,BOA MG,NULL,IL,2026-01-31,100,2026-03-24 16:50:12.8546020 +00:00,S,P
26983,BOA MG,NULL,I],2026-01-31,85,2026-03-24 16:50:12.8546020 +00:00,S,P
26984,BOA MG,NULL,I},2026-01-31,75,2026-03-24 16:50:12.8546020 +00:00,S,P
26985,BOA MG,NULL,X},2026-01-31,100,2026-03-24 16:50:12.8546020 +00:00,S,P
26986,BOA MG,NULL,4{,2026-01-31,100,2026-03-24 16:50:12.8546020 +00:00,S,P
26987,BOA MG,NULL,5(,2026-01-31,100,2026-03-24 16:50:12.8546020 +00:00,S,P
26988,BOA MG,NULL,5[,2026-01-31,100,2026-03-24 16:50:12.8546020 +00:00,S,P
26989,BOA MG,NULL,9{,2026-01-31,71,2026-03-24 16:50:12.8546020 +00:00,S,P
26990,BOA MG,NULL,ARS,2026-01-31,93,2026-03-24 16:50:12.8546020 +00:00,S,P
26991,BOA MG,NULL,G-,2026-01-31,66,2026-03-24 16:50:12.8546020 +00:00,S,P
26992,BOA MG,NULL,DIR_AGENCE_4600,2026-01-31,100,2026-03-24 16:50:12.8546020 +00:00,S,P
26993,BOA MG,NULL,[A,2026-01-31,100,2026-03-24 16:50:12.8546020 +00:00,S,P
26994,BOA MG,NULL,KK,2026-01-31,100,2026-03-24 16:50:12.8546020 +00:00,S,P
26995,BOA MG,NULL,ME,2026-01-31,100,2026-03-24 16:50:12.8546020 +00:00,S,P
26996,BOA MG,NULL,WN,2026-01-31,68,2026-03-24 16:50:12.8546020 +00:00,S,P
26997,BOA MG,NULL,ATS,2026-01-31,50,2026-03-24 16:50:12.8546020 +00:00,S,P
26998,BOA MG,NULL,CG,2026-01-31,0,2026-03-24 16:50:12.8546020 +00:00,S,P
26999,BOA MG,NULL,1X,2026-01-31,83,2026-03-24 16:50:12.8546020 +00:00,S,P
27000,BOA MG,NULL,AHJ,2026-01-31,100,2026-03-24 16:50:12.8546020 +00:00,S,P
27001,BOA MG,NULL,R8,2026-01-31,69,2026-03-24 16:50:12.8546020 +00:00,S,P
27002,BOA MG,NULL,WX,2026-01-31,75,2026-03-24 16:50:12.8546020 +00:00,S,P
27003,BOA MG,NULL,76,2026-01-31,0,2026-03-24 16:50:12.8546020 +00:00,S,P
27004,BOA MG,NULL,BW,2026-01-31,100,2026-03-24 16:50:12.8546020 +00:00,S,P
27005,BOA MG,NULL,3Y,2026-01-31,100,2026-03-24 16:50:12.8546020 +00:00,S,P
27006,BOA MG,NULL,BSW,2026-01-31,85,2026-03-24 16:50:12.8546020 +00:00,S,P
27007,BOA MG,NULL,CTV,2026-01-31,100,2026-03-24 16:50:12.8546020 +00:00,S,P
27008,BOA MG,NULL,DF,2026-01-31,2,2026-03-24 16:50:12.8546020 +00:00,S,P
27009,BOA MG,NULL,MZ,2026-01-31,0,2026-03-24 16:50:12.8546020 +00:00,S,P
27010,BOA MG,NULL,QF,2026-01-31,100,2026-03-24 16:50:12.8546020 +00:00,S,P
27011,BOA MG,NULL,Y9,2026-01-31,86,2026-03-24 16:50:12.8546020 +00:00,S,P
27012,BOA MG,NULL,YK,2026-01-31,50,2026-03-24 16:50:12.8546020 +00:00,S,P
27013,BOA MG,NULL,]M,2026-01-31,85,2026-03-24 16:50:12.8546020 +00:00,S,P
27014,BOA MG,NULL,{L,2026-01-31,100,2026-03-24 16:50:12.8546020 +00:00,S,P
27015,BOA MG,NULL,}0,2026-01-31,66,2026-03-24 16:50:12.8546020 +00:00,S,P
27016,BOA MG,NULL,}7,2026-01-31,100,2026-03-24 16:50:12.8546020 +00:00,S,P
27017,BOA MG,NULL,}M,2026-01-31,67,2026-03-24 16:50:12.8546020 +00:00,S,P
27018,BOA MG,NULL,3,2026-01-31,60,2026-03-24 16:50:12.8546020 +00:00,S,P
27019,BOA MG,NULL,AVK,2026-01-31,50,2026-03-24 16:50:12.8546020 +00:00,S,P
27020,BOA MG,NULL,BCT,2026-01-31,66,2026-03-24 16:50:12.8546020 +00:00,S,P
27021,BOA MG,NULL,HS,2026-01-31,0,2026-03-24 16:50:12.8546020 +00:00,S,P
27022,BOA MG,NULL,YG,2026-01-31,66,2026-03-24 16:50:12.8546020 +00:00,S,P
27023,BOA MG,NULL,2Y,2026-01-31,7,2026-03-24 16:50:12.8546020 +00:00,S,P
27024,BOA MG,NULL,6{,2026-01-31,100,2026-03-24 16:50:12.9221570 +00:00,S,P
27025,BOA MG,NULL,BJO,2026-01-31,75,2026-03-24 16:50:12.9221570 +00:00,S,P
27026,BOA MG,NULL,BYJ,2026-01-31,100,2026-03-24 16:50:12.9221570 +00:00,S,P
27027,BOA MG,NULL,CQ,2026-01-31,50,2026-03-24 16:50:12.9221570 +00:00,S,P
27028,BOA MG,NULL,WT,2026-01-31,76,2026-03-24 16:50:12.9221570 +00:00,S,P
27029,BOA MG,NULL,]Z,2026-01-31,50,2026-03-24 16:50:12.9221570 +00:00,S,P
27030,BOA MG,NULL,ALE,2026-01-31,100,2026-03-24 16:50:12.9221570 +00:00,S,P
27031,BOA MG,NULL,BSF,2026-01-31,69,2026-03-24 16:50:12.9221570 +00:00,S,P
27032,BOA MG,NULL,BWL,2026-01-31,100,2026-03-24 16:50:12.9221570 +00:00,S,P
27033,BOA MG,NULL,CEJ,2026-01-31,100,2026-03-24 16:50:12.9221570 +00:00,S,P
27034,BOA MG,NULL,SY,2026-01-31,100,2026-03-24 16:50:12.9221570 +00:00,S,P
27035,BOA MG,NULL,9H,2026-01-31,100,2026-03-24 16:50:12.9221570 +00:00,S,P
27036,BOA MG,NULL,AMI,2026-01-31,0,2026-03-24 16:50:12.9221570 +00:00,S,P
27037,BOA MG,NULL,BCM,2026-01-31,100,2026-03-24 16:50:12.9221570 +00:00,S,P
27038,BOA MG,NULL,BLM,2026-01-31,100,2026-03-24 16:50:12.9221570 +00:00,S,P
27039,BOA MG,NULL,CFN,2026-01-31,0,2026-03-24 16:50:12.9221570 +00:00,S,P
27040,BOA MG,NULL,CPB,2026-01-31,100,2026-03-24 16:50:12.9221570 +00:00,S,P
27041,BOA MG,NULL,GA,2026-01-31,0,2026-03-24 16:50:12.9221570 +00:00,S,P
27042,BOA MG,NULL,P},2026-01-31,68,2026-03-24 16:50:12.9221570 +00:00,S,P
27043,BOA MG,NULL,XY,2026-01-31,100,2026-03-24 16:50:12.9221570 +00:00,S,P
27044,BOA MG,NULL,-5,2026-01-31,66,2026-03-24 16:50:12.9221570 +00:00,S,P
27045,BOA MG,NULL,0C,2026-01-31,100,2026-03-24 16:50:12.9221570 +00:00,S,P
27046,BOA MG,NULL,BCW,2026-01-31,50,2026-03-24 16:50:12.9221570 +00:00,S,P
27047,BOA MG,NULL,CQD,2026-01-31,100,2026-03-24 16:50:12.9221570 +00:00,S,P
27048,BOA MG,NULL,EAS,2026-01-31,100,2026-03-24 16:50:12.9221570 +00:00,S,P
27049,BOA MG,NULL,OX,2026-01-31,90,2026-03-24 16:50:12.9221570 +00:00,S,P
27050,BOA MG,NULL,]7,2026-01-31,100,2026-03-24 16:50:12.9221570 +00:00,S,P
27051,BOA MG,NULL,64,2026-01-31,100,2026-03-24 16:50:12.9221570 +00:00,S,P
27052,BOA MG,NULL,AGU,2026-01-31,33,2026-03-24 16:50:12.9221570 +00:00,S,P
27053,BOA MG,NULL,BOF,2026-01-31,100,2026-03-24 16:50:12.9221570 +00:00,S,P
27054,BOA MG,NULL,G4,2026-01-31,60,2026-03-24 16:50:12.9221570 +00:00,S,P
27055,BOA MG,NULL,M4,2026-01-31,60,2026-03-24 16:50:12.9221570 +00:00,S,P
27056,BOA MG,NULL,17A,2026-01-31,100,2026-03-24 16:50:12.9221570 +00:00,S,P
27057,BOA MG,NULL,ASV,2026-01-31,50,2026-03-24 16:50:12.9221570 +00:00,S,P
27058,BOA MG,NULL,CBK,2026-01-31,0,2026-03-24 16:50:12.9221570 +00:00,S,P
27059,BOA MG,NULL,CEL,2026-01-31,100,2026-03-24 16:50:12.9221570 +00:00,S,P
27060,BOA MG,NULL,CJI,2026-01-31,100,2026-03-24 16:50:12.9221570 +00:00,S,P
27061,BOA MG,NULL,CZB,2026-01-31,0,2026-03-24 16:50:12.9221570 +00:00,S,P
27062,BOA MG,NULL,TD,2026-01-31,50,2026-03-24 16:50:12.9221570 +00:00,S,P
27063,BOA MG,NULL,}Q,2026-01-31,100,2026-03-24 16:50:12.9221570 +00:00,S,P
27064,BOA MG,NULL,6],2026-01-31,92,2026-03-24 16:50:12.9221570 +00:00,S,P
27065,BOA MG,NULL,ALR,2026-01-31,100,2026-03-24 16:50:12.9221570 +00:00,S,P
27066,BOA MG,NULL,ANV,2026-01-31,100,2026-03-24 16:50:12.9221570 +00:00,S,P
27067,BOA MG,NULL,BY,2026-01-31,100,2026-03-24 16:50:12.9221570 +00:00,S,P
27068,BOA MG,NULL,CFL,2026-01-31,100,2026-03-24 16:50:12.9221570 +00:00,S,P
27069,BOA MG,NULL,EAU,2026-01-31,100,2026-03-24 16:50:12.9221570 +00:00,S,P
27070,BOA MG,NULL,W9,2026-01-31,100,2026-03-24 16:50:12.9221570 +00:00,S,P
27071,BOA MG,NULL,WE,2026-01-31,33,2026-03-24 16:50:12.9221570 +00:00,S,P
27072,BOA MG,NULL,WF,2026-01-31,100,2026-03-24 16:50:12.9221570 +00:00,S,P
27073,BOA MG,NULL,WQ,2026-01-31,66,2026-03-24 16:50:12.9221570 +00:00,S,P
27074,BOA MG,NULL,WW,2026-01-31,81,2026-03-24 16:50:12.9221570 +00:00,S,P
27075,BOA MG,NULL,XK,2026-01-31,100,2026-03-24 16:50:12.9221570 +00:00,S,P
27076,BOA MG,NULL,0,2026-01-31,100,2026-03-24 16:50:12.9221570 +00:00,S,P
27077,BOA MG,NULL,E9,2026-01-31,50,2026-03-24 16:50:12.9221570 +00:00,S,P
27078,BOA MG,NULL,]Y,2026-01-31,100,2026-03-24 16:50:12.9221570 +00:00,S,P
27079,BOA MG,NULL,{A,2026-01-31,75,2026-03-24 16:50:12.9221570 +00:00,S,P
27080,BOA MG,NULL,}N,2026-01-31,100,2026-03-24 16:50:12.9221570 +00:00,S,P
27081,BOA MG,NULL,SB,2026-01-31,100,2026-03-24 16:50:12.9221570 +00:00,S,P
27082,BOA MG,NULL,8[,2026-01-31,0,2026-03-24 16:50:12.9221570 +00:00,S,P
27083,BOA MG,NULL,ASR,2026-01-31,100,2026-03-24 16:50:12.9221570 +00:00,S,P
27084,BOA MG,NULL,BVO,2026-01-31,100,2026-03-24 16:50:12.9221570 +00:00,S,P
27085,BOA MG,NULL,DMA,2026-01-31,100,2026-03-24 16:50:12.9221570 +00:00,S,P
27086,BOA MG,NULL,K8,2026-01-31,100,2026-03-24 16:50:12.9221570 +00:00,S,P
27087,BOA MG,NULL,TU,2026-01-31,100,2026-03-24 16:50:12.9221570 +00:00,S,P
27088,BOA MG,NULL,XA,2026-01-31,57,2026-03-24 16:50:12.9221570 +00:00,S,P
27089,BOA MG,NULL,[I,2026-01-31,100,2026-03-24 16:50:12.9221570 +00:00,S,P
27090,BOA MG,NULL,[K,2026-01-31,100,2026-03-24 16:50:12.9221570 +00:00,S,P
27091,BOA MG,NULL,{8,2026-01-31,85,2026-03-24 16:50:12.9221570 +00:00,S,P
27092,BOA MG,NULL,}8,2026-01-31,100,2026-03-24 16:50:12.9221570 +00:00,S,P
27093,BOA MG,NULL,69,2026-01-31,100,2026-03-24 16:50:12.9221570 +00:00,S,P
27094,BOA MG,NULL,BQN,2026-01-31,100,2026-03-24 16:50:12.9221570 +00:00,S,P
27095,BOA MG,NULL,BUE,2026-01-31,100,2026-03-24 16:50:12.9221570 +00:00,S,P
27096,BOA MG,NULL,GJ,2026-01-31,100,2026-03-24 16:50:12.9221570 +00:00,S,P
27097,BOA MG,NULL,RE,2026-01-31,100,2026-03-24 16:50:12.9221570 +00:00,S,P
27098,BOA MG,NULL,RF,2026-01-31,0,2026-03-24 16:50:12.9221570 +00:00,S,P
27099,BOA MG,NULL,X-,2026-01-31,100,2026-03-24 16:50:12.9221570 +00:00,S,P
27100,BOA MG,NULL,BBA,2026-01-31,50,2026-03-24 16:50:12.9221570 +00:00,S,P
27101,BOA MG,NULL,BJK,2026-01-31,50,2026-03-24 16:50:12.9221570 +00:00,S,P
27102,BOA MG,NULL,CMQ,2026-01-31,100,2026-03-24 16:50:12.9221570 +00:00,S,P
27103,BOA MG,NULL,G{,2026-01-31,80,2026-03-24 16:50:12.9221570 +00:00,S,P
27104,BOA MG,NULL,H5A,2026-01-31,100,2026-03-24 16:50:12.9221570 +00:00,S,P
27105,BOA MG,NULL,K3,2026-01-31,100,2026-03-24 16:50:12.9221570 +00:00,S,P
27106,BOA MG,NULL,B{,2026-01-31,0,2026-03-24 16:50:12.9221570 +00:00,S,P
27107,BOA MG,NULL,DK,2026-01-31,50,2026-03-24 16:50:12.9221570 +00:00,S,P
27108,BOA MG,NULL,TO,2026-01-31,0,2026-03-24 16:50:12.9221570 +00:00,S,P
27109,BOA MG,NULL,XD,2026-01-31,0,2026-03-24 16:50:12.9221570 +00:00,S,P
27110,BOA MG,NULL,[W,2026-01-31,100,2026-03-24 16:50:12.9221570 +00:00,S,P
27111,BOA MG,NULL,9],2026-01-31,50,2026-03-24 16:50:12.9221570 +00:00,S,P
27112,BOA MG,NULL,AN,2026-01-31,100,2026-03-24 16:50:12.9221570 +00:00,S,P
27113,BOA MG,NULL,ASS,2026-01-31,50,2026-03-24 16:50:12.9221570 +00:00,S,P
27114,BOA MG,NULL,AZN,2026-01-31,100,2026-03-24 16:50:12.9221570 +00:00,S,P
27115,BOA MG,NULL,BJM,2026-01-31,100,2026-03-24 16:50:12.9221570 +00:00,S,P
27116,BOA MG,NULL,BMP,2026-01-31,100,2026-03-24 16:50:12.9221570 +00:00,S,P
27117,BOA MG,NULL,BNO,2026-01-31,50,2026-03-24 16:50:12.9221570 +00:00,S,P
27118,BOA MG,NULL,CQB,2026-01-31,33,2026-03-24 16:50:12.9221570 +00:00,S,P
27119,BOA MG,NULL,CRG,2026-01-31,100,2026-03-24 16:50:12.9221570 +00:00,S,P
27120,BOA MG,NULL,DDF,2026-01-31,100,2026-03-24 16:50:12.9221570 +00:00,S,P
27121,BOA MG,NULL,BCC,2026-01-31,100,2026-03-24 16:50:12.9221570 +00:00,S,P
27122,BOA MG,NULL,BUD,2026-01-31,100,2026-03-24 16:50:12.9221570 +00:00,S,P
27123,BOA MG,NULL,CVW,2026-01-31,100,2026-03-24 16:50:12.9221570 +00:00,S,P
27124,BOA MG,NULL,DDB,2026-01-31,100,2026-03-24 16:50:12.9221570 +00:00,S,P
27125,BOA MG,NULL,HZ,2026-01-31,100,2026-03-24 16:50:12.9221570 +00:00,S,P
27126,BOA MG,NULL,{I,2026-01-31,100,2026-03-24 16:50:12.9221570 +00:00,S,P
27127,BOA MG,NULL,3P,2026-01-31,100,2026-03-24 16:50:12.9221570 +00:00,S,P
27128,BOA MG,NULL,CGD,2026-01-31,100,2026-03-24 16:50:12.9221570 +00:00,S,P
27129,BOA MG,NULL,70,2026-01-31,50,2026-03-24 16:50:12.9221570 +00:00,S,P
27130,BOA MG,NULL,EBG,2026-01-31,100,2026-03-24 16:50:12.9221570 +00:00,S,P
27131,BOA MG,NULL,]U,2026-01-31,0,2026-03-24 16:50:12.9221570 +00:00,S,P
27132,BOA MG,NULL,{M,2026-01-31,66,2026-03-24 16:50:12.9221570 +00:00,S,P
27133,BOA MG,NULL,{U,2026-01-31,100,2026-03-24 16:50:12.9221570 +00:00,S,P
27134,BOA MG,NULL,5H,2026-01-31,100,2026-03-24 16:50:12.9221570 +00:00,S,P
27135,BOA MG,NULL,A{,2026-01-31,100,2026-03-24 16:50:12.9221570 +00:00,S,P
27136,BOA MG,NULL,BVT,2026-01-31,0,2026-03-24 16:50:12.9221570 +00:00,S,P
27137,BOA MG,NULL,CDC,2026-01-31,0,2026-03-24 16:50:12.9221570 +00:00,S,P
27138,BOA MG,NULL,DCY,2026-01-31,50,2026-03-24 16:50:12.9221570 +00:00,S,P
27139,BOA MG,NULL,HJ,2026-01-31,100,2026-03-24 16:50:12.9221570 +00:00,S,P
27140,BOA MG,NULL,[N,2026-01-31,100,2026-03-24 16:50:12.9221570 +00:00,S,P
27141,BOA MG,NULL,]V,2026-01-31,50,2026-03-24 16:50:12.9221570 +00:00,S,P
27142,BOA MG,NULL,JR,2026-01-31,100,2026-03-24 16:50:12.9221570 +00:00,S,P
27143,BOA MG,NULL,68,2026-01-31,50,2026-03-24 16:50:12.9221570 +00:00,S,P
27144,BOA MG,NULL,6P,2026-01-31,88,2026-03-24 16:50:12.9221570 +00:00,S,P
27145,BOA MG,NULL,6[,2026-01-31,50,2026-03-24 16:50:12.9221570 +00:00,S,P
27146,BOA MG,NULL,A0,2026-01-31,77,2026-03-24 16:50:12.9221570 +00:00,S,P
27147,BOA MG,NULL,AGE,2026-01-31,100,2026-03-24 16:50:12.9221570 +00:00,S,P
27148,BOA MG,NULL,CJ,2026-01-31,100,2026-03-24 16:50:12.9221570 +00:00,S,P
27149,BOA MG,NULL,LP,2026-01-31,0,2026-03-24 16:50:12.9221570 +00:00,S,P
27150,BOA MG,NULL,U0,2026-01-31,100,2026-03-24 16:50:12.9221570 +00:00,S,P
27151,BOA MG,NULL,XL,2026-01-31,100,2026-03-24 16:50:12.9221570 +00:00,S,P
27152,BOA MG,NULL,2P,2026-01-31,100,2026-03-24 16:50:12.9892540 +00:00,S,P
27153,BOA MG,NULL,LR,2026-01-31,100,2026-03-24 16:50:12.9892540 +00:00,S,P
27154,BOA MG,NULL,[F,2026-01-31,100,2026-03-24 16:50:12.9892540 +00:00,S,P
27155,BOA MG,NULL,84,2026-01-31,100,2026-03-24 16:50:12.9892540 +00:00,S,P
27156,BOA MG,NULL,DCT,2026-01-31,50,2026-03-24 16:50:12.9892540 +00:00,S,P
27157,BOA MG,NULL,6J,2026-01-31,100,2026-03-24 16:50:12.9892540 +00:00,S,P
27158,BOA MG,NULL,BTW,2026-01-31,100,2026-03-24 16:50:12.9892540 +00:00,S,P
27159,BOA MG,NULL,H6,2026-01-31,33,2026-03-24 16:50:12.9892540 +00:00,S,P
27160,BOA MG,NULL,RG,2026-01-31,87,2026-03-24 16:50:12.9892540 +00:00,S,P
27161,BOA MG,NULL,B2,2026-01-31,62,2026-03-24 16:50:12.9892540 +00:00,S,P
27162,BOA MG,NULL,CBY,2026-01-31,0,2026-03-24 16:50:12.9892540 +00:00,S,P
27163,BOA MG,NULL,MO,2026-01-31,100,2026-03-24 16:50:12.9892540 +00:00,S,P
27164,BOA MG,NULL,RI,2026-01-31,50,2026-03-24 16:50:12.9892540 +00:00,S,P
27165,BOA MG,NULL,TC,2026-01-31,75,2026-03-24 16:50:12.9892540 +00:00,S,P
27166,BOA MG,NULL,YA,2026-01-31,66,2026-03-24 16:50:12.9892540 +00:00,S,P
27167,BOA MG,NULL,5],2026-01-31,76,2026-03-24 16:50:12.9892540 +00:00,S,P
27168,BOA MG,NULL,COX,2026-01-31,0,2026-03-24 16:50:12.9892540 +00:00,S,P
27169,BOA MG,NULL,XI,2026-01-31,100,2026-03-24 16:50:12.9892540 +00:00,S,P
27170,BOA MG,NULL,[Z,2026-01-31,80,2026-03-24 16:50:12.9892540 +00:00,S,P
27171,BOA MG,NULL,{Z,2026-01-31,100,2026-03-24 16:50:12.9892540 +00:00,S,P
27172,BOA MG,NULL,8,2026-01-31,100,2026-03-24 16:50:12.9892540 +00:00,S,P
27173,BOA MG,NULL,8O,2026-01-31,100,2026-03-24 16:50:12.9892540 +00:00,S,P
27174,BOA MG,NULL,CQQ,2026-01-31,100,2026-03-24 16:50:12.9892540 +00:00,S,P
27175,BOA MG,NULL,ARX,2026-01-31,33,2026-03-24 16:50:12.9892540 +00:00,S,P
27176,BOA MG,NULL,CES,2026-01-31,0,2026-03-24 16:50:12.9892540 +00:00,S,P
27177,BOA MG,NULL,CQH,2026-01-31,100,2026-03-24 16:50:12.9892540 +00:00,S,P
27178,BOA MG,NULL,{X,2026-01-31,66,2026-03-24 16:50:12.9892540 +00:00,S,P
27179,BOA MG,NULL,CGQ,2026-01-31,0,2026-03-24 16:50:12.9892540 +00:00,S,P
27180,BOA MG,NULL,JT,2026-01-31,66,2026-03-24 16:50:12.9892540 +00:00,S,P
27181,BOA MG,NULL,1[,2026-01-31,50,2026-03-24 16:50:12.9892540 +00:00,S,P
27182,BOA MG,NULL,2[,2026-01-31,100,2026-03-24 16:50:12.9892540 +00:00,S,P
27183,BOA MG,NULL,52,2026-01-31,100,2026-03-24 16:50:12.9892540 +00:00,S,P
27184,BOA MG,NULL,BKU,2026-01-31,66,2026-03-24 16:50:12.9892540 +00:00,S,P
27185,BOA MG,NULL,BMT,2026-01-31,100,2026-03-24 16:50:12.9892540 +00:00,S,P
27186,BOA MG,NULL,CWW,2026-01-31,100,2026-03-24 16:50:12.9892540 +00:00,S,P
27187,BOA MG,NULL,I5,2026-01-31,100,2026-03-24 16:50:12.9892540 +00:00,S,P
27188,BOA MG,NULL,O[,2026-01-31,0,2026-03-24 16:50:12.9892540 +00:00,S,P
27189,BOA MG,NULL,SD,2026-01-31,50,2026-03-24 16:50:12.9892540 +00:00,S,P
27190,BOA MG,NULL,T8,2026-01-31,63,2026-03-24 16:50:12.9892540 +00:00,S,P
27191,BOA MG,NULL,V7,2026-01-31,100,2026-03-24 16:50:12.9892540 +00:00,S,P
27192,BOA MG,NULL,]2,2026-01-31,50,2026-03-24 16:50:12.9892540 +00:00,S,P
27193,BOA MG,NULL,50,2026-01-31,100,2026-03-24 16:50:12.9892540 +00:00,S,P
27194,BOA MG,NULL,A[,2026-01-31,100,2026-03-24 16:50:12.9892540 +00:00,S,P
27195,BOA MG,NULL,BLZ,2026-01-31,0,2026-03-24 16:50:12.9892540 +00:00,S,P
27196,BOA MG,NULL,CWQ,2026-01-31,100,2026-03-24 16:50:12.9892540 +00:00,S,P
27197,BOA MG,NULL,G3,2026-01-31,100,2026-03-24 16:50:12.9892540 +00:00,S,P
27198,BOA MG,NULL,[O,2026-01-31,78,2026-03-24 16:50:12.9892540 +00:00,S,P
27199,BOA MG,NULL,]0,2026-01-31,100,2026-03-24 16:50:12.9892540 +00:00,S,P
27200,BOA MG,NULL,73,2026-01-31,83,2026-03-24 16:50:12.9892540 +00:00,S,P
27201,BOA MG,NULL,AKA,2026-01-31,100,2026-03-24 16:50:12.9892540 +00:00,S,P
27202,BOA MG,NULL,CFJ,2026-01-31,0,2026-03-24 16:50:12.9892540 +00:00,S,P
27203,BOA MG,NULL,}5,2026-01-31,33,2026-03-24 16:50:12.9892540 +00:00,S,P
27204,BOA MG,NULL,4K,2026-01-31,100,2026-03-24 16:50:12.9892540 +00:00,S,P
27205,BOA MG,NULL,4],2026-01-31,100,2026-03-24 16:50:12.9892540 +00:00,S,P
27206,BOA MG,NULL,A8,2026-01-31,100,2026-03-24 16:50:12.9892540 +00:00,S,P
27207,BOA MG,NULL,1A,2026-01-31,100,2026-03-24 16:50:12.9892540 +00:00,S,P
27208,BOA MG,NULL,AEE,2026-01-31,100,2026-03-24 16:50:12.9892540 +00:00,S,P
27209,BOA MG,NULL,AI,2026-01-31,100,2026-03-24 16:50:12.9892540 +00:00,S,P
27210,BOA MG,NULL,AP,2026-01-31,100,2026-03-24 16:50:12.9892540 +00:00,S,P
27211,BOA MG,NULL,XW,2026-01-31,100,2026-03-24 16:50:12.9892540 +00:00,S,P
27212,BOA MG,NULL,BVE,2026-01-31,0,2026-03-24 16:50:12.9892540 +00:00,S,P
27213,BOA MG,NULL,COQ,2026-01-31,77,2026-03-24 16:50:12.9892540 +00:00,S,P
27214,BOA MG,NULL,D0,2026-01-31,87,2026-03-24 16:50:12.9892540 +00:00,S,P
27215,BOA MG,NULL,78,2026-01-31,100,2026-03-24 16:50:12.9892540 +00:00,S,P
27216,BOA MG,NULL,ARP,2026-01-31,93,2026-03-24 16:50:12.9892540 +00:00,S,P
27217,BOA MG,NULL,O-,2026-01-31,100,2026-03-24 16:50:12.9892540 +00:00,S,P
27218,BOA MG,NULL,Z1,2026-01-31,100,2026-03-24 16:50:12.9892540 +00:00,S,P
27219,BOA MG,NULL,{G,2026-01-31,0,2026-03-24 16:50:12.9892540 +00:00,S,P
27220,BOA MG,NULL,DIX,2026-01-31,100,2026-03-24 16:50:12.9892540 +00:00,S,P
27221,BOA MG,NULL,AM,2026-01-31,100,2026-03-24 16:50:12.9892540 +00:00,S,P
27222,BOA MG,NULL,AMG,2026-01-31,100,2026-03-24 16:50:12.9892540 +00:00,S,P
27223,BOA MG,NULL,ARL,2026-01-31,40,2026-03-24 16:50:12.9892540 +00:00,S,P
27224,BOA MG,NULL,YF,2026-01-31,40,2026-03-24 16:50:12.9892540 +00:00,S,P
27225,BOA MG,NULL,YP,2026-01-31,0,2026-03-24 16:50:12.9892540 +00:00,S,P
27226,BOA MG,NULL,JN,2026-01-31,66,2026-03-24 16:50:12.9892540 +00:00,S,P
27227,BOA MG,NULL,M],2026-01-31,50,2026-03-24 16:50:12.9892540 +00:00,S,P
27228,BOA MG,NULL,89,2026-01-31,100,2026-03-24 16:50:12.9892540 +00:00,S,P
27229,BOA MG,NULL,BBC,2026-01-31,50,2026-03-24 16:50:12.9892540 +00:00,S,P
27230,BOA MG,NULL,BSC,2026-01-31,100,2026-03-24 16:50:12.9892540 +00:00,S,P
27231,BOA MG,NULL,BSZ,2026-01-31,66,2026-03-24 16:50:12.9892540 +00:00,S,P
27232,BOA MG,NULL,H1,2026-01-31,50,2026-03-24 16:50:12.9892540 +00:00,S,P
27233,BOA MG,NULL,S},2026-01-31,100,2026-03-24 16:50:12.9892540 +00:00,S,P
27234,BOA MG,NULL,BGS,2026-01-31,66,2026-03-24 16:50:12.9892540 +00:00,S,P
27235,BOA MG,NULL,BQG,2026-01-31,100,2026-03-24 16:50:12.9892540 +00:00,S,P
27236,BOA MG,NULL,BS,2026-01-31,100,2026-03-24 16:50:12.9892540 +00:00,S,P
27237,BOA MG,NULL,BSD,2026-01-31,0,2026-03-24 16:50:12.9892540 +00:00,S,P
27238,BOA MG,NULL,BSS,2026-01-31,100,2026-03-24 16:50:12.9892540 +00:00,S,P
27239,BOA MG,NULL,V},2026-01-31,100,2026-03-24 16:50:12.9892540 +00:00,S,P
27240,BOA MG,NULL,YV,2026-01-31,100,2026-03-24 16:50:12.9892540 +00:00,S,P
27241,BOA MG,NULL,AAD,2026-01-31,0,2026-03-24 16:50:12.9892540 +00:00,S,P
27242,BOA MG,NULL,BMB,2026-01-31,100,2026-03-24 16:50:12.9892540 +00:00,S,P
27243,BOA MG,NULL,CFQ,2026-01-31,100,2026-03-24 16:50:12.9892540 +00:00,S,P
27244,BOA MG,NULL,CGR,2026-01-31,83,2026-03-24 16:50:12.9892540 +00:00,S,P
27245,BOA MG,NULL,F5,2026-01-31,100,2026-03-24 16:50:12.9892540 +00:00,S,P
27246,BOA MG,NULL,[T,2026-01-31,100,2026-03-24 16:50:12.9892540 +00:00,S,P
27247,BOA MG,NULL,1B,2026-01-31,66,2026-03-24 16:50:12.9892540 +00:00,S,P
27248,BOA MG,NULL,BWD,2026-01-31,33,2026-03-24 16:50:12.9892540 +00:00,S,P
27249,BOA MG,NULL,EH,2026-01-31,100,2026-03-24 16:50:12.9892540 +00:00,S,P
27250,BOA MG,NULL,FP,2026-01-31,50,2026-03-24 16:50:12.9892540 +00:00,S,P
27251,BOA MG,NULL,ADD,2026-01-31,0,2026-03-24 16:50:12.9892540 +00:00,S,P
27252,BOA MG,NULL,BBO,2026-01-31,0,2026-03-24 16:50:12.9892540 +00:00,S,P
27253,BOA MG,NULL,F},2026-01-31,100,2026-03-24 16:50:12.9892540 +00:00,S,P
27254,BOA MG,NULL,MJ,2026-01-31,0,2026-03-24 16:50:12.9892540 +00:00,S,P
27255,BOA MG,NULL,[B,2026-01-31,100,2026-03-24 16:50:12.9892540 +00:00,S,P
27256,BOA MG,NULL,AGP,2026-01-31,50,2026-03-24 16:50:12.9892540 +00:00,S,P
27257,BOA MG,NULL,BWR,2026-01-31,50,2026-03-24 16:50:12.9892540 +00:00,S,P
27258,BOA MG,NULL,L{,2026-01-31,100,2026-03-24 16:50:12.9892540 +00:00,S,P
27259,BOA MG,NULL,V[,2026-01-31,100,2026-03-24 16:50:12.9892540 +00:00,S,P
27260,BOA MG,NULL,ANU,2026-01-31,33,2026-03-24 16:50:12.9892540 +00:00,S,P
27261,BOA MG,NULL,BKQ,2026-01-31,100,2026-03-24 16:50:12.9892540 +00:00,S,P
27262,BOA MG,NULL,DCZ,2026-01-31,0,2026-03-24 16:50:12.9892540 +00:00,S,P
27263,BOA MG,NULL,Q9,2026-01-31,100,2026-03-24 16:50:12.9892540 +00:00,S,P
27264,BOA MG,NULL,F8,2026-01-31,9,2026-03-24 16:50:12.9892540 +00:00,S,P
27265,BOA MG,NULL,ZP,2026-01-31,0,2026-03-24 16:50:12.9892540 +00:00,S,P
27266,BOA MG,NULL,DIR_AGENCE_9999,2026-01-31,0,2026-03-24 16:50:12.9892540 +00:00,S,P
27267,BOA MG,NULL,AA,2026-01-31,0,2026-03-24 16:50:12.9892540 +00:00,S,M
27268,BOA MG,NULL,}9,2026-01-31,100,2026-03-24 16:50:12.9892540 +00:00,S,M
27269,BOA MG,NULL,CPC,2026-01-31,100,2026-03-24 16:50:12.9892540 +00:00,S,M
27270,BOA MG,NULL,BDC,2026-01-31,0,2026-03-24 16:50:12.9892540 +00:00,S,M
27271,BOA MG,NULL,V9,2026-01-31,0,2026-03-24 16:50:12.9892540 +00:00,S,M
27272,BOA MG,NULL,DQ,2026-01-31,100,2026-03-24 16:50:12.9892540 +00:00,S,M
27273,BOA MG,NULL,CQY,2026-01-31,100,2026-03-24 16:50:12.9892540 +00:00,S,M
27274,BOA MG,NULL,CIA,2026-01-31,0,2026-03-24 16:50:12.9892540 +00:00,S,M
27275,BOA MG,NULL,OH,2026-01-31,0,2026-03-24 16:50:12.9892540 +00:00,S,M
27276,BOA MG,NULL,AW,2026-01-31,50,2026-03-24 16:50:12.9892540 +00:00,S,M
27277,BOA MG,NULL,BMJ,2026-01-31,0,2026-03-24 16:50:12.9892540 +00:00,S,M
27278,BOA MG,NULL,DMB,2026-01-31,100,2026-03-24 16:50:12.9892540 +00:00,S,M
27279,BOA MG,NULL,PD,2026-01-31,100,2026-03-24 16:50:12.9892540 +00:00,S,M
27280,BOA MG,NULL,LB,2026-01-31,100,2026-03-24 16:50:13.0491380 +00:00,S,M
27281,BOA MG,NULL,T7,2026-01-31,100,2026-03-24 16:50:13.0491380 +00:00,S,M
27282,BOA MG,NULL,BUU,2026-01-31,1,2026-03-24 16:50:13.0491380 +00:00,S,M
27283,BOA MG,NULL,DUM,2026-01-31,0,2026-03-24 16:50:13.0491380 +00:00,S,M
27284,BOA MG,NULL,QW,2026-01-31,0,2026-03-24 16:50:13.0491380 +00:00,S,M
27285,BOA MG,NULL,TL,2026-01-31,100,2026-03-24 16:50:13.0491380 +00:00,S,M
27286,BOA MG,NULL,ST,2026-01-31,100,2026-03-24 16:50:13.0491380 +00:00,S,M
27287,BOA MG,NULL,DLG,2026-01-31,0,2026-03-24 16:50:13.0491380 +00:00,S,M
27288,BOA MG,NULL,TP,2026-01-31,0,2026-03-24 16:50:13.0491380 +00:00,S,M
27289,BOA MG,NULL,FL,2026-01-31,0,2026-03-24 16:50:13.0491380 +00:00,S,M
27290,BOA MG,NULL,G2,2026-01-31,100,2026-03-24 16:50:13.0491380 +00:00,S,M
27291,BOA MG,NULL,AMT,2026-01-31,100,2026-03-24 16:50:13.0491380 +00:00,S,M
27292,BOA MG,NULL,BDD,2026-01-31,0,2026-03-24 16:50:13.0491380 +00:00,S,M
27293,BOA MG,NULL,BMN,2026-01-31,0,2026-03-24 16:50:13.0491380 +00:00,S,M
27294,BOA MG,NULL,DSZ,2026-01-31,25,2026-03-24 16:50:13.0491380 +00:00,S,M
27295,BOA MG,NULL,J7,2026-01-31,0,2026-03-24 16:50:13.0491380 +00:00,S,M
27296,BOA MG,NULL,0M,2026-01-31,14,2026-03-24 16:50:13.0647660 +00:00,S,M
27297,BOA MG,NULL,BCX,2026-01-31,0,2026-03-24 16:50:13.0647660 +00:00,S,M
27298,BOA MG,NULL,WU,2026-01-31,0,2026-03-24 16:50:13.0647660 +00:00,S,M
27299,BOA MG,NULL,5K,2026-01-31,0,2026-03-24 16:50:13.0647660 +00:00,S,M
27300,BOA MG,NULL,6E,2026-01-31,0,2026-03-24 16:50:13.0647660 +00:00,S,M
27301,BOA MG,NULL,6M,2026-01-31,0,2026-03-24 16:50:13.0647660 +00:00,S,M
27302,BOA MG,NULL,6N,2026-01-31,0,2026-03-24 16:50:13.0647660 +00:00,S,M
27303,BOA MG,NULL,6Z,2026-01-31,0,2026-03-24 16:50:13.0647660 +00:00,S,M
