2026-01-29 09:16:51,788 - INFO - 
🚀 FILIALE SN
2026-01-29 09:16:51,851 - INFO - 📥 Import pm_SN_STOCK_F.csv
2026-01-29 09:16:52,756 - INFO -    ➜ 5000 lignes insérées
2026-01-29 09:16:53,685 - INFO -    ➜ 10000 lignes insérées
2026-01-29 09:16:54,288 - INFO -    ➜ 15000 lignes insérées
2026-01-29 09:16:54,553 - INFO - ✅ pm_SN_STOCK_F.csv terminé (16223 lignes)
2026-01-29 09:16:54,557 - INFO - 📥 Import pp_SN_STOCK_F.csv
2026-01-29 09:16:55,224 - INFO -    ➜ 5000 lignes insérées
2026-01-29 09:16:55,857 - INFO -    ➜ 10000 lignes insérées
2026-01-29 09:16:56,501 - INFO -    ➜ 15000 lignes insérées
2026-01-29 09:16:57,176 - INFO -    ➜ 20000 lignes insérées
2026-01-29 09:16:57,962 - INFO -    ➜ 25000 lignes insérées
2026-01-29 09:16:58,685 - INFO -    ➜ 30000 lignes insérées
2026-01-29 09:16:59,351 - INFO -    ➜ 35000 lignes insérées
2026-01-29 09:16:59,987 - INFO -    ➜ 40000 lignes insérées
2026-01-29 09:17:00,676 - INFO -    ➜ 45000 lignes insérées
2026-01-29 09:17:01,455 - INFO -    ➜ 50000 lignes insérées
2026-01-29 09:17:02,137 - INFO -    ➜ 55000 lignes insérées
2026-01-29 09:17:03,229 - INFO -    ➜ 60000 lignes insérées
2026-01-29 09:17:03,850 - INFO -    ➜ 65000 lignes insérées
2026-01-29 09:17:04,507 - INFO -    ➜ 70000 lignes insérées
2026-01-29 09:17:05,127 - INFO -    ➜ 75000 lignes insérées
2026-01-29 09:17:05,778 - INFO -    ➜ 80000 lignes insérées
2026-01-29 09:17:06,400 - INFO -    ➜ 85000 lignes insérées
2026-01-29 09:17:07,050 - INFO -    ➜ 90000 lignes insérées
2026-01-29 09:17:07,715 - INFO -    ➜ 95000 lignes insérées
2026-01-29 09:17:08,381 - INFO -    ➜ 100000 lignes insérées
2026-01-29 09:17:09,000 - INFO -    ➜ 105000 lignes insérées
2026-01-29 09:17:09,691 - INFO -    ➜ 110000 lignes insérées
2026-01-29 09:17:10,442 - INFO -    ➜ 115000 lignes insérées
2026-01-29 09:17:11,089 - INFO -    ➜ 120000 lignes insérées
2026-01-29 09:17:11,956 - INFO -    ➜ 125000 lignes insérées
2026-01-29 09:17:12,690 - INFO -    ➜ 130000 lignes insérées
2026-01-29 09:17:13,684 - INFO -    ➜ 135000 lignes insérées
2026-01-29 09:17:14,604 - INFO -    ➜ 140000 lignes insérées
2026-01-29 09:17:15,426 - INFO -    ➜ 145000 lignes insérées
2026-01-29 09:17:16,077 - INFO -    ➜ 150000 lignes insérées
2026-01-29 09:17:16,720 - INFO -    ➜ 155000 lignes insérées
2026-01-29 09:17:17,414 - INFO -    ➜ 160000 lignes insérées
2026-01-29 09:17:18,237 - INFO -    ➜ 165000 lignes insérées
2026-01-29 09:17:18,975 - INFO -    ➜ 170000 lignes insérées
2026-01-29 09:17:19,704 - INFO -    ➜ 175000 lignes insérées
2026-01-29 09:17:20,464 - INFO -    ➜ 180000 lignes insérées
2026-01-29 09:17:21,170 - INFO -    ➜ 185000 lignes insérées
2026-01-29 09:17:22,005 - INFO -    ➜ 190000 lignes insérées
2026-01-29 09:17:22,736 - INFO -    ➜ 195000 lignes insérées
2026-01-29 09:17:23,440 - INFO -    ➜ 200000 lignes insérées
2026-01-29 09:17:24,179 - INFO -    ➜ 205000 lignes insérées
2026-01-29 09:17:24,879 - INFO -    ➜ 210000 lignes insérées
2026-01-29 09:17:25,720 - INFO -    ➜ 215000 lignes insérées
2026-01-29 09:17:26,548 - INFO -    ➜ 220000 lignes insérées
2026-01-29 09:17:27,415 - INFO -    ➜ 225000 lignes insérées
2026-01-29 09:17:28,179 - INFO -    ➜ 230000 lignes insérées
2026-01-29 09:17:28,939 - INFO -    ➜ 235000 lignes insérées
2026-01-29 09:17:29,790 - INFO -    ➜ 240000 lignes insérées
2026-01-29 09:17:30,614 - INFO -    ➜ 245000 lignes insérées
2026-01-29 09:17:31,337 - INFO -    ➜ 250000 lignes insérées
2026-01-29 09:17:32,085 - INFO -    ➜ 255000 lignes insérées
2026-01-29 09:17:32,879 - INFO -    ➜ 260000 lignes insérées
2026-01-29 09:17:33,643 - INFO -    ➜ 265000 lignes insérées
2026-01-29 09:17:34,451 - INFO -    ➜ 270000 lignes insérées
2026-01-29 09:17:35,237 - INFO -    ➜ 275000 lignes insérées
2026-01-29 09:17:36,037 - INFO -    ➜ 280000 lignes insérées
2026-01-29 09:17:36,846 - INFO -    ➜ 285000 lignes insérées
2026-01-29 09:17:37,630 - INFO -    ➜ 290000 lignes insérées
2026-01-29 09:17:38,455 - INFO -    ➜ 295000 lignes insérées
2026-01-29 09:17:39,252 - INFO -    ➜ 300000 lignes insérées
2026-01-29 09:17:39,986 - INFO -    ➜ 305000 lignes insérées
2026-01-29 09:17:40,834 - INFO -    ➜ 310000 lignes insérées
2026-01-29 09:17:41,635 - INFO -    ➜ 315000 lignes insérées
2026-01-29 09:17:42,390 - INFO -    ➜ 320000 lignes insérées
2026-01-29 09:17:43,403 - INFO -    ➜ 325000 lignes insérées
2026-01-29 09:17:44,190 - INFO -    ➜ 330000 lignes insérées
2026-01-29 09:17:45,067 - INFO -    ➜ 335000 lignes insérées
2026-01-29 09:17:45,869 - INFO -    ➜ 340000 lignes insérées
2026-01-29 09:17:46,601 - INFO -    ➜ 345000 lignes insérées
2026-01-29 09:17:47,383 - INFO -    ➜ 350000 lignes insérées
2026-01-29 09:17:48,236 - INFO -    ➜ 355000 lignes insérées
2026-01-29 09:17:49,061 - INFO -    ➜ 360000 lignes insérées
2026-01-29 09:17:49,136 - INFO - ✅ pp_SN_STOCK_F.csv terminé (360384 lignes)
2026-01-29 09:17:49,137 - INFO - 
🚀 FILIALE BJ
2026-01-29 09:17:49,434 - INFO - 📥 Import pm_BJ_STOCK_F.csv
2026-01-29 09:17:50,520 - INFO -    ➜ 5000 lignes insérées
2026-01-29 09:17:51,177 - INFO -    ➜ 10000 lignes insérées
2026-01-29 09:17:51,895 - INFO -    ➜ 15000 lignes insérées
2026-01-29 09:17:52,617 - INFO -    ➜ 20000 lignes insérées
2026-01-29 09:17:53,340 - INFO -    ➜ 25000 lignes insérées
2026-01-29 09:17:54,039 - INFO -    ➜ 30000 lignes insérées
2026-01-29 09:17:54,395 - INFO - ✅ pm_BJ_STOCK_F.csv terminé (31961 lignes)
2026-01-29 09:17:54,395 - INFO - 📥 Import pp_BJ_STOCK_F.csv
2026-01-29 09:17:55,349 - INFO -    ➜ 5000 lignes insérées
2026-01-29 09:17:56,222 - INFO -    ➜ 10000 lignes insérées
2026-01-29 09:17:56,945 - INFO -    ➜ 15000 lignes insérées
2026-01-29 09:17:57,753 - INFO -    ➜ 20000 lignes insérées
2026-01-29 09:17:58,448 - INFO -    ➜ 25000 lignes insérées
2026-01-29 09:17:59,266 - INFO -    ➜ 30000 lignes insérées
2026-01-29 09:18:00,031 - INFO -    ➜ 35000 lignes insérées
2026-01-29 09:18:00,917 - INFO -    ➜ 40000 lignes insérées
2026-01-29 09:18:01,766 - INFO -    ➜ 45000 lignes insérées
2026-01-29 09:18:02,685 - INFO -    ➜ 50000 lignes insérées
2026-01-29 09:18:03,602 - INFO -    ➜ 55000 lignes insérées
2026-01-29 09:18:04,425 - INFO -    ➜ 60000 lignes insérées
2026-01-29 09:18:05,377 - INFO -    ➜ 65000 lignes insérées
2026-01-29 09:18:06,282 - INFO -    ➜ 70000 lignes insérées
2026-01-29 09:18:07,027 - INFO -    ➜ 75000 lignes insérées
2026-01-29 09:18:07,885 - INFO -    ➜ 80000 lignes insérées
2026-01-29 09:18:08,582 - INFO -    ➜ 85000 lignes insérées
2026-01-29 09:18:09,411 - INFO -    ➜ 90000 lignes insérées
2026-01-29 09:18:10,178 - INFO -    ➜ 95000 lignes insérées
2026-01-29 09:18:11,122 - INFO -    ➜ 100000 lignes insérées
2026-01-29 09:18:12,125 - INFO -    ➜ 105000 lignes insérées
2026-01-29 09:18:13,509 - INFO -    ➜ 110000 lignes insérées
2026-01-29 09:18:14,356 - INFO -    ➜ 115000 lignes insérées
2026-01-29 09:18:15,282 - INFO -    ➜ 120000 lignes insérées
2026-01-29 09:18:16,238 - INFO -    ➜ 125000 lignes insérées
2026-01-29 09:18:16,980 - INFO -    ➜ 130000 lignes insérées
2026-01-29 09:18:17,805 - INFO -    ➜ 135000 lignes insérées
2026-01-29 09:18:18,692 - INFO -    ➜ 140000 lignes insérées
2026-01-29 09:18:19,564 - INFO -    ➜ 145000 lignes insérées
2026-01-29 09:18:20,477 - INFO -    ➜ 150000 lignes insérées
2026-01-29 09:18:21,457 - INFO -    ➜ 155000 lignes insérées
2026-01-29 09:18:22,397 - INFO -    ➜ 160000 lignes insérées
2026-01-29 09:18:23,483 - INFO -    ➜ 165000 lignes insérées
2026-01-29 09:18:24,420 - INFO -    ➜ 170000 lignes insérées
2026-01-29 09:18:25,352 - INFO -    ➜ 175000 lignes insérées
2026-01-29 09:18:26,317 - INFO -    ➜ 180000 lignes insérées
2026-01-29 09:18:27,223 - INFO -    ➜ 185000 lignes insérées
2026-01-29 09:18:28,239 - INFO -    ➜ 190000 lignes insérées
2026-01-29 09:18:29,132 - INFO -    ➜ 195000 lignes insérées
2026-01-29 09:18:30,084 - INFO -    ➜ 200000 lignes insérées
2026-01-29 09:18:31,046 - INFO -    ➜ 205000 lignes insérées
2026-01-29 09:18:32,234 - INFO -    ➜ 210000 lignes insérées
2026-01-29 09:18:33,308 - INFO -    ➜ 215000 lignes insérées
2026-01-29 09:18:34,120 - INFO -    ➜ 220000 lignes insérées
2026-01-29 09:18:35,040 - INFO -    ➜ 225000 lignes insérées
2026-01-29 09:18:35,978 - INFO -    ➜ 230000 lignes insérées
2026-01-29 09:18:36,759 - INFO -    ➜ 235000 lignes insérées
2026-01-29 09:18:37,772 - INFO -    ➜ 240000 lignes insérées
2026-01-29 09:18:38,722 - INFO -    ➜ 245000 lignes insérées
2026-01-29 09:18:39,636 - INFO -    ➜ 250000 lignes insérées
2026-01-29 09:18:40,755 - INFO -    ➜ 255000 lignes insérées
2026-01-29 09:18:41,688 - INFO -    ➜ 260000 lignes insérées
2026-01-29 09:18:42,504 - INFO -    ➜ 265000 lignes insérées
2026-01-29 09:18:43,544 - INFO -    ➜ 270000 lignes insérées
2026-01-29 09:18:44,532 - INFO -    ➜ 275000 lignes insérées
2026-01-29 09:18:45,527 - INFO -    ➜ 280000 lignes insérées
2026-01-29 09:18:46,658 - INFO -    ➜ 285000 lignes insérées
2026-01-29 09:18:47,679 - INFO -    ➜ 290000 lignes insérées
2026-01-29 09:18:48,614 - INFO -    ➜ 295000 lignes insérées
2026-01-29 09:18:49,405 - INFO -    ➜ 300000 lignes insérées
2026-01-29 09:18:50,503 - INFO -    ➜ 305000 lignes insérées
2026-01-29 09:18:51,597 - INFO -    ➜ 310000 lignes insérées
2026-01-29 09:18:52,647 - INFO -    ➜ 315000 lignes insérées
2026-01-29 09:18:53,647 - INFO -    ➜ 320000 lignes insérées
2026-01-29 09:18:54,649 - INFO -    ➜ 325000 lignes insérées
2026-01-29 09:18:55,713 - INFO -    ➜ 330000 lignes insérées
2026-01-29 09:18:56,741 - INFO -    ➜ 335000 lignes insérées
2026-01-29 09:18:57,761 - INFO -    ➜ 340000 lignes insérées
2026-01-29 09:18:58,695 - INFO -    ➜ 345000 lignes insérées
2026-01-29 09:18:59,599 - INFO -    ➜ 350000 lignes insérées
2026-01-29 09:19:00,737 - INFO -    ➜ 355000 lignes insérées
2026-01-29 09:19:01,756 - INFO -    ➜ 360000 lignes insérées
2026-01-29 09:19:02,737 - INFO -    ➜ 365000 lignes insérées
2026-01-29 09:19:03,706 - INFO -    ➜ 370000 lignes insérées
2026-01-29 09:19:04,707 - INFO -    ➜ 375000 lignes insérées
2026-01-29 09:19:05,720 - INFO -    ➜ 380000 lignes insérées
2026-01-29 09:19:06,777 - INFO -    ➜ 385000 lignes insérées
2026-01-29 09:19:07,831 - INFO -    ➜ 390000 lignes insérées
2026-01-29 09:19:08,581 - INFO -    ➜ 395000 lignes insérées
2026-01-29 09:19:09,550 - INFO -    ➜ 400000 lignes insérées
2026-01-29 09:19:10,597 - INFO -    ➜ 405000 lignes insérées
2026-01-29 09:19:11,739 - INFO -    ➜ 410000 lignes insérées
2026-01-29 09:19:12,770 - INFO -    ➜ 415000 lignes insérées
2026-01-29 09:19:14,002 - INFO -    ➜ 420000 lignes insérées
2026-01-29 09:19:14,806 - INFO -    ➜ 425000 lignes insérées
2026-01-29 09:19:15,921 - INFO -    ➜ 430000 lignes insérées
2026-01-29 09:19:17,034 - INFO -    ➜ 435000 lignes insérées
2026-01-29 09:19:17,903 - INFO -    ➜ 440000 lignes insérées
2026-01-29 09:19:18,862 - INFO -    ➜ 445000 lignes insérées
2026-01-29 09:19:19,915 - INFO -    ➜ 450000 lignes insérées
2026-01-29 09:19:21,007 - INFO -    ➜ 455000 lignes insérées
2026-01-29 09:19:22,072 - INFO -    ➜ 460000 lignes insérées
2026-01-29 09:19:23,160 - INFO -    ➜ 465000 lignes insérées
2026-01-29 09:19:24,395 - INFO -    ➜ 470000 lignes insérées
2026-01-29 09:19:25,257 - INFO -    ➜ 475000 lignes insérées
2026-01-29 09:19:26,566 - INFO -    ➜ 480000 lignes insérées
2026-01-29 09:19:27,316 - INFO -    ➜ 485000 lignes insérées
2026-01-29 09:19:28,468 - INFO -    ➜ 490000 lignes insérées
2026-01-29 09:19:28,740 - INFO - ✅ pp_BJ_STOCK_F.csv terminé (490286 lignes)
2026-01-29 09:19:28,740 - INFO - 
🚀 FILIALE NE
2026-01-29 09:19:28,975 - INFO - 📥 Import pm_NE_STOCK_F.csv
2026-01-29 09:19:30,456 - INFO -    ➜ 5000 lignes insérées
2026-01-29 09:19:31,432 - INFO - ✅ pm_NE_STOCK_F.csv terminé (9805 lignes)
2026-01-29 09:19:31,432 - INFO - 📥 Import pp_NE_STOCK_F.csv
2026-01-29 09:19:32,550 - INFO -    ➜ 5000 lignes insérées
2026-01-29 09:19:33,644 - INFO -    ➜ 10000 lignes insérées
2026-01-29 09:19:34,413 - INFO -    ➜ 15000 lignes insérées
2026-01-29 09:19:35,519 - INFO -    ➜ 20000 lignes insérées
2026-01-29 09:19:36,509 - INFO -    ➜ 25000 lignes insérées
2026-01-29 09:19:37,614 - INFO -    ➜ 30000 lignes insérées
2026-01-29 09:19:38,411 - INFO -    ➜ 35000 lignes insérées
2026-01-29 09:19:39,553 - INFO -    ➜ 40000 lignes insérées
2026-01-29 09:19:40,659 - INFO -    ➜ 45000 lignes insérées
2026-01-29 09:19:41,457 - INFO -    ➜ 50000 lignes insérées
2026-01-29 09:19:42,537 - INFO -    ➜ 55000 lignes insérées
2026-01-29 09:19:43,397 - INFO -    ➜ 60000 lignes insérées
2026-01-29 09:19:44,665 - INFO -    ➜ 65000 lignes insérées
2026-01-29 09:19:45,635 - INFO -    ➜ 70000 lignes insérées
2026-01-29 09:19:46,909 - INFO -    ➜ 75000 lignes insérées
2026-01-29 09:19:47,667 - INFO -    ➜ 80000 lignes insérées
2026-01-29 09:19:48,739 - INFO -    ➜ 85000 lignes insérées
2026-01-29 09:19:49,473 - INFO -    ➜ 90000 lignes insérées
2026-01-29 09:19:50,933 - INFO -    ➜ 95000 lignes insérées
2026-01-29 09:19:51,957 - INFO -    ➜ 100000 lignes insérées
2026-01-29 09:19:53,081 - INFO -    ➜ 105000 lignes insérées
2026-01-29 09:19:55,352 - INFO -    ➜ 110000 lignes insérées
2026-01-29 09:19:56,524 - INFO -    ➜ 115000 lignes insérées
2026-01-29 09:19:57,363 - INFO -    ➜ 120000 lignes insérées
2026-01-29 09:19:58,588 - INFO -    ➜ 125000 lignes insérées
2026-01-29 09:19:59,504 - INFO -    ➜ 130000 lignes insérées
2026-01-29 09:20:00,748 - INFO -    ➜ 135000 lignes insérées
2026-01-29 09:20:01,504 - INFO -    ➜ 140000 lignes insérées
2026-01-29 09:20:02,923 - INFO -    ➜ 145000 lignes insérées
2026-01-29 09:20:03,909 - INFO - ✅ pp_NE_STOCK_F.csv terminé (148606 lignes)
2026-01-29 09:20:03,909 - INFO - 
🚀 FILIALE BF
2026-01-29 09:20:04,036 - INFO - 📥 Import pm_BF_STOCK_F.csv
2026-01-29 09:20:04,770 - INFO -    ➜ 5000 lignes insérées
2026-01-29 09:20:05,800 - INFO -    ➜ 10000 lignes insérées
2026-01-29 09:20:07,090 - INFO -    ➜ 15000 lignes insérées
2026-01-29 09:20:07,817 - INFO -    ➜ 20000 lignes insérées
2026-01-29 09:20:08,863 - INFO -    ➜ 25000 lignes insérées
2026-01-29 09:20:08,988 - INFO - ✅ pm_BF_STOCK_F.csv terminé (26051 lignes)
2026-01-29 09:20:08,988 - INFO - 📥 Import pp_BF_STOCK_F.csv
2026-01-29 09:20:10,206 - INFO -    ➜ 5000 lignes insérées
2026-01-29 09:20:11,691 - INFO -    ➜ 10000 lignes insérées
2026-01-29 09:20:12,488 - INFO -    ➜ 15000 lignes insérées
2026-01-29 09:20:14,034 - INFO -    ➜ 20000 lignes insérées
2026-01-29 09:20:14,988 - INFO -    ➜ 25000 lignes insérées
2026-01-29 09:20:16,332 - INFO -    ➜ 30000 lignes insérées
2026-01-29 09:20:17,193 - INFO -    ➜ 35000 lignes insérées
2026-01-29 09:20:18,457 - INFO -    ➜ 40000 lignes insérées
2026-01-29 09:20:19,192 - INFO -    ➜ 45000 lignes insérées
2026-01-29 09:20:20,610 - INFO -    ➜ 50000 lignes insérées
2026-01-29 09:20:21,581 - INFO -    ➜ 55000 lignes insérées
2026-01-29 09:20:22,732 - INFO -    ➜ 60000 lignes insérées
2026-01-29 09:20:23,671 - INFO -    ➜ 65000 lignes insérées
2026-01-29 09:20:24,890 - INFO -    ➜ 70000 lignes insérées
2026-01-29 09:20:25,690 - INFO -    ➜ 75000 lignes insérées
2026-01-29 09:20:27,091 - INFO -    ➜ 80000 lignes insérées
2026-01-29 09:20:27,991 - INFO -    ➜ 85000 lignes insérées
2026-01-29 09:20:29,369 - INFO -    ➜ 90000 lignes insérées
2026-01-29 09:20:30,175 - INFO -    ➜ 95000 lignes insérées
2026-01-29 09:20:31,458 - INFO -    ➜ 100000 lignes insérées
2026-01-29 09:20:32,287 - INFO -    ➜ 105000 lignes insérées
2026-01-29 09:20:33,610 - INFO -    ➜ 110000 lignes insérées
2026-01-29 09:20:34,348 - INFO -    ➜ 115000 lignes insérées
2026-01-29 09:20:35,403 - INFO -    ➜ 120000 lignes insérées
2026-01-29 09:20:36,223 - INFO -    ➜ 125000 lignes insérées
2026-01-29 09:20:37,617 - INFO -    ➜ 130000 lignes insérées
2026-01-29 09:20:38,792 - INFO -    ➜ 135000 lignes insérées
2026-01-29 09:20:39,898 - INFO -    ➜ 140000 lignes insérées
2026-01-29 09:20:40,707 - INFO -    ➜ 145000 lignes insérées
2026-01-29 09:20:42,204 - INFO -    ➜ 150000 lignes insérées
2026-01-29 09:20:43,291 - INFO -    ➜ 155000 lignes insérées
2026-01-29 09:20:44,465 - INFO -    ➜ 160000 lignes insérées
2026-01-29 09:20:45,665 - INFO -    ➜ 165000 lignes insérées
2026-01-29 09:20:46,513 - INFO -    ➜ 170000 lignes insérées
2026-01-29 09:20:47,944 - INFO -    ➜ 175000 lignes insérées
2026-01-29 09:20:49,126 - INFO -    ➜ 180000 lignes insérées
2026-01-29 09:20:50,318 - INFO -    ➜ 185000 lignes insérées
2026-01-29 09:20:51,570 - INFO -    ➜ 190000 lignes insérées
2026-01-29 09:20:52,616 - INFO -    ➜ 195000 lignes insérées
2026-01-29 09:20:53,272 - INFO -    ➜ 200000 lignes insérées
2026-01-29 09:20:54,319 - INFO -    ➜ 205000 lignes insérées
2026-01-29 09:20:55,084 - INFO -    ➜ 210000 lignes insérées
2026-01-29 09:20:56,023 - INFO -    ➜ 215000 lignes insérées
2026-01-29 09:20:56,974 - INFO -    ➜ 220000 lignes insérées
2026-01-29 09:20:58,272 - INFO -    ➜ 225000 lignes insérées
2026-01-29 09:20:58,990 - INFO -    ➜ 230000 lignes insérées
2026-01-29 09:21:00,006 - INFO -    ➜ 235000 lignes insérées
2026-01-29 09:21:00,928 - INFO -    ➜ 240000 lignes insérées
2026-01-29 09:21:02,537 - INFO -    ➜ 245000 lignes insérées
2026-01-29 09:21:03,834 - INFO -    ➜ 250000 lignes insérées
2026-01-29 09:21:04,944 - INFO -    ➜ 255000 lignes insérées
2026-01-29 09:21:06,007 - INFO -    ➜ 260000 lignes insérées
2026-01-29 09:21:07,492 - INFO -    ➜ 265000 lignes insérées
2026-01-29 09:21:08,287 - INFO -    ➜ 270000 lignes insérées
2026-01-29 09:21:09,272 - INFO -    ➜ 275000 lignes insérées
2026-01-29 09:21:10,162 - INFO -    ➜ 280000 lignes insérées
2026-01-29 09:21:11,538 - INFO -    ➜ 285000 lignes insérées
2026-01-29 09:21:12,194 - INFO -    ➜ 290000 lignes insérées
2026-01-29 09:21:13,178 - INFO -    ➜ 295000 lignes insérées
2026-01-29 09:21:14,178 - INFO -    ➜ 300000 lignes insérées
2026-01-29 09:21:15,350 - INFO -    ➜ 305000 lignes insérées
2026-01-29 09:21:16,272 - INFO -    ➜ 310000 lignes insérées
2026-01-29 09:21:17,680 - INFO -    ➜ 315000 lignes insérées
2026-01-29 09:21:18,989 - INFO -    ➜ 320000 lignes insérées
2026-01-29 09:21:20,505 - INFO -    ➜ 325000 lignes insérées
2026-01-29 09:21:21,458 - INFO -    ➜ 330000 lignes insérées
2026-01-29 09:21:22,930 - INFO -    ➜ 335000 lignes insérées
2026-01-29 09:21:24,137 - INFO -    ➜ 340000 lignes insérées
2026-01-29 09:21:25,464 - INFO -    ➜ 345000 lignes insérées
2026-01-29 09:21:26,312 - INFO -    ➜ 350000 lignes insérées
2026-01-29 09:21:27,736 - INFO -    ➜ 355000 lignes insérées
2026-01-29 09:21:28,725 - INFO -    ➜ 360000 lignes insérées
2026-01-29 09:21:29,608 - INFO -    ➜ 365000 lignes insérées
2026-01-29 09:21:31,029 - INFO -    ➜ 370000 lignes insérées
2026-01-29 09:21:32,323 - INFO -    ➜ 375000 lignes insérées
2026-01-29 09:21:33,601 - INFO -    ➜ 380000 lignes insérées
2026-01-29 09:21:34,532 - INFO -    ➜ 385000 lignes insérées
2026-01-29 09:21:35,989 - INFO -    ➜ 390000 lignes insérées
2026-01-29 09:21:36,837 - INFO -    ➜ 395000 lignes insérées
2026-01-29 09:21:38,322 - INFO -    ➜ 400000 lignes insérées
2026-01-29 09:21:39,301 - INFO -    ➜ 405000 lignes insérées
2026-01-29 09:21:40,534 - INFO -    ➜ 410000 lignes insérées
2026-01-29 09:21:41,475 - INFO -    ➜ 415000 lignes insérées
2026-01-29 09:21:42,728 - INFO - ✅ pp_BF_STOCK_F.csv terminé (419243 lignes)
2026-01-29 09:21:42,730 - INFO - 
🚀 FILIALE MR
2026-01-29 09:21:43,023 - INFO - 📥 Import pm_MR_STOCK_F.csv
2026-01-29 09:21:43,274 - INFO - ✅ pm_MR_STOCK_F.csv terminé (2022 lignes)
2026-01-29 09:21:43,274 - INFO - 📥 Import pp_MR_STOCK_F.csv
2026-01-29 09:21:43,958 - INFO - ✅ pp_MR_STOCK_F.csv terminé (2997 lignes)
2026-01-29 09:21:43,960 - INFO - 
🚀 FILIALE TG
2026-01-29 09:21:44,126 - INFO - 📥 Import pm_TG_STOCK_F.csv
2026-01-29 09:21:44,852 - INFO -    ➜ 5000 lignes insérées
2026-01-29 09:21:45,061 - INFO - ✅ pm_TG_STOCK_F.csv terminé (6730 lignes)
2026-01-29 09:21:45,061 - INFO - 📥 Import pp_TG_STOCK_F.csv
2026-01-29 09:21:46,274 - INFO -    ➜ 5000 lignes insérées
2026-01-29 09:21:47,364 - INFO -    ➜ 10000 lignes insérées
2026-01-29 09:21:48,685 - INFO -    ➜ 15000 lignes insérées
2026-01-29 09:21:49,733 - INFO -    ➜ 20000 lignes insérées
2026-01-29 09:21:50,917 - INFO - ✅ pp_TG_STOCK_F.csv terminé (24616 lignes)
2026-01-29 09:21:50,921 - INFO - 
🚀 FILIALE CI
2026-01-29 09:21:51,333 - INFO - 📥 Import pm_CI_STOCK_F.csv
2026-01-29 09:21:52,233 - INFO -    ➜ 5000 lignes insérées
2026-01-29 09:21:53,219 - INFO - ✅ pm_CI_STOCK_F.csv terminé (8360 lignes)
2026-01-29 09:21:53,265 - INFO - 📥 Import pp_CI_STOCK_F.csv
2026-01-29 09:21:54,927 - INFO -    ➜ 5000 lignes insérées
2026-01-29 09:21:56,292 - INFO -    ➜ 10000 lignes insérées
2026-01-29 09:21:57,609 - INFO -    ➜ 15000 lignes insérées
2026-01-29 09:21:59,085 - INFO -    ➜ 20000 lignes insérées
2026-01-29 09:22:00,615 - INFO -    ➜ 25000 lignes insérées
2026-01-29 09:22:01,853 - INFO -    ➜ 30000 lignes insérées
2026-01-29 09:22:02,773 - INFO -    ➜ 35000 lignes insérées
2026-01-29 09:22:04,368 - INFO -    ➜ 40000 lignes insérées
2026-01-29 09:22:05,412 - INFO -    ➜ 45000 lignes insérées
2026-01-29 09:22:06,508 - INFO -    ➜ 50000 lignes insérées
2026-01-29 09:22:07,367 - INFO -    ➜ 55000 lignes insérées
2026-01-29 09:22:08,650 - INFO -    ➜ 60000 lignes insérées
2026-01-29 09:22:09,421 - INFO -    ➜ 65000 lignes insérées
2026-01-29 09:22:10,452 - INFO -    ➜ 70000 lignes insérées
2026-01-29 09:22:11,454 - INFO -    ➜ 75000 lignes insérées
2026-01-29 09:22:12,928 - INFO -    ➜ 80000 lignes insérées
2026-01-29 09:22:13,973 - INFO -    ➜ 85000 lignes insérées
2026-01-29 09:22:15,326 - INFO -    ➜ 90000 lignes insérées
2026-01-29 09:22:16,836 - INFO -    ➜ 95000 lignes insérées
2026-01-29 09:22:17,639 - INFO -    ➜ 100000 lignes insérées
2026-01-29 09:22:18,636 - INFO -    ➜ 105000 lignes insérées
2026-01-29 09:22:19,854 - INFO -    ➜ 110000 lignes insérées
2026-01-29 09:22:21,074 - INFO -    ➜ 115000 lignes insérées
2026-01-29 09:22:22,054 - INFO -    ➜ 120000 lignes insérées
2026-01-29 09:22:23,207 - INFO -    ➜ 125000 lignes insérées
2026-01-29 09:22:24,643 - INFO -    ➜ 130000 lignes insérées
2026-01-29 09:22:26,239 - INFO -    ➜ 135000 lignes insérées
2026-01-29 09:22:27,467 - INFO -    ➜ 140000 lignes insérées
2026-01-29 09:22:29,436 - INFO -    ➜ 145000 lignes insérées
2026-01-29 09:22:31,017 - INFO -    ➜ 150000 lignes insérées
2026-01-29 09:22:32,553 - INFO -    ➜ 155000 lignes insérées
2026-01-29 09:22:33,937 - INFO -    ➜ 160000 lignes insérées
2026-01-29 09:22:36,084 - INFO -    ➜ 165000 lignes insérées
2026-01-29 09:22:37,587 - INFO -    ➜ 170000 lignes insérées
2026-01-29 09:22:38,536 - INFO -    ➜ 175000 lignes insérées
2026-01-29 09:22:39,906 - INFO -    ➜ 180000 lignes insérées
2026-01-29 09:22:41,169 - INFO -    ➜ 185000 lignes insérées
2026-01-29 09:22:42,442 - INFO -    ➜ 190000 lignes insérées
2026-01-29 09:22:43,000 - INFO - ✅ pp_CI_STOCK_F.csv terminé (193377 lignes)
2026-01-29 09:22:43,002 - INFO - 
🚀 FILIALE RDC
2026-01-29 09:22:43,185 - INFO - 📥 Import pm_RDC_STOCK_F.csv
2026-01-29 09:22:44,176 - INFO - ✅ pm_RDC_STOCK_F.csv terminé (4515 lignes)
2026-01-29 09:22:44,179 - INFO - 📥 Import pp_RDC_STOCK_F.csv
2026-01-29 09:22:45,536 - INFO -    ➜ 5000 lignes insérées
2026-01-29 09:22:46,839 - INFO -    ➜ 10000 lignes insérées
2026-01-29 09:22:48,415 - INFO -    ➜ 15000 lignes insérées
2026-01-29 09:22:50,459 - INFO -    ➜ 20000 lignes insérées
2026-01-29 09:22:51,199 - INFO -    ➜ 25000 lignes insérées
2026-01-29 09:22:52,084 - INFO -    ➜ 30000 lignes insérées
2026-01-29 09:22:53,397 - INFO -    ➜ 35000 lignes insérées
2026-01-29 09:22:54,740 - INFO -    ➜ 40000 lignes insérées
2026-01-29 09:22:56,224 - INFO -    ➜ 45000 lignes insérées
2026-01-29 09:22:57,813 - INFO -    ➜ 50000 lignes insérées
2026-01-29 09:22:59,365 - INFO -    ➜ 55000 lignes insérées
2026-01-29 09:23:00,274 - INFO -    ➜ 60000 lignes insérées
2026-01-29 09:23:01,475 - INFO -    ➜ 65000 lignes insérées
2026-01-29 09:23:02,759 - INFO -    ➜ 70000 lignes insérées
2026-01-29 09:23:03,939 - INFO -    ➜ 75000 lignes insérées
2026-01-29 09:23:05,053 - INFO -    ➜ 80000 lignes insérées
2026-01-29 09:23:06,162 - INFO -    ➜ 85000 lignes insérées
2026-01-29 09:23:07,701 - INFO -    ➜ 90000 lignes insérées
2026-01-29 09:23:08,815 - INFO -    ➜ 95000 lignes insérées
2026-01-29 09:23:10,174 - INFO -    ➜ 100000 lignes insérées
2026-01-29 09:23:11,837 - INFO -    ➜ 105000 lignes insérées
2026-01-29 09:23:13,156 - INFO -    ➜ 110000 lignes insérées
2026-01-29 09:23:14,700 - INFO -    ➜ 115000 lignes insérées
2026-01-29 09:23:16,155 - INFO -    ➜ 120000 lignes insérées
2026-01-29 09:23:17,350 - INFO -    ➜ 125000 lignes insérées
2026-01-29 09:23:17,553 - INFO - ✅ pp_RDC_STOCK_F.csv terminé (126349 lignes)
2026-01-29 09:23:17,553 - INFO - 
🚀 FILIALE MG
2026-01-29 09:23:18,178 - INFO - 📥 Import pm_MG_STOCK_F.csv
2026-01-29 09:23:19,834 - INFO -    ➜ 5000 lignes insérées
2026-01-29 09:23:20,772 - INFO -    ➜ 10000 lignes insérées
2026-01-29 09:23:20,866 - INFO - 🗑️ DATEREV nettoyé
2026-01-29 09:23:20,866 - INFO - 🚀 DÉBUT IMPORT DATEREV
2026-01-29 09:23:20,866 - INFO - 
📥 FILIALE SN
2026-01-29 09:23:22,004 - INFO -    ➜ 15000 lignes insérées
2026-01-29 09:23:23,063 - INFO -    ➜ 20000 lignes insérées
2026-01-29 09:23:24,122 - INFO -    ➜ 25000 lignes insérées
2026-01-29 09:23:25,559 - INFO -    ➜ 30000 lignes insérées
2026-01-29 09:23:26,616 - INFO -    ➜ 35000 lignes insérées
2026-01-29 09:23:27,554 - INFO -    ➜ 40000 lignes insérées
2026-01-29 09:23:28,819 - INFO -    ➜ 45000 lignes insérées
2026-01-29 09:23:30,116 - INFO -    ➜ 50000 lignes insérées
2026-01-29 09:23:30,527 - INFO - ✅ pm_MG_STOCK_F.csv terminé (51504 lignes)
2026-01-29 09:23:30,527 - INFO - 📥 Import pp_MG_STOCK_F.csv
2026-01-29 09:23:32,680 - INFO -    ➜ 5000 lignes insérées
2026-01-29 09:23:33,897 - INFO -    ➜ 10000 lignes insérées
2026-01-29 09:23:35,983 - INFO -    ➜ 15000 lignes insérées
2026-01-29 09:23:37,022 - INFO -    ➜ 20000 lignes insérées
2026-01-29 09:23:38,523 - INFO -    ➜ 25000 lignes insérées
2026-01-29 09:23:39,918 - INFO -    ➜ 30000 lignes insérées
2026-01-29 09:23:41,009 - INFO -    ➜ 35000 lignes insérées
2026-01-29 09:23:42,272 - INFO -    ➜ 40000 lignes insérées
2026-01-29 09:23:44,210 - INFO -    ➜ 45000 lignes insérées
2026-01-29 09:23:45,741 - INFO -    ➜ 50000 lignes insérées
2026-01-29 09:23:46,694 - INFO -    ➜ 55000 lignes insérées
2026-01-29 09:23:47,875 - INFO -    ➜ 60000 lignes insérées
2026-01-29 09:23:49,086 - INFO -    ➜ 65000 lignes insérées
2026-01-29 09:23:50,275 - INFO -    ➜ 70000 lignes insérées
2026-01-29 09:23:51,850 - INFO -    ➜ 75000 lignes insérées
2026-01-29 09:23:52,866 - INFO -    ➜ 80000 lignes insérées
2026-01-29 09:23:54,366 - INFO -    ➜ 85000 lignes insérées
2026-01-29 09:23:55,835 - INFO -    ➜ 90000 lignes insérées
2026-01-29 09:23:58,429 - INFO -    ➜ 95000 lignes insérées
2026-01-29 09:23:59,744 - INFO -    ➜ 100000 lignes insérées
2026-01-29 09:24:01,710 - INFO -    ➜ 105000 lignes insérées
2026-01-29 09:24:03,491 - INFO -    ➜ 110000 lignes insérées
2026-01-29 09:24:05,179 - INFO -    ➜ 115000 lignes insérées
2026-01-29 09:24:07,647 - INFO -    ➜ 120000 lignes insérées
2026-01-29 09:24:09,639 - INFO -    ➜ 125000 lignes insérées
2026-01-29 09:24:11,043 - INFO -    ➜ 130000 lignes insérées
2026-01-29 09:24:11,695 - INFO -    ➜ 135000 lignes insérées
2026-01-29 09:24:14,992 - INFO -    ➜ 140000 lignes insérées
2026-01-29 09:24:16,040 - INFO -    ➜ 145000 lignes insérées
2026-01-29 09:24:17,714 - INFO -    ➜ 150000 lignes insérées
2026-01-29 09:24:18,663 - INFO -    ➜ 155000 lignes insérées
2026-01-29 09:24:19,898 - INFO -    ➜ 160000 lignes insérées
2026-01-29 09:24:22,120 - INFO -    ➜ 165000 lignes insérées
2026-01-29 09:24:23,489 - INFO -    ➜ 170000 lignes insérées
2026-01-29 09:24:24,695 - INFO -    ➜ 175000 lignes insérées
2026-01-29 09:24:26,351 - INFO -    ➜ 180000 lignes insérées
2026-01-29 09:24:27,884 - INFO -    ➜ 185000 lignes insérées
2026-01-29 09:24:30,152 - INFO -    ➜ 190000 lignes insérées
2026-01-29 09:24:31,148 - INFO -    ➜ 195000 lignes insérées
2026-01-29 09:24:32,710 - INFO -    ➜ 200000 lignes insérées
2026-01-29 09:24:33,914 - INFO -    ➜ 205000 lignes insérées
2026-01-29 09:24:36,900 - INFO -    ➜ 210000 lignes insérées
2026-01-29 09:24:38,454 - INFO -    ➜ 215000 lignes insérées
2026-01-29 09:24:39,492 - INFO -    ➜ 220000 lignes insérées
2026-01-29 09:24:41,040 - INFO -    ➜ 225000 lignes insérées
2026-01-29 09:24:42,523 - INFO -    ➜ 230000 lignes insérées
2026-01-29 09:24:43,791 - INFO -    ➜ 235000 lignes insérées
2026-01-29 09:24:44,602 - INFO -    ➜ 240000 lignes insérées
2026-01-29 09:24:46,570 - INFO -    ➜ 245000 lignes insérées
2026-01-29 09:24:47,824 - INFO -    ➜ 250000 lignes insérées
2026-01-29 09:24:48,934 - INFO -    ➜ 255000 lignes insérées
2026-01-29 09:24:49,898 - INFO -    ➜ 260000 lignes insérées
2026-01-29 09:24:51,506 - INFO -    ➜ 265000 lignes insérées
2026-01-29 09:24:52,711 - INFO -    ➜ 270000 lignes insérées
2026-01-29 09:24:54,959 - INFO -    ➜ 275000 lignes insérées
2026-01-29 09:24:56,319 - INFO -    ➜ 280000 lignes insérées
2026-01-29 09:24:57,527 - INFO -    ➜ 285000 lignes insérées
2026-01-29 09:24:58,698 - INFO -    ➜ 290000 lignes insérées
2026-01-29 09:25:01,091 - INFO -    ➜ 295000 lignes insérées
2026-01-29 09:25:01,336 - INFO - ✅ 489642 lignes importées (SN)
2026-01-29 09:25:01,336 - INFO - 
📥 FILIALE BJ
2026-01-29 09:25:03,115 - INFO -    ➜ 300000 lignes insérées
2026-01-29 09:25:04,554 - INFO -    ➜ 305000 lignes insérées
2026-01-29 09:25:06,654 - INFO -    ➜ 310000 lignes insérées
2026-01-29 09:25:08,367 - INFO -    ➜ 315000 lignes insérées
2026-01-29 09:25:09,711 - INFO -    ➜ 320000 lignes insérées
2026-01-29 09:25:11,070 - INFO -    ➜ 325000 lignes insérées
2026-01-29 09:25:12,325 - INFO - ✅ pp_MG_STOCK_F.csv terminé (329588 lignes)
2026-01-29 09:25:12,325 - INFO - 
✨ IMPORT TERMINÉ
2026-01-29 09:26:15,265 - INFO - ✅ 671333 lignes importées (BJ)
2026-01-29 09:26:15,266 - INFO - 
📥 FILIALE NE
2026-01-29 09:26:46,095 - INFO - ✅ 334117 lignes importées (NE)
2026-01-29 09:26:46,096 - INFO - 
📥 FILIALE BF
2026-01-29 09:27:34,578 - INFO - ✅ 541266 lignes importées (BF)
2026-01-29 09:27:34,583 - INFO - 
📥 FILIALE MR
2026-01-29 09:27:52,452 - INFO - ✅ 295484 lignes importées (MR)
2026-01-29 09:27:52,453 - INFO - 
📥 FILIALE TG
2026-01-29 09:28:01,360 - INFO - ✅ 77264 lignes importées (TG)
2026-01-29 09:28:01,361 - INFO - 
📥 FILIALE CI
2026-01-29 09:28:26,226 - INFO - ✅ 365498 lignes importées (CI)
2026-01-29 09:28:26,226 - INFO - 
📥 FILIALE RDC
2026-01-29 09:28:35,991 - INFO - ✅ 140008 lignes importées (RDC)
2026-01-29 09:28:36,007 - INFO - 
📥 FILIALE MG
2026-01-29 09:30:03,929 - INFO - ✅ 976727 lignes importées (MG)
2026-01-29 09:30:03,929 - INFO - 📌 TOTAL DATEREV : 3891339 lignes
2026-01-29 09:30:03,929 - INFO - 📊 DÉBUT IMPORT TAUX
2026-01-29 09:30:03,942 - INFO - ✅ TAUX SN : 3 lignes
2026-01-29 09:30:03,946 - INFO - ✅ TAUX BJ : 3 lignes
2026-01-29 09:30:03,949 - INFO - ✅ TAUX NE : 7 lignes
2026-01-29 09:30:03,974 - INFO - ✅ TAUX BF : 7 lignes
2026-01-29 09:30:03,978 - INFO - ✅ TAUX MR : 7 lignes
2026-01-29 09:30:03,993 - INFO - ✅ TAUX TG : 7 lignes
2026-01-29 09:30:03,997 - INFO - ✅ TAUX CI : 7 lignes
2026-01-29 09:30:04,017 - INFO - ✅ TAUX RDC : 4 lignes
2026-01-29 09:30:04,057 - INFO - ✅ TAUX MG : 7 lignes
2026-01-29 09:30:04,060 - INFO - 🏁 FIN IMPORT TAUX
2026-01-29 09:35:44,168 - INFO - 
🚀 FILIALE SN
2026-01-29 09:35:46,026 - INFO - 📥 Import pm_SN_STOCK_F.csv
2026-01-29 09:35:47,407 - INFO -    ➜ 5000 lignes insérées
2026-01-29 09:35:48,627 - INFO -    ➜ 10000 lignes insérées
2026-01-29 09:35:49,910 - INFO -    ➜ 15000 lignes insérées
2026-01-29 09:35:50,127 - INFO - ✅ pm_SN_STOCK_F.csv terminé (16223 lignes)
2026-01-29 09:35:50,155 - INFO - 📥 Import pp_SN_STOCK_F.csv
2026-01-29 09:35:51,737 - INFO -    ➜ 5000 lignes insérées
2026-01-29 09:35:53,713 - INFO -    ➜ 10000 lignes insérées
2026-01-29 09:35:55,781 - INFO -    ➜ 15000 lignes insérées
2026-01-29 09:35:57,478 - INFO -    ➜ 20000 lignes insérées
2026-01-29 09:35:58,331 - INFO -    ➜ 25000 lignes insérées
2026-01-29 09:35:59,666 - INFO -    ➜ 30000 lignes insérées
2026-01-29 09:36:01,161 - INFO -    ➜ 35000 lignes insérées
2026-01-29 09:36:02,573 - INFO -    ➜ 40000 lignes insérées
2026-01-29 09:36:03,752 - INFO -    ➜ 45000 lignes insérées
2026-01-29 09:36:05,372 - INFO -    ➜ 50000 lignes insérées
2026-01-29 09:36:06,563 - INFO -    ➜ 55000 lignes insérées
2026-01-29 09:36:08,436 - INFO -    ➜ 60000 lignes insérées
2026-01-29 09:36:09,605 - INFO -    ➜ 65000 lignes insérées
2026-01-29 09:36:11,392 - INFO -    ➜ 70000 lignes insérées
2026-01-29 09:36:13,161 - INFO -    ➜ 75000 lignes insérées
2026-01-29 09:36:14,780 - INFO -    ➜ 80000 lignes insérées
2026-01-29 09:36:16,245 - INFO -    ➜ 85000 lignes insérées
2026-01-29 09:36:17,801 - INFO -    ➜ 90000 lignes insérées
2026-01-29 09:36:20,510 - INFO -    ➜ 95000 lignes insérées
2026-01-29 09:36:22,646 - INFO -    ➜ 100000 lignes insérées
2026-01-29 09:36:23,912 - INFO -    ➜ 105000 lignes insérées
2026-01-29 09:36:25,252 - INFO -    ➜ 110000 lignes insérées
2026-01-29 09:36:27,038 - INFO -    ➜ 115000 lignes insérées
2026-01-29 09:36:28,249 - INFO -    ➜ 120000 lignes insérées
2026-01-29 09:36:30,425 - INFO -    ➜ 125000 lignes insérées
2026-01-29 09:36:32,283 - INFO -    ➜ 130000 lignes insérées
2026-01-29 09:36:33,648 - INFO -    ➜ 135000 lignes insérées
2026-01-29 09:36:35,120 - INFO -    ➜ 140000 lignes insérées
2026-01-29 09:36:37,058 - INFO -    ➜ 145000 lignes insérées
2026-01-29 09:36:38,559 - INFO -    ➜ 150000 lignes insérées
2026-01-29 09:36:40,265 - INFO -    ➜ 155000 lignes insérées
2026-01-29 09:36:41,393 - INFO -    ➜ 160000 lignes insérées
2026-01-29 09:36:43,604 - INFO -    ➜ 165000 lignes insérées
2026-01-29 09:36:47,761 - INFO -    ➜ 170000 lignes insérées
2026-01-29 09:36:49,236 - INFO -    ➜ 175000 lignes insérées
2026-01-29 09:36:50,954 - INFO -    ➜ 180000 lignes insérées
2026-01-29 09:36:52,669 - INFO -    ➜ 185000 lignes insérées
2026-01-29 09:36:53,741 - INFO -    ➜ 190000 lignes insérées
2026-01-29 09:36:54,928 - INFO -    ➜ 195000 lignes insérées
2026-01-29 09:36:57,746 - INFO -    ➜ 200000 lignes insérées
2026-01-29 09:36:59,776 - INFO -    ➜ 205000 lignes insérées
2026-01-29 09:37:01,278 - INFO -    ➜ 210000 lignes insérées
2026-01-29 09:37:03,064 - INFO -    ➜ 215000 lignes insérées
2026-01-29 09:37:05,589 - INFO -    ➜ 220000 lignes insérées
2026-01-29 09:37:07,282 - INFO -    ➜ 225000 lignes insérées
2026-01-29 09:37:08,870 - INFO -    ➜ 230000 lignes insérées
2026-01-29 09:37:10,578 - INFO -    ➜ 235000 lignes insérées
2026-01-29 09:37:11,838 - INFO -    ➜ 240000 lignes insérées
2026-01-29 09:37:13,698 - INFO -    ➜ 245000 lignes insérées
2026-01-29 09:37:16,433 - INFO -    ➜ 250000 lignes insérées
2026-01-29 09:37:17,847 - INFO -    ➜ 255000 lignes insérées
2026-01-29 09:37:19,353 - INFO -    ➜ 260000 lignes insérées
2026-01-29 09:37:21,442 - INFO -    ➜ 265000 lignes insérées
2026-01-29 09:37:22,783 - INFO -    ➜ 270000 lignes insérées
2026-01-29 09:37:24,444 - INFO -    ➜ 275000 lignes insérées
2026-01-29 09:37:27,109 - INFO -    ➜ 280000 lignes insérées
2026-01-29 09:37:28,580 - INFO -    ➜ 285000 lignes insérées
2026-01-29 09:37:31,558 - INFO -    ➜ 290000 lignes insérées
2026-01-29 09:37:33,325 - INFO -    ➜ 295000 lignes insérées
2026-01-29 09:37:35,062 - INFO -    ➜ 300000 lignes insérées
2026-01-29 09:37:37,065 - INFO -    ➜ 305000 lignes insérées
2026-01-29 09:37:39,793 - INFO -    ➜ 310000 lignes insérées
2026-01-29 09:37:41,464 - INFO -    ➜ 315000 lignes insérées
2026-01-29 09:37:42,780 - INFO -    ➜ 320000 lignes insérées
2026-01-29 09:37:44,566 - INFO -    ➜ 325000 lignes insérées
2026-01-29 09:37:45,843 - INFO -    ➜ 330000 lignes insérées
2026-01-29 09:37:47,251 - INFO -    ➜ 335000 lignes insérées
2026-01-29 09:37:49,825 - INFO -    ➜ 340000 lignes insérées
2026-01-29 09:37:51,950 - INFO -    ➜ 345000 lignes insérées
2026-01-29 09:37:53,247 - INFO -    ➜ 350000 lignes insérées
2026-01-29 09:37:54,753 - INFO -    ➜ 355000 lignes insérées
2026-01-29 09:37:56,840 - INFO -    ➜ 360000 lignes insérées
2026-01-29 09:37:57,018 - INFO - ✅ pp_SN_STOCK_F.csv terminé (360384 lignes)
2026-01-29 09:37:57,020 - INFO - 
🚀 FILIALE BJ
2026-01-29 09:37:57,896 - INFO - 📥 Import pm_BJ_STOCK_F.csv
2026-01-29 09:37:58,968 - INFO -    ➜ 5000 lignes insérées
2026-01-29 09:38:00,186 - INFO -    ➜ 10000 lignes insérées
2026-01-29 09:38:02,299 - INFO -    ➜ 15000 lignes insérées
2026-01-29 09:38:03,569 - INFO -    ➜ 20000 lignes insérées
2026-01-29 09:38:05,606 - INFO -    ➜ 25000 lignes insérées
2026-01-29 09:38:07,339 - INFO -    ➜ 30000 lignes insérées
2026-01-29 09:38:07,609 - INFO - ✅ pm_BJ_STOCK_F.csv terminé (31961 lignes)
2026-01-29 09:38:07,611 - INFO - 📥 Import pp_BJ_STOCK_F.csv
2026-01-29 09:38:08,753 - INFO -    ➜ 5000 lignes insérées
2026-01-29 09:38:10,200 - INFO -    ➜ 10000 lignes insérées
2026-01-29 09:38:11,855 - INFO -    ➜ 15000 lignes insérées
2026-01-29 09:38:13,515 - INFO -    ➜ 20000 lignes insérées
2026-01-29 09:38:15,387 - INFO -    ➜ 25000 lignes insérées
2026-01-29 09:38:16,646 - INFO -    ➜ 30000 lignes insérées
2026-01-29 09:38:18,730 - INFO -    ➜ 35000 lignes insérées
2026-01-29 09:38:20,432 - INFO -    ➜ 40000 lignes insérées
2026-01-29 09:38:22,653 - INFO -    ➜ 45000 lignes insérées
2026-01-29 09:38:23,519 - INFO -    ➜ 50000 lignes insérées
2026-01-29 09:38:25,021 - INFO -    ➜ 55000 lignes insérées
2026-01-29 09:38:26,423 - INFO -    ➜ 60000 lignes insérées
2026-01-29 09:38:28,300 - INFO -    ➜ 65000 lignes insérées
2026-01-29 09:38:30,293 - INFO -    ➜ 70000 lignes insérées
2026-01-29 09:38:33,515 - INFO -    ➜ 75000 lignes insérées
2026-01-29 09:38:35,808 - INFO -    ➜ 80000 lignes insérées
2026-01-29 09:38:36,886 - INFO -    ➜ 85000 lignes insérées
2026-01-29 09:38:38,011 - INFO -    ➜ 90000 lignes insérées
2026-01-29 09:38:39,515 - INFO -    ➜ 95000 lignes insérées
2026-01-29 09:38:42,201 - INFO -    ➜ 100000 lignes insérées
2026-01-29 09:38:43,403 - INFO -    ➜ 105000 lignes insérées
2026-01-29 09:38:44,858 - INFO -    ➜ 110000 lignes insérées
2026-01-29 09:38:47,184 - INFO -    ➜ 115000 lignes insérées
2026-01-29 09:38:50,778 - INFO -    ➜ 120000 lignes insérées
2026-01-29 09:38:53,106 - INFO -    ➜ 125000 lignes insérées
2026-01-29 09:38:54,426 - INFO -    ➜ 130000 lignes insérées
2026-01-29 09:38:56,528 - INFO -    ➜ 135000 lignes insérées
2026-01-29 09:38:58,934 - INFO -    ➜ 140000 lignes insérées
2026-01-29 09:39:00,421 - INFO -    ➜ 145000 lignes insérées
2026-01-29 09:39:02,093 - INFO -    ➜ 150000 lignes insérées
2026-01-29 09:39:04,317 - INFO -    ➜ 155000 lignes insérées
2026-01-29 09:39:06,205 - INFO -    ➜ 160000 lignes insérées
2026-01-29 09:39:08,108 - INFO -    ➜ 165000 lignes insérées
2026-01-29 09:39:10,310 - INFO -    ➜ 170000 lignes insérées
2026-01-29 09:39:12,220 - INFO -    ➜ 175000 lignes insérées
2026-01-29 09:39:13,727 - INFO -    ➜ 180000 lignes insérées
2026-01-29 09:39:14,309 - INFO -    ➜ 185000 lignes insérées
2026-01-29 09:39:17,576 - INFO -    ➜ 190000 lignes insérées
2026-01-29 09:39:19,841 - INFO -    ➜ 195000 lignes insérées
2026-01-29 09:39:22,169 - INFO -    ➜ 200000 lignes insérées
2026-01-29 09:39:23,417 - INFO -    ➜ 205000 lignes insérées
2026-01-29 09:39:25,281 - INFO -    ➜ 210000 lignes insérées
2026-01-29 09:39:27,060 - INFO -    ➜ 215000 lignes insérées
2026-01-29 09:39:28,997 - INFO -    ➜ 220000 lignes insérées
2026-01-29 09:39:31,764 - INFO -    ➜ 225000 lignes insérées
2026-01-29 09:39:33,586 - INFO -    ➜ 230000 lignes insérées
2026-01-29 09:39:35,341 - INFO -    ➜ 235000 lignes insérées
2026-01-29 09:39:37,144 - INFO -    ➜ 240000 lignes insérées
2026-01-29 09:39:38,080 - INFO -    ➜ 245000 lignes insérées
2026-01-29 09:39:39,062 - INFO -    ➜ 250000 lignes insérées
2026-01-29 09:39:40,169 - INFO -    ➜ 255000 lignes insérées
2026-01-29 09:39:41,013 - INFO -    ➜ 260000 lignes insérées
2026-01-29 09:39:41,716 - INFO -    ➜ 265000 lignes insérées
2026-01-29 09:39:42,330 - INFO -    ➜ 270000 lignes insérées
2026-01-29 09:39:43,476 - INFO -    ➜ 275000 lignes insérées
2026-01-29 09:39:44,317 - INFO -    ➜ 280000 lignes insérées
2026-01-29 09:39:45,065 - INFO -    ➜ 285000 lignes insérées
2026-01-29 09:39:45,875 - INFO -    ➜ 290000 lignes insérées
2026-01-29 09:39:46,646 - INFO -    ➜ 295000 lignes insérées
2026-01-29 09:39:48,029 - INFO -    ➜ 300000 lignes insérées
2026-01-29 09:39:49,028 - INFO -    ➜ 305000 lignes insérées
2026-01-29 09:39:49,669 - INFO -    ➜ 310000 lignes insérées
2026-01-29 09:39:50,281 - INFO -    ➜ 315000 lignes insérées
2026-01-29 09:39:50,879 - INFO -    ➜ 320000 lignes insérées
2026-01-29 09:39:51,484 - INFO -    ➜ 325000 lignes insérées
2026-01-29 09:39:52,080 - INFO -    ➜ 330000 lignes insérées
2026-01-29 09:39:52,723 - INFO -    ➜ 335000 lignes insérées
2026-01-29 09:39:53,335 - INFO -    ➜ 340000 lignes insérées
2026-01-29 09:39:53,937 - INFO -    ➜ 345000 lignes insérées
2026-01-29 09:39:54,585 - INFO -    ➜ 350000 lignes insérées
2026-01-29 09:39:55,228 - INFO -    ➜ 355000 lignes insérées
2026-01-29 09:39:55,837 - INFO -    ➜ 360000 lignes insérées
2026-01-29 09:39:56,462 - INFO -    ➜ 365000 lignes insérées
2026-01-29 09:39:57,113 - INFO -    ➜ 370000 lignes insérées
2026-01-29 09:39:57,738 - INFO -    ➜ 375000 lignes insérées
2026-01-29 09:39:58,397 - INFO -    ➜ 380000 lignes insérées
2026-01-29 09:39:59,000 - INFO -    ➜ 385000 lignes insérées
2026-01-29 09:39:59,614 - INFO -    ➜ 390000 lignes insérées
2026-01-29 09:40:00,214 - INFO -    ➜ 395000 lignes insérées
2026-01-29 09:40:00,848 - INFO -    ➜ 400000 lignes insérées
2026-01-29 09:40:01,529 - INFO -    ➜ 405000 lignes insérées
2026-01-29 09:40:02,186 - INFO -    ➜ 410000 lignes insérées
2026-01-29 09:40:02,833 - INFO -    ➜ 415000 lignes insérées
2026-01-29 09:40:03,465 - INFO -    ➜ 420000 lignes insérées
2026-01-29 09:40:04,162 - INFO -    ➜ 425000 lignes insérées
2026-01-29 09:40:04,934 - INFO -    ➜ 430000 lignes insérées
2026-01-29 09:40:05,732 - INFO -    ➜ 435000 lignes insérées
2026-01-29 09:40:06,441 - INFO -    ➜ 440000 lignes insérées
2026-01-29 09:40:07,151 - INFO -    ➜ 445000 lignes insérées
2026-01-29 09:40:07,788 - INFO -    ➜ 450000 lignes insérées
2026-01-29 09:40:08,471 - INFO -    ➜ 455000 lignes insérées
2026-01-29 09:40:09,037 - INFO -    ➜ 460000 lignes insérées
2026-01-29 09:40:09,732 - INFO -    ➜ 465000 lignes insérées
2026-01-29 09:40:10,439 - INFO -    ➜ 470000 lignes insérées
2026-01-29 09:40:11,076 - INFO -    ➜ 475000 lignes insérées
2026-01-29 09:40:11,759 - INFO -    ➜ 480000 lignes insérées
2026-01-29 09:40:12,371 - INFO -    ➜ 485000 lignes insérées
2026-01-29 09:40:13,031 - INFO -    ➜ 490000 lignes insérées
2026-01-29 09:40:13,069 - INFO - ✅ pp_BJ_STOCK_F.csv terminé (490286 lignes)
2026-01-29 09:40:13,069 - INFO - 
🚀 FILIALE NE
2026-01-29 09:40:14,779 - INFO - 📥 Import pm_NE_STOCK_F.csv
2026-01-29 09:40:15,315 - INFO -    ➜ 5000 lignes insérées
2026-01-29 09:40:15,816 - INFO - ✅ pm_NE_STOCK_F.csv terminé (9805 lignes)
2026-01-29 09:40:15,831 - INFO - 📥 Import pp_NE_STOCK_F.csv
2026-01-29 09:40:16,521 - INFO -    ➜ 5000 lignes insérées
2026-01-29 09:40:17,169 - INFO -    ➜ 10000 lignes insérées
2026-01-29 09:40:17,831 - INFO -    ➜ 15000 lignes insérées
2026-01-29 09:40:18,434 - INFO -    ➜ 20000 lignes insérées
2026-01-29 09:40:19,039 - INFO -    ➜ 25000 lignes insérées
2026-01-29 09:40:19,647 - INFO -    ➜ 30000 lignes insérées
2026-01-29 09:40:20,286 - INFO -    ➜ 35000 lignes insérées
2026-01-29 09:40:20,897 - INFO -    ➜ 40000 lignes insérées
2026-01-29 09:40:21,534 - INFO -    ➜ 45000 lignes insérées
2026-01-29 09:40:22,143 - INFO -    ➜ 50000 lignes insérées
2026-01-29 09:40:22,739 - INFO -    ➜ 55000 lignes insérées
2026-01-29 09:40:23,378 - INFO -    ➜ 60000 lignes insérées
2026-01-29 09:40:23,990 - INFO -    ➜ 65000 lignes insérées
2026-01-29 09:40:24,587 - INFO -    ➜ 70000 lignes insérées
2026-01-29 09:40:25,204 - INFO -    ➜ 75000 lignes insérées
2026-01-29 09:40:25,819 - INFO -    ➜ 80000 lignes insérées
2026-01-29 09:40:26,434 - INFO -    ➜ 85000 lignes insérées
2026-01-29 09:40:27,061 - INFO -    ➜ 90000 lignes insérées
2026-01-29 09:40:27,701 - INFO -    ➜ 95000 lignes insérées
2026-01-29 09:40:28,336 - INFO -    ➜ 100000 lignes insérées
2026-01-29 09:40:28,947 - INFO -    ➜ 105000 lignes insérées
2026-01-29 09:40:29,629 - INFO -    ➜ 110000 lignes insérées
2026-01-29 09:40:30,263 - INFO -    ➜ 115000 lignes insérées
2026-01-29 09:40:30,857 - INFO -    ➜ 120000 lignes insérées
2026-01-29 09:40:31,445 - INFO -    ➜ 125000 lignes insérées
2026-01-29 09:40:32,057 - INFO -    ➜ 130000 lignes insérées
2026-01-29 09:40:32,684 - INFO -    ➜ 135000 lignes insérées
2026-01-29 09:40:33,288 - INFO -    ➜ 140000 lignes insérées
2026-01-29 09:40:33,893 - INFO -    ➜ 145000 lignes insérées
2026-01-29 09:40:34,326 - INFO - ✅ pp_NE_STOCK_F.csv terminé (148606 lignes)
2026-01-29 09:40:34,326 - INFO - 
🚀 FILIALE BF
2026-01-29 09:40:34,854 - INFO - 📥 Import pm_BF_STOCK_F.csv
2026-01-29 09:40:35,375 - INFO -    ➜ 5000 lignes insérées
2026-01-29 09:40:35,910 - INFO -    ➜ 10000 lignes insérées
2026-01-29 09:40:36,431 - INFO -    ➜ 15000 lignes insérées
2026-01-29 09:40:36,940 - INFO -    ➜ 20000 lignes insérées
2026-01-29 09:40:37,478 - INFO -    ➜ 25000 lignes insérées
2026-01-29 09:40:37,611 - INFO - ✅ pm_BF_STOCK_F.csv terminé (26051 lignes)
2026-01-29 09:40:37,612 - INFO - 📥 Import pp_BF_STOCK_F.csv
2026-01-29 09:40:38,227 - INFO -    ➜ 5000 lignes insérées
2026-01-29 09:40:38,853 - INFO -    ➜ 10000 lignes insérées
2026-01-29 09:40:39,447 - INFO -    ➜ 15000 lignes insérées
2026-01-29 09:40:40,130 - INFO -    ➜ 20000 lignes insérées
2026-01-29 09:40:40,726 - INFO -    ➜ 25000 lignes insérées
2026-01-29 09:40:41,368 - INFO -    ➜ 30000 lignes insérées
2026-01-29 09:40:41,994 - INFO -    ➜ 35000 lignes insérées
2026-01-29 09:40:42,638 - INFO -    ➜ 40000 lignes insérées
2026-01-29 09:40:43,260 - INFO -    ➜ 45000 lignes insérées
2026-01-29 09:40:43,918 - INFO -    ➜ 50000 lignes insérées
2026-01-29 09:40:44,536 - INFO -    ➜ 55000 lignes insérées
2026-01-29 09:40:45,129 - INFO -    ➜ 60000 lignes insérées
2026-01-29 09:40:45,752 - INFO -    ➜ 65000 lignes insérées
2026-01-29 09:40:46,368 - INFO -    ➜ 70000 lignes insérées
2026-01-29 09:40:46,989 - INFO -    ➜ 75000 lignes insérées
2026-01-29 09:40:47,642 - INFO -    ➜ 80000 lignes insérées
2026-01-29 09:40:48,276 - INFO -    ➜ 85000 lignes insérées
2026-01-29 09:40:48,929 - INFO -    ➜ 90000 lignes insérées
2026-01-29 09:40:49,571 - INFO -    ➜ 95000 lignes insérées
2026-01-29 09:40:50,166 - INFO -    ➜ 100000 lignes insérées
2026-01-29 09:40:50,823 - INFO -    ➜ 105000 lignes insérées
2026-01-29 09:40:51,421 - INFO -    ➜ 110000 lignes insérées
2026-01-29 09:40:52,019 - INFO -    ➜ 115000 lignes insérées
2026-01-29 09:40:52,673 - INFO -    ➜ 120000 lignes insérées
2026-01-29 09:40:53,238 - INFO -    ➜ 125000 lignes insérées
2026-01-29 09:40:53,856 - INFO -    ➜ 130000 lignes insérées
2026-01-29 09:40:54,448 - INFO -    ➜ 135000 lignes insérées
2026-01-29 09:40:55,059 - INFO -    ➜ 140000 lignes insérées
2026-01-29 09:40:55,650 - INFO -    ➜ 145000 lignes insérées
2026-01-29 09:40:56,290 - INFO -    ➜ 150000 lignes insérées
2026-01-29 09:40:56,885 - INFO -    ➜ 155000 lignes insérées
2026-01-29 09:40:57,492 - INFO -    ➜ 160000 lignes insérées
2026-01-29 09:40:58,100 - INFO -    ➜ 165000 lignes insérées
2026-01-29 09:40:58,797 - INFO -    ➜ 170000 lignes insérées
2026-01-29 09:40:59,426 - INFO -    ➜ 175000 lignes insérées
2026-01-29 09:41:00,056 - INFO -    ➜ 180000 lignes insérées
2026-01-29 09:41:00,714 - INFO -    ➜ 185000 lignes insérées
2026-01-29 09:41:01,356 - INFO -    ➜ 190000 lignes insérées
2026-01-29 09:41:02,030 - INFO -    ➜ 195000 lignes insérées
2026-01-29 09:41:02,690 - INFO -    ➜ 200000 lignes insérées
2026-01-29 09:41:03,328 - INFO -    ➜ 205000 lignes insérées
2026-01-29 09:41:03,946 - INFO -    ➜ 210000 lignes insérées
2026-01-29 09:41:04,604 - INFO -    ➜ 215000 lignes insérées
2026-01-29 09:41:05,234 - INFO -    ➜ 220000 lignes insérées
2026-01-29 09:41:05,888 - INFO -    ➜ 225000 lignes insérées
2026-01-29 09:41:06,557 - INFO -    ➜ 230000 lignes insérées
2026-01-29 09:41:07,149 - INFO -    ➜ 235000 lignes insérées
2026-01-29 09:41:07,802 - INFO -    ➜ 240000 lignes insérées
2026-01-29 09:41:08,424 - INFO -    ➜ 245000 lignes insérées
2026-01-29 09:41:09,074 - INFO -    ➜ 250000 lignes insérées
2026-01-29 09:41:09,752 - INFO -    ➜ 255000 lignes insérées
2026-01-29 09:41:10,379 - INFO -    ➜ 260000 lignes insérées
2026-01-29 09:41:10,992 - INFO -    ➜ 265000 lignes insérées
2026-01-29 09:41:11,606 - INFO -    ➜ 270000 lignes insérées
2026-01-29 09:41:12,182 - INFO -    ➜ 275000 lignes insérées
2026-01-29 09:41:12,753 - INFO -    ➜ 280000 lignes insérées
2026-01-29 09:41:13,406 - INFO -    ➜ 285000 lignes insérées
2026-01-29 09:41:13,990 - INFO -    ➜ 290000 lignes insérées
2026-01-29 09:41:14,575 - INFO -    ➜ 295000 lignes insérées
2026-01-29 09:41:15,154 - INFO -    ➜ 300000 lignes insérées
2026-01-29 09:41:15,735 - INFO -    ➜ 305000 lignes insérées
2026-01-29 09:41:16,385 - INFO -    ➜ 310000 lignes insérées
2026-01-29 09:41:16,965 - INFO -    ➜ 315000 lignes insérées
2026-01-29 09:41:17,560 - INFO -    ➜ 320000 lignes insérées
2026-01-29 09:41:18,132 - INFO -    ➜ 325000 lignes insérées
2026-01-29 09:41:18,729 - INFO -    ➜ 330000 lignes insérées
2026-01-29 09:41:19,306 - INFO -    ➜ 335000 lignes insérées
2026-01-29 09:41:19,901 - INFO -    ➜ 340000 lignes insérées
2026-01-29 09:41:20,509 - INFO -    ➜ 345000 lignes insérées
2026-01-29 09:41:21,115 - INFO -    ➜ 350000 lignes insérées
2026-01-29 09:41:21,739 - INFO -    ➜ 355000 lignes insérées
2026-01-29 09:41:22,344 - INFO -    ➜ 360000 lignes insérées
2026-01-29 09:41:22,938 - INFO -    ➜ 365000 lignes insérées
2026-01-29 09:41:23,579 - INFO -    ➜ 370000 lignes insérées
2026-01-29 09:41:24,203 - INFO -    ➜ 375000 lignes insérées
2026-01-29 09:41:24,808 - INFO -    ➜ 380000 lignes insérées
2026-01-29 09:41:25,401 - INFO -    ➜ 385000 lignes insérées
2026-01-29 09:41:25,995 - INFO -    ➜ 390000 lignes insérées
2026-01-29 09:41:26,601 - INFO -    ➜ 395000 lignes insérées
2026-01-29 09:41:27,187 - INFO -    ➜ 400000 lignes insérées
2026-01-29 09:41:27,792 - INFO -    ➜ 405000 lignes insérées
2026-01-29 09:41:28,406 - INFO -    ➜ 410000 lignes insérées
2026-01-29 09:41:29,031 - INFO -    ➜ 415000 lignes insérées
2026-01-29 09:41:29,536 - INFO - ✅ pp_BF_STOCK_F.csv terminé (419243 lignes)
2026-01-29 09:41:29,536 - INFO - 
🚀 FILIALE MR
2026-01-29 09:41:29,791 - INFO - 📥 Import pm_MR_STOCK_F.csv
2026-01-29 09:41:30,011 - INFO - ✅ pm_MR_STOCK_F.csv terminé (2022 lignes)
2026-01-29 09:41:30,011 - INFO - 📥 Import pp_MR_STOCK_F.csv
2026-01-29 09:41:30,390 - INFO - ✅ pp_MR_STOCK_F.csv terminé (2997 lignes)
2026-01-29 09:41:30,390 - INFO - 
🚀 FILIALE TG
2026-01-29 09:41:30,666 - INFO - 📥 Import pm_TG_STOCK_F.csv
2026-01-29 09:41:31,155 - INFO -    ➜ 5000 lignes insérées
2026-01-29 09:41:31,344 - INFO - ✅ pm_TG_STOCK_F.csv terminé (6730 lignes)
2026-01-29 09:41:31,344 - INFO - 📥 Import pp_TG_STOCK_F.csv
2026-01-29 09:41:31,974 - INFO -    ➜ 5000 lignes insérées
2026-01-29 09:41:32,580 - INFO -    ➜ 10000 lignes insérées
2026-01-29 09:41:33,182 - INFO -    ➜ 15000 lignes insérées
2026-01-29 09:41:33,777 - INFO -    ➜ 20000 lignes insérées
2026-01-29 09:41:34,323 - INFO - ✅ pp_TG_STOCK_F.csv terminé (24616 lignes)
2026-01-29 09:41:34,323 - INFO - 
🚀 FILIALE CI
2026-01-29 09:41:34,666 - INFO - 📥 Import pm_CI_STOCK_F.csv
2026-01-29 09:41:35,221 - INFO -    ➜ 5000 lignes insérées
2026-01-29 09:41:35,546 - INFO - ✅ pm_CI_STOCK_F.csv terminé (8360 lignes)
2026-01-29 09:41:35,546 - INFO - 📥 Import pp_CI_STOCK_F.csv
2026-01-29 09:41:36,160 - INFO -    ➜ 5000 lignes insérées
2026-01-29 09:41:36,757 - INFO -    ➜ 10000 lignes insérées
2026-01-29 09:41:37,343 - INFO -    ➜ 15000 lignes insérées
2026-01-29 09:41:37,953 - INFO -    ➜ 20000 lignes insérées
2026-01-29 09:41:38,613 - INFO -    ➜ 25000 lignes insérées
2026-01-29 09:41:39,220 - INFO -    ➜ 30000 lignes insérées
2026-01-29 09:41:39,814 - INFO -    ➜ 35000 lignes insérées
2026-01-29 09:41:40,399 - INFO -    ➜ 40000 lignes insérées
2026-01-29 09:41:40,981 - INFO -    ➜ 45000 lignes insérées
2026-01-29 09:41:41,578 - INFO -    ➜ 50000 lignes insérées
2026-01-29 09:41:42,168 - INFO -    ➜ 55000 lignes insérées
2026-01-29 09:41:42,747 - INFO -    ➜ 60000 lignes insérées
2026-01-29 09:41:43,352 - INFO -    ➜ 65000 lignes insérées
2026-01-29 09:41:43,932 - INFO -    ➜ 70000 lignes insérées
2026-01-29 09:41:44,532 - INFO -    ➜ 75000 lignes insérées
2026-01-29 09:41:45,129 - INFO -    ➜ 80000 lignes insérées
2026-01-29 09:41:45,731 - INFO -    ➜ 85000 lignes insérées
2026-01-29 09:41:46,314 - INFO -    ➜ 90000 lignes insérées
2026-01-29 09:41:46,913 - INFO -    ➜ 95000 lignes insérées
2026-01-29 09:41:47,501 - INFO -    ➜ 100000 lignes insérées
2026-01-29 09:41:48,079 - INFO -    ➜ 105000 lignes insérées
2026-01-29 09:41:48,717 - INFO -    ➜ 110000 lignes insérées
2026-01-29 09:41:49,350 - INFO -    ➜ 115000 lignes insérées
2026-01-29 09:41:49,938 - INFO -    ➜ 120000 lignes insérées
2026-01-29 09:41:50,546 - INFO -    ➜ 125000 lignes insérées
2026-01-29 09:41:51,147 - INFO -    ➜ 130000 lignes insérées
2026-01-29 09:41:51,795 - INFO -    ➜ 135000 lignes insérées
2026-01-29 09:41:52,387 - INFO -    ➜ 140000 lignes insérées
2026-01-29 09:41:52,996 - INFO -    ➜ 145000 lignes insérées
2026-01-29 09:41:53,577 - INFO -    ➜ 150000 lignes insérées
2026-01-29 09:41:54,197 - INFO -    ➜ 155000 lignes insérées
2026-01-29 09:41:54,801 - INFO -    ➜ 160000 lignes insérées
2026-01-29 09:41:55,440 - INFO -    ➜ 165000 lignes insérées
2026-01-29 09:41:56,031 - INFO -    ➜ 170000 lignes insérées
2026-01-29 09:41:56,629 - INFO -    ➜ 175000 lignes insérées
2026-01-29 09:41:57,266 - INFO -    ➜ 180000 lignes insérées
2026-01-29 09:41:57,907 - INFO -    ➜ 185000 lignes insérées
2026-01-29 09:41:58,497 - INFO -    ➜ 190000 lignes insérées
2026-01-29 09:41:58,987 - INFO - ✅ pp_CI_STOCK_F.csv terminé (193377 lignes)
2026-01-29 09:41:58,987 - INFO - 
🚀 FILIALE RDC
2026-01-29 09:41:59,295 - INFO - 📥 Import pm_RDC_STOCK_F.csv
2026-01-29 09:41:59,780 - INFO - ✅ pm_RDC_STOCK_F.csv terminé (4515 lignes)
2026-01-29 09:41:59,780 - INFO - 📥 Import pp_RDC_STOCK_F.csv
2026-01-29 09:42:00,377 - INFO -    ➜ 5000 lignes insérées
2026-01-29 09:42:00,957 - INFO -    ➜ 10000 lignes insérées
2026-01-29 09:42:01,600 - INFO -    ➜ 15000 lignes insérées
2026-01-29 09:42:02,304 - INFO -    ➜ 20000 lignes insérées
2026-01-29 09:42:02,913 - INFO -    ➜ 25000 lignes insérées
2026-01-29 09:42:03,527 - INFO -    ➜ 30000 lignes insérées
2026-01-29 09:42:04,165 - INFO -    ➜ 35000 lignes insérées
2026-01-29 09:42:04,787 - INFO -    ➜ 40000 lignes insérées
2026-01-29 09:42:05,428 - INFO -    ➜ 45000 lignes insérées
2026-01-29 09:42:06,073 - INFO -    ➜ 50000 lignes insérées
2026-01-29 09:42:06,702 - INFO -    ➜ 55000 lignes insérées
2026-01-29 09:42:07,369 - INFO -    ➜ 60000 lignes insérées
2026-01-29 09:42:07,965 - INFO -    ➜ 65000 lignes insérées
2026-01-29 09:42:08,545 - INFO -    ➜ 70000 lignes insérées
2026-01-29 09:42:09,182 - INFO -    ➜ 75000 lignes insérées
2026-01-29 09:42:09,811 - INFO -    ➜ 80000 lignes insérées
2026-01-29 09:42:10,492 - INFO -    ➜ 85000 lignes insérées
2026-01-29 09:42:11,130 - INFO -    ➜ 90000 lignes insérées
2026-01-29 09:42:11,748 - INFO -    ➜ 95000 lignes insérées
2026-01-29 09:42:12,366 - INFO -    ➜ 100000 lignes insérées
2026-01-29 09:42:13,047 - INFO -    ➜ 105000 lignes insérées
2026-01-29 09:42:13,702 - INFO -    ➜ 110000 lignes insérées
2026-01-29 09:42:14,320 - INFO -    ➜ 115000 lignes insérées
2026-01-29 09:42:14,931 - INFO -    ➜ 120000 lignes insérées
2026-01-29 09:42:15,554 - INFO -    ➜ 125000 lignes insérées
2026-01-29 09:42:15,727 - INFO - ✅ pp_RDC_STOCK_F.csv terminé (126349 lignes)
2026-01-29 09:42:15,728 - INFO - 
🚀 FILIALE MG
2026-01-29 09:42:16,323 - INFO - 📥 Import pm_MG_STOCK_F.csv
2026-01-29 09:42:16,877 - INFO -    ➜ 5000 lignes insérées
2026-01-29 09:42:17,363 - INFO -    ➜ 10000 lignes insérées
2026-01-29 09:42:17,875 - INFO -    ➜ 15000 lignes insérées
2026-01-29 09:42:18,398 - INFO -    ➜ 20000 lignes insérées
2026-01-29 09:42:18,925 - INFO -    ➜ 25000 lignes insérées
2026-01-29 09:42:19,434 - INFO -    ➜ 30000 lignes insérées
2026-01-29 09:42:19,938 - INFO -    ➜ 35000 lignes insérées
2026-01-29 09:42:20,470 - INFO -    ➜ 40000 lignes insérées
2026-01-29 09:42:21,002 - INFO -    ➜ 45000 lignes insérées
2026-01-29 09:42:21,531 - INFO -    ➜ 50000 lignes insérées
2026-01-29 09:42:21,708 - INFO - ✅ pm_MG_STOCK_F.csv terminé (51504 lignes)
2026-01-29 09:42:21,710 - INFO - 📥 Import pp_MG_STOCK_F.csv
2026-01-29 09:42:22,315 - INFO -    ➜ 5000 lignes insérées
2026-01-29 09:42:22,915 - INFO -    ➜ 10000 lignes insérées
2026-01-29 09:42:23,493 - INFO -    ➜ 15000 lignes insérées
2026-01-29 09:42:24,104 - INFO -    ➜ 20000 lignes insérées
2026-01-29 09:42:24,779 - INFO -    ➜ 25000 lignes insérées
2026-01-29 09:42:25,480 - INFO -    ➜ 30000 lignes insérées
2026-01-29 09:42:26,163 - INFO -    ➜ 35000 lignes insérées
2026-01-29 09:42:26,815 - INFO -    ➜ 40000 lignes insérées
2026-01-29 09:42:27,473 - INFO -    ➜ 45000 lignes insérées
2026-01-29 09:42:28,107 - INFO -    ➜ 50000 lignes insérées
2026-01-29 09:42:28,745 - INFO -    ➜ 55000 lignes insérées
2026-01-29 09:42:29,391 - INFO -    ➜ 60000 lignes insérées
2026-01-29 09:42:30,074 - INFO -    ➜ 65000 lignes insérées
2026-01-29 09:42:30,796 - INFO -    ➜ 70000 lignes insérées
2026-01-29 09:42:31,431 - INFO -    ➜ 75000 lignes insérées
2026-01-29 09:42:32,087 - INFO -    ➜ 80000 lignes insérées
2026-01-29 09:42:32,733 - INFO -    ➜ 85000 lignes insérées
2026-01-29 09:42:33,356 - INFO -    ➜ 90000 lignes insérées
2026-01-29 09:42:33,997 - INFO -    ➜ 95000 lignes insérées
2026-01-29 09:42:34,642 - INFO -    ➜ 100000 lignes insérées
2026-01-29 09:42:35,279 - INFO -    ➜ 105000 lignes insérées
2026-01-29 09:42:35,966 - INFO -    ➜ 110000 lignes insérées
2026-01-29 09:42:36,597 - INFO -    ➜ 115000 lignes insérées
2026-01-29 09:42:37,243 - INFO -    ➜ 120000 lignes insérées
2026-01-29 09:42:37,884 - INFO -    ➜ 125000 lignes insérées
2026-01-29 09:42:38,547 - INFO -    ➜ 130000 lignes insérées
2026-01-29 09:42:39,209 - INFO -    ➜ 135000 lignes insérées
2026-01-29 09:42:39,908 - INFO -    ➜ 140000 lignes insérées
2026-01-29 09:42:40,612 - INFO -    ➜ 145000 lignes insérées
2026-01-29 09:42:41,350 - INFO -    ➜ 150000 lignes insérées
2026-01-29 09:42:41,987 - INFO -    ➜ 155000 lignes insérées
2026-01-29 09:42:42,632 - INFO -    ➜ 160000 lignes insérées
2026-01-29 09:42:43,263 - INFO -    ➜ 165000 lignes insérées
2026-01-29 09:42:43,914 - INFO -    ➜ 170000 lignes insérées
2026-01-29 09:42:44,577 - INFO -    ➜ 175000 lignes insérées
2026-01-29 09:42:45,313 - INFO -    ➜ 180000 lignes insérées
2026-01-29 09:42:45,979 - INFO -    ➜ 185000 lignes insérées
2026-01-29 09:42:46,645 - INFO -    ➜ 190000 lignes insérées
2026-01-29 09:42:47,290 - INFO -    ➜ 195000 lignes insérées
2026-01-29 09:42:47,932 - INFO -    ➜ 200000 lignes insérées
2026-01-29 09:42:48,600 - INFO -    ➜ 205000 lignes insérées
2026-01-29 09:42:49,269 - INFO -    ➜ 210000 lignes insérées
2026-01-29 09:42:49,923 - INFO -    ➜ 215000 lignes insérées
2026-01-29 09:42:50,598 - INFO -    ➜ 220000 lignes insérées
2026-01-29 09:42:51,257 - INFO -    ➜ 225000 lignes insérées
2026-01-29 09:42:51,905 - INFO -    ➜ 230000 lignes insérées
2026-01-29 09:42:52,582 - INFO -    ➜ 235000 lignes insérées
2026-01-29 09:42:53,244 - INFO -    ➜ 240000 lignes insérées
2026-01-29 09:42:53,892 - INFO -    ➜ 245000 lignes insérées
2026-01-29 09:42:54,555 - INFO -    ➜ 250000 lignes insérées
2026-01-29 09:42:55,237 - INFO -    ➜ 255000 lignes insérées
2026-01-29 09:42:55,909 - INFO -    ➜ 260000 lignes insérées
2026-01-29 09:42:56,565 - INFO -    ➜ 265000 lignes insérées
2026-01-29 09:42:57,249 - INFO -    ➜ 270000 lignes insérées
2026-01-29 09:42:57,918 - INFO -    ➜ 275000 lignes insérées
2026-01-29 09:42:58,636 - INFO -    ➜ 280000 lignes insérées
2026-01-29 09:42:59,270 - INFO -    ➜ 285000 lignes insérées
2026-01-29 09:42:59,930 - INFO -    ➜ 290000 lignes insérées
2026-01-29 09:43:00,629 - INFO -    ➜ 295000 lignes insérées
2026-01-29 09:43:01,284 - INFO -    ➜ 300000 lignes insérées
2026-01-29 09:43:01,926 - INFO -    ➜ 305000 lignes insérées
2026-01-29 09:43:02,574 - INFO -    ➜ 310000 lignes insérées
2026-01-29 09:43:03,245 - INFO -    ➜ 315000 lignes insérées
2026-01-29 09:43:03,903 - INFO -    ➜ 320000 lignes insérées
2026-01-29 09:43:04,548 - INFO -    ➜ 325000 lignes insérées
2026-01-29 09:43:05,147 - INFO - ✅ pp_MG_STOCK_F.csv terminé (329588 lignes)
2026-01-29 09:43:05,149 - INFO - 
✨ IMPORT TERMINÉ
2026-01-30 00:28:27,775 - INFO - 
>>> FILIALE BJ
2026-01-30 00:28:28,228 - INFO - --- Lecture de pm_BJ_STOCK_F.csv ---
2026-01-30 00:28:28,811 - INFO -     -> 5000 lignes insérées...
2026-01-30 00:28:29,376 - INFO -     -> 10000 lignes insérées...
2026-01-30 00:28:29,921 - INFO -     -> 15000 lignes insérées...
2026-01-30 00:28:30,468 - INFO -     -> 20000 lignes insérées...
2026-01-30 00:28:31,034 - INFO -     -> 25000 lignes insérées...
2026-01-30 00:28:31,619 - INFO -     -> 30000 lignes insérées...
2026-01-30 00:28:31,853 - INFO - --- Lecture de pp_BJ_STOCK_F.csv ---
2026-01-30 00:28:32,524 - INFO -     -> 5000 lignes insérées...
2026-01-30 00:28:33,173 - INFO -     -> 10000 lignes insérées...
2026-01-30 00:28:33,802 - INFO -     -> 15000 lignes insérées...
2026-01-30 00:28:34,446 - INFO -     -> 20000 lignes insérées...
2026-01-30 00:28:35,109 - INFO -     -> 25000 lignes insérées...
2026-01-30 00:28:35,765 - INFO -     -> 30000 lignes insérées...
2026-01-30 00:28:36,438 - INFO -     -> 35000 lignes insérées...
2026-01-30 00:28:37,117 - INFO -     -> 40000 lignes insérées...
2026-01-30 00:28:37,758 - INFO -     -> 45000 lignes insérées...
2026-01-30 00:28:38,399 - INFO -     -> 50000 lignes insérées...
2026-01-30 00:28:39,018 - INFO -     -> 55000 lignes insérées...
2026-01-30 00:28:39,656 - INFO -     -> 60000 lignes insérées...
2026-01-30 00:28:40,297 - INFO -     -> 65000 lignes insérées...
2026-01-30 00:28:40,955 - INFO -     -> 70000 lignes insérées...
2026-01-30 00:28:41,595 - INFO -     -> 75000 lignes insérées...
2026-01-30 00:28:42,262 - INFO -     -> 80000 lignes insérées...
2026-01-30 00:28:42,924 - INFO -     -> 85000 lignes insérées...
2026-01-30 00:28:43,583 - INFO -     -> 90000 lignes insérées...
2026-01-30 00:28:44,230 - INFO -     -> 95000 lignes insérées...
2026-01-30 00:28:44,876 - INFO -     -> 100000 lignes insérées...
2026-01-30 00:28:45,523 - INFO -     -> 105000 lignes insérées...
2026-01-30 00:28:46,176 - INFO -     -> 110000 lignes insérées...
2026-01-30 00:28:46,854 - INFO -     -> 115000 lignes insérées...
2026-01-30 00:28:47,507 - INFO -     -> 120000 lignes insérées...
2026-01-30 00:28:48,140 - INFO -     -> 125000 lignes insérées...
2026-01-30 00:28:48,796 - INFO -     -> 130000 lignes insérées...
2026-01-30 00:28:49,448 - INFO -     -> 135000 lignes insérées...
2026-01-30 00:28:50,088 - INFO -     -> 140000 lignes insérées...
2026-01-30 00:28:50,748 - INFO -     -> 145000 lignes insérées...
2026-01-30 00:28:51,405 - INFO -     -> 150000 lignes insérées...
2026-01-30 00:28:52,059 - INFO -     -> 155000 lignes insérées...
2026-01-30 00:28:52,734 - INFO -     -> 160000 lignes insérées...
2026-01-30 00:28:53,411 - INFO -     -> 165000 lignes insérées...
2026-01-30 00:28:54,058 - INFO -     -> 170000 lignes insérées...
2026-01-30 00:28:54,744 - INFO -     -> 175000 lignes insérées...
2026-01-30 00:28:55,387 - INFO -     -> 180000 lignes insérées...
2026-01-30 00:28:56,069 - INFO -     -> 185000 lignes insérées...
2026-01-30 00:28:56,775 - INFO -     -> 190000 lignes insérées...
2026-01-30 00:28:57,458 - INFO -     -> 195000 lignes insérées...
2026-01-30 00:28:58,300 - INFO -     -> 200000 lignes insérées...
2026-01-30 00:28:58,964 - INFO -     -> 205000 lignes insérées...
2026-01-30 00:28:59,649 - INFO -     -> 210000 lignes insérées...
2026-01-30 00:29:00,309 - INFO -     -> 215000 lignes insérées...
2026-01-30 00:29:00,978 - INFO -     -> 220000 lignes insérées...
2026-01-30 00:29:01,597 - INFO -     -> 225000 lignes insérées...
2026-01-30 00:29:02,252 - INFO -     -> 230000 lignes insérées...
2026-01-30 00:29:02,910 - INFO -     -> 235000 lignes insérées...
2026-01-30 00:29:03,610 - INFO -     -> 240000 lignes insérées...
2026-01-30 00:29:04,266 - INFO -     -> 245000 lignes insérées...
2026-01-30 00:29:04,921 - INFO -     -> 250000 lignes insérées...
2026-01-30 00:29:05,574 - INFO -     -> 255000 lignes insérées...
2026-01-30 00:29:06,247 - INFO -     -> 260000 lignes insérées...
2026-01-30 00:29:06,905 - INFO -     -> 265000 lignes insérées...
2026-01-30 00:29:07,585 - INFO -     -> 270000 lignes insérées...
2026-01-30 00:29:08,262 - INFO -     -> 275000 lignes insérées...
2026-01-30 00:29:08,284 - WARNING - ❌ pp_BJ_STOCK_F.csv : Ligne 275799 rejetée immédiatement (Taille excessive).
2026-01-30 00:29:08,927 - INFO -     -> 280000 lignes insérées...
2026-01-30 00:29:09,597 - INFO -     -> 285000 lignes insérées...
2026-01-30 00:29:10,326 - INFO -     -> 290000 lignes insérées...
2026-01-30 00:29:11,016 - INFO -     -> 295000 lignes insérées...
2026-01-30 00:29:11,743 - INFO -     -> 300000 lignes insérées...
2026-01-30 00:29:12,420 - INFO -     -> 305000 lignes insérées...
2026-01-30 00:29:13,100 - INFO -     -> 310000 lignes insérées...
2026-01-30 00:29:13,979 - INFO -     -> 315000 lignes insérées...
2026-01-30 00:29:14,698 - INFO -     -> 320000 lignes insérées...
2026-01-30 00:29:15,443 - INFO -     -> 325000 lignes insérées...
2026-01-30 00:29:16,148 - INFO -     -> 330000 lignes insérées...
2026-01-30 00:29:16,855 - INFO -     -> 335000 lignes insérées...
2026-01-30 00:29:17,557 - INFO -     -> 340000 lignes insérées...
2026-01-30 00:29:18,252 - INFO -     -> 345000 lignes insérées...
2026-01-30 00:29:19,003 - INFO -     -> 350000 lignes insérées...
2026-01-30 00:29:19,673 - INFO -     -> 355000 lignes insérées...
2026-01-30 00:29:20,388 - INFO -     -> 360000 lignes insérées...
2026-01-30 00:29:21,053 - INFO -     -> 365000 lignes insérées...
2026-01-30 00:29:21,748 - INFO -     -> 370000 lignes insérées...
2026-01-30 00:29:22,435 - INFO -     -> 375000 lignes insérées...
2026-01-30 00:29:23,106 - INFO -     -> 380000 lignes insérées...
2026-01-30 00:29:23,772 - INFO -     -> 385000 lignes insérées...
2026-01-30 00:29:24,430 - INFO -     -> 390000 lignes insérées...
2026-01-30 00:29:25,098 - INFO -     -> 395000 lignes insérées...
2026-01-30 00:29:25,798 - INFO -     -> 400000 lignes insérées...
2026-01-30 00:29:26,498 - INFO -     -> 405000 lignes insérées...
2026-01-30 00:29:27,168 - INFO -     -> 410000 lignes insérées...
2026-01-30 00:29:27,831 - INFO -     -> 415000 lignes insérées...
2026-01-30 00:29:28,500 - INFO -     -> 420000 lignes insérées...
2026-01-30 00:29:29,163 - INFO -     -> 425000 lignes insérées...
2026-01-30 00:29:29,842 - INFO -     -> 430000 lignes insérées...
2026-01-30 00:29:30,609 - INFO -     -> 435000 lignes insérées...
2026-01-30 00:29:31,313 - INFO -     -> 440000 lignes insérées...
2026-01-30 00:29:31,999 - INFO -     -> 445000 lignes insérées...
2026-01-30 00:29:32,718 - INFO -     -> 450000 lignes insérées...
2026-01-30 00:29:33,400 - INFO -     -> 455000 lignes insérées...
2026-01-30 00:29:34,067 - INFO -     -> 460000 lignes insérées...
2026-01-30 00:29:34,731 - INFO -     -> 465000 lignes insérées...
2026-01-30 00:29:35,413 - INFO -     -> 470000 lignes insérées...
2026-01-30 00:29:36,089 - INFO -     -> 475000 lignes insérées...
2026-01-30 00:29:36,775 - INFO -     -> 480000 lignes insérées...
2026-01-30 00:29:37,486 - INFO -     -> 485000 lignes insérées...
2026-01-30 00:29:38,140 - INFO - 
>>> FILIALE MG
2026-01-30 00:29:38,537 - INFO - --- Lecture de pm_MG_STOCK_F.csv ---
2026-01-30 00:29:39,120 - INFO -     -> 5000 lignes insérées...
2026-01-30 00:29:39,672 - INFO -     -> 10000 lignes insérées...
2026-01-30 00:29:40,234 - INFO -     -> 15000 lignes insérées...
2026-01-30 00:29:40,791 - INFO -     -> 20000 lignes insérées...
2026-01-30 00:29:41,362 - INFO -     -> 25000 lignes insérées...
2026-01-30 00:29:41,934 - INFO -     -> 30000 lignes insérées...
2026-01-30 00:29:42,463 - INFO -     -> 35000 lignes insérées...
2026-01-30 00:29:43,058 - INFO -     -> 40000 lignes insérées...
2026-01-30 00:29:43,635 - INFO -     -> 45000 lignes insérées...
2026-01-30 00:29:44,205 - INFO -     -> 50000 lignes insérées...
2026-01-30 00:29:44,392 - INFO - --- Lecture de pp_MG_STOCK_F.csv ---
2026-01-30 00:29:45,192 - INFO -     -> 5000 lignes insérées...
2026-01-30 00:29:45,844 - INFO -     -> 10000 lignes insérées...
2026-01-30 00:29:46,494 - INFO -     -> 15000 lignes insérées...
2026-01-30 00:29:46,605 - WARNING - ❌ pp_MG_STOCK_F.csv : Ligne 18542 rejetée immédiatement (Taille excessive).
2026-01-30 00:29:47,241 - INFO -     -> 20000 lignes insérées...
2026-01-30 00:29:48,088 - INFO -     -> 25000 lignes insérées...
2026-01-30 00:29:48,926 - INFO -     -> 30000 lignes insérées...
2026-01-30 00:29:49,745 - INFO -     -> 35000 lignes insérées...
2026-01-30 00:29:50,629 - INFO -     -> 40000 lignes insérées...
2026-01-30 00:29:51,488 - INFO -     -> 45000 lignes insérées...
2026-01-30 00:29:51,630 - WARNING - ❌ pp_MG_STOCK_F.csv : Ligne 47232 rejetée immédiatement (Taille excessive).
2026-01-30 00:29:52,334 - INFO -     -> 50000 lignes insérées...
2026-01-30 00:29:53,168 - INFO -     -> 55000 lignes insérées...
2026-01-30 00:29:54,001 - INFO -     -> 60000 lignes insérées...
2026-01-30 00:29:54,827 - INFO -     -> 65000 lignes insérées...
2026-01-30 00:29:55,686 - INFO -     -> 70000 lignes insérées...
2026-01-30 00:29:56,518 - INFO -     -> 75000 lignes insérées...
2026-01-30 00:29:57,355 - INFO -     -> 80000 lignes insérées...
2026-01-30 00:29:58,179 - INFO -     -> 85000 lignes insérées...
2026-01-30 00:29:59,004 - INFO -     -> 90000 lignes insérées...
2026-01-30 00:29:59,888 - INFO -     -> 95000 lignes insérées...
2026-01-30 00:30:00,743 - INFO -     -> 100000 lignes insérées...
2026-01-30 00:30:01,677 - INFO -     -> 105000 lignes insérées...
2026-01-30 00:30:02,537 - INFO -     -> 110000 lignes insérées...
2026-01-30 00:30:03,379 - INFO -     -> 115000 lignes insérées...
2026-01-30 00:30:04,199 - INFO -     -> 120000 lignes insérées...
2026-01-30 00:30:05,010 - INFO -     -> 125000 lignes insérées...
2026-01-30 00:30:05,877 - INFO -     -> 130000 lignes insérées...
2026-01-30 00:30:06,714 - INFO -     -> 135000 lignes insérées...
2026-01-30 00:30:07,543 - INFO -     -> 140000 lignes insérées...
2026-01-30 00:30:08,355 - INFO -     -> 145000 lignes insérées...
2026-01-30 00:30:09,184 - INFO -     -> 150000 lignes insérées...
2026-01-30 00:30:10,002 - INFO -     -> 155000 lignes insérées...
2026-01-30 00:30:10,839 - INFO -     -> 160000 lignes insérées...
2026-01-30 00:30:11,670 - INFO -     -> 165000 lignes insérées...
2026-01-30 00:30:12,517 - INFO -     -> 170000 lignes insérées...
2026-01-30 00:30:13,381 - INFO -     -> 175000 lignes insérées...
2026-01-30 00:30:14,231 - INFO -     -> 180000 lignes insérées...
2026-01-30 00:30:15,089 - INFO -     -> 185000 lignes insérées...
2026-01-30 00:30:15,922 - INFO -     -> 190000 lignes insérées...
2026-01-30 00:30:16,740 - INFO -     -> 195000 lignes insérées...
2026-01-30 00:30:17,564 - INFO -     -> 200000 lignes insérées...
2026-01-30 00:30:18,384 - INFO -     -> 205000 lignes insérées...
2026-01-30 00:30:19,214 - INFO -     -> 210000 lignes insérées...
2026-01-30 00:30:20,075 - INFO -     -> 215000 lignes insérées...
2026-01-30 00:30:20,915 - INFO -     -> 220000 lignes insérées...
2026-01-30 00:30:21,748 - INFO -     -> 225000 lignes insérées...
2026-01-30 00:30:22,609 - INFO -     -> 230000 lignes insérées...
2026-01-30 00:30:23,464 - INFO -     -> 235000 lignes insérées...
2026-01-30 00:30:24,293 - INFO -     -> 240000 lignes insérées...
2026-01-30 00:30:25,120 - INFO -     -> 245000 lignes insérées...
2026-01-30 00:30:25,948 - INFO -     -> 250000 lignes insérées...
2026-01-30 00:30:26,812 - INFO -     -> 255000 lignes insérées...
2026-01-30 00:30:27,669 - INFO -     -> 260000 lignes insérées...
2026-01-30 00:30:28,464 - INFO -     -> 265000 lignes insérées...
2026-01-30 00:30:29,349 - INFO -     -> 270000 lignes insérées...
2026-01-30 00:30:30,167 - INFO -     -> 275000 lignes insérées...
2026-01-30 00:30:31,027 - INFO -     -> 280000 lignes insérées...
2026-01-30 00:30:31,838 - INFO -     -> 285000 lignes insérées...
2026-01-30 00:30:32,657 - INFO -     -> 290000 lignes insérées...
2026-01-30 00:30:33,463 - INFO -     -> 295000 lignes insérées...
2026-01-30 00:30:34,292 - INFO -     -> 300000 lignes insérées...
2026-01-30 00:30:35,104 - INFO -     -> 305000 lignes insérées...
2026-01-30 00:30:35,997 - INFO -     -> 310000 lignes insérées...
2026-01-30 00:30:36,810 - INFO -     -> 315000 lignes insérées...
2026-01-30 00:30:37,637 - INFO -     -> 320000 lignes insérées...
2026-01-30 00:30:38,466 - INFO -     -> 325000 lignes insérées...
2026-01-30 00:30:39,223 - INFO - 
✨ Processus terminé.
2026-01-30 00:31:33,374 - INFO - 
>>> FILIALE SN
2026-01-30 00:31:34,033 - INFO - --- Lecture de pm_SN_STOCK_F.csv ---
2026-01-30 00:31:34,588 - INFO -     -> 5000 lignes insérées...
2026-01-30 00:31:35,119 - INFO -     -> 10000 lignes insérées...
2026-01-30 00:31:35,716 - INFO -     -> 15000 lignes insérées...
2026-01-30 00:31:35,871 - INFO - --- Lecture de pp_SN_STOCK_F.csv ---
2026-01-30 00:31:36,527 - INFO -     -> 5000 lignes insérées...
2026-01-30 00:31:37,167 - INFO -     -> 10000 lignes insérées...
2026-01-30 00:31:37,823 - INFO -     -> 15000 lignes insérées...
2026-01-30 00:31:38,494 - INFO -     -> 20000 lignes insérées...
2026-01-30 00:31:39,138 - INFO -     -> 25000 lignes insérées...
2026-01-30 00:31:39,736 - INFO -     -> 30000 lignes insérées...
2026-01-30 00:31:40,370 - INFO -     -> 35000 lignes insérées...
2026-01-30 00:31:40,997 - INFO -     -> 40000 lignes insérées...
2026-01-30 00:31:41,604 - INFO -     -> 45000 lignes insérées...
2026-01-30 00:31:42,250 - INFO -     -> 50000 lignes insérées...
2026-01-30 00:31:42,869 - INFO -     -> 55000 lignes insérées...
2026-01-30 00:31:43,518 - INFO -     -> 60000 lignes insérées...
2026-01-30 00:31:44,105 - INFO -     -> 65000 lignes insérées...
2026-01-30 00:31:44,748 - INFO -     -> 70000 lignes insérées...
2026-01-30 00:31:45,369 - INFO -     -> 75000 lignes insérées...
2026-01-30 00:31:45,495 - WARNING - ❌ pp_SN_STOCK_F.csv : Ligne 79741 rejetée immédiatement (Taille excessive).
2026-01-30 00:31:45,994 - INFO -     -> 80000 lignes insérées...
2026-01-30 00:31:46,680 - INFO -     -> 85000 lignes insérées...
2026-01-30 00:31:47,308 - INFO -     -> 90000 lignes insérées...
2026-01-30 00:31:47,982 - INFO -     -> 95000 lignes insérées...
2026-01-30 00:31:48,635 - INFO -     -> 100000 lignes insérées...
2026-01-30 00:31:49,310 - INFO -     -> 105000 lignes insérées...
2026-01-30 00:31:49,972 - INFO -     -> 110000 lignes insérées...
2026-01-30 00:31:50,626 - INFO -     -> 115000 lignes insérées...
2026-01-30 00:31:51,305 - INFO -     -> 120000 lignes insérées...
2026-01-30 00:31:51,970 - INFO -     -> 125000 lignes insérées...
2026-01-30 00:31:52,626 - INFO -     -> 130000 lignes insérées...
2026-01-30 00:31:53,326 - INFO -     -> 135000 lignes insérées...
2026-01-30 00:31:53,991 - INFO -     -> 140000 lignes insérées...
2026-01-30 00:31:54,696 - INFO -     -> 145000 lignes insérées...
2026-01-30 00:31:55,367 - INFO -     -> 150000 lignes insérées...
2026-01-30 00:31:56,026 - INFO -     -> 155000 lignes insérées...
2026-01-30 00:31:56,694 - INFO -     -> 160000 lignes insérées...
2026-01-30 00:31:57,381 - INFO -     -> 165000 lignes insérées...
2026-01-30 00:31:58,069 - INFO -     -> 170000 lignes insérées...
2026-01-30 00:31:58,753 - INFO -     -> 175000 lignes insérées...
2026-01-30 00:31:59,426 - INFO -     -> 180000 lignes insérées...
2026-01-30 00:32:00,117 - INFO -     -> 185000 lignes insérées...
2026-01-30 00:32:00,844 - INFO -     -> 190000 lignes insérées...
2026-01-30 00:32:01,571 - INFO -     -> 195000 lignes insérées...
2026-01-30 00:32:02,256 - INFO -     -> 200000 lignes insérées...
2026-01-30 00:32:02,938 - INFO -     -> 205000 lignes insérées...
2026-01-30 00:32:03,627 - INFO -     -> 210000 lignes insérées...
2026-01-30 00:32:04,319 - INFO -     -> 215000 lignes insérées...
2026-01-30 00:32:05,473 - INFO -     -> 220000 lignes insérées...
2026-01-30 00:32:06,497 - INFO -     -> 225000 lignes insérées...
2026-01-30 00:32:07,535 - INFO -     -> 230000 lignes insérées...
2026-01-30 00:32:08,324 - INFO -     -> 235000 lignes insérées...
2026-01-30 00:32:09,018 - INFO -     -> 240000 lignes insérées...
2026-01-30 00:32:09,758 - INFO -     -> 245000 lignes insérées...
2026-01-30 00:32:10,445 - INFO -     -> 250000 lignes insérées...
2026-01-30 00:32:11,127 - INFO -     -> 255000 lignes insérées...
2026-01-30 00:32:11,822 - INFO -     -> 260000 lignes insérées...
2026-01-30 00:32:12,562 - INFO -     -> 265000 lignes insérées...
2026-01-30 00:32:13,220 - INFO -     -> 270000 lignes insérées...
2026-01-30 00:32:13,930 - INFO -     -> 275000 lignes insérées...
2026-01-30 00:32:14,618 - INFO -     -> 280000 lignes insérées...
2026-01-30 00:32:15,316 - INFO -     -> 285000 lignes insérées...
2026-01-30 00:32:15,987 - INFO -     -> 290000 lignes insérées...
2026-01-30 00:32:16,657 - INFO -     -> 295000 lignes insérées...
2026-01-30 00:32:17,375 - INFO -     -> 300000 lignes insérées...
2026-01-30 00:32:18,046 - INFO -     -> 305000 lignes insérées...
2026-01-30 00:32:18,757 - INFO -     -> 310000 lignes insérées...
2026-01-30 00:32:19,450 - INFO -     -> 315000 lignes insérées...
2026-01-30 00:32:20,086 - INFO -     -> 320000 lignes insérées...
2026-01-30 00:32:20,750 - INFO -     -> 325000 lignes insérées...
2026-01-30 00:32:21,420 - INFO -     -> 330000 lignes insérées...
2026-01-30 00:32:22,079 - INFO -     -> 335000 lignes insérées...
2026-01-30 00:32:22,738 - INFO -     -> 340000 lignes insérées...
2026-01-30 00:32:23,464 - INFO -     -> 345000 lignes insérées...
2026-01-30 00:32:24,129 - INFO -     -> 350000 lignes insérées...
2026-01-30 00:32:24,784 - INFO -     -> 355000 lignes insérées...
2026-01-30 00:32:25,528 - INFO -     -> 360000 lignes insérées...
2026-01-30 00:32:25,564 - INFO - 
>>> FILIALE NE
2026-01-30 00:32:26,122 - INFO - --- Lecture de pm_NE_STOCK_F.csv ---
2026-01-30 00:32:26,646 - INFO -     -> 5000 lignes insérées...
2026-01-30 00:32:27,195 - INFO - --- Lecture de pp_NE_STOCK_F.csv ---
2026-01-30 00:32:27,954 - INFO -     -> 5000 lignes insérées...
2026-01-30 00:32:28,615 - INFO -     -> 10000 lignes insérées...
2026-01-30 00:32:29,265 - INFO -     -> 15000 lignes insérées...
2026-01-30 00:32:29,943 - INFO -     -> 20000 lignes insérées...
2026-01-30 00:32:30,586 - INFO -     -> 25000 lignes insérées...
2026-01-30 00:32:31,199 - INFO -     -> 30000 lignes insérées...
2026-01-30 00:32:31,871 - INFO -     -> 35000 lignes insérées...
2026-01-30 00:32:32,495 - INFO -     -> 40000 lignes insérées...
2026-01-30 00:32:33,130 - INFO -     -> 45000 lignes insérées...
2026-01-30 00:32:33,777 - INFO -     -> 50000 lignes insérées...
2026-01-30 00:32:34,431 - INFO -     -> 55000 lignes insérées...
2026-01-30 00:32:35,078 - INFO -     -> 60000 lignes insérées...
2026-01-30 00:32:35,742 - INFO -     -> 65000 lignes insérées...
2026-01-30 00:32:36,385 - INFO -     -> 70000 lignes insérées...
2026-01-30 00:32:37,007 - INFO -     -> 75000 lignes insérées...
2026-01-30 00:32:37,644 - INFO -     -> 80000 lignes insérées...
2026-01-30 00:32:38,280 - INFO -     -> 85000 lignes insérées...
2026-01-30 00:32:38,939 - INFO -     -> 90000 lignes insérées...
2026-01-30 00:32:39,584 - INFO -     -> 95000 lignes insérées...
2026-01-30 00:32:40,216 - INFO -     -> 100000 lignes insérées...
2026-01-30 00:32:40,839 - INFO -     -> 105000 lignes insérées...
2026-01-30 00:32:41,509 - INFO -     -> 110000 lignes insérées...
2026-01-30 00:32:42,150 - INFO -     -> 115000 lignes insérées...
2026-01-30 00:32:42,786 - INFO -     -> 120000 lignes insérées...
2026-01-30 00:32:43,413 - INFO -     -> 125000 lignes insérées...
2026-01-30 00:32:44,069 - INFO -     -> 130000 lignes insérées...
2026-01-30 00:32:44,716 - INFO -     -> 135000 lignes insérées...
2026-01-30 00:32:45,355 - INFO -     -> 140000 lignes insérées...
2026-01-30 00:32:46,017 - INFO -     -> 145000 lignes insérées...
2026-01-30 00:32:46,463 - INFO - 
>>> FILIALE BF
2026-01-30 00:32:47,180 - INFO - --- Lecture de pm_BF_STOCK_F.csv ---
2026-01-30 00:32:47,738 - INFO -     -> 5000 lignes insérées...
2026-01-30 00:32:48,314 - INFO -     -> 10000 lignes insérées...
2026-01-30 00:32:48,891 - INFO -     -> 15000 lignes insérées...
2026-01-30 00:32:49,451 - INFO -     -> 20000 lignes insérées...
2026-01-30 00:32:50,022 - INFO -     -> 25000 lignes insérées...
2026-01-30 00:32:50,144 - INFO - --- Lecture de pp_BF_STOCK_F.csv ---
2026-01-30 00:32:50,794 - INFO -     -> 5000 lignes insérées...
2026-01-30 00:32:51,460 - INFO -     -> 10000 lignes insérées...
2026-01-30 00:32:52,112 - INFO -     -> 15000 lignes insérées...
2026-01-30 00:32:52,751 - INFO -     -> 20000 lignes insérées...
2026-01-30 00:32:53,405 - INFO -     -> 25000 lignes insérées...
2026-01-30 00:32:54,058 - INFO -     -> 30000 lignes insérées...
2026-01-30 00:32:54,701 - INFO -     -> 35000 lignes insérées...
2026-01-30 00:32:55,325 - INFO -     -> 40000 lignes insérées...
2026-01-30 00:32:55,959 - INFO -     -> 45000 lignes insérées...
2026-01-30 00:32:56,663 - INFO -     -> 50000 lignes insérées...
2026-01-30 00:32:57,300 - INFO -     -> 55000 lignes insérées...
2026-01-30 00:32:57,966 - INFO -     -> 60000 lignes insérées...
2026-01-30 00:32:58,621 - INFO -     -> 65000 lignes insérées...
2026-01-30 00:32:59,274 - INFO -     -> 70000 lignes insérées...
2026-01-30 00:32:59,920 - INFO -     -> 75000 lignes insérées...
2026-01-30 00:33:00,575 - INFO -     -> 80000 lignes insérées...
2026-01-30 00:33:01,231 - INFO -     -> 85000 lignes insérées...
2026-01-30 00:33:01,888 - INFO -     -> 90000 lignes insérées...
2026-01-30 00:33:02,544 - INFO -     -> 95000 lignes insérées...
2026-01-30 00:33:03,182 - INFO -     -> 100000 lignes insérées...
2026-01-30 00:33:03,823 - INFO -     -> 105000 lignes insérées...
2026-01-30 00:33:04,461 - INFO -     -> 110000 lignes insérées...
2026-01-30 00:33:05,161 - INFO -     -> 115000 lignes insérées...
2026-01-30 00:33:05,835 - INFO -     -> 120000 lignes insérées...
2026-01-30 00:33:06,514 - INFO -     -> 125000 lignes insérées...
2026-01-30 00:33:07,216 - INFO -     -> 130000 lignes insérées...
2026-01-30 00:33:07,891 - INFO -     -> 135000 lignes insérées...
2026-01-30 00:33:08,535 - INFO -     -> 140000 lignes insérées...
2026-01-30 00:33:09,190 - INFO -     -> 145000 lignes insérées...
2026-01-30 00:33:09,827 - INFO -     -> 150000 lignes insérées...
2026-01-30 00:33:10,471 - INFO -     -> 155000 lignes insérées...
2026-01-30 00:33:11,135 - INFO -     -> 160000 lignes insérées...
2026-01-30 00:33:11,798 - INFO -     -> 165000 lignes insérées...
2026-01-30 00:33:12,452 - INFO -     -> 170000 lignes insérées...
2026-01-30 00:33:13,095 - INFO -     -> 175000 lignes insérées...
2026-01-30 00:33:13,782 - INFO -     -> 180000 lignes insérées...
2026-01-30 00:33:14,442 - INFO -     -> 185000 lignes insérées...
2026-01-30 00:33:15,108 - INFO -     -> 190000 lignes insérées...
2026-01-30 00:33:15,774 - INFO -     -> 195000 lignes insérées...
2026-01-30 00:33:16,422 - INFO -     -> 200000 lignes insérées...
2026-01-30 00:33:17,101 - INFO -     -> 205000 lignes insérées...
2026-01-30 00:33:17,804 - INFO -     -> 210000 lignes insérées...
2026-01-30 00:33:18,449 - INFO -     -> 215000 lignes insérées...
2026-01-30 00:33:19,100 - INFO -     -> 220000 lignes insérées...
2026-01-30 00:33:19,712 - INFO -     -> 225000 lignes insérées...
2026-01-30 00:33:20,351 - INFO -     -> 230000 lignes insérées...
2026-01-30 00:33:21,014 - INFO -     -> 235000 lignes insérées...
2026-01-30 00:33:21,666 - INFO -     -> 240000 lignes insérées...
2026-01-30 00:33:22,310 - INFO -     -> 245000 lignes insérées...
2026-01-30 00:33:22,958 - INFO -     -> 250000 lignes insérées...
2026-01-30 00:33:23,598 - INFO -     -> 255000 lignes insérées...
2026-01-30 00:33:24,238 - INFO -     -> 260000 lignes insérées...
2026-01-30 00:33:24,903 - INFO -     -> 265000 lignes insérées...
2026-01-30 00:33:25,551 - INFO -     -> 270000 lignes insérées...
2026-01-30 00:33:26,201 - INFO -     -> 275000 lignes insérées...
2026-01-30 00:33:26,859 - INFO -     -> 280000 lignes insérées...
2026-01-30 00:33:27,521 - INFO -     -> 285000 lignes insérées...
2026-01-30 00:33:28,381 - INFO -     -> 290000 lignes insérées...
2026-01-30 00:33:29,028 - INFO -     -> 295000 lignes insérées...
2026-01-30 00:33:29,693 - INFO -     -> 300000 lignes insérées...
2026-01-30 00:33:30,364 - INFO -     -> 305000 lignes insérées...
2026-01-30 00:33:31,015 - INFO -     -> 310000 lignes insérées...
2026-01-30 00:33:31,656 - INFO -     -> 315000 lignes insérées...
2026-01-30 00:33:32,299 - INFO -     -> 320000 lignes insérées...
2026-01-30 00:33:32,974 - INFO -     -> 325000 lignes insérées...
2026-01-30 00:33:33,620 - INFO -     -> 330000 lignes insérées...
2026-01-30 00:33:33,718 - WARNING - ❌ pp_BF_STOCK_F.csv : Ligne 333626 rejetée immédiatement (Taille excessive).
2026-01-30 00:33:34,275 - INFO -     -> 335000 lignes insérées...
2026-01-30 00:33:34,953 - INFO -     -> 340000 lignes insérées...
2026-01-30 00:33:35,627 - INFO -     -> 345000 lignes insérées...
2026-01-30 00:33:36,315 - INFO -     -> 350000 lignes insérées...
2026-01-30 00:33:36,999 - INFO -     -> 355000 lignes insérées...
2026-01-30 00:33:37,723 - INFO -     -> 360000 lignes insérées...
2026-01-30 00:33:38,392 - INFO -     -> 365000 lignes insérées...
2026-01-30 00:33:39,111 - INFO -     -> 370000 lignes insérées...
2026-01-30 00:33:39,842 - INFO -     -> 375000 lignes insérées...
2026-01-30 00:33:40,569 - INFO -     -> 380000 lignes insérées...
2026-01-30 00:33:41,283 - INFO -     -> 385000 lignes insérées...
2026-01-30 00:33:41,945 - INFO -     -> 390000 lignes insérées...
2026-01-30 00:33:42,624 - INFO -     -> 395000 lignes insérées...
2026-01-30 00:33:43,309 - INFO -     -> 400000 lignes insérées...
2026-01-30 00:33:43,993 - INFO -     -> 405000 lignes insérées...
2026-01-30 00:33:44,707 - INFO -     -> 410000 lignes insérées...
2026-01-30 00:33:45,386 - INFO -     -> 415000 lignes insérées...
2026-01-30 00:33:45,997 - INFO - 
>>> FILIALE MR
2026-01-30 00:33:46,584 - INFO - --- Lecture de pm_MR_STOCK_F.csv ---
2026-01-30 00:33:46,841 - INFO - --- Lecture de pp_MR_STOCK_F.csv ---
2026-01-30 00:33:47,249 - INFO - 
>>> FILIALE TG
2026-01-30 00:33:47,860 - INFO - --- Lecture de pm_TG_STOCK_F.csv ---
2026-01-30 00:33:48,432 - INFO -     -> 5000 lignes insérées...
2026-01-30 00:33:48,636 - INFO - --- Lecture de pp_TG_STOCK_F.csv ---
2026-01-30 00:33:49,292 - INFO -     -> 5000 lignes insérées...
2026-01-30 00:33:49,936 - INFO -     -> 10000 lignes insérées...
2026-01-30 00:33:50,557 - INFO -     -> 15000 lignes insérées...
2026-01-30 00:33:51,248 - INFO -     -> 20000 lignes insérées...
2026-01-30 00:33:51,823 - INFO - 
>>> FILIALE CI
2026-01-30 00:33:52,497 - INFO - --- Lecture de pm_CI_STOCK_F.csv ---
2026-01-30 00:33:53,032 - INFO -     -> 5000 lignes insérées...
2026-01-30 00:33:53,417 - INFO - --- Lecture de pp_CI_STOCK_F.csv ---
2026-01-30 00:33:54,076 - INFO -     -> 5000 lignes insérées...
2026-01-30 00:33:54,722 - INFO -     -> 10000 lignes insérées...
2026-01-30 00:33:55,385 - INFO -     -> 15000 lignes insérées...
2026-01-30 00:33:56,017 - INFO -     -> 20000 lignes insérées...
2026-01-30 00:33:56,659 - INFO -     -> 25000 lignes insérées...
2026-01-30 00:33:57,320 - INFO -     -> 30000 lignes insérées...
2026-01-30 00:33:57,989 - INFO -     -> 35000 lignes insérées...
2026-01-30 00:33:58,620 - INFO -     -> 40000 lignes insérées...
2026-01-30 00:33:59,325 - INFO -     -> 45000 lignes insérées...
2026-01-30 00:33:59,981 - INFO -     -> 50000 lignes insérées...
2026-01-30 00:34:00,681 - INFO -     -> 55000 lignes insérées...
2026-01-30 00:34:01,334 - INFO -     -> 60000 lignes insérées...
2026-01-30 00:34:02,001 - INFO -     -> 65000 lignes insérées...
2026-01-30 00:34:02,657 - INFO -     -> 70000 lignes insérées...
2026-01-30 00:34:03,295 - INFO -     -> 75000 lignes insérées...
2026-01-30 00:34:03,934 - INFO -     -> 80000 lignes insérées...
2026-01-30 00:34:04,577 - INFO -     -> 85000 lignes insérées...
2026-01-30 00:34:05,219 - INFO -     -> 90000 lignes insérées...
2026-01-30 00:34:05,877 - INFO -     -> 95000 lignes insérées...
2026-01-30 00:34:06,546 - INFO -     -> 100000 lignes insérées...
2026-01-30 00:34:07,229 - INFO -     -> 105000 lignes insérées...
2026-01-30 00:34:07,878 - INFO -     -> 110000 lignes insérées...
2026-01-30 00:34:08,548 - INFO -     -> 115000 lignes insérées...
2026-01-30 00:34:09,169 - INFO -     -> 120000 lignes insérées...
2026-01-30 00:34:09,859 - INFO -     -> 125000 lignes insérées...
2026-01-30 00:34:10,499 - INFO -     -> 130000 lignes insérées...
2026-01-30 00:34:11,120 - INFO -     -> 135000 lignes insérées...
2026-01-30 00:34:11,773 - INFO -     -> 140000 lignes insérées...
2026-01-30 00:34:12,504 - INFO -     -> 145000 lignes insérées...
2026-01-30 00:34:13,164 - INFO -     -> 150000 lignes insérées...
2026-01-30 00:34:13,831 - INFO -     -> 155000 lignes insérées...
2026-01-30 00:34:14,482 - INFO -     -> 160000 lignes insérées...
2026-01-30 00:34:15,116 - INFO -     -> 165000 lignes insérées...
2026-01-30 00:34:15,791 - INFO -     -> 170000 lignes insérées...
2026-01-30 00:34:16,469 - INFO -     -> 175000 lignes insérées...
2026-01-30 00:34:17,144 - INFO -     -> 180000 lignes insérées...
2026-01-30 00:34:17,776 - INFO -     -> 185000 lignes insérées...
2026-01-30 00:34:18,418 - INFO -     -> 190000 lignes insérées...
2026-01-30 00:34:18,850 - INFO - 
>>> FILIALE RDC
2026-01-30 00:34:19,558 - INFO - --- Lecture de pm_RDC_STOCK_F.csv ---
2026-01-30 00:34:20,064 - INFO - --- Lecture de pp_RDC_STOCK_F.csv ---
2026-01-30 00:34:20,712 - INFO -     -> 5000 lignes insérées...
2026-01-30 00:34:21,345 - INFO -     -> 10000 lignes insérées...
2026-01-30 00:34:22,012 - INFO -     -> 15000 lignes insérées...
2026-01-30 00:34:22,687 - INFO -     -> 20000 lignes insérées...
2026-01-30 00:34:23,339 - INFO -     -> 25000 lignes insérées...
2026-01-30 00:34:24,047 - INFO -     -> 30000 lignes insérées...
2026-01-30 00:34:24,681 - INFO -     -> 35000 lignes insérées...
2026-01-30 00:34:25,322 - INFO -     -> 40000 lignes insérées...
2026-01-30 00:34:25,974 - INFO -     -> 45000 lignes insérées...
2026-01-30 00:34:26,629 - INFO -     -> 50000 lignes insérées...
2026-01-30 00:34:27,282 - INFO -     -> 55000 lignes insérées...
2026-01-30 00:34:27,927 - INFO -     -> 60000 lignes insérées...
2026-01-30 00:34:28,579 - INFO -     -> 65000 lignes insérées...
2026-01-30 00:34:29,235 - INFO -     -> 70000 lignes insérées...
2026-01-30 00:34:29,930 - INFO -     -> 75000 lignes insérées...
2026-01-30 00:34:30,636 - INFO -     -> 80000 lignes insérées...
2026-01-30 00:34:31,290 - INFO -     -> 85000 lignes insérées...
2026-01-30 00:34:31,950 - INFO -     -> 90000 lignes insérées...
2026-01-30 00:34:32,624 - INFO -     -> 95000 lignes insérées...
2026-01-30 00:34:33,281 - INFO -     -> 100000 lignes insérées...
2026-01-30 00:34:33,921 - INFO -     -> 105000 lignes insérées...
2026-01-30 00:34:34,570 - INFO -     -> 110000 lignes insérées...
2026-01-30 00:34:35,221 - INFO -     -> 115000 lignes insérées...
2026-01-30 00:34:35,873 - INFO -     -> 120000 lignes insérées...
2026-01-30 00:34:36,519 - INFO -     -> 125000 lignes insérées...
2026-01-30 00:34:36,689 - INFO - 
✨ Processus terminé.
2026-02-16 03:36:21,691 - INFO - 🗑️ DATEREV nettoyé
2026-02-16 03:36:21,691 - INFO - 🚀 DÉBUT IMPORT DATEREV
2026-02-16 03:36:21,694 - INFO - 
📥 FILIALE SN
2026-02-16 03:36:47,535 - INFO - ✅ 489642 lignes importées (SN)
2026-02-16 03:36:47,535 - INFO - 📌 TOTAL DATEREV : 489642 lignes
2026-02-16 03:36:47,535 - INFO - 📊 DÉBUT IMPORT TAUX
2026-02-16 03:36:47,535 - CRITICAL - 🛑 ERREUR FATALE : name 'TauxEvolution_filiale' is not defined
2026-02-16 04:00:15,147 - INFO - 🗑️ DATEREV nettoyé
2026-02-16 04:00:15,147 - INFO - 🚀 DÉBUT IMPORT DATEREV
2026-02-16 04:00:15,147 - INFO - 📥 FILIALE SN
2026-02-16 04:00:15,446 - INFO -   > 5000 lignes traitées...
2026-02-16 04:00:15,732 - INFO -   > 10000 lignes traitées...
2026-02-16 04:00:16,022 - INFO -   > 15000 lignes traitées...
2026-02-16 04:00:16,320 - INFO -   > 20000 lignes traitées...
2026-02-16 04:00:16,623 - INFO -   > 25000 lignes traitées...
2026-02-16 04:00:16,883 - INFO -   > 30000 lignes traitées...
2026-02-16 04:00:17,189 - INFO -   > 35000 lignes traitées...
2026-02-16 04:00:17,479 - INFO -   > 40000 lignes traitées...
2026-02-16 04:00:17,764 - INFO -   > 45000 lignes traitées...
2026-02-16 04:00:18,040 - INFO -   > 50000 lignes traitées...
2026-02-16 04:00:18,306 - INFO -   > 55000 lignes traitées...
2026-02-16 04:00:18,620 - INFO -   > 60000 lignes traitées...
2026-02-16 04:00:18,906 - INFO -   > 65000 lignes traitées...
2026-02-16 04:00:19,178 - INFO -   > 70000 lignes traitées...
2026-02-16 04:00:19,459 - INFO -   > 75000 lignes traitées...
2026-02-16 04:00:19,764 - INFO -   > 80000 lignes traitées...
2026-02-16 04:00:20,056 - INFO -   > 85000 lignes traitées...
2026-02-16 04:00:20,335 - INFO -   > 90000 lignes traitées...
2026-02-16 04:00:20,633 - INFO -   > 95000 lignes traitées...
2026-02-16 04:00:20,930 - INFO -   > 100000 lignes traitées...
2026-02-16 04:00:21,215 - INFO -   > 105000 lignes traitées...
2026-02-16 04:00:21,508 - INFO -   > 110000 lignes traitées...
2026-02-16 04:00:21,758 - INFO -   > 115000 lignes traitées...
2026-02-16 04:00:22,071 - INFO -   > 120000 lignes traitées...
2026-02-16 04:00:22,340 - INFO -   > 125000 lignes traitées...
2026-02-16 04:00:22,647 - INFO -   > 130000 lignes traitées...
2026-02-16 04:00:22,958 - INFO -   > 135000 lignes traitées...
2026-02-16 04:00:23,243 - INFO -   > 140000 lignes traitées...
2026-02-16 04:00:23,537 - INFO -   > 145000 lignes traitées...
2026-02-16 04:00:23,821 - INFO -   > 150000 lignes traitées...
2026-02-16 04:00:24,118 - INFO -   > 155000 lignes traitées...
2026-02-16 04:00:24,415 - INFO -   > 160000 lignes traitées...
2026-02-16 04:00:24,697 - INFO -   > 165000 lignes traitées...
2026-02-16 04:00:24,997 - INFO -   > 170000 lignes traitées...
2026-02-16 04:00:25,308 - INFO -   > 175000 lignes traitées...
2026-02-16 04:00:25,614 - INFO -   > 180000 lignes traitées...
2026-02-16 04:00:25,898 - INFO -   > 185000 lignes traitées...
2026-02-16 04:00:26,195 - INFO -   > 190000 lignes traitées...
2026-02-16 04:00:26,496 - INFO -   > 195000 lignes traitées...
2026-02-16 04:00:26,789 - INFO -   > 200000 lignes traitées...
2026-02-16 04:00:27,058 - INFO -   > 205000 lignes traitées...
2026-02-16 04:00:27,369 - INFO -   > 210000 lignes traitées...
2026-02-16 04:00:27,664 - INFO -   > 215000 lignes traitées...
2026-02-16 04:00:27,936 - INFO -   > 220000 lignes traitées...
2026-02-16 04:00:28,250 - INFO -   > 225000 lignes traitées...
2026-02-16 04:00:28,552 - INFO -   > 230000 lignes traitées...
2026-02-16 04:00:28,825 - INFO -   > 235000 lignes traitées...
2026-02-16 04:00:29,101 - INFO -   > 240000 lignes traitées...
2026-02-16 04:00:29,397 - INFO -   > 245000 lignes traitées...
2026-02-16 04:00:29,713 - INFO -   > 250000 lignes traitées...
2026-02-16 04:00:30,006 - INFO -   > 255000 lignes traitées...
2026-02-16 04:00:30,306 - INFO -   > 260000 lignes traitées...
2026-02-16 04:00:30,605 - INFO -   > 265000 lignes traitées...
2026-02-16 04:00:30,945 - INFO -   > 270000 lignes traitées...
2026-02-16 04:00:31,263 - INFO -   > 275000 lignes traitées...
2026-02-16 04:00:31,612 - INFO -   > 280000 lignes traitées...
2026-02-16 04:00:31,913 - INFO -   > 285000 lignes traitées...
2026-02-16 04:00:32,212 - INFO -   > 290000 lignes traitées...
2026-02-16 04:00:32,523 - INFO -   > 295000 lignes traitées...
2026-02-16 04:00:32,835 - INFO -   > 300000 lignes traitées...
2026-02-16 04:00:33,121 - INFO -   > 305000 lignes traitées...
2026-02-16 04:00:33,401 - INFO -   > 310000 lignes traitées...
2026-02-16 04:00:33,700 - INFO -   > 315000 lignes traitées...
2026-02-16 04:00:34,008 - INFO -   > 320000 lignes traitées...
2026-02-16 04:00:34,301 - INFO -   > 325000 lignes traitées...
2026-02-16 04:00:34,621 - INFO -   > 330000 lignes traitées...
2026-02-16 04:00:34,913 - INFO -   > 335000 lignes traitées...
2026-02-16 04:00:35,211 - INFO -   > 340000 lignes traitées...
2026-02-16 04:00:35,492 - INFO -   > 345000 lignes traitées...
2026-02-16 04:00:35,838 - INFO -   > 350000 lignes traitées...
2026-02-16 04:00:36,173 - INFO -   > 355000 lignes traitées...
2026-02-16 04:00:36,475 - INFO -   > 360000 lignes traitées...
2026-02-16 04:00:36,789 - INFO -   > 365000 lignes traitées...
2026-02-16 04:00:37,088 - INFO -   > 370000 lignes traitées...
2026-02-16 04:00:37,384 - INFO -   > 375000 lignes traitées...
2026-02-16 04:00:37,680 - INFO -   > 380000 lignes traitées...
2026-02-16 04:00:37,991 - INFO -   > 385000 lignes traitées...
2026-02-16 04:00:38,297 - INFO -   > 390000 lignes traitées...
2026-02-16 04:00:38,591 - INFO -   > 395000 lignes traitées...
2026-02-16 04:00:38,866 - INFO -   > 400000 lignes traitées...
2026-02-16 04:00:39,178 - INFO -   > 405000 lignes traitées...
2026-02-16 04:00:39,587 - INFO -   > 410000 lignes traitées...
2026-02-16 04:00:39,911 - INFO -   > 415000 lignes traitées...
2026-02-16 04:00:40,203 - INFO -   > 420000 lignes traitées...
2026-02-16 04:00:40,523 - INFO -   > 425000 lignes traitées...
2026-02-16 04:00:40,821 - INFO -   > 430000 lignes traitées...
2026-02-16 04:00:41,132 - INFO -   > 435000 lignes traitées...
2026-02-16 04:00:41,428 - INFO -   > 440000 lignes traitées...
2026-02-16 04:00:41,711 - INFO -   > 445000 lignes traitées...
2026-02-16 04:00:42,044 - INFO -   > 450000 lignes traitées...
2026-02-16 04:00:42,335 - INFO -   > 455000 lignes traitées...
2026-02-16 04:00:42,632 - INFO -   > 460000 lignes traitées...
2026-02-16 04:00:42,931 - INFO -   > 465000 lignes traitées...
2026-02-16 04:00:43,212 - INFO -   > 470000 lignes traitées...
2026-02-16 04:00:43,491 - INFO -   > 475000 lignes traitées...
2026-02-16 04:00:43,805 - INFO -   > 480000 lignes traitées...
2026-02-16 04:00:44,194 - INFO -   > 485000 lignes traitées...
2026-02-16 04:00:44,462 - INFO - ✅ 489642 lignes importées pour SN
2026-02-16 04:00:44,462 - INFO - 📌 TOTAL FINAL : 489642 lignes
2026-02-16 04:00:44,462 - INFO - 📊 DÉBUT IMPORT TAUX
2026-02-16 04:00:44,462 - CRITICAL - 🛑 ERREUR FATALE : name 'TauxEvolution_filiale' is not defined
2026-02-16 04:06:49,058 - INFO - 🗑️ DATEREV nettoyé
2026-02-16 04:06:49,058 - INFO - 🚀 DÉBUT IMPORT DATEREV
2026-02-16 04:06:49,058 - INFO - 📥 FILIALE SN
2026-02-16 04:06:49,392 - INFO -   > 5000 lignes traitées...
2026-02-16 04:06:49,690 - INFO -   > 10000 lignes traitées...
2026-02-16 04:06:49,965 - INFO -   > 15000 lignes traitées...
2026-02-16 04:06:50,256 - INFO -   > 20000 lignes traitées...
2026-02-16 04:06:50,566 - INFO -   > 25000 lignes traitées...
2026-02-16 04:06:50,873 - INFO -   > 30000 lignes traitées...
2026-02-16 04:06:51,184 - INFO -   > 35000 lignes traitées...
2026-02-16 04:06:51,468 - INFO -   > 40000 lignes traitées...
2026-02-16 04:06:51,751 - INFO -   > 45000 lignes traitées...
2026-02-16 04:06:52,037 - INFO -   > 50000 lignes traitées...
2026-02-16 04:06:52,308 - INFO -   > 55000 lignes traitées...
2026-02-16 04:06:52,593 - INFO -   > 60000 lignes traitées...
2026-02-16 04:06:52,874 - INFO -   > 65000 lignes traitées...
2026-02-16 04:06:53,216 - INFO -   > 70000 lignes traitées...
2026-02-16 04:06:53,514 - INFO -   > 75000 lignes traitées...
2026-02-16 04:06:53,795 - INFO -   > 80000 lignes traitées...
2026-02-16 04:06:54,089 - INFO -   > 85000 lignes traitées...
2026-02-16 04:06:54,356 - INFO -   > 90000 lignes traitées...
2026-02-16 04:06:54,624 - INFO -   > 95000 lignes traitées...
2026-02-16 04:06:54,908 - INFO -   > 100000 lignes traitées...
2026-02-16 04:06:55,212 - INFO -   > 105000 lignes traitées...
2026-02-16 04:06:55,498 - INFO -   > 110000 lignes traitées...
2026-02-16 04:06:55,765 - INFO -   > 115000 lignes traitées...
2026-02-16 04:06:56,029 - INFO -   > 120000 lignes traitées...
2026-02-16 04:06:56,308 - INFO -   > 125000 lignes traitées...
2026-02-16 04:06:56,689 - INFO -   > 130000 lignes traitées...
2026-02-16 04:06:57,013 - INFO -   > 135000 lignes traitées...
2026-02-16 04:06:57,308 - INFO -   > 140000 lignes traitées...
2026-02-16 04:06:57,585 - INFO -   > 145000 lignes traitées...
2026-02-16 04:06:57,909 - INFO -   > 150000 lignes traitées...
2026-02-16 04:06:58,213 - INFO -   > 155000 lignes traitées...
2026-02-16 04:06:58,496 - INFO -   > 160000 lignes traitées...
2026-02-16 04:06:58,779 - INFO -   > 165000 lignes traitées...
2026-02-16 04:06:59,105 - INFO -   > 170000 lignes traitées...
2026-02-16 04:06:59,394 - INFO -   > 175000 lignes traitées...
2026-02-16 04:06:59,684 - INFO -   > 180000 lignes traitées...
2026-02-16 04:06:59,973 - INFO -   > 185000 lignes traitées...
2026-02-16 04:07:00,355 - INFO -   > 190000 lignes traitées...
2026-02-16 04:07:00,654 - INFO -   > 195000 lignes traitées...
2026-02-16 04:07:00,919 - INFO -   > 200000 lignes traitées...
2026-02-16 04:07:01,214 - INFO -   > 205000 lignes traitées...
2026-02-16 04:07:01,496 - INFO -   > 210000 lignes traitées...
2026-02-16 04:07:01,827 - INFO -   > 215000 lignes traitées...
2026-02-16 04:07:02,105 - INFO -   > 220000 lignes traitées...
2026-02-16 04:07:02,388 - INFO -   > 225000 lignes traitées...
2026-02-16 04:07:02,706 - INFO -   > 230000 lignes traitées...
2026-02-16 04:07:02,966 - INFO -   > 235000 lignes traitées...
2026-02-16 04:07:03,248 - INFO -   > 240000 lignes traitées...
2026-02-16 04:07:03,543 - INFO -   > 245000 lignes traitées...
2026-02-16 04:07:03,850 - INFO -   > 250000 lignes traitées...
2026-02-16 04:07:04,136 - INFO -   > 255000 lignes traitées...
2026-02-16 04:07:04,433 - INFO -   > 260000 lignes traitées...
2026-02-16 04:07:04,704 - INFO -   > 265000 lignes traitées...
2026-02-16 04:07:04,995 - INFO -   > 270000 lignes traitées...
2026-02-16 04:07:05,310 - INFO -   > 275000 lignes traitées...
2026-02-16 04:07:05,638 - INFO -   > 280000 lignes traitées...
2026-02-16 04:07:05,934 - INFO -   > 285000 lignes traitées...
2026-02-16 04:07:06,216 - INFO -   > 290000 lignes traitées...
2026-02-16 04:07:06,529 - INFO -   > 295000 lignes traitées...
2026-02-16 04:07:06,814 - INFO -   > 300000 lignes traitées...
2026-02-16 04:07:07,092 - INFO -   > 305000 lignes traitées...
2026-02-16 04:07:07,392 - INFO -   > 310000 lignes traitées...
2026-02-16 04:07:07,693 - INFO -   > 315000 lignes traitées...
2026-02-16 04:07:07,980 - INFO -   > 320000 lignes traitées...
2026-02-16 04:07:08,284 - INFO -   > 325000 lignes traitées...
2026-02-16 04:07:08,560 - INFO -   > 330000 lignes traitées...
2026-02-16 04:07:08,903 - INFO -   > 335000 lignes traitées...
2026-02-16 04:07:09,186 - INFO -   > 340000 lignes traitées...
2026-02-16 04:07:09,471 - INFO -   > 345000 lignes traitées...
2026-02-16 04:07:09,764 - INFO -   > 350000 lignes traitées...
2026-02-16 04:07:10,013 - INFO -   > 355000 lignes traitées...
2026-02-16 04:07:10,360 - INFO -   > 360000 lignes traitées...
2026-02-16 04:07:10,653 - INFO -   > 365000 lignes traitées...
2026-02-16 04:07:10,951 - INFO -   > 370000 lignes traitées...
2026-02-16 04:07:11,230 - INFO -   > 375000 lignes traitées...
2026-02-16 04:07:11,512 - INFO -   > 380000 lignes traitées...
2026-02-16 04:07:11,877 - INFO -   > 385000 lignes traitées...
2026-02-16 04:07:12,174 - INFO -   > 390000 lignes traitées...
2026-02-16 04:07:12,466 - INFO -   > 395000 lignes traitées...
2026-02-16 04:07:12,793 - INFO -   > 400000 lignes traitées...
2026-02-16 04:07:13,105 - INFO -   > 405000 lignes traitées...
2026-02-16 04:07:13,404 - INFO -   > 410000 lignes traitées...
2026-02-16 04:07:13,763 - INFO -   > 415000 lignes traitées...
2026-02-16 04:07:14,062 - INFO -   > 420000 lignes traitées...
2026-02-16 04:07:14,409 - INFO -   > 425000 lignes traitées...
2026-02-16 04:07:14,716 - INFO -   > 430000 lignes traitées...
2026-02-16 04:07:15,057 - INFO -   > 435000 lignes traitées...
2026-02-16 04:07:15,370 - INFO -   > 440000 lignes traitées...
2026-02-16 04:07:15,670 - INFO -   > 445000 lignes traitées...
2026-02-16 04:07:15,981 - INFO -   > 450000 lignes traitées...
2026-02-16 04:07:16,400 - INFO -   > 455000 lignes traitées...
2026-02-16 04:07:16,704 - INFO -   > 460000 lignes traitées...
2026-02-16 04:07:17,072 - INFO -   > 465000 lignes traitées...
2026-02-16 04:07:17,508 - INFO -   > 470000 lignes traitées...
2026-02-16 04:07:17,772 - INFO -   > 475000 lignes traitées...
2026-02-16 04:07:18,058 - INFO -   > 480000 lignes traitées...
2026-02-16 04:07:18,346 - INFO -   > 485000 lignes traitées...
2026-02-16 04:07:18,627 - INFO - ✅ 489642 lignes importées pour SN
2026-02-16 04:07:18,627 - INFO - 📌 TOTAL FINAL : 489642 lignes
2026-02-16 04:07:18,629 - INFO - 📊 DÉBUT IMPORT TAUX
2026-02-16 04:07:18,630 - CRITICAL - 🛑 ERREUR FATALE : name 'TauxEvolution_filiale' is not defined
2026-02-17 04:58:22,258 - INFO - 🗑️ Table DATEREV vidée
2026-02-17 04:58:22,258 - INFO - 🚀 DÉBUT IMPORT DATEREV
2026-02-17 04:58:22,258 - INFO - 📥 FILIALE SN
2026-02-17 04:58:22,555 - INFO -   > 5000 lignes traitées...
2026-02-17 04:58:22,821 - INFO -   > 10000 lignes traitées...
2026-02-17 04:58:23,074 - INFO -   > 15000 lignes traitées...
2026-02-17 04:58:23,337 - INFO -   > 20000 lignes traitées...
2026-02-17 04:58:23,601 - INFO -   > 25000 lignes traitées...
2026-02-17 04:58:23,852 - INFO -   > 30000 lignes traitées...
2026-02-17 04:58:24,123 - INFO -   > 35000 lignes traitées...
2026-02-17 04:58:24,383 - INFO -   > 40000 lignes traitées...
2026-02-17 04:58:24,652 - INFO -   > 45000 lignes traitées...
2026-02-17 04:58:24,931 - INFO -   > 50000 lignes traitées...
2026-02-17 04:58:25,199 - INFO -   > 55000 lignes traitées...
2026-02-17 04:58:25,461 - INFO -   > 60000 lignes traitées...
2026-02-17 04:58:25,726 - INFO -   > 65000 lignes traitées...
2026-02-17 04:58:25,993 - INFO -   > 70000 lignes traitées...
2026-02-17 04:58:26,257 - INFO -   > 75000 lignes traitées...
2026-02-17 04:58:26,524 - INFO -   > 80000 lignes traitées...
2026-02-17 04:58:26,793 - INFO -   > 85000 lignes traitées...
2026-02-17 04:58:27,055 - INFO -   > 90000 lignes traitées...
2026-02-17 04:58:27,320 - INFO -   > 95000 lignes traitées...
2026-02-17 04:58:27,587 - INFO -   > 100000 lignes traitées...
2026-02-17 04:58:27,854 - INFO -   > 105000 lignes traitées...
2026-02-17 04:58:28,118 - INFO -   > 110000 lignes traitées...
2026-02-17 04:58:28,353 - INFO -   > 115000 lignes traitées...
2026-02-17 04:58:28,628 - INFO -   > 120000 lignes traitées...
2026-02-17 04:58:28,919 - INFO -   > 125000 lignes traitées...
2026-02-17 04:58:29,165 - INFO -   > 130000 lignes traitées...
2026-02-17 04:58:29,461 - INFO -   > 135000 lignes traitées...
2026-02-17 04:58:29,726 - INFO -   > 140000 lignes traitées...
2026-02-17 04:58:29,995 - INFO -   > 145000 lignes traitées...
2026-02-17 04:58:30,258 - INFO -   > 150000 lignes traitées...
2026-02-17 04:58:30,523 - INFO -   > 155000 lignes traitées...
2026-02-17 04:58:30,795 - INFO -   > 160000 lignes traitées...
2026-02-17 04:58:31,055 - INFO -   > 165000 lignes traitées...
2026-02-17 04:58:31,320 - INFO -   > 170000 lignes traitées...
2026-02-17 04:58:31,588 - INFO -   > 175000 lignes traitées...
2026-02-17 04:58:31,851 - INFO -   > 180000 lignes traitées...
2026-02-17 04:58:32,117 - INFO -   > 185000 lignes traitées...
2026-02-17 04:58:32,383 - INFO -   > 190000 lignes traitées...
2026-02-17 04:58:32,648 - INFO -   > 195000 lignes traitées...
2026-02-17 04:58:32,914 - INFO -   > 200000 lignes traitées...
2026-02-17 04:58:33,195 - INFO -   > 205000 lignes traitées...
2026-02-17 04:58:33,461 - INFO -   > 210000 lignes traitées...
2026-02-17 04:58:33,727 - INFO -   > 215000 lignes traitées...
2026-02-17 04:58:33,977 - INFO -   > 220000 lignes traitées...
2026-02-17 04:58:34,258 - INFO -   > 225000 lignes traitées...
2026-02-17 04:58:34,508 - INFO -   > 230000 lignes traitées...
2026-02-17 04:58:34,760 - INFO -   > 235000 lignes traitées...
2026-02-17 04:58:35,024 - INFO -   > 240000 lignes traitées...
2026-02-17 04:58:35,292 - INFO -   > 245000 lignes traitées...
2026-02-17 04:58:35,556 - INFO -   > 250000 lignes traitées...
2026-02-17 04:58:35,824 - INFO -   > 255000 lignes traitées...
2026-02-17 04:58:36,103 - INFO -   > 260000 lignes traitées...
2026-02-17 04:58:36,361 - INFO -   > 265000 lignes traitées...
2026-02-17 04:58:36,633 - INFO -   > 270000 lignes traitées...
2026-02-17 04:58:36,917 - INFO -   > 275000 lignes traitées...
2026-02-17 04:58:37,242 - INFO -   > 280000 lignes traitées...
2026-02-17 04:58:37,510 - INFO -   > 285000 lignes traitées...
2026-02-17 04:58:37,773 - INFO -   > 290000 lignes traitées...
2026-02-17 04:58:38,042 - INFO -   > 295000 lignes traitées...
2026-02-17 04:58:38,305 - INFO -   > 300000 lignes traitées...
2026-02-17 04:58:38,605 - INFO -   > 305000 lignes traitées...
2026-02-17 04:58:38,914 - INFO -   > 310000 lignes traitées...
2026-02-17 04:58:39,183 - INFO -   > 315000 lignes traitées...
2026-02-17 04:58:39,449 - INFO -   > 320000 lignes traitées...
2026-02-17 04:58:39,760 - INFO -   > 325000 lignes traitées...
2026-02-17 04:58:40,023 - INFO -   > 330000 lignes traitées...
2026-02-17 04:58:40,290 - INFO -   > 335000 lignes traitées...
2026-02-17 04:58:40,544 - INFO -   > 340000 lignes traitées...
2026-02-17 04:58:40,852 - INFO -   > 345000 lignes traitées...
2026-02-17 04:58:41,120 - INFO -   > 350000 lignes traitées...
2026-02-17 04:58:41,368 - INFO -   > 355000 lignes traitées...
2026-02-17 04:58:41,633 - INFO -   > 360000 lignes traitées...
2026-02-17 04:58:41,899 - INFO -   > 365000 lignes traitées...
2026-02-17 04:58:42,164 - INFO -   > 370000 lignes traitées...
2026-02-17 04:58:42,414 - INFO -   > 375000 lignes traitées...
2026-02-17 04:58:42,680 - INFO -   > 380000 lignes traitées...
2026-02-17 04:58:42,945 - INFO -   > 385000 lignes traitées...
2026-02-17 04:58:43,227 - INFO -   > 390000 lignes traitées...
2026-02-17 04:58:43,493 - INFO -   > 395000 lignes traitées...
2026-02-17 04:58:43,758 - INFO -   > 400000 lignes traitées...
2026-02-17 04:58:44,024 - INFO -   > 405000 lignes traitées...
2026-02-17 04:58:44,293 - INFO -   > 410000 lignes traitées...
2026-02-17 04:58:44,555 - INFO -   > 415000 lignes traitées...
2026-02-17 04:58:44,826 - INFO -   > 420000 lignes traitées...
2026-02-17 04:58:45,134 - INFO -   > 425000 lignes traitées...
2026-02-17 04:58:45,403 - INFO -   > 430000 lignes traitées...
2026-02-17 04:58:45,666 - INFO -   > 435000 lignes traitées...
2026-02-17 04:58:45,933 - INFO -   > 440000 lignes traitées...
2026-02-17 04:58:46,197 - INFO -   > 445000 lignes traitées...
2026-02-17 04:58:46,465 - INFO -   > 450000 lignes traitées...
2026-02-17 04:58:46,758 - INFO -   > 455000 lignes traitées...
2026-02-17 04:58:47,023 - INFO -   > 460000 lignes traitées...
2026-02-17 04:58:47,291 - INFO -   > 465000 lignes traitées...
2026-02-17 04:58:47,561 - INFO -   > 470000 lignes traitées...
2026-02-17 04:58:47,807 - INFO -   > 475000 lignes traitées...
2026-02-17 04:58:48,082 - INFO -   > 480000 lignes traitées...
2026-02-17 04:58:48,336 - INFO -   > 485000 lignes traitées...
2026-02-17 04:58:48,602 - INFO - ✅ 489642 lignes importées pour SN
2026-02-17 04:58:48,602 - INFO - 📌 TOTAL FINAL : 489642 lignes
2026-02-17 10:41:20,194 - INFO - --- DEBUT IMPORT DATEREV ---
2026-02-17 10:41:20,746 - INFO - NETTOYAGE : 489642 lignes supprimees pour BOA SN
2026-02-17 10:41:20,747 - INFO - IMPORT : BOA SN
2026-02-17 10:41:51,369 - INFO - TERMINE : 489642 lignes pour SN
2026-02-17 10:41:51,385 - INFO - TOTAL DATEREV : 489642 lignes
2026-02-17 10:41:51,385 - INFO - --- DEBUT IMPORT TAUX ---
2026-02-17 10:41:51,396 - INFO - TERMINE : 3 lignes de taux pour SN
2026-02-17 10:41:51,396 - INFO - --- FIN IMPORT TAUX ---
2026-02-17 10:41:51,407 - INFO - IMPORTATION GLOBALE REUSSIE
2026-02-17 11:20:50,182 - INFO - --- DEBUT IMPORT DATEREV ---
2026-02-17 11:20:50,252 - INFO - NETTOYAGE : 0 lignes supprimees pour BOA BJ
2026-02-17 11:20:50,253 - INFO - IMPORT : BOA BJ
2026-02-17 11:20:54,435 - INFO - PROGRESSION : 50000 lignes inserees...
2026-02-17 11:20:58,527 - INFO - PROGRESSION : 100000 lignes inserees...
2026-02-17 11:21:02,617 - INFO - PROGRESSION : 150000 lignes inserees...
2026-02-17 11:21:06,852 - INFO - PROGRESSION : 200000 lignes inserees...
2026-02-17 11:21:11,238 - INFO - PROGRESSION : 250000 lignes inserees...
2026-02-17 11:21:15,542 - INFO - PROGRESSION : 300000 lignes inserees...
2026-02-17 11:21:19,834 - INFO - PROGRESSION : 350000 lignes inserees...
2026-02-17 11:21:23,894 - INFO - PROGRESSION : 400000 lignes inserees...
2026-02-17 11:21:28,055 - INFO - PROGRESSION : 450000 lignes inserees...
2026-02-17 11:21:32,322 - INFO - PROGRESSION : 500000 lignes inserees...
2026-02-17 11:21:36,392 - INFO - PROGRESSION : 550000 lignes inserees...
2026-02-17 11:21:40,574 - INFO - PROGRESSION : 600000 lignes inserees...
2026-02-17 11:21:45,029 - INFO - PROGRESSION : 650000 lignes inserees...
2026-02-17 11:21:46,805 - INFO - TERMINE : 671333 lignes au total pour BJ
2026-02-17 11:21:46,805 - INFO - TOTAL GENERAL DATEREV : 671333 lignes
2026-02-17 11:21:46,809 - INFO - --- DEBUT IMPORT TAUX ---
2026-02-17 11:21:46,809 - INFO - TERMINE : 3 lignes de taux pour BJ
2026-02-17 11:21:46,809 - INFO - --- FIN IMPORT TAUX ---
2026-02-17 11:21:46,833 - INFO - IMPORTATION GLOBALE REUSSIE
2026-02-18 10:19:05,211 - INFO - --- DEBUT IMPORT DATEREV ---
2026-02-18 10:19:05,711 - INFO - NETTOYAGE : 489642 lignes supprimees pour BOA SN
2026-02-18 10:19:05,711 - INFO - LECTURE : BOA SN
2026-02-18 10:19:05,726 - INFO - Ligne 1 | Brut: '' | Nettoye: 'None'
2026-02-18 10:19:05,726 - INFO - Ligne 2 | Brut: '' | Nettoye: 'None'
2026-02-18 10:19:05,726 - INFO - Ligne 3 | Brut: '' | Nettoye: 'None'
2026-02-18 10:19:24,165 - INFO - --- DEBUT IMPORT DATEREV ---
2026-02-18 10:19:24,299 - INFO - NETTOYAGE : 40000 lignes supprimees pour BOA SN
2026-02-18 10:19:24,299 - INFO - LECTURE : BOA SN
2026-02-18 10:19:24,301 - INFO - Ligne 1 | Brut: '' | Nettoye: 'None'
2026-02-18 10:19:24,301 - INFO - Ligne 2 | Brut: '' | Nettoye: 'None'
2026-02-18 10:19:24,302 - INFO - Ligne 3 | Brut: '' | Nettoye: 'None'
2026-02-18 10:19:28,184 - INFO - PROGRESSION SN : 50000 lignes inserees...
2026-02-18 10:19:32,386 - INFO - PROGRESSION SN : 100000 lignes inserees...
2026-02-18 10:19:36,579 - INFO - PROGRESSION SN : 150000 lignes inserees...
2026-02-18 10:19:40,680 - INFO - PROGRESSION SN : 200000 lignes inserees...
2026-02-18 10:19:44,870 - INFO - PROGRESSION SN : 250000 lignes inserees...
2026-02-18 10:19:48,912 - INFO - PROGRESSION SN : 300000 lignes inserees...
2026-02-18 10:19:52,722 - INFO - PROGRESSION SN : 350000 lignes inserees...
2026-02-18 10:19:56,575 - INFO - PROGRESSION SN : 400000 lignes inserees...
2026-02-18 10:20:00,618 - INFO - PROGRESSION SN : 450000 lignes inserees...
2026-02-18 10:20:03,684 - INFO - ✅ TERMINE : 489642 lignes importees pour SN
2026-02-18 10:20:04,721 - INFO - NETTOYAGE : 671333 lignes supprimees pour BOA BJ
2026-02-18 10:20:04,722 - INFO - LECTURE : BOA BJ
2026-02-18 10:20:04,726 - INFO - Ligne 1 | Brut: 'None' | Nettoye: 'None'
2026-02-18 10:20:04,726 - INFO - Ligne 2 | Brut: 'None' | Nettoye: 'None'
2026-02-18 10:20:04,727 - INFO - Ligne 3 | Brut: 'None' | Nettoye: 'None'
2026-02-18 10:20:07,666 - INFO - PROGRESSION BJ : 50000 lignes inserees...
2026-02-18 10:20:10,650 - INFO - PROGRESSION BJ : 100000 lignes inserees...
2026-02-18 10:20:13,618 - INFO - PROGRESSION BJ : 150000 lignes inserees...
2026-02-18 10:20:16,764 - INFO - PROGRESSION BJ : 200000 lignes inserees...
2026-02-18 10:20:19,712 - INFO - PROGRESSION BJ : 250000 lignes inserees...
2026-02-18 10:20:22,732 - INFO - PROGRESSION BJ : 300000 lignes inserees...
2026-02-18 10:20:25,634 - INFO - PROGRESSION BJ : 350000 lignes inserees...
2026-02-18 10:20:28,642 - INFO - PROGRESSION BJ : 400000 lignes inserees...
2026-02-18 10:20:31,662 - INFO - PROGRESSION BJ : 450000 lignes inserees...
2026-02-18 10:20:34,625 - INFO - PROGRESSION BJ : 500000 lignes inserees...
2026-02-18 10:20:37,684 - INFO - PROGRESSION BJ : 550000 lignes inserees...
2026-02-18 10:20:40,775 - INFO - PROGRESSION BJ : 600000 lignes inserees...
2026-02-18 10:20:43,855 - INFO - PROGRESSION BJ : 650000 lignes inserees...
2026-02-18 10:20:45,152 - INFO - ✅ TERMINE : 671333 lignes importees pour BJ
2026-02-18 10:20:45,152 - INFO - 📌 TOTAL FINAL DATEREV : 1160975 lignes en base.
2026-02-18 10:20:45,152 - INFO - --- DEBUT IMPORT TAUX ---
2026-02-18 10:20:45,160 - ERROR - ❌ ECHEC TOTAL sur la valeur : '2025-10-31' (Nettoyée en : '20251031')
2026-02-18 10:20:45,160 - ERROR - ❌ ECHEC TOTAL sur la valeur : '2025-11-30' (Nettoyée en : '20251130')
2026-02-18 10:20:45,161 - ERROR - ❌ ECHEC TOTAL sur la valeur : '2025-12-31' (Nettoyée en : '20251231')
2026-02-18 10:20:45,161 - INFO - TERMINE : 0 lignes de taux pour SN
2026-02-18 10:20:45,163 - ERROR - ❌ ECHEC TOTAL sur la valeur : '2025-10-31' (Nettoyée en : '20251031')
2026-02-18 10:20:45,164 - ERROR - ❌ ECHEC TOTAL sur la valeur : '2025-11-30' (Nettoyée en : '20251130')
2026-02-18 10:20:45,164 - ERROR - ❌ ECHEC TOTAL sur la valeur : '2025-12-31' (Nettoyée en : '20251231')
2026-02-18 10:20:45,164 - INFO - TERMINE : 0 lignes de taux pour BJ
2026-02-18 10:20:45,165 - INFO - --- FIN IMPORT TAUX ---
2026-02-18 10:20:45,170 - INFO - IMPORTATION GLOBALE REUSSIE
2026-02-18 10:40:25,858 - CRITICAL - STOP - ERREUR FATALE : name 'importer_daterev_ultra_rapide' is not defined
2026-02-18 10:42:36,796 - INFO - --- DEBUT IMPORT DATEREV ---
2026-02-18 10:42:37,415 - INFO - NETTOYAGE : 489642 lignes supprimees pour BOA SN
2026-02-18 10:42:37,416 - INFO - LECTURE : BOA SN
2026-02-18 10:42:37,419 - INFO - Ligne 1 | Brut: '' | Nettoye: 'None'
2026-02-18 10:42:37,420 - INFO - Ligne 2 | Brut: '' | Nettoye: 'None'
2026-02-18 10:42:37,420 - INFO - Ligne 3 | Brut: '' | Nettoye: 'None'
2026-02-18 10:42:41,501 - INFO - PROGRESSION SN : 50000 lignes inserees...
2026-02-18 10:42:46,107 - INFO - PROGRESSION SN : 100000 lignes inserees...
2026-02-18 10:42:50,254 - INFO - PROGRESSION SN : 150000 lignes inserees...
2026-02-18 10:42:54,294 - INFO - PROGRESSION SN : 200000 lignes inserees...
2026-02-18 10:42:58,294 - INFO - PROGRESSION SN : 250000 lignes inserees...
2026-02-18 10:43:02,385 - INFO - PROGRESSION SN : 300000 lignes inserees...
2026-02-18 10:43:06,341 - INFO - PROGRESSION SN : 350000 lignes inserees...
2026-02-18 10:43:10,177 - INFO - PROGRESSION SN : 400000 lignes inserees...
2026-02-18 10:43:14,283 - INFO - PROGRESSION SN : 450000 lignes inserees...
2026-02-18 10:43:17,235 - INFO - ✅ TERMINE : 489642 lignes importees pour SN
2026-02-18 10:43:18,202 - INFO - NETTOYAGE : 671333 lignes supprimees pour BOA BJ
2026-02-18 10:43:18,203 - INFO - LECTURE : BOA BJ
2026-02-18 10:43:18,206 - INFO - Ligne 1 | Brut: 'None' | Nettoye: 'None'
2026-02-18 10:43:18,206 - INFO - Ligne 2 | Brut: 'None' | Nettoye: 'None'
2026-02-18 10:43:18,206 - INFO - Ligne 3 | Brut: 'None' | Nettoye: 'None'
2026-02-18 10:43:21,075 - INFO - PROGRESSION BJ : 50000 lignes inserees...
2026-02-18 10:43:24,020 - INFO - PROGRESSION BJ : 100000 lignes inserees...
2026-02-18 10:43:27,064 - INFO - PROGRESSION BJ : 150000 lignes inserees...
2026-02-18 10:43:30,082 - INFO - PROGRESSION BJ : 200000 lignes inserees...
2026-02-18 10:43:32,982 - INFO - PROGRESSION BJ : 250000 lignes inserees...
2026-02-18 10:43:35,826 - INFO - PROGRESSION BJ : 300000 lignes inserees...
2026-02-18 10:43:38,685 - INFO - PROGRESSION BJ : 350000 lignes inserees...
2026-02-18 10:43:41,532 - INFO - PROGRESSION BJ : 400000 lignes inserees...
2026-02-18 10:43:44,514 - INFO - PROGRESSION BJ : 450000 lignes inserees...
2026-02-18 10:43:47,504 - INFO - PROGRESSION BJ : 500000 lignes inserees...
2026-02-18 10:43:50,512 - INFO - PROGRESSION BJ : 550000 lignes inserees...
2026-02-18 10:43:53,421 - INFO - PROGRESSION BJ : 600000 lignes inserees...
2026-02-18 10:43:56,395 - INFO - PROGRESSION BJ : 650000 lignes inserees...
2026-02-18 10:43:57,684 - INFO - ✅ TERMINE : 671333 lignes importees pour BJ
2026-02-18 10:43:57,827 - INFO - NETTOYAGE : 0 lignes supprimees pour BOA NE
2026-02-18 10:43:57,828 - INFO - LECTURE : BOA NE
2026-02-18 10:43:57,831 - INFO - Ligne 1 | Brut: 'None' | Nettoye: 'None'
2026-02-18 10:43:57,832 - INFO - Ligne 2 | Brut: 'None' | Nettoye: 'None'
2026-02-18 10:43:57,832 - INFO - Ligne 3 | Brut: 'None' | Nettoye: 'None'
2026-02-18 10:44:00,790 - INFO - PROGRESSION NE : 50000 lignes inserees...
2026-02-18 10:44:03,773 - INFO - PROGRESSION NE : 100000 lignes inserees...
2026-02-18 10:44:06,740 - INFO - PROGRESSION NE : 150000 lignes inserees...
2026-02-18 10:44:22,081 - INFO - --- DEBUT IMPORT DATEREV ---
2026-02-18 10:44:22,723 - INFO - NETTOYAGE : 489642 lignes supprimees pour BOA SN
2026-02-18 10:44:22,723 - INFO - LECTURE : BOA SN
2026-02-18 10:44:22,723 - INFO - Ligne 1 | Brut: '' | Nettoye: 'None'
2026-02-18 10:44:22,726 - INFO - Ligne 2 | Brut: '' | Nettoye: 'None'
2026-02-18 10:44:22,726 - INFO - Ligne 3 | Brut: '' | Nettoye: 'None'
2026-02-18 10:44:26,364 - INFO - PROGRESSION SN : 50000 lignes inserees...
2026-02-18 10:44:30,424 - INFO - PROGRESSION SN : 100000 lignes inserees...
2026-02-18 10:44:34,534 - INFO - PROGRESSION SN : 150000 lignes inserees...
2026-02-18 10:44:38,471 - INFO - PROGRESSION SN : 200000 lignes inserees...
2026-02-18 10:44:42,485 - INFO - PROGRESSION SN : 250000 lignes inserees...
2026-02-18 10:44:46,464 - INFO - PROGRESSION SN : 300000 lignes inserees...
2026-02-18 10:44:50,226 - INFO - PROGRESSION SN : 350000 lignes inserees...
2026-02-18 10:44:53,944 - INFO - PROGRESSION SN : 400000 lignes inserees...
2026-02-18 10:44:57,811 - INFO - PROGRESSION SN : 450000 lignes inserees...
2026-02-18 10:45:00,730 - INFO - ✅ TERMINE : 489642 lignes importees pour SN
2026-02-18 10:45:01,796 - INFO - NETTOYAGE : 671333 lignes supprimees pour BOA BJ
2026-02-18 10:45:01,796 - INFO - LECTURE : BOA BJ
2026-02-18 10:45:01,796 - INFO - Ligne 1 | Brut: 'None' | Nettoye: 'None'
2026-02-18 10:45:01,796 - INFO - Ligne 2 | Brut: 'None' | Nettoye: 'None'
2026-02-18 10:45:01,796 - INFO - Ligne 3 | Brut: 'None' | Nettoye: 'None'
2026-02-18 10:45:04,655 - INFO - PROGRESSION BJ : 50000 lignes inserees...
2026-02-18 10:45:07,421 - INFO - PROGRESSION BJ : 100000 lignes inserees...
2026-02-18 10:45:10,249 - INFO - PROGRESSION BJ : 150000 lignes inserees...
2026-02-18 10:45:13,127 - INFO - PROGRESSION BJ : 200000 lignes inserees...
2026-02-18 10:45:15,948 - INFO - PROGRESSION BJ : 250000 lignes inserees...
2026-02-18 10:45:18,828 - INFO - PROGRESSION BJ : 300000 lignes inserees...
2026-02-18 10:45:21,718 - INFO - PROGRESSION BJ : 350000 lignes inserees...
2026-02-18 10:45:24,547 - INFO - PROGRESSION BJ : 400000 lignes inserees...
2026-02-18 10:45:27,426 - INFO - PROGRESSION BJ : 450000 lignes inserees...
2026-02-18 10:45:30,300 - INFO - PROGRESSION BJ : 500000 lignes inserees...
2026-02-18 10:45:33,234 - INFO - PROGRESSION BJ : 550000 lignes inserees...
2026-02-18 10:45:36,093 - INFO - PROGRESSION BJ : 600000 lignes inserees...
2026-02-18 10:45:38,972 - INFO - PROGRESSION BJ : 650000 lignes inserees...
2026-02-18 10:45:40,265 - INFO - ✅ TERMINE : 671333 lignes importees pour BJ
2026-02-18 10:45:40,265 - INFO - 📌 TOTAL FINAL DATEREV : 1160975 lignes en base.
2026-02-18 10:45:40,265 - INFO - --- DEBUT IMPORT TAUX ---
2026-02-18 10:45:40,265 - INFO - Colonnes détectées dans SN: ['FLUX PM', 'FLUX PP', 'STOCK PM', 'STOCK PP', 'DATE']
2026-02-18 10:45:40,265 - ERROR - ❌ ECHEC TOTAL sur la valeur : '2025-10-31' (Nettoyée en : '20251031')
2026-02-18 10:45:40,265 - ERROR - ❌ ECHEC TOTAL sur la valeur : '2025-11-30' (Nettoyée en : '20251130')
2026-02-18 10:45:40,265 - ERROR - ❌ ECHEC TOTAL sur la valeur : '2025-12-31' (Nettoyée en : '20251231')
2026-02-18 10:45:40,265 - INFO - ✅ TERMINE : 0 lignes de taux importées pour SN
2026-02-18 10:45:40,281 - INFO - Colonnes détectées dans BJ: ['FLUX PM', 'FLUX PP', 'STOCK PM', 'STOCK PP', 'DATE']
2026-02-18 10:45:40,281 - ERROR - ❌ ECHEC TOTAL sur la valeur : '2025-10-31' (Nettoyée en : '20251031')
2026-02-18 10:45:40,282 - ERROR - ❌ ECHEC TOTAL sur la valeur : '2025-11-30' (Nettoyée en : '20251130')
2026-02-18 10:45:40,282 - ERROR - ❌ ECHEC TOTAL sur la valeur : '2025-12-31' (Nettoyée en : '20251231')
2026-02-18 10:45:40,283 - INFO - ✅ TERMINE : 0 lignes de taux importées pour BJ
2026-02-18 10:45:40,283 - INFO - --- FIN IMPORT TAUX ---
2026-02-18 10:45:40,283 - INFO - IMPORTATION GLOBALE REUSSIE
2026-02-18 10:47:00,298 - INFO - --- DEBUT IMPORT DATEREV ---
2026-02-18 10:47:00,706 - INFO - NETTOYAGE : 489642 lignes supprimees pour BOA SN
2026-02-18 10:47:00,706 - INFO - LECTURE : BOA SN
2026-02-18 10:47:00,706 - INFO - Ligne 1 | Brut: '' | Nettoye: 'None'
2026-02-18 10:47:00,706 - INFO - Ligne 2 | Brut: '' | Nettoye: 'None'
2026-02-18 10:47:00,706 - INFO - Ligne 3 | Brut: '' | Nettoye: 'None'
2026-02-18 10:47:04,614 - INFO - PROGRESSION SN : 50000 lignes inserees...
2026-02-18 10:47:08,735 - INFO - PROGRESSION SN : 100000 lignes inserees...
2026-02-18 10:47:12,726 - INFO - PROGRESSION SN : 150000 lignes inserees...
2026-02-18 10:47:16,910 - INFO - PROGRESSION SN : 200000 lignes inserees...
2026-02-18 10:47:21,047 - INFO - PROGRESSION SN : 250000 lignes inserees...
2026-02-18 10:47:25,198 - INFO - PROGRESSION SN : 300000 lignes inserees...
2026-02-18 10:47:29,110 - INFO - PROGRESSION SN : 350000 lignes inserees...
2026-02-18 10:47:32,975 - INFO - PROGRESSION SN : 400000 lignes inserees...
2026-02-18 10:47:37,001 - INFO - PROGRESSION SN : 450000 lignes inserees...
2026-02-18 10:47:40,173 - INFO - ✅ TERMINE : 489642 lignes importees pour SN
2026-02-18 10:47:41,068 - INFO - NETTOYAGE : 671333 lignes supprimees pour BOA BJ
2026-02-18 10:47:41,069 - INFO - LECTURE : BOA BJ
2026-02-18 10:47:41,071 - INFO - Ligne 1 | Brut: 'None' | Nettoye: 'None'
2026-02-18 10:47:41,072 - INFO - Ligne 2 | Brut: 'None' | Nettoye: 'None'
2026-02-18 10:47:41,072 - INFO - Ligne 3 | Brut: 'None' | Nettoye: 'None'
2026-02-18 10:47:44,111 - INFO - PROGRESSION BJ : 50000 lignes inserees...
2026-02-18 10:47:46,981 - INFO - PROGRESSION BJ : 100000 lignes inserees...
2026-02-18 10:47:49,965 - INFO - PROGRESSION BJ : 150000 lignes inserees...
2026-02-18 10:47:52,923 - INFO - PROGRESSION BJ : 200000 lignes inserees...
2026-02-18 10:47:55,752 - INFO - PROGRESSION BJ : 250000 lignes inserees...
2026-02-18 10:47:58,783 - INFO - PROGRESSION BJ : 300000 lignes inserees...
2026-02-18 10:48:01,861 - INFO - PROGRESSION BJ : 350000 lignes inserees...
2026-02-18 10:48:04,877 - INFO - PROGRESSION BJ : 400000 lignes inserees...
2026-02-18 10:48:07,812 - INFO - PROGRESSION BJ : 450000 lignes inserees...
2026-02-18 10:48:10,737 - INFO - PROGRESSION BJ : 500000 lignes inserees...
2026-02-18 10:48:13,748 - INFO - PROGRESSION BJ : 550000 lignes inserees...
2026-02-18 10:48:16,643 - INFO - PROGRESSION BJ : 600000 lignes inserees...
2026-02-18 10:48:19,738 - INFO - PROGRESSION BJ : 650000 lignes inserees...
2026-02-18 10:48:21,086 - INFO - ✅ TERMINE : 671333 lignes importees pour BJ
2026-02-18 10:48:21,086 - INFO - 📌 TOTAL FINAL DATEREV : 1160975 lignes en base.
2026-02-18 10:48:21,086 - INFO - --- DEBUT IMPORT TAUX ---
2026-02-18 10:48:21,086 - INFO - Colonnes détectées dans SN: ['FLUX PM', 'FLUX PP', 'STOCK PM', 'STOCK PP', 'DATE']
2026-02-18 10:48:21,096 - INFO - ✅ TERMINE : 3 lignes de taux importées pour SN
2026-02-18 10:48:21,097 - INFO - Colonnes détectées dans BJ: ['FLUX PM', 'FLUX PP', 'STOCK PM', 'STOCK PP', 'DATE']
2026-02-18 10:48:21,098 - INFO - ✅ TERMINE : 3 lignes de taux importées pour BJ
2026-02-18 10:48:21,098 - INFO - --- FIN IMPORT TAUX ---
2026-02-18 10:48:21,109 - INFO - IMPORTATION GLOBALE REUSSIE
2026-03-03 05:18:02,770 - INFO - --- DEBUT IMPORT DATEREV ---
2026-03-03 05:18:03,302 - INFO - NETTOYAGE : 489643 lignes supprimees pour BOA SN
2026-03-03 05:18:03,302 - INFO - LECTURE : BOA SN
2026-03-03 05:18:03,302 - INFO - Ligne 1 | Brut: '' | Nettoye: 'None'
2026-03-03 05:18:03,302 - INFO - Ligne 2 | Brut: '' | Nettoye: 'None'
2026-03-03 05:18:03,302 - INFO - Ligne 3 | Brut: '' | Nettoye: 'None'
2026-03-03 05:18:07,264 - INFO - PROGRESSION SN : 50000 lignes inserees...
2026-03-03 05:18:11,515 - INFO - PROGRESSION SN : 100000 lignes inserees...
2026-03-03 05:18:15,696 - INFO - PROGRESSION SN : 150000 lignes inserees...
2026-03-03 05:18:20,103 - INFO - PROGRESSION SN : 200000 lignes inserees...
2026-03-03 05:18:24,429 - INFO - PROGRESSION SN : 250000 lignes inserees...
2026-03-03 05:18:28,708 - INFO - PROGRESSION SN : 300000 lignes inserees...
2026-03-03 05:18:32,775 - INFO - PROGRESSION SN : 350000 lignes inserees...
2026-03-03 05:18:36,774 - INFO - PROGRESSION SN : 400000 lignes inserees...
2026-03-03 05:18:40,881 - INFO - PROGRESSION SN : 450000 lignes inserees...
2026-03-03 05:18:44,005 - INFO - ✅ TERMINE : 489642 lignes importees pour SN
2026-03-03 05:18:44,834 - INFO - NETTOYAGE : 671333 lignes supprimees pour BOA BJ
2026-03-03 05:18:44,835 - INFO - LECTURE : BOA BJ
2026-03-03 05:18:44,839 - INFO - Ligne 1 | Brut: 'None' | Nettoye: 'None'
2026-03-03 05:18:44,840 - INFO - Ligne 2 | Brut: 'None' | Nettoye: 'None'
2026-03-03 05:18:44,841 - INFO - Ligne 3 | Brut: 'None' | Nettoye: 'None'
2026-03-03 05:18:47,834 - INFO - PROGRESSION BJ : 50000 lignes inserees...
2026-03-03 05:18:50,816 - INFO - PROGRESSION BJ : 100000 lignes inserees...
2026-03-03 05:18:53,796 - INFO - PROGRESSION BJ : 150000 lignes inserees...
2026-03-03 05:18:56,801 - INFO - PROGRESSION BJ : 200000 lignes inserees...
2026-03-03 05:18:59,771 - INFO - PROGRESSION BJ : 250000 lignes inserees...
2026-03-03 05:19:02,717 - INFO - PROGRESSION BJ : 300000 lignes inserees...
2026-03-03 05:19:05,775 - INFO - PROGRESSION BJ : 350000 lignes inserees...
2026-03-03 05:19:08,976 - INFO - PROGRESSION BJ : 400000 lignes inserees...
2026-03-03 05:19:12,043 - INFO - PROGRESSION BJ : 450000 lignes inserees...
2026-03-03 05:19:15,022 - INFO - PROGRESSION BJ : 500000 lignes inserees...
2026-03-03 05:19:18,136 - INFO - PROGRESSION BJ : 550000 lignes inserees...
2026-03-03 05:19:21,290 - INFO - PROGRESSION BJ : 600000 lignes inserees...
2026-03-03 05:19:24,385 - INFO - PROGRESSION BJ : 650000 lignes inserees...
2026-03-03 05:19:25,751 - INFO - ✅ TERMINE : 671333 lignes importees pour BJ
2026-03-03 05:19:25,751 - INFO - 📌 TOTAL FINAL DATEREV : 1160975 lignes en base.
2026-03-03 05:19:25,752 - INFO - --- DEBUT IMPORT TAUX ---
2026-03-03 05:19:25,756 - INFO - Colonnes détectées dans SN: ['FLUX PM', 'FLUX PP', 'STOCK PM', 'STOCK PP', 'DATE']
2026-03-03 05:19:25,758 - INFO - ✅ TERMINE : 3 lignes de taux importées pour SN
2026-03-03 05:19:25,760 - INFO - Colonnes détectées dans BJ: ['FLUX PM', 'FLUX PP', 'STOCK PM', 'STOCK PP', 'DATE']
2026-03-03 05:19:25,762 - INFO - ✅ TERMINE : 3 lignes de taux importées pour BJ
2026-03-03 05:19:25,762 - INFO - --- FIN IMPORT TAUX ---
2026-03-03 05:19:25,768 - INFO - IMPORTATION GLOBALE REUSSIE
2026-03-05 12:50:56,526 - INFO - --- DEBUT IMPORT DATEREV ---
2026-03-05 12:50:57,823 - INFO - NETTOYAGE : 365498 lignes supprimees pour BOA CI
2026-03-05 12:50:57,823 - INFO - LECTURE : BOA CI
2026-03-05 12:50:57,852 - INFO - Ligne 1 | Brut: '14/12/25' | Nettoye: '2025-12-14'
2026-03-05 12:50:57,853 - INFO - Ligne 2 | Brut: '14/12/25' | Nettoye: '2025-12-14'
2026-03-05 12:50:57,854 - INFO - Ligne 3 | Brut: '14/12/25' | Nettoye: '2025-12-14'
2026-03-05 12:50:58,279 - ERROR - Erreur ligne 10000: DATEREV() got unexpected keyword arguments: 'AGENCELIB'
2026-03-05 12:50:58,715 - ERROR - Erreur ligne 20000: DATEREV() got unexpected keyword arguments: 'AGENCELIB'
2026-03-05 12:50:59,122 - ERROR - Erreur ligne 30000: DATEREV() got unexpected keyword arguments: 'AGENCELIB'
2026-03-05 12:50:59,541 - ERROR - Erreur ligne 40000: DATEREV() got unexpected keyword arguments: 'AGENCELIB'
2026-03-05 12:51:00,010 - ERROR - Erreur ligne 50000: DATEREV() got unexpected keyword arguments: 'AGENCELIB'
2026-03-05 12:51:00,538 - ERROR - Erreur ligne 60000: DATEREV() got unexpected keyword arguments: 'AGENCELIB'
2026-03-05 12:51:00,983 - ERROR - Erreur ligne 70000: DATEREV() got unexpected keyword arguments: 'AGENCELIB'
2026-03-05 12:51:01,415 - ERROR - Erreur ligne 80000: DATEREV() got unexpected keyword arguments: 'AGENCELIB'
2026-03-05 12:51:01,842 - ERROR - Erreur ligne 90000: DATEREV() got unexpected keyword arguments: 'AGENCELIB'
2026-03-05 12:51:02,278 - ERROR - Erreur ligne 100000: DATEREV() got unexpected keyword arguments: 'AGENCELIB'
2026-03-05 12:51:02,714 - ERROR - Erreur ligne 110000: DATEREV() got unexpected keyword arguments: 'AGENCELIB'
2026-03-05 12:51:03,158 - ERROR - Erreur ligne 120000: DATEREV() got unexpected keyword arguments: 'AGENCELIB'
2026-03-05 12:51:03,584 - ERROR - Erreur ligne 130000: DATEREV() got unexpected keyword arguments: 'AGENCELIB'
2026-03-05 12:51:04,045 - ERROR - Erreur ligne 140000: DATEREV() got unexpected keyword arguments: 'AGENCELIB'
2026-03-05 12:51:04,526 - ERROR - Erreur ligne 150000: DATEREV() got unexpected keyword arguments: 'AGENCELIB'
2026-03-05 12:51:05,012 - ERROR - Erreur ligne 160000: DATEREV() got unexpected keyword arguments: 'AGENCELIB'
2026-03-05 12:51:05,549 - ERROR - Erreur ligne 170000: DATEREV() got unexpected keyword arguments: 'AGENCELIB'
2026-03-05 12:56:34,530 - INFO - --- DEBUT IMPORT DATEREV ---
2026-03-05 12:56:34,810 - INFO - NETTOYAGE : 0 lignes supprimees pour BOA CI
2026-03-05 12:56:34,810 - INFO - LECTURE : BOA CI
2026-03-05 12:56:34,810 - INFO - Ligne 1 | Brut: '14/12/25' | Nettoye: '2025-12-14'
2026-03-05 12:56:34,810 - INFO - Ligne 2 | Brut: '14/12/25' | Nettoye: '2025-12-14'
2026-03-05 12:56:34,810 - INFO - Ligne 3 | Brut: '14/12/25' | Nettoye: '2025-12-14'
2026-03-05 12:56:35,267 - ERROR - Erreur ligne 10000: DATEREV() got unexpected keyword arguments: 'AGENCELIB'
2026-03-05 12:56:35,800 - ERROR - Erreur ligne 20000: DATEREV() got unexpected keyword arguments: 'AGENCELIB'
2026-03-05 12:56:36,315 - ERROR - Erreur ligne 30000: DATEREV() got unexpected keyword arguments: 'AGENCELIB'
2026-03-05 12:56:36,799 - ERROR - Erreur ligne 40000: DATEREV() got unexpected keyword arguments: 'AGENCELIB'
2026-03-05 12:56:37,248 - ERROR - Erreur ligne 50000: DATEREV() got unexpected keyword arguments: 'AGENCELIB'
2026-03-05 12:56:37,687 - ERROR - Erreur ligne 60000: DATEREV() got unexpected keyword arguments: 'AGENCELIB'
2026-03-05 12:56:38,170 - ERROR - Erreur ligne 70000: DATEREV() got unexpected keyword arguments: 'AGENCELIB'
2026-03-05 12:56:38,613 - ERROR - Erreur ligne 80000: DATEREV() got unexpected keyword arguments: 'AGENCELIB'
2026-03-05 12:56:39,142 - ERROR - Erreur ligne 90000: DATEREV() got unexpected keyword arguments: 'AGENCELIB'
2026-03-05 12:56:39,638 - ERROR - Erreur ligne 100000: DATEREV() got unexpected keyword arguments: 'AGENCELIB'
2026-03-05 12:56:40,107 - ERROR - Erreur ligne 110000: DATEREV() got unexpected keyword arguments: 'AGENCELIB'
2026-03-05 12:56:40,566 - ERROR - Erreur ligne 120000: DATEREV() got unexpected keyword arguments: 'AGENCELIB'
2026-03-05 12:56:41,018 - ERROR - Erreur ligne 130000: DATEREV() got unexpected keyword arguments: 'AGENCELIB'
2026-03-05 12:56:41,467 - ERROR - Erreur ligne 140000: DATEREV() got unexpected keyword arguments: 'AGENCELIB'
2026-03-05 12:56:41,904 - ERROR - Erreur ligne 150000: DATEREV() got unexpected keyword arguments: 'AGENCELIB'
2026-03-05 12:56:42,362 - ERROR - Erreur ligne 160000: DATEREV() got unexpected keyword arguments: 'AGENCELIB'
2026-03-05 12:56:42,795 - ERROR - Erreur ligne 170000: DATEREV() got unexpected keyword arguments: 'AGENCELIB'
2026-03-05 12:56:43,237 - ERROR - Erreur ligne 180000: DATEREV() got unexpected keyword arguments: 'AGENCELIB'
2026-03-05 12:56:43,656 - ERROR - Erreur ligne 190000: DATEREV() got unexpected keyword arguments: 'AGENCELIB'
2026-03-05 12:56:44,107 - ERROR - Erreur ligne 200000: DATEREV() got unexpected keyword arguments: 'AGENCELIB'
2026-03-05 12:56:44,545 - ERROR - Erreur ligne 210000: DATEREV() got unexpected keyword arguments: 'AGENCELIB'
2026-03-05 12:56:44,971 - ERROR - Erreur ligne 220000: DATEREV() got unexpected keyword arguments: 'AGENCELIB'
2026-03-05 12:56:45,414 - ERROR - Erreur ligne 230000: DATEREV() got unexpected keyword arguments: 'AGENCELIB'
2026-03-05 12:56:45,831 - ERROR - Erreur ligne 240000: DATEREV() got unexpected keyword arguments: 'AGENCELIB'
2026-03-05 12:56:46,314 - ERROR - Erreur ligne 250000: DATEREV() got unexpected keyword arguments: 'AGENCELIB'
2026-03-05 12:56:46,750 - ERROR - Erreur ligne 260000: DATEREV() got unexpected keyword arguments: 'AGENCELIB'
2026-03-05 12:56:47,082 - ERROR - Erreur ligne 270000: DATEREV() got unexpected keyword arguments: 'AGENCELIB'
2026-03-05 12:56:47,423 - ERROR - Erreur ligne 280000: DATEREV() got unexpected keyword arguments: 'AGENCELIB'
2026-03-05 12:56:47,764 - ERROR - Erreur ligne 290000: DATEREV() got unexpected keyword arguments: 'AGENCELIB'
2026-03-05 12:56:48,115 - ERROR - Erreur ligne 300000: DATEREV() got unexpected keyword arguments: 'AGENCELIB'
2026-03-05 12:56:48,513 - ERROR - Erreur ligne 310000: DATEREV() got unexpected keyword arguments: 'AGENCELIB'
2026-03-05 12:56:48,954 - ERROR - Erreur ligne 320000: DATEREV() got unexpected keyword arguments: 'AGENCELIB'
2026-03-05 12:56:49,406 - ERROR - Erreur ligne 330000: DATEREV() got unexpected keyword arguments: 'AGENCELIB'
2026-03-05 12:56:49,858 - ERROR - Erreur ligne 340000: DATEREV() got unexpected keyword arguments: 'AGENCELIB'
2026-03-05 12:56:50,253 - ERROR - Erreur ligne 350000: DATEREV() got unexpected keyword arguments: 'AGENCELIB'
2026-03-05 12:56:50,665 - ERROR - Erreur ligne 360000: DATEREV() got unexpected keyword arguments: 'AGENCELIB'
2026-03-05 12:56:50,905 - INFO - ✅ TERMINE : 0 lignes importees pour CI
2026-03-05 12:56:50,905 - INFO - 📌 TOTAL FINAL DATEREV : 0 lignes en base.
2026-03-05 12:56:50,905 - INFO - --- DEBUT IMPORT TAUX ---
2026-03-05 12:56:50,926 - INFO - Colonnes détectées dans CI: ['FLUX PM', 'FLUX PP', 'STOCK PM', 'STOCK PP', 'DATE']
2026-03-05 12:56:50,927 - ERROR - ❌ ECHEC TOTAL sur la valeur : 'NA' (Nettoyée en : '')
2026-03-05 12:56:50,928 - ERROR - ❌ ECHEC TOTAL sur la valeur : 'NA' (Nettoyée en : '')
2026-03-05 12:56:50,928 - ERROR - ❌ ECHEC TOTAL sur la valeur : 'NA' (Nettoyée en : '')
2026-03-05 12:56:50,929 - ERROR - ❌ ECHEC TOTAL sur la valeur : 'NA' (Nettoyée en : '')
2026-03-05 12:56:50,929 - ERROR - ❌ ECHEC TOTAL sur la valeur : 'NA' (Nettoyée en : '')
2026-03-05 12:56:50,930 - ERROR - ❌ ECHEC TOTAL sur la valeur : 'NA' (Nettoyée en : '')
2026-03-05 12:56:50,930 - ERROR - ❌ ECHEC TOTAL sur la valeur : 'NA' (Nettoyée en : '')
2026-03-05 12:56:50,931 - ERROR - ❌ ECHEC TOTAL sur la valeur : 'NA' (Nettoyée en : '')
2026-03-05 12:56:50,931 - ERROR - ❌ ECHEC TOTAL sur la valeur : 'NA' (Nettoyée en : '')
2026-03-05 12:56:50,932 - ERROR - ❌ ECHEC TOTAL sur la valeur : 'NA' (Nettoyée en : '')
2026-03-05 12:56:50,932 - ERROR - ❌ ECHEC TOTAL sur la valeur : 'NA' (Nettoyée en : '')
2026-03-05 12:56:50,938 - INFO - ✅ TERMINE : 7 lignes de taux importées pour CI
2026-03-05 12:56:50,939 - INFO - --- FIN IMPORT TAUX ---
2026-03-05 12:56:50,942 - INFO - IMPORTATION GLOBALE REUSSIE
2026-03-05 13:07:40,964 - INFO - --- DEBUT IMPORT DATEREV ---
2026-03-05 13:07:41,161 - INFO - NETTOYAGE : 0 lignes supprimees pour BOA CI
2026-03-05 13:07:41,161 - INFO - LECTURE : BOA CI
2026-03-05 13:07:41,161 - INFO - Ligne 1 | Brut: '14/12/2025' | Nettoye: '2025-12-14'
2026-03-05 13:07:41,161 - INFO - Ligne 2 | Brut: '14/12/2025' | Nettoye: '2025-12-14'
2026-03-05 13:07:41,161 - INFO - Ligne 3 | Brut: '14/12/2025' | Nettoye: '2025-12-14'
2026-03-05 13:11:05,805 - ERROR - Erreur ligne 10000: ('42S22', "[42S22] [Microsoft][ODBC Driver 17 for SQL Server][SQL Server]Invalid column name 'LIB_AGENCE'. (207) (SQLExecDirectW); [42S22] [Microsoft][ODBC Driver 17 for SQL Server][SQL Server]Invalid column name 'LIB_AGENCE'. (207); [42S22] [Microsoft][ODBC Driver 17 for SQL Server][SQL Server]Statement(s) could not be prepared. (8180)")
2026-03-05 13:15:05,559 - INFO - --- DEBUT IMPORT DATEREV ---
2026-03-05 13:15:05,841 - INFO - NETTOYAGE : 0 lignes supprimees pour BOA CI
2026-03-05 13:15:05,841 - INFO - LECTURE : BOA CI
2026-03-05 13:15:05,841 - INFO - Ligne 1 | Brut: '14/12/2025' | Nettoye: '2025-12-14'
2026-03-05 13:15:05,841 - INFO - Ligne 2 | Brut: '14/12/2025' | Nettoye: '2025-12-14'
2026-03-05 13:15:05,841 - INFO - Ligne 3 | Brut: '14/12/2025' | Nettoye: '2025-12-14'
2026-03-05 13:15:38,202 - INFO - PROGRESSION CI : 50000 lignes inserees...
2026-03-05 13:16:11,637 - INFO - PROGRESSION CI : 100000 lignes inserees...
2026-03-05 13:16:44,506 - INFO - PROGRESSION CI : 150000 lignes inserees...
2026-03-05 13:17:17,283 - INFO - PROGRESSION CI : 200000 lignes inserees...
2026-03-05 13:17:49,943 - INFO - PROGRESSION CI : 250000 lignes inserees...
2026-03-05 13:18:21,628 - INFO - PROGRESSION CI : 300000 lignes inserees...
2026-03-05 13:18:53,160 - INFO - PROGRESSION CI : 350000 lignes inserees...
2026-03-05 13:19:02,427 - INFO - ✅ TERMINE : 365498 lignes importees pour CI
2026-03-05 13:19:02,427 - INFO - 📌 TOTAL FINAL DATEREV : 365498 lignes en base.
2026-03-05 13:19:02,427 - INFO - --- DEBUT IMPORT TAUX ---
2026-03-05 13:19:02,443 - INFO - Colonnes détectées dans CI: ['FLUX PM', 'FLUX PP', 'STOCK PM', 'STOCK PP', 'DATE']
2026-03-05 13:19:02,443 - ERROR - ❌ ECHEC TOTAL sur la valeur : 'NA' (Nettoyée en : '')
2026-03-05 13:19:02,446 - ERROR - ❌ ECHEC TOTAL sur la valeur : 'NA' (Nettoyée en : '')
2026-03-05 13:19:02,446 - ERROR - ❌ ECHEC TOTAL sur la valeur : 'NA' (Nettoyée en : '')
2026-03-05 13:19:02,447 - ERROR - ❌ ECHEC TOTAL sur la valeur : 'NA' (Nettoyée en : '')
2026-03-05 13:19:02,447 - ERROR - ❌ ECHEC TOTAL sur la valeur : 'NA' (Nettoyée en : '')
2026-03-05 13:19:02,448 - ERROR - ❌ ECHEC TOTAL sur la valeur : 'NA' (Nettoyée en : '')
2026-03-05 13:19:02,448 - ERROR - ❌ ECHEC TOTAL sur la valeur : 'NA' (Nettoyée en : '')
2026-03-05 13:19:02,449 - ERROR - ❌ ECHEC TOTAL sur la valeur : 'NA' (Nettoyée en : '')
2026-03-05 13:19:02,450 - ERROR - ❌ ECHEC TOTAL sur la valeur : 'NA' (Nettoyée en : '')
2026-03-05 13:19:02,450 - ERROR - ❌ ECHEC TOTAL sur la valeur : 'NA' (Nettoyée en : '')
2026-03-05 13:19:02,451 - ERROR - ❌ ECHEC TOTAL sur la valeur : 'NA' (Nettoyée en : '')
2026-03-05 13:19:02,456 - INFO - ✅ TERMINE : 7 lignes de taux importées pour CI
2026-03-05 13:19:02,457 - INFO - --- FIN IMPORT TAUX ---
2026-03-05 13:19:02,461 - INFO - IMPORTATION GLOBALE REUSSIE
2026-03-05 14:19:51,027 - INFO - --- DEBUT IMPORT DATEREV ---
2026-03-05 14:19:52,588 - INFO - NETTOYAGE : 365498 lignes supprimees pour BOA CI
2026-03-05 14:19:52,588 - INFO - LECTURE : BOA CI
2026-03-05 14:19:52,588 - INFO - Ligne 1 | Brut: '14/12/2025' | Nettoye: '2025-12-14'
2026-03-05 14:19:52,588 - INFO - Ligne 2 | Brut: '14/12/2025' | Nettoye: '2025-12-14'
2026-03-05 14:19:52,588 - INFO - Ligne 3 | Brut: '14/12/2025' | Nettoye: '2025-12-14'
2026-03-05 14:20:57,167 - INFO - PROGRESSION CI : 100000 lignes inserees...
2026-03-05 14:29:25,338 - INFO - ----- IMPORT DATEREV -----
2026-03-05 14:29:25,759 - INFO - NETTOYAGE BOA CI : 34432 lignes
2026-03-05 14:31:30,997 - INFO - 200000 lignes importees
2026-03-05 14:33:17,123 - INFO - TERMINE BOA CI : 365498 lignes
2026-03-05 14:33:17,130 - INFO - TOTAL DATEREV : 365498
2026-03-05 14:33:17,130 - INFO - --- DEBUT IMPORT TAUX ---
2026-03-05 14:33:17,130 - INFO - Colonnes detectees : ['FLUX PM', 'FLUX PP', 'STOCK PM', 'STOCK PP', 'DATE']
2026-03-05 14:33:17,130 - INFO - TERMINE TAUX CI : 0
2026-03-05 14:33:17,130 - INFO - --- FIN IMPORT TAUX ---
2026-03-05 14:33:17,130 - INFO - IMPORT GLOBAL REUSSI
2026-03-05 14:34:10,449 - INFO - --- DEBUT IMPORT DATEREV ---
2026-03-05 14:34:11,952 - INFO - NETTOYAGE : 365498 lignes supprimees pour BOA CI
2026-03-05 14:34:11,952 - INFO - LECTURE : BOA CI
2026-03-05 14:34:11,952 - INFO - Ligne 1 | Brut: '14/12/2025' | Nettoye: '2025-12-14'
2026-03-05 14:34:11,952 - INFO - Ligne 2 | Brut: '14/12/2025' | Nettoye: '2025-12-14'
2026-03-05 14:34:11,952 - INFO - Ligne 3 | Brut: '14/12/2025' | Nettoye: '2025-12-14'
2026-03-05 14:35:14,454 - INFO - PROGRESSION CI : 100000 lignes inserees...
2026-03-05 14:36:19,738 - INFO - PROGRESSION CI : 200000 lignes inserees...
2026-03-05 14:37:24,347 - INFO - PROGRESSION CI : 300000 lignes inserees...
2026-03-05 14:38:05,768 - INFO - ✅ TERMINE : 365498 lignes importees pour CI
2026-03-05 14:38:07,472 - INFO - NETTOYAGE : 489642 lignes supprimees pour BOA SN
2026-03-05 14:38:07,472 - INFO - LECTURE : BOA SN
2026-03-05 14:38:07,472 - INFO - Ligne 1 | Brut: '' | Nettoye: 'None'
2026-03-05 14:38:07,472 - INFO - Ligne 2 | Brut: '' | Nettoye: 'None'
2026-03-05 14:38:07,472 - INFO - Ligne 3 | Brut: '' | Nettoye: 'None'
2026-03-05 14:39:11,207 - INFO - PROGRESSION SN : 100000 lignes inserees...
2026-03-05 14:40:19,024 - INFO - PROGRESSION SN : 200000 lignes inserees...
2026-03-05 14:41:24,517 - INFO - PROGRESSION SN : 300000 lignes inserees...
2026-03-05 14:42:29,090 - INFO - PROGRESSION SN : 400000 lignes inserees...
2026-03-05 14:43:26,907 - INFO - ✅ TERMINE : 489642 lignes importees pour SN
2026-03-05 14:43:26,907 - INFO - 📌 TOTAL FINAL DATEREV : 855140 lignes en base.
2026-03-05 14:43:26,907 - INFO - --- DEBUT IMPORT TAUX ---
2026-03-05 14:43:26,923 - INFO - Colonnes détectées dans CI: ['FLUX PM', 'FLUX PP', 'STOCK PM', 'STOCK PP', 'DATE']
2026-03-05 14:43:26,923 - ERROR - ❌ ECHEC TOTAL sur la valeur : 'NA' (Nettoyée en : '')
2026-03-05 14:43:26,926 - ERROR - ❌ ECHEC TOTAL sur la valeur : 'NA' (Nettoyée en : '')
2026-03-05 14:43:26,926 - ERROR - ❌ ECHEC TOTAL sur la valeur : 'NA' (Nettoyée en : '')
2026-03-05 14:43:26,927 - ERROR - ❌ ECHEC TOTAL sur la valeur : 'NA' (Nettoyée en : '')
2026-03-05 14:43:26,927 - ERROR - ❌ ECHEC TOTAL sur la valeur : 'NA' (Nettoyée en : '')
2026-03-05 14:43:26,928 - ERROR - ❌ ECHEC TOTAL sur la valeur : 'NA' (Nettoyée en : '')
2026-03-05 14:43:26,928 - ERROR - ❌ ECHEC TOTAL sur la valeur : 'NA' (Nettoyée en : '')
2026-03-05 14:43:26,929 - ERROR - ❌ ECHEC TOTAL sur la valeur : 'NA' (Nettoyée en : '')
2026-03-05 14:43:26,929 - ERROR - ❌ ECHEC TOTAL sur la valeur : 'NA' (Nettoyée en : '')
2026-03-05 14:43:26,930 - ERROR - ❌ ECHEC TOTAL sur la valeur : 'NA' (Nettoyée en : '')
2026-03-05 14:43:26,930 - ERROR - ❌ ECHEC TOTAL sur la valeur : 'NA' (Nettoyée en : '')
2026-03-05 14:43:26,936 - INFO - ✅ TERMINE : 7 lignes de taux importées pour CI
2026-03-05 14:43:26,938 - INFO - Colonnes détectées dans SN: ['FLUX PM', 'FLUX PP', 'STOCK PM', 'STOCK PP', 'DATE']
2026-03-05 14:43:26,943 - INFO - ✅ TERMINE : 3 lignes de taux importées pour SN
2026-03-05 14:43:26,943 - INFO - --- FIN IMPORT TAUX ---
2026-03-05 14:43:26,946 - INFO - IMPORTATION GLOBALE REUSSIE
2026-03-13 20:38:47,734 - INFO - --- DEBUT IMPORT DATEREV ---
2026-03-13 20:38:49,780 - INFO - NETTOYAGE : 976727 lignes supprimees pour BOA MG
2026-03-13 20:38:49,780 - INFO - LECTURE : BOA MG
2026-03-13 20:38:49,780 - INFO - Ligne 1 | Brut: 'None' | Nettoye: 'None'
2026-03-13 20:38:49,780 - INFO - Ligne 2 | Brut: 'None' | Nettoye: 'None'
2026-03-13 20:38:49,780 - INFO - Ligne 3 | Brut: 'None' | Nettoye: 'None'
2026-03-13 20:39:33,187 - INFO - 
>>> FILIALE MG
2026-03-13 20:39:34,892 - INFO - 
✨ Processus terminé.
2026-03-13 20:39:45,280 - INFO - PROGRESSION MG : 100000 lignes inserees...
2026-03-13 20:40:05,530 - INFO - 
>>> FILIALE MG
2026-03-13 20:40:06,028 - INFO - 
✨ Processus terminé.
2026-03-13 20:40:16,626 - INFO - PROGRESSION MG : 200000 lignes inserees...
2026-03-13 20:40:47,297 - INFO - PROGRESSION MG : 300000 lignes inserees...
2026-03-13 20:41:18,173 - INFO - PROGRESSION MG : 400000 lignes inserees...
2026-03-13 20:41:48,480 - INFO - PROGRESSION MG : 500000 lignes inserees...
2026-03-13 20:42:19,139 - INFO - PROGRESSION MG : 600000 lignes inserees...
2026-03-13 20:43:09,776 - INFO - PROGRESSION MG : 700000 lignes inserees...
2026-03-13 20:43:54,546 - INFO - PROGRESSION MG : 800000 lignes inserees...
2026-03-13 20:45:00,010 - INFO - PROGRESSION MG : 900000 lignes inserees...
2026-03-13 20:45:47,706 - INFO - ✅ TERMINE : 976727 lignes importees pour MG
2026-03-13 20:45:47,706 - INFO - 📌 TOTAL FINAL DATEREV : 976727 lignes en base.
2026-03-13 20:45:47,706 - INFO - --- DEBUT IMPORT TAUX ---
2026-03-13 20:45:47,733 - INFO - Colonnes détectées dans MG: ['FLUX PM', 'FLUX PP', 'STOCK PM', 'STOCK PP', 'DATE']
2026-03-13 20:45:47,744 - ERROR - ❌ ECHEC TOTAL sur la valeur : 'NA' (Nettoyée en : '')
2026-03-13 20:45:47,759 - ERROR - ❌ ECHEC TOTAL sur la valeur : 'NA' (Nettoyée en : '')
2026-03-13 20:45:47,760 - ERROR - ❌ ECHEC TOTAL sur la valeur : 'NA' (Nettoyée en : '')
2026-03-13 20:45:47,764 - ERROR - ❌ ECHEC TOTAL sur la valeur : 'NA' (Nettoyée en : '')
2026-03-13 20:45:47,765 - ERROR - ❌ ECHEC TOTAL sur la valeur : 'NA' (Nettoyée en : '')
2026-03-13 20:45:47,765 - ERROR - ❌ ECHEC TOTAL sur la valeur : 'NA' (Nettoyée en : '')
2026-03-13 20:45:47,777 - ERROR - ❌ ECHEC TOTAL sur la valeur : 'NA' (Nettoyée en : '')
2026-03-13 20:45:47,786 - ERROR - ❌ ECHEC TOTAL sur la valeur : 'NA' (Nettoyée en : '')
2026-03-13 20:45:47,790 - ERROR - ❌ ECHEC TOTAL sur la valeur : 'NA' (Nettoyée en : '')
2026-03-13 20:45:47,791 - ERROR - ❌ ECHEC TOTAL sur la valeur : 'NA' (Nettoyée en : '')
2026-03-13 20:45:47,791 - ERROR - ❌ ECHEC TOTAL sur la valeur : 'NA' (Nettoyée en : '')
2026-03-13 20:45:47,798 - INFO - ✅ TERMINE : 7 lignes de taux importées pour MG
2026-03-13 20:45:47,798 - INFO - --- FIN IMPORT TAUX ---
2026-03-13 20:45:47,801 - INFO - IMPORTATION GLOBALE REUSSIE
2026-03-16 21:54:08,541 - INFO - 
>>> FILIALE TEST
2026-03-16 21:54:08,552 - INFO - --- Lecture de pm_TEST_STOCK_F.csv ---
2026-03-16 21:54:09,523 - INFO -     -> 5000 lignes insérées...
2026-03-16 21:54:09,859 - INFO - --- Lecture de pp_TEST_STOCK_F.csv ---
2026-03-16 21:54:10,887 - INFO -     -> 5000 lignes insérées...
2026-03-16 21:54:11,810 - INFO -     -> 10000 lignes insérées...
2026-03-16 21:54:12,795 - INFO -     -> 15000 lignes insérées...
2026-03-16 21:54:13,663 - INFO -     -> 20000 lignes insérées...
2026-03-16 21:54:14,408 - INFO - 
✨ Processus terminé.
2026-03-16 21:54:53,706 - INFO - 
>>> FILIALE MG
2026-03-16 21:54:53,726 - INFO - --- Lecture de pm_MG_STOCK_F.csv ---
2026-03-16 21:54:54,461 - INFO -     -> 5000 lignes insérées...
2026-03-16 21:54:55,162 - INFO -     -> 10000 lignes insérées...
2026-03-16 21:54:55,939 - INFO -     -> 15000 lignes insérées...
2026-03-16 21:54:56,691 - INFO -     -> 20000 lignes insérées...
2026-03-16 21:54:57,365 - INFO -     -> 25000 lignes insérées...
2026-03-16 21:54:58,089 - INFO -     -> 30000 lignes insérées...
2026-03-16 21:54:58,792 - INFO -     -> 35000 lignes insérées...
2026-03-16 21:54:59,568 - INFO -     -> 40000 lignes insérées...
2026-03-16 21:55:00,276 - INFO -     -> 45000 lignes insérées...
2026-03-16 21:55:00,976 - INFO -     -> 50000 lignes insérées...
2026-03-16 21:55:01,484 - INFO - --- Lecture de pp_MG_STOCK_F.csv ---
2026-03-16 21:55:02,689 - INFO -     -> 5000 lignes insérées...
2026-03-16 21:55:03,852 - INFO -     -> 10000 lignes insérées...
2026-03-16 21:55:05,032 - INFO -     -> 15000 lignes insérées...
2026-03-16 21:55:06,002 - INFO -     -> 20000 lignes insérées...
2026-03-16 21:55:07,133 - INFO -     -> 25000 lignes insérées...
2026-03-16 21:55:08,409 - INFO -     -> 30000 lignes insérées...
2026-03-16 21:55:09,922 - INFO -     -> 35000 lignes insérées...
2026-03-16 21:55:11,432 - INFO -     -> 40000 lignes insérées...
2026-03-16 21:55:12,617 - INFO -     -> 45000 lignes insérées...
2026-03-16 21:55:13,801 - INFO -     -> 50000 lignes insérées...
2026-03-16 21:55:14,884 - INFO -     -> 55000 lignes insérées...
2026-03-16 21:55:15,873 - INFO -     -> 60000 lignes insérées...
2026-03-16 21:55:16,781 - INFO -     -> 65000 lignes insérées...
2026-03-16 21:55:17,723 - INFO -     -> 70000 lignes insérées...
2026-03-16 21:55:18,589 - INFO -     -> 75000 lignes insérées...
2026-03-16 21:55:19,477 - INFO -     -> 80000 lignes insérées...
2026-03-16 21:55:20,406 - INFO -     -> 85000 lignes insérées...
2026-03-16 21:55:21,394 - INFO -     -> 90000 lignes insérées...
2026-03-16 21:55:22,314 - INFO -     -> 95000 lignes insérées...
2026-03-16 21:55:23,226 - INFO -     -> 100000 lignes insérées...
2026-03-16 21:55:24,155 - INFO -     -> 105000 lignes insérées...
2026-03-16 21:55:25,120 - INFO -     -> 110000 lignes insérées...
2026-03-16 21:55:26,086 - INFO -     -> 115000 lignes insérées...
2026-03-16 21:55:27,002 - INFO -     -> 120000 lignes insérées...
2026-03-16 21:55:27,845 - INFO -     -> 125000 lignes insérées...
2026-03-16 21:55:28,726 - INFO -     -> 130000 lignes insérées...
2026-03-16 21:55:29,575 - INFO -     -> 135000 lignes insérées...
2026-03-16 21:55:30,405 - INFO -     -> 140000 lignes insérées...
2026-03-16 21:55:31,238 - INFO -     -> 145000 lignes insérées...
2026-03-16 21:55:32,133 - INFO -     -> 150000 lignes insérées...
2026-03-16 21:55:33,075 - INFO -     -> 155000 lignes insérées...
2026-03-16 21:55:34,058 - INFO -     -> 160000 lignes insérées...
2026-03-16 21:55:34,999 - INFO -     -> 165000 lignes insérées...
2026-03-16 21:55:35,838 - INFO -     -> 170000 lignes insérées...
2026-03-16 21:55:36,706 - INFO -     -> 175000 lignes insérées...
2026-03-16 21:55:37,585 - INFO -     -> 180000 lignes insérées...
2026-03-16 21:55:38,477 - INFO -     -> 185000 lignes insérées...
2026-03-16 21:55:39,419 - INFO -     -> 190000 lignes insérées...
2026-03-16 21:55:40,371 - INFO -     -> 195000 lignes insérées...
2026-03-16 21:55:41,282 - INFO -     -> 200000 lignes insérées...
2026-03-16 21:55:42,472 - INFO -     -> 205000 lignes insérées...
2026-03-16 21:55:43,514 - INFO -     -> 210000 lignes insérées...
2026-03-16 21:55:44,389 - INFO -     -> 215000 lignes insérées...
2026-03-16 21:55:45,211 - INFO -     -> 220000 lignes insérées...
2026-03-16 21:55:46,219 - INFO -     -> 225000 lignes insérées...
2026-03-16 21:55:47,151 - INFO -     -> 230000 lignes insérées...
2026-03-16 21:55:48,129 - INFO -     -> 235000 lignes insérées...
2026-03-16 21:55:49,052 - INFO -     -> 240000 lignes insérées...
2026-03-16 21:55:49,967 - INFO -     -> 245000 lignes insérées...
2026-03-16 21:55:50,928 - INFO -     -> 250000 lignes insérées...
2026-03-16 21:55:51,896 - INFO -     -> 255000 lignes insérées...
2026-03-16 21:55:52,770 - INFO -     -> 260000 lignes insérées...
2026-03-16 21:55:53,639 - INFO -     -> 265000 lignes insérées...
2026-03-16 21:55:54,515 - INFO -     -> 270000 lignes insérées...
2026-03-16 21:55:55,432 - INFO -     -> 275000 lignes insérées...
2026-03-16 21:55:56,402 - INFO -     -> 280000 lignes insérées...
2026-03-16 21:55:57,372 - INFO -     -> 285000 lignes insérées...
2026-03-16 21:55:58,376 - INFO -     -> 290000 lignes insérées...
2026-03-16 21:55:59,274 - INFO -     -> 295000 lignes insérées...
2026-03-16 21:56:00,125 - INFO -     -> 300000 lignes insérées...
2026-03-16 21:56:01,001 - INFO -     -> 305000 lignes insérées...
2026-03-16 21:56:01,981 - INFO -     -> 310000 lignes insérées...
2026-03-16 21:56:02,980 - INFO -     -> 315000 lignes insérées...
2026-03-16 21:56:03,848 - INFO -     -> 320000 lignes insérées...
2026-03-16 21:56:04,716 - INFO -     -> 325000 lignes insérées...
2026-03-16 21:56:05,531 - INFO -     -> 330000 lignes insérées...
2026-03-16 21:56:06,830 - INFO -     -> 335000 lignes insérées...
2026-03-16 21:56:08,343 - INFO -     -> 340000 lignes insérées...
2026-03-16 21:56:10,298 - INFO -     -> 345000 lignes insérées...
2026-03-16 21:56:12,239 - INFO -     -> 350000 lignes insérées...
2026-03-16 21:56:14,106 - INFO -     -> 355000 lignes insérées...
2026-03-16 21:56:15,942 - INFO -     -> 360000 lignes insérées...
2026-03-16 21:56:17,923 - INFO -     -> 365000 lignes insérées...
2026-03-16 21:56:20,480 - INFO -     -> 370000 lignes insérées...
2026-03-16 21:56:22,541 - INFO -     -> 375000 lignes insérées...
2026-03-16 21:56:24,624 - INFO -     -> 380000 lignes insérées...
2026-03-16 21:56:26,596 - INFO -     -> 385000 lignes insérées...
2026-03-16 21:56:28,759 - INFO -     -> 390000 lignes insérées...
2026-03-16 21:56:30,777 - INFO -     -> 395000 lignes insérées...
2026-03-16 21:56:32,873 - INFO -     -> 400000 lignes insérées...
2026-03-16 21:56:34,939 - INFO -     -> 405000 lignes insérées...
2026-03-16 21:56:37,060 - INFO -     -> 410000 lignes insérées...
2026-03-16 21:56:38,851 - INFO -     -> 415000 lignes insérées...
2026-03-16 21:56:41,121 - INFO -     -> 420000 lignes insérées...
2026-03-16 21:56:43,088 - INFO -     -> 425000 lignes insérées...
2026-03-16 21:56:45,211 - INFO -     -> 430000 lignes insérées...
2026-03-16 21:56:46,304 - INFO -     -> 435000 lignes insérées...
2026-03-16 21:56:47,199 - INFO -     -> 440000 lignes insérées...
2026-03-16 21:56:48,227 - INFO -     -> 445000 lignes insérées...
2026-03-16 21:56:49,200 - INFO -     -> 450000 lignes insérées...
2026-03-16 21:56:50,148 - INFO -     -> 455000 lignes insérées...
2026-03-16 21:56:51,240 - INFO -     -> 460000 lignes insérées...
2026-03-16 21:56:52,407 - INFO -     -> 465000 lignes insérées...
2026-03-16 21:56:53,880 - INFO -     -> 470000 lignes insérées...
2026-03-16 21:56:55,131 - INFO -     -> 475000 lignes insérées...
2026-03-16 21:56:56,156 - INFO -     -> 480000 lignes insérées...
2026-03-16 21:56:57,332 - INFO -     -> 485000 lignes insérées...
2026-03-16 21:56:58,388 - INFO -     -> 490000 lignes insérées...
2026-03-16 21:56:59,919 - INFO -     -> 495000 lignes insérées...
2026-03-16 21:57:01,528 - INFO -     -> 500000 lignes insérées...
2026-03-16 21:57:03,108 - INFO -     -> 505000 lignes insérées...
2026-03-16 21:57:04,026 - INFO -     -> 510000 lignes insérées...
2026-03-16 21:57:05,046 - INFO -     -> 515000 lignes insérées...
2026-03-16 21:57:05,893 - INFO -     -> 520000 lignes insérées...
2026-03-16 21:57:06,737 - INFO -     -> 525000 lignes insérées...
2026-03-16 21:57:07,635 - INFO -     -> 530000 lignes insérées...
2026-03-16 21:57:08,522 - INFO -     -> 535000 lignes insérées...
2026-03-16 21:57:09,421 - INFO -     -> 540000 lignes insérées...
2026-03-16 21:57:10,420 - INFO -     -> 545000 lignes insérées...
2026-03-16 21:57:11,344 - INFO -     -> 550000 lignes insérées...
2026-03-16 21:57:12,457 - INFO -     -> 555000 lignes insérées...
2026-03-16 21:57:13,440 - INFO -     -> 560000 lignes insérées...
2026-03-16 21:57:14,569 - INFO -     -> 565000 lignes insérées...
2026-03-16 21:57:15,588 - INFO -     -> 570000 lignes insérées...
2026-03-16 21:57:16,820 - INFO -     -> 575000 lignes insérées...
2026-03-16 21:57:18,127 - INFO -     -> 580000 lignes insérées...
2026-03-16 21:57:19,272 - INFO -     -> 585000 lignes insérées...
2026-03-16 21:57:20,238 - INFO -     -> 590000 lignes insérées...
2026-03-16 21:57:21,235 - INFO -     -> 595000 lignes insérées...
2026-03-16 21:57:22,301 - INFO -     -> 600000 lignes insérées...
2026-03-16 21:57:23,247 - INFO -     -> 605000 lignes insérées...
2026-03-16 21:57:24,301 - INFO -     -> 610000 lignes insérées...
2026-03-16 21:57:25,355 - INFO -     -> 615000 lignes insérées...
2026-03-16 21:57:26,412 - INFO -     -> 620000 lignes insérées...
2026-03-16 21:57:27,355 - INFO -     -> 625000 lignes insérées...
2026-03-16 21:57:28,374 - INFO -     -> 630000 lignes insérées...
2026-03-16 21:57:29,473 - INFO -     -> 635000 lignes insérées...
2026-03-16 21:57:30,445 - INFO -     -> 640000 lignes insérées...
2026-03-16 21:57:31,963 - INFO -     -> 645000 lignes insérées...
2026-03-16 21:57:33,662 - INFO -     -> 650000 lignes insérées...
2026-03-16 21:57:35,236 - INFO -     -> 655000 lignes insérées...
2026-03-16 21:57:36,618 - INFO -     -> 660000 lignes insérées...
2026-03-16 21:57:37,693 - INFO -     -> 665000 lignes insérées...
2026-03-16 21:57:38,613 - INFO -     -> 670000 lignes insérées...
2026-03-16 21:57:39,508 - INFO -     -> 675000 lignes insérées...
2026-03-16 21:57:40,457 - INFO -     -> 680000 lignes insérées...
2026-03-16 21:57:41,375 - INFO -     -> 685000 lignes insérées...
2026-03-16 21:57:42,239 - INFO -     -> 690000 lignes insérées...
2026-03-16 21:57:43,322 - INFO -     -> 695000 lignes insérées...
2026-03-16 21:57:44,399 - INFO -     -> 700000 lignes insérées...
2026-03-16 21:57:45,901 - INFO -     -> 705000 lignes insérées...
2026-03-16 21:57:47,360 - INFO -     -> 710000 lignes insérées...
2026-03-16 21:57:50,049 - INFO -     -> 715000 lignes insérées...
2026-03-16 21:57:52,172 - INFO -     -> 720000 lignes insérées...
2026-03-16 21:57:54,066 - INFO -     -> 725000 lignes insérées...
2026-03-16 21:57:56,447 - INFO -     -> 730000 lignes insérées...
2026-03-16 21:57:57,586 - INFO -     -> 735000 lignes insérées...
2026-03-16 21:57:58,573 - INFO -     -> 740000 lignes insérées...
2026-03-16 21:57:59,609 - INFO -     -> 745000 lignes insérées...
2026-03-16 21:58:00,678 - INFO -     -> 750000 lignes insérées...
2026-03-16 21:58:01,798 - INFO -     -> 755000 lignes insérées...
2026-03-16 21:58:02,805 - INFO -     -> 760000 lignes insérées...
2026-03-16 21:58:03,935 - INFO -     -> 765000 lignes insérées...
2026-03-16 21:58:05,120 - INFO -     -> 770000 lignes insérées...
2026-03-16 21:58:06,044 - INFO -     -> 775000 lignes insérées...
2026-03-16 21:58:07,023 - INFO -     -> 780000 lignes insérées...
2026-03-16 21:58:08,072 - INFO -     -> 785000 lignes insérées...
2026-03-16 21:58:09,207 - INFO -     -> 790000 lignes insérées...
2026-03-16 21:58:10,158 - INFO -     -> 795000 lignes insérées...
2026-03-16 21:58:11,153 - INFO -     -> 800000 lignes insérées...
2026-03-16 21:58:12,299 - INFO -     -> 805000 lignes insérées...
2026-03-16 21:58:13,432 - INFO -     -> 810000 lignes insérées...
2026-03-16 21:58:14,342 - INFO -     -> 815000 lignes insérées...
2026-03-16 21:58:15,246 - INFO -     -> 820000 lignes insérées...
2026-03-16 21:58:16,241 - INFO -     -> 825000 lignes insérées...
2026-03-16 21:58:17,228 - INFO -     -> 830000 lignes insérées...
2026-03-16 21:58:18,218 - INFO -     -> 835000 lignes insérées...
2026-03-16 21:58:19,060 - INFO -     -> 840000 lignes insérées...
2026-03-16 21:58:20,050 - INFO -     -> 845000 lignes insérées...
2026-03-16 21:58:20,969 - INFO -     -> 850000 lignes insérées...
2026-03-16 21:58:21,880 - INFO -     -> 855000 lignes insérées...
2026-03-16 21:58:22,967 - INFO -     -> 860000 lignes insérées...
2026-03-16 21:58:23,902 - INFO -     -> 865000 lignes insérées...
2026-03-16 21:58:24,817 - INFO -     -> 870000 lignes insérées...
2026-03-16 21:58:25,699 - INFO -     -> 875000 lignes insérées...
2026-03-16 21:58:26,618 - INFO -     -> 880000 lignes insérées...
2026-03-16 21:58:27,550 - INFO -     -> 885000 lignes insérées...
2026-03-16 21:58:28,651 - INFO -     -> 890000 lignes insérées...
2026-03-16 21:58:29,702 - INFO -     -> 895000 lignes insérées...
2026-03-16 21:58:30,774 - INFO -     -> 900000 lignes insérées...
2026-03-16 21:58:31,794 - INFO -     -> 905000 lignes insérées...
2026-03-16 21:58:32,763 - INFO -     -> 910000 lignes insérées...
2026-03-16 21:58:33,742 - INFO -     -> 915000 lignes insérées...
2026-03-16 21:58:34,680 - INFO -     -> 920000 lignes insérées...
2026-03-16 21:58:36,244 - INFO -     -> 925000 lignes insérées...
2026-03-16 21:58:36,623 - INFO - 
✨ Processus terminé.
2026-03-17 08:37:14,831 - INFO - START DATEREV
2026-03-17 08:37:14,832 - WARNING - missing file: scoring_SN.csv
2026-03-17 08:37:14,832 - INFO - DATEREV total: 0 rows
2026-03-17 08:37:14,832 - INFO - IMPORT DONE
2026-03-17 08:39:01,142 - INFO - START DATEREV
2026-03-17 08:39:01,151 - INFO - cleaned 0 rows for BOA SN
2026-03-17 08:39:07,899 - INFO - progress SN: 100000 rows
2026-03-17 08:39:13,842 - INFO - progress SN: 200000 rows
2026-03-17 08:39:20,496 - INFO - progress SN: 300000 rows
2026-03-17 08:39:26,906 - INFO - progress SN: 400000 rows
2026-03-17 08:39:33,309 - INFO - done SN: 489641 rows
2026-03-17 08:39:33,310 - INFO - DATEREV total: 489641 rows
2026-03-17 08:39:33,313 - INFO - IMPORT DONE
2026-03-17 08:41:54,452 - INFO - 
>>> FILIALE NE
2026-03-17 08:41:54,989 - INFO - 
>>> FILIALE CI
2026-03-17 08:41:55,347 - INFO - --- Lecture de pm_CI_STOCK_F.csv ---
2026-03-17 08:41:55,401 - INFO - --- Lecture de pp_CI_STOCK_F.csv ---
2026-03-17 08:41:55,654 - INFO - 
>>> FILIALE TG
2026-03-17 08:41:55,934 - INFO - START ANOMALIES
2026-03-17 08:41:55,975 - INFO - 
>>> FILIALE SN
2026-03-17 08:41:56,254 - INFO - --- Lecture de pm_SN_STOCK_F.csv ---
2026-03-17 08:41:56,261 - INFO - cleaned 0 rows for BOA CI
2026-03-17 08:41:56,278 - ERROR - missing required columns for CI: ['PPE']
2026-03-17 08:41:56,280 - INFO - cleaned 0 rows for BOA BF
2026-03-17 08:41:56,284 - WARNING - missing optional column LIB_AGENCE for BF
2026-03-17 08:41:56,775 - INFO - done BF: 4303 rows
2026-03-17 08:41:56,778 - INFO - cleaned 0 rows for BOA SN
2026-03-17 08:41:56,787 - ERROR - missing required columns for SN: ['PPE']
2026-03-17 08:41:56,787 - WARNING - missing anomalies file: C:\Users\mamsylla\OneDrive - BANK OF AFRICA(1)\Documents\Projets\2025\Plateforme notatio kyc v2\data\anomalies_TG.csv
2026-03-17 08:41:56,787 - INFO - END ANOMALIES
2026-03-17 08:41:56,787 - INFO - START DATEREV
2026-03-17 08:41:56,920 - INFO - cleaned 0 rows for BOA CI
2026-03-17 08:41:56,958 - INFO - done CI: 154 rows
2026-03-17 08:41:57,018 - INFO - cleaned 0 rows for BOA BF
2026-03-17 08:41:58,757 - INFO - --- Lecture de pp_SN_STOCK_F.csv ---
2026-03-17 08:42:07,610 - INFO -     -> 50000 lignes insérées...
2026-03-17 08:42:08,685 - WARNING - ❌ pp_SN_STOCK_F.csv : Ligne 79741 rejetée immédiatement (Taille excessive).
2026-03-17 08:42:16,522 - INFO -     -> 100000 lignes insérées...
2026-03-17 08:42:17,527 - INFO - progress BF: 100000 rows
2026-03-17 08:42:17,883 - INFO - done BF: 103797 rows
2026-03-17 08:42:18,953 - INFO - cleaned 489641 rows for BOA SN
2026-03-17 08:42:25,361 - INFO -     -> 150000 lignes insérées...
2026-03-17 08:42:35,502 - INFO -     -> 200000 lignes insérées...
2026-03-17 08:42:41,539 - INFO -     -> 250000 lignes insérées...
2026-03-17 08:42:41,999 - INFO - progress SN: 100000 rows
2026-03-17 08:42:45,683 - INFO -     -> 300000 lignes insérées...
2026-03-17 08:42:49,476 - INFO -     -> 350000 lignes insérées...
2026-03-17 08:42:50,432 - INFO - 
>>> FILIALE ML
2026-03-17 08:42:50,673 - INFO - 
>>> FILIALE BF
2026-03-17 08:42:50,910 - INFO - 
>>> FILIALE BJ
2026-03-17 08:42:51,147 - INFO - 
>>> FILIALE RDC
2026-03-17 08:42:51,386 - INFO - 
>>> FILIALE MR
2026-03-17 08:42:51,621 - INFO - 
>>> FILIALE MG
2026-03-17 08:42:53,662 - INFO - 
>>> FILIALE UG
2026-03-17 08:42:53,746 - INFO - 
>>> FILIALE TZ
2026-03-17 08:42:53,817 - INFO - 
>>> FILIALE RW
2026-03-17 08:42:53,888 - INFO - 
>>> FILIALE KE
2026-03-17 08:42:53,956 - INFO - 
>>> FILIALE FR
2026-03-17 08:42:54,027 - INFO - 
>>> FILIALE KM
2026-03-17 08:42:54,095 - INFO - 
>>> FILIALE GH
2026-03-17 08:42:54,163 - INFO - 
>>> FILIALE Group
2026-03-17 08:42:54,231 - INFO - 
✨ Processus terminé.
2026-03-17 08:42:55,822 - INFO - progress SN: 200000 rows
2026-03-17 08:43:01,001 - INFO - progress SN: 300000 rows
2026-03-17 08:43:05,647 - INFO - progress SN: 400000 rows
2026-03-17 08:43:09,962 - INFO - done SN: 489641 rows
2026-03-17 08:43:09,962 - WARNING - missing file: scoring_TG.csv
2026-03-17 08:43:09,962 - INFO - DATEREV total: 593592 rows
2026-03-17 08:43:09,964 - INFO - START TAUX_FILIALES
2026-03-17 08:43:09,970 - INFO - done CI: 10 rows
2026-03-17 08:43:09,975 - INFO - done BF: 10 rows
2026-03-17 08:43:09,980 - INFO - done SN: 10 rows
2026-03-17 08:43:09,985 - INFO - done TG: 10 rows
2026-03-17 08:43:09,986 - INFO - END TAUX_FILIALES
2026-03-17 08:43:09,989 - INFO - START TAUX_EVOLUTION
2026-03-17 08:43:09,993 - INFO - done CI: 0 rows
2026-03-17 08:43:09,998 - INFO - done BF: 0 rows
2026-03-17 08:43:10,001 - INFO - done SN: 0 rows
2026-03-17 08:43:10,002 - WARNING - missing file: C:\Users\mamsylla\OneDrive - BANK OF AFRICA(1)\Documents\Projets\2025\Plateforme notatio kyc v2\data\taux_TG.csv
2026-03-17 08:43:10,002 - INFO - END TAUX_EVOLUTION
2026-03-17 08:43:10,002 - INFO - IMPORT DONE
2026-03-23 12:40:37,190 - INFO - Filiales utilisées: ['NE', 'CI', 'TG', 'SN', 'ML', 'BF', 'BJ', 'RDC', 'MR', 'MG', 'UG', 'TZ', 'RW', 'KE', 'FR', 'KM', 'GH', 'Group']
2026-03-23 12:40:37,191 - INFO - CHEMIN_BASE: C:\Fiabilisation KYC\Python\data
2026-03-23 12:40:37,192 - INFO - START ANOMALIES
2026-03-23 12:40:37,192 - WARNING - missing anomalies file: C:\Fiabilisation KYC\Python\data\anomalies_NE.csv
2026-03-23 12:40:37,193 - WARNING - missing anomalies file: C:\Fiabilisation KYC\Python\data\anomalies_CI.csv
2026-03-23 12:40:37,193 - WARNING - missing anomalies file: C:\Fiabilisation KYC\Python\data\anomalies_TG.csv
2026-03-23 12:40:37,193 - WARNING - missing anomalies file: C:\Fiabilisation KYC\Python\data\anomalies_SN.csv
2026-03-23 12:40:37,194 - WARNING - missing anomalies file: C:\Fiabilisation KYC\Python\data\anomalies_ML.csv
2026-03-23 12:40:37,194 - WARNING - missing anomalies file: C:\Fiabilisation KYC\Python\data\anomalies_BF.csv
2026-03-23 12:40:37,194 - WARNING - missing anomalies file: C:\Fiabilisation KYC\Python\data\anomalies_BJ.csv
2026-03-23 12:40:37,195 - WARNING - missing anomalies file: C:\Fiabilisation KYC\Python\data\anomalies_RDC.csv
2026-03-23 12:40:37,195 - WARNING - missing anomalies file: C:\Fiabilisation KYC\Python\data\anomalies_MR.csv
2026-03-23 12:40:37,196 - WARNING - missing anomalies file: C:\Fiabilisation KYC\Python\data\anomalies_MG.csv
2026-03-23 12:40:37,196 - WARNING - missing anomalies file: C:\Fiabilisation KYC\Python\data\anomalies_UG.csv
2026-03-23 12:40:37,197 - WARNING - missing anomalies file: C:\Fiabilisation KYC\Python\data\anomalies_TZ.csv
2026-03-23 12:40:37,197 - WARNING - missing anomalies file: C:\Fiabilisation KYC\Python\data\anomalies_RW.csv
2026-03-23 12:40:37,197 - WARNING - missing anomalies file: C:\Fiabilisation KYC\Python\data\anomalies_KE.csv
2026-03-23 12:40:37,198 - WARNING - missing anomalies file: C:\Fiabilisation KYC\Python\data\anomalies_FR.csv
2026-03-23 12:40:37,198 - WARNING - missing anomalies file: C:\Fiabilisation KYC\Python\data\anomalies_KM.csv
2026-03-23 12:40:37,199 - WARNING - missing anomalies file: C:\Fiabilisation KYC\Python\data\anomalies_GH.csv
2026-03-23 12:40:37,199 - WARNING - missing anomalies file: C:\Fiabilisation KYC\Python\data\anomalies_Group.csv
2026-03-23 12:40:37,200 - INFO - END ANOMALIES
2026-03-23 12:40:37,200 - INFO - START DATEREV
2026-03-23 12:40:37,201 - WARNING - missing file: C:\Fiabilisation KYC\Python\data\scoring_NE.csv
2026-03-23 12:40:37,204 - WARNING - missing file: C:\Fiabilisation KYC\Python\data\scoring_CI.csv
2026-03-23 12:40:37,204 - WARNING - missing file: C:\Fiabilisation KYC\Python\data\scoring_TG.csv
2026-03-23 12:40:37,205 - WARNING - missing file: C:\Fiabilisation KYC\Python\data\scoring_SN.csv
2026-03-23 12:40:37,206 - WARNING - missing file: C:\Fiabilisation KYC\Python\data\scoring_ML.csv
2026-03-23 12:40:37,207 - WARNING - missing file: C:\Fiabilisation KYC\Python\data\scoring_BF.csv
2026-03-23 12:40:37,207 - WARNING - missing file: C:\Fiabilisation KYC\Python\data\scoring_BJ.csv
2026-03-23 12:40:37,209 - WARNING - missing file: C:\Fiabilisation KYC\Python\data\scoring_RDC.csv
2026-03-23 12:40:37,209 - WARNING - missing file: C:\Fiabilisation KYC\Python\data\scoring_MR.csv
2026-03-23 12:40:37,210 - WARNING - missing file: C:\Fiabilisation KYC\Python\data\scoring_MG.csv
2026-03-23 12:40:37,210 - WARNING - missing file: C:\Fiabilisation KYC\Python\data\scoring_UG.csv
2026-03-23 12:40:37,210 - WARNING - missing file: C:\Fiabilisation KYC\Python\data\scoring_TZ.csv
2026-03-23 12:40:37,211 - WARNING - missing file: C:\Fiabilisation KYC\Python\data\scoring_RW.csv
2026-03-23 12:40:37,211 - WARNING - missing file: C:\Fiabilisation KYC\Python\data\scoring_KE.csv
2026-03-23 12:40:37,212 - WARNING - missing file: C:\Fiabilisation KYC\Python\data\scoring_FR.csv
2026-03-23 12:40:37,212 - WARNING - missing file: C:\Fiabilisation KYC\Python\data\scoring_KM.csv
2026-03-23 12:40:37,212 - WARNING - missing file: C:\Fiabilisation KYC\Python\data\scoring_GH.csv
2026-03-23 12:40:37,213 - WARNING - missing file: C:\Fiabilisation KYC\Python\data\scoring_Group.csv
2026-03-23 12:40:37,213 - INFO - DATEREV total: 0 rows
2026-03-23 12:40:37,215 - INFO - START TAUX_FILIALES
2026-03-23 12:40:37,216 - WARNING - missing taux file: C:\Fiabilisation KYC\Python\data\suivi_fiabilisation_NE.csv
2026-03-23 12:40:37,216 - WARNING - missing taux file: C:\Fiabilisation KYC\Python\data\suivi_fiabilisation_CI.csv
2026-03-23 12:40:37,217 - WARNING - missing taux file: C:\Fiabilisation KYC\Python\data\suivi_fiabilisation_TG.csv
2026-03-23 12:40:37,218 - WARNING - missing taux file: C:\Fiabilisation KYC\Python\data\suivi_fiabilisation_SN.csv
2026-03-23 12:40:37,218 - WARNING - missing taux file: C:\Fiabilisation KYC\Python\data\suivi_fiabilisation_ML.csv
2026-03-23 12:40:37,219 - WARNING - missing taux file: C:\Fiabilisation KYC\Python\data\suivi_fiabilisation_BF.csv
2026-03-23 12:40:37,219 - WARNING - missing taux file: C:\Fiabilisation KYC\Python\data\suivi_fiabilisation_BJ.csv
2026-03-23 12:40:37,220 - WARNING - missing taux file: C:\Fiabilisation KYC\Python\data\suivi_fiabilisation_RDC.csv
2026-03-23 12:40:37,220 - WARNING - missing taux file: C:\Fiabilisation KYC\Python\data\suivi_fiabilisation_MR.csv
2026-03-23 12:40:37,220 - WARNING - missing taux file: C:\Fiabilisation KYC\Python\data\suivi_fiabilisation_MG.csv
2026-03-23 12:40:37,221 - WARNING - missing taux file: C:\Fiabilisation KYC\Python\data\suivi_fiabilisation_UG.csv
2026-03-23 12:40:37,221 - WARNING - missing taux file: C:\Fiabilisation KYC\Python\data\suivi_fiabilisation_TZ.csv
2026-03-23 12:40:37,221 - WARNING - missing taux file: C:\Fiabilisation KYC\Python\data\suivi_fiabilisation_RW.csv
2026-03-23 12:40:37,222 - WARNING - missing taux file: C:\Fiabilisation KYC\Python\data\suivi_fiabilisation_KE.csv
2026-03-23 12:40:37,222 - WARNING - missing taux file: C:\Fiabilisation KYC\Python\data\suivi_fiabilisation_FR.csv
2026-03-23 12:40:37,222 - WARNING - missing taux file: C:\Fiabilisation KYC\Python\data\suivi_fiabilisation_KM.csv
2026-03-23 12:40:37,223 - WARNING - missing taux file: C:\Fiabilisation KYC\Python\data\suivi_fiabilisation_GH.csv
2026-03-23 12:40:37,223 - WARNING - missing taux file: C:\Fiabilisation KYC\Python\data\suivi_fiabilisation_Group.csv
2026-03-23 12:40:37,223 - INFO - END TAUX_FILIALES
2026-03-23 12:40:37,224 - INFO - IMPORT DONE
2026-03-23 13:38:52,634 - INFO - Filiales utilisées: ['NE', 'CI', 'TG', 'SN', 'ML', 'BF', 'BJ', 'RDC', 'MR', 'MG', 'UG', 'TZ', 'RW', 'KE', 'FR', 'KM', 'GH', 'Group']
2026-03-23 13:38:52,636 - INFO - CHEMIN_BASE: C:\Fiabilisation KYC\Python\data
2026-03-23 13:38:52,637 - INFO - START ANOMALIES
2026-03-23 13:38:52,644 - WARNING - missing anomalies file: C:\Fiabilisation KYC\Python\data\anomalies_NE.csv
2026-03-23 13:38:52,646 - WARNING - missing anomalies file: C:\Fiabilisation KYC\Python\data\anomalies_CI.csv
2026-03-23 13:38:52,646 - WARNING - missing anomalies file: C:\Fiabilisation KYC\Python\data\anomalies_TG.csv
2026-03-23 13:38:52,648 - WARNING - missing anomalies file: C:\Fiabilisation KYC\Python\data\anomalies_SN.csv
2026-03-23 13:38:52,649 - WARNING - missing anomalies file: C:\Fiabilisation KYC\Python\data\anomalies_ML.csv
2026-03-23 13:38:52,650 - WARNING - missing anomalies file: C:\Fiabilisation KYC\Python\data\anomalies_BF.csv
2026-03-23 13:38:52,651 - WARNING - missing anomalies file: C:\Fiabilisation KYC\Python\data\anomalies_BJ.csv
2026-03-23 13:38:52,655 - WARNING - missing anomalies file: C:\Fiabilisation KYC\Python\data\anomalies_RDC.csv
2026-03-23 13:38:52,659 - WARNING - missing anomalies file: C:\Fiabilisation KYC\Python\data\anomalies_MR.csv
2026-03-23 13:38:52,661 - WARNING - missing anomalies file: C:\Fiabilisation KYC\Python\data\anomalies_MG.csv
2026-03-23 13:38:52,662 - WARNING - missing anomalies file: C:\Fiabilisation KYC\Python\data\anomalies_UG.csv
2026-03-23 13:38:52,663 - WARNING - missing anomalies file: C:\Fiabilisation KYC\Python\data\anomalies_TZ.csv
2026-03-23 13:38:52,664 - WARNING - missing anomalies file: C:\Fiabilisation KYC\Python\data\anomalies_RW.csv
2026-03-23 13:38:52,665 - WARNING - missing anomalies file: C:\Fiabilisation KYC\Python\data\anomalies_KE.csv
2026-03-23 13:38:52,669 - WARNING - missing anomalies file: C:\Fiabilisation KYC\Python\data\anomalies_FR.csv
2026-03-23 13:38:52,673 - WARNING - missing anomalies file: C:\Fiabilisation KYC\Python\data\anomalies_KM.csv
2026-03-23 13:38:52,674 - WARNING - missing anomalies file: C:\Fiabilisation KYC\Python\data\anomalies_GH.csv
2026-03-23 13:38:52,675 - WARNING - missing anomalies file: C:\Fiabilisation KYC\Python\data\anomalies_Group.csv
2026-03-23 13:38:52,676 - INFO - END ANOMALIES
2026-03-23 13:38:52,678 - INFO - START DATEREV
2026-03-23 13:38:52,680 - WARNING - missing file: C:\Fiabilisation KYC\Python\data\scoring_NE.csv
2026-03-23 13:38:52,680 - WARNING - missing file: C:\Fiabilisation KYC\Python\data\scoring_CI.csv
2026-03-23 13:38:52,681 - WARNING - missing file: C:\Fiabilisation KYC\Python\data\scoring_TG.csv
2026-03-23 13:38:52,687 - WARNING - missing file: C:\Fiabilisation KYC\Python\data\scoring_SN.csv
2026-03-23 13:38:52,689 - WARNING - missing file: C:\Fiabilisation KYC\Python\data\scoring_ML.csv
2026-03-23 13:38:52,690 - WARNING - missing file: C:\Fiabilisation KYC\Python\data\scoring_BF.csv
2026-03-23 13:38:52,694 - WARNING - missing file: C:\Fiabilisation KYC\Python\data\scoring_BJ.csv
2026-03-23 13:38:52,700 - WARNING - missing file: C:\Fiabilisation KYC\Python\data\scoring_RDC.csv
2026-03-23 13:38:52,704 - WARNING - missing file: C:\Fiabilisation KYC\Python\data\scoring_MR.csv
2026-03-23 13:38:52,712 - WARNING - missing file: C:\Fiabilisation KYC\Python\data\scoring_MG.csv
2026-03-23 13:38:52,718 - WARNING - missing file: C:\Fiabilisation KYC\Python\data\scoring_UG.csv
2026-03-23 13:38:52,719 - WARNING - missing file: C:\Fiabilisation KYC\Python\data\scoring_TZ.csv
2026-03-23 13:38:52,720 - WARNING - missing file: C:\Fiabilisation KYC\Python\data\scoring_RW.csv
2026-03-23 13:38:52,721 - WARNING - missing file: C:\Fiabilisation KYC\Python\data\scoring_KE.csv
2026-03-23 13:38:52,722 - WARNING - missing file: C:\Fiabilisation KYC\Python\data\scoring_FR.csv
2026-03-23 13:38:52,723 - WARNING - missing file: C:\Fiabilisation KYC\Python\data\scoring_KM.csv
2026-03-23 13:38:52,728 - WARNING - missing file: C:\Fiabilisation KYC\Python\data\scoring_GH.csv
2026-03-23 13:38:52,732 - WARNING - missing file: C:\Fiabilisation KYC\Python\data\scoring_Group.csv
2026-03-23 13:38:52,735 - INFO - DATEREV total: 0 rows
2026-03-23 13:38:52,763 - INFO - START TAUX_FILIALES
2026-03-23 13:38:52,764 - WARNING - missing taux file: C:\Fiabilisation KYC\Python\data\suivi_fiabilisation_NE.csv
2026-03-23 13:38:52,765 - WARNING - missing taux file: C:\Fiabilisation KYC\Python\data\suivi_fiabilisation_CI.csv
2026-03-23 13:38:52,765 - WARNING - missing taux file: C:\Fiabilisation KYC\Python\data\suivi_fiabilisation_TG.csv
2026-03-23 13:38:52,766 - WARNING - missing taux file: C:\Fiabilisation KYC\Python\data\suivi_fiabilisation_SN.csv
2026-03-23 13:38:52,766 - WARNING - missing taux file: C:\Fiabilisation KYC\Python\data\suivi_fiabilisation_ML.csv
2026-03-23 13:38:52,767 - WARNING - missing taux file: C:\Fiabilisation KYC\Python\data\suivi_fiabilisation_BF.csv
2026-03-23 13:38:52,767 - WARNING - missing taux file: C:\Fiabilisation KYC\Python\data\suivi_fiabilisation_BJ.csv
2026-03-23 13:38:52,768 - WARNING - missing taux file: C:\Fiabilisation KYC\Python\data\suivi_fiabilisation_RDC.csv
2026-03-23 13:38:52,768 - WARNING - missing taux file: C:\Fiabilisation KYC\Python\data\suivi_fiabilisation_MR.csv
2026-03-23 13:38:52,769 - WARNING - missing taux file: C:\Fiabilisation KYC\Python\data\suivi_fiabilisation_MG.csv
2026-03-23 13:38:52,770 - WARNING - missing taux file: C:\Fiabilisation KYC\Python\data\suivi_fiabilisation_UG.csv
2026-03-23 13:38:52,770 - WARNING - missing taux file: C:\Fiabilisation KYC\Python\data\suivi_fiabilisation_TZ.csv
2026-03-23 13:38:52,771 - WARNING - missing taux file: C:\Fiabilisation KYC\Python\data\suivi_fiabilisation_RW.csv
2026-03-23 13:38:52,772 - WARNING - missing taux file: C:\Fiabilisation KYC\Python\data\suivi_fiabilisation_KE.csv
2026-03-23 13:38:52,777 - WARNING - missing taux file: C:\Fiabilisation KYC\Python\data\suivi_fiabilisation_FR.csv
2026-03-23 13:38:52,779 - WARNING - missing taux file: C:\Fiabilisation KYC\Python\data\suivi_fiabilisation_KM.csv
2026-03-23 13:38:52,781 - WARNING - missing taux file: C:\Fiabilisation KYC\Python\data\suivi_fiabilisation_GH.csv
2026-03-23 13:38:52,783 - WARNING - missing taux file: C:\Fiabilisation KYC\Python\data\suivi_fiabilisation_Group.csv
2026-03-23 13:38:52,786 - INFO - END TAUX_FILIALES
2026-03-23 13:38:52,787 - INFO - IMPORT DONE
2026-03-23 13:40:33,147 - INFO - Filiales utilisées: ['NE', 'CI', 'TG', 'SN', 'ML', 'BF', 'BJ', 'RDC', 'MR', 'MG', 'UG', 'TZ', 'RW', 'KE', 'FR', 'KM', 'GH', 'Group']
2026-03-23 13:40:33,168 - INFO - CHEMIN_BASE: C:\Users\mamsylla\OneDrive - BANK OF AFRICA(1)\Documents\Projets\2025\Plateforme notatio kyc v2\data
2026-03-23 13:40:33,180 - INFO - START ANOMALIES
2026-03-23 13:40:33,184 - WARNING - missing anomalies file: C:\Users\mamsylla\OneDrive - BANK OF AFRICA(1)\Documents\Projets\2025\Plateforme notatio kyc v2\data\anomalies_NE.csv
2026-03-23 13:40:33,228 - INFO - cleaned 0 rows for BOA CI
2026-03-23 13:40:33,252 - ERROR - missing required columns for CI: ['PPE']
2026-03-23 13:40:33,257 - WARNING - missing anomalies file: C:\Users\mamsylla\OneDrive - BANK OF AFRICA(1)\Documents\Projets\2025\Plateforme notatio kyc v2\data\anomalies_TG.csv
2026-03-23 13:40:33,264 - INFO - cleaned 0 rows for BOA SN
2026-03-23 13:40:33,277 - ERROR - missing required columns for SN: ['PPE']
2026-03-23 13:40:33,277 - WARNING - missing anomalies file: C:\Users\mamsylla\OneDrive - BANK OF AFRICA(1)\Documents\Projets\2025\Plateforme notatio kyc v2\data\anomalies_ML.csv
2026-03-23 13:40:33,297 - INFO - cleaned 4303 rows for BOA BF
2026-03-23 13:40:33,305 - WARNING - missing optional column LIB_AGENCE for BF
2026-03-23 13:40:33,702 - INFO - done BF: 4303 rows
2026-03-23 13:40:33,702 - WARNING - missing anomalies file: C:\Users\mamsylla\OneDrive - BANK OF AFRICA(1)\Documents\Projets\2025\Plateforme notatio kyc v2\data\anomalies_BJ.csv
2026-03-23 13:40:33,703 - WARNING - missing anomalies file: C:\Users\mamsylla\OneDrive - BANK OF AFRICA(1)\Documents\Projets\2025\Plateforme notatio kyc v2\data\anomalies_RDC.csv
2026-03-23 13:40:33,703 - WARNING - missing anomalies file: C:\Users\mamsylla\OneDrive - BANK OF AFRICA(1)\Documents\Projets\2025\Plateforme notatio kyc v2\data\anomalies_MR.csv
2026-03-23 13:40:33,704 - WARNING - missing anomalies file: C:\Users\mamsylla\OneDrive - BANK OF AFRICA(1)\Documents\Projets\2025\Plateforme notatio kyc v2\data\anomalies_MG.csv
2026-03-23 13:40:33,704 - WARNING - missing anomalies file: C:\Users\mamsylla\OneDrive - BANK OF AFRICA(1)\Documents\Projets\2025\Plateforme notatio kyc v2\data\anomalies_UG.csv
2026-03-23 13:40:33,704 - WARNING - missing anomalies file: C:\Users\mamsylla\OneDrive - BANK OF AFRICA(1)\Documents\Projets\2025\Plateforme notatio kyc v2\data\anomalies_TZ.csv
2026-03-23 13:40:33,705 - WARNING - missing anomalies file: C:\Users\mamsylla\OneDrive - BANK OF AFRICA(1)\Documents\Projets\2025\Plateforme notatio kyc v2\data\anomalies_RW.csv
2026-03-23 13:40:33,705 - WARNING - missing anomalies file: C:\Users\mamsylla\OneDrive - BANK OF AFRICA(1)\Documents\Projets\2025\Plateforme notatio kyc v2\data\anomalies_KE.csv
2026-03-23 13:40:33,705 - WARNING - missing anomalies file: C:\Users\mamsylla\OneDrive - BANK OF AFRICA(1)\Documents\Projets\2025\Plateforme notatio kyc v2\data\anomalies_FR.csv
2026-03-23 13:40:33,705 - WARNING - missing anomalies file: C:\Users\mamsylla\OneDrive - BANK OF AFRICA(1)\Documents\Projets\2025\Plateforme notatio kyc v2\data\anomalies_KM.csv
2026-03-23 13:40:33,706 - WARNING - missing anomalies file: C:\Users\mamsylla\OneDrive - BANK OF AFRICA(1)\Documents\Projets\2025\Plateforme notatio kyc v2\data\anomalies_GH.csv
2026-03-23 13:40:33,706 - WARNING - missing anomalies file: C:\Users\mamsylla\OneDrive - BANK OF AFRICA(1)\Documents\Projets\2025\Plateforme notatio kyc v2\data\anomalies_Group.csv
2026-03-23 13:40:33,706 - INFO - END ANOMALIES
2026-03-23 13:40:33,708 - INFO - START DATEREV
2026-03-23 13:40:33,710 - WARNING - missing file: C:\Users\mamsylla\OneDrive - BANK OF AFRICA(1)\Documents\Projets\2025\Plateforme notatio kyc v2\data\scoring_NE.csv
2026-03-23 13:40:33,877 - INFO - cleaned 154 rows for BOA CI
2026-03-23 13:40:33,898 - INFO - done CI: 154 rows
2026-03-23 13:40:33,899 - WARNING - missing file: C:\Users\mamsylla\OneDrive - BANK OF AFRICA(1)\Documents\Projets\2025\Plateforme notatio kyc v2\data\scoring_TG.csv
2026-03-23 13:40:34,498 - INFO - cleaned 489641 rows for BOA SN
2026-03-23 13:40:45,907 - INFO - progress SN: 100000 rows
2026-03-23 13:40:56,195 - INFO - progress SN: 200000 rows
2026-03-23 13:41:12,044 - INFO - progress SN: 300000 rows
2026-03-23 13:41:26,024 - INFO - progress SN: 400000 rows
2026-03-23 13:41:39,009 - INFO - done SN: 489641 rows
2026-03-23 13:41:39,010 - WARNING - missing file: C:\Users\mamsylla\OneDrive - BANK OF AFRICA(1)\Documents\Projets\2025\Plateforme notatio kyc v2\data\scoring_ML.csv
2026-03-23 13:41:39,556 - INFO - cleaned 103797 rows for BOA BF
2026-03-23 13:41:51,750 - INFO - progress BF: 100000 rows
2026-03-23 13:41:52,124 - INFO - done BF: 103797 rows
2026-03-23 13:41:52,124 - WARNING - missing file: C:\Users\mamsylla\OneDrive - BANK OF AFRICA(1)\Documents\Projets\2025\Plateforme notatio kyc v2\data\scoring_BJ.csv
2026-03-23 13:41:52,125 - WARNING - missing file: C:\Users\mamsylla\OneDrive - BANK OF AFRICA(1)\Documents\Projets\2025\Plateforme notatio kyc v2\data\scoring_RDC.csv
2026-03-23 13:41:52,126 - WARNING - missing file: C:\Users\mamsylla\OneDrive - BANK OF AFRICA(1)\Documents\Projets\2025\Plateforme notatio kyc v2\data\scoring_MR.csv
2026-03-23 13:41:52,126 - WARNING - missing file: C:\Users\mamsylla\OneDrive - BANK OF AFRICA(1)\Documents\Projets\2025\Plateforme notatio kyc v2\data\scoring_MG.csv
2026-03-23 13:41:52,191 - WARNING - missing file: C:\Users\mamsylla\OneDrive - BANK OF AFRICA(1)\Documents\Projets\2025\Plateforme notatio kyc v2\data\scoring_UG.csv
2026-03-23 13:41:52,194 - WARNING - missing file: C:\Users\mamsylla\OneDrive - BANK OF AFRICA(1)\Documents\Projets\2025\Plateforme notatio kyc v2\data\scoring_TZ.csv
2026-03-23 13:41:52,195 - WARNING - missing file: C:\Users\mamsylla\OneDrive - BANK OF AFRICA(1)\Documents\Projets\2025\Plateforme notatio kyc v2\data\scoring_RW.csv
2026-03-23 13:41:52,195 - WARNING - missing file: C:\Users\mamsylla\OneDrive - BANK OF AFRICA(1)\Documents\Projets\2025\Plateforme notatio kyc v2\data\scoring_KE.csv
2026-03-23 13:41:52,196 - WARNING - missing file: C:\Users\mamsylla\OneDrive - BANK OF AFRICA(1)\Documents\Projets\2025\Plateforme notatio kyc v2\data\scoring_FR.csv
2026-03-23 13:41:52,196 - WARNING - missing file: C:\Users\mamsylla\OneDrive - BANK OF AFRICA(1)\Documents\Projets\2025\Plateforme notatio kyc v2\data\scoring_KM.csv
2026-03-23 13:41:52,197 - WARNING - missing file: C:\Users\mamsylla\OneDrive - BANK OF AFRICA(1)\Documents\Projets\2025\Plateforme notatio kyc v2\data\scoring_GH.csv
2026-03-23 13:41:52,197 - WARNING - missing file: C:\Users\mamsylla\OneDrive - BANK OF AFRICA(1)\Documents\Projets\2025\Plateforme notatio kyc v2\data\scoring_Group.csv
2026-03-23 13:41:52,198 - INFO - DATEREV total: 593592 rows
2026-03-23 13:41:52,200 - INFO - START TAUX_FILIALES
2026-03-23 13:41:52,220 - ERROR - row error: TauxEvolution_filiale() got unexpected keyword arguments: 'flux_pm', 'flux_pp', 'stock_pm', 'stock_pp'
2026-03-23 13:41:52,221 - ERROR - row error: TauxEvolution_filiale() got unexpected keyword arguments: 'flux_pm', 'flux_pp', 'stock_pm', 'stock_pp'
2026-03-23 13:41:52,221 - ERROR - row error: TauxEvolution_filiale() got unexpected keyword arguments: 'flux_pm', 'flux_pp', 'stock_pm', 'stock_pp'
2026-03-23 13:41:52,224 - ERROR - row error: TauxEvolution_filiale() got unexpected keyword arguments: 'flux_pm', 'flux_pp', 'stock_pm', 'stock_pp'
2026-03-23 13:41:52,226 - ERROR - row error: TauxEvolution_filiale() got unexpected keyword arguments: 'flux_pm', 'flux_pp', 'stock_pm', 'stock_pp'
2026-03-23 13:41:52,226 - ERROR - row error: TauxEvolution_filiale() got unexpected keyword arguments: 'flux_pm', 'flux_pp', 'stock_pm', 'stock_pp'
2026-03-23 13:41:52,229 - ERROR - row error: TauxEvolution_filiale() got unexpected keyword arguments: 'flux_pm', 'flux_pp', 'stock_pm', 'stock_pp'
2026-03-23 13:41:52,229 - ERROR - row error: TauxEvolution_filiale() got unexpected keyword arguments: 'flux_pm', 'flux_pp', 'stock_pm', 'stock_pp'
2026-03-23 13:41:52,229 - ERROR - row error: TauxEvolution_filiale() got unexpected keyword arguments: 'flux_pm', 'flux_pp', 'stock_pm', 'stock_pp'
2026-03-23 13:41:52,230 - ERROR - row error: TauxEvolution_filiale() got unexpected keyword arguments: 'flux_pm', 'flux_pp', 'stock_pm', 'stock_pp'
2026-03-23 13:41:52,230 - INFO - NE: 0 rows imported
2026-03-23 13:41:52,237 - ERROR - row error: TauxEvolution_filiale() got unexpected keyword arguments: 'flux_pm', 'flux_pp', 'stock_pm', 'stock_pp'
2026-03-23 13:41:52,237 - ERROR - row error: TauxEvolution_filiale() got unexpected keyword arguments: 'flux_pm', 'flux_pp', 'stock_pm', 'stock_pp'
2026-03-23 13:41:52,239 - ERROR - row error: TauxEvolution_filiale() got unexpected keyword arguments: 'flux_pm', 'flux_pp', 'stock_pm', 'stock_pp'
2026-03-23 13:41:52,243 - ERROR - row error: TauxEvolution_filiale() got unexpected keyword arguments: 'flux_pm', 'flux_pp', 'stock_pm', 'stock_pp'
2026-03-23 13:41:52,244 - ERROR - row error: TauxEvolution_filiale() got unexpected keyword arguments: 'flux_pm', 'flux_pp', 'stock_pm', 'stock_pp'
2026-03-23 13:41:52,244 - ERROR - row error: TauxEvolution_filiale() got unexpected keyword arguments: 'flux_pm', 'flux_pp', 'stock_pm', 'stock_pp'
2026-03-23 13:41:52,245 - ERROR - row error: TauxEvolution_filiale() got unexpected keyword arguments: 'flux_pm', 'flux_pp', 'stock_pm', 'stock_pp'
2026-03-23 13:41:52,245 - ERROR - row error: TauxEvolution_filiale() got unexpected keyword arguments: 'flux_pm', 'flux_pp', 'stock_pm', 'stock_pp'
2026-03-23 13:41:52,246 - ERROR - row error: TauxEvolution_filiale() got unexpected keyword arguments: 'flux_pm', 'flux_pp', 'stock_pm', 'stock_pp'
2026-03-23 13:41:52,246 - ERROR - row error: TauxEvolution_filiale() got unexpected keyword arguments: 'flux_pm', 'flux_pp', 'stock_pm', 'stock_pp'
2026-03-23 13:41:52,247 - INFO - CI: 0 rows imported
2026-03-23 13:41:52,251 - ERROR - row error: TauxEvolution_filiale() got unexpected keyword arguments: 'flux_pm', 'flux_pp', 'stock_pm', 'stock_pp'
2026-03-23 13:41:52,252 - ERROR - row error: TauxEvolution_filiale() got unexpected keyword arguments: 'flux_pm', 'flux_pp', 'stock_pm', 'stock_pp'
2026-03-23 13:41:52,252 - ERROR - row error: TauxEvolution_filiale() got unexpected keyword arguments: 'flux_pm', 'flux_pp', 'stock_pm', 'stock_pp'
2026-03-23 13:41:52,253 - ERROR - row error: TauxEvolution_filiale() got unexpected keyword arguments: 'flux_pm', 'flux_pp', 'stock_pm', 'stock_pp'
2026-03-23 13:41:52,253 - ERROR - row error: TauxEvolution_filiale() got unexpected keyword arguments: 'flux_pm', 'flux_pp', 'stock_pm', 'stock_pp'
2026-03-23 13:41:52,254 - ERROR - row error: TauxEvolution_filiale() got unexpected keyword arguments: 'flux_pm', 'flux_pp', 'stock_pm', 'stock_pp'
2026-03-23 13:41:52,255 - ERROR - row error: TauxEvolution_filiale() got unexpected keyword arguments: 'flux_pm', 'flux_pp', 'stock_pm', 'stock_pp'
2026-03-23 13:41:52,255 - ERROR - row error: TauxEvolution_filiale() got unexpected keyword arguments: 'flux_pm', 'flux_pp', 'stock_pm', 'stock_pp'
2026-03-23 13:41:52,256 - ERROR - row error: TauxEvolution_filiale() got unexpected keyword arguments: 'flux_pm', 'flux_pp', 'stock_pm', 'stock_pp'
2026-03-23 13:41:52,256 - ERROR - row error: TauxEvolution_filiale() got unexpected keyword arguments: 'flux_pm', 'flux_pp', 'stock_pm', 'stock_pp'
2026-03-23 13:41:52,257 - INFO - TG: 0 rows imported
2026-03-23 13:41:52,269 - ERROR - row error: TauxEvolution_filiale() got unexpected keyword arguments: 'flux_pm', 'flux_pp', 'stock_pm', 'stock_pp'
2026-03-23 13:41:52,270 - ERROR - row error: TauxEvolution_filiale() got unexpected keyword arguments: 'flux_pm', 'flux_pp', 'stock_pm', 'stock_pp'
2026-03-23 13:41:52,270 - ERROR - row error: TauxEvolution_filiale() got unexpected keyword arguments: 'flux_pm', 'flux_pp', 'stock_pm', 'stock_pp'
2026-03-23 13:41:52,271 - ERROR - row error: TauxEvolution_filiale() got unexpected keyword arguments: 'flux_pm', 'flux_pp', 'stock_pm', 'stock_pp'
2026-03-23 13:41:52,271 - ERROR - row error: TauxEvolution_filiale() got unexpected keyword arguments: 'flux_pm', 'flux_pp', 'stock_pm', 'stock_pp'
2026-03-23 13:41:52,272 - ERROR - row error: TauxEvolution_filiale() got unexpected keyword arguments: 'flux_pm', 'flux_pp', 'stock_pm', 'stock_pp'
2026-03-23 13:41:52,273 - ERROR - row error: TauxEvolution_filiale() got unexpected keyword arguments: 'flux_pm', 'flux_pp', 'stock_pm', 'stock_pp'
2026-03-23 13:41:52,274 - ERROR - row error: TauxEvolution_filiale() got unexpected keyword arguments: 'flux_pm', 'flux_pp', 'stock_pm', 'stock_pp'
2026-03-23 13:41:52,279 - ERROR - row error: TauxEvolution_filiale() got unexpected keyword arguments: 'flux_pm', 'flux_pp', 'stock_pm', 'stock_pp'
2026-03-23 13:41:52,280 - ERROR - row error: TauxEvolution_filiale() got unexpected keyword arguments: 'flux_pm', 'flux_pp', 'stock_pm', 'stock_pp'
2026-03-23 13:41:52,281 - INFO - SN: 0 rows imported
2026-03-23 13:41:52,281 - WARNING - missing taux file: C:\Users\mamsylla\OneDrive - BANK OF AFRICA(1)\Documents\Projets\2025\Plateforme notatio kyc v2\data\suivi_fiabilisation_ML.csv
2026-03-23 13:41:52,285 - ERROR - row error: TauxEvolution_filiale() got unexpected keyword arguments: 'flux_pm', 'flux_pp', 'stock_pm', 'stock_pp'
2026-03-23 13:41:52,287 - ERROR - row error: TauxEvolution_filiale() got unexpected keyword arguments: 'flux_pm', 'flux_pp', 'stock_pm', 'stock_pp'
2026-03-23 13:41:52,287 - ERROR - row error: TauxEvolution_filiale() got unexpected keyword arguments: 'flux_pm', 'flux_pp', 'stock_pm', 'stock_pp'
2026-03-23 13:41:52,288 - ERROR - row error: TauxEvolution_filiale() got unexpected keyword arguments: 'flux_pm', 'flux_pp', 'stock_pm', 'stock_pp'
2026-03-23 13:41:52,288 - ERROR - row error: TauxEvolution_filiale() got unexpected keyword arguments: 'flux_pm', 'flux_pp', 'stock_pm', 'stock_pp'
2026-03-23 13:41:52,289 - ERROR - row error: TauxEvolution_filiale() got unexpected keyword arguments: 'flux_pm', 'flux_pp', 'stock_pm', 'stock_pp'
2026-03-23 13:41:52,289 - ERROR - row error: TauxEvolution_filiale() got unexpected keyword arguments: 'flux_pm', 'flux_pp', 'stock_pm', 'stock_pp'
2026-03-23 13:41:52,290 - ERROR - row error: TauxEvolution_filiale() got unexpected keyword arguments: 'flux_pm', 'flux_pp', 'stock_pm', 'stock_pp'
2026-03-23 13:41:52,290 - ERROR - row error: TauxEvolution_filiale() got unexpected keyword arguments: 'flux_pm', 'flux_pp', 'stock_pm', 'stock_pp'
2026-03-23 13:41:52,291 - ERROR - row error: TauxEvolution_filiale() got unexpected keyword arguments: 'flux_pm', 'flux_pp', 'stock_pm', 'stock_pp'
2026-03-23 13:41:52,295 - INFO - BF: 0 rows imported
2026-03-23 13:41:52,295 - WARNING - missing taux file: C:\Users\mamsylla\OneDrive - BANK OF AFRICA(1)\Documents\Projets\2025\Plateforme notatio kyc v2\data\suivi_fiabilisation_BJ.csv
2026-03-23 13:41:52,296 - WARNING - missing taux file: C:\Users\mamsylla\OneDrive - BANK OF AFRICA(1)\Documents\Projets\2025\Plateforme notatio kyc v2\data\suivi_fiabilisation_RDC.csv
2026-03-23 13:41:52,296 - WARNING - missing taux file: C:\Users\mamsylla\OneDrive - BANK OF AFRICA(1)\Documents\Projets\2025\Plateforme notatio kyc v2\data\suivi_fiabilisation_MR.csv
2026-03-23 13:41:52,297 - WARNING - missing taux file: C:\Users\mamsylla\OneDrive - BANK OF AFRICA(1)\Documents\Projets\2025\Plateforme notatio kyc v2\data\suivi_fiabilisation_MG.csv
2026-03-23 13:41:52,298 - WARNING - missing taux file: C:\Users\mamsylla\OneDrive - BANK OF AFRICA(1)\Documents\Projets\2025\Plateforme notatio kyc v2\data\suivi_fiabilisation_UG.csv
2026-03-23 13:41:52,298 - WARNING - missing taux file: C:\Users\mamsylla\OneDrive - BANK OF AFRICA(1)\Documents\Projets\2025\Plateforme notatio kyc v2\data\suivi_fiabilisation_TZ.csv
2026-03-23 13:41:52,298 - WARNING - missing taux file: C:\Users\mamsylla\OneDrive - BANK OF AFRICA(1)\Documents\Projets\2025\Plateforme notatio kyc v2\data\suivi_fiabilisation_RW.csv
2026-03-23 13:41:52,299 - WARNING - missing taux file: C:\Users\mamsylla\OneDrive - BANK OF AFRICA(1)\Documents\Projets\2025\Plateforme notatio kyc v2\data\suivi_fiabilisation_KE.csv
2026-03-23 13:41:52,299 - WARNING - missing taux file: C:\Users\mamsylla\OneDrive - BANK OF AFRICA(1)\Documents\Projets\2025\Plateforme notatio kyc v2\data\suivi_fiabilisation_FR.csv
2026-03-23 13:41:52,300 - WARNING - missing taux file: C:\Users\mamsylla\OneDrive - BANK OF AFRICA(1)\Documents\Projets\2025\Plateforme notatio kyc v2\data\suivi_fiabilisation_KM.csv
2026-03-23 13:41:52,300 - WARNING - missing taux file: C:\Users\mamsylla\OneDrive - BANK OF AFRICA(1)\Documents\Projets\2025\Plateforme notatio kyc v2\data\suivi_fiabilisation_GH.csv
2026-03-23 13:41:52,301 - WARNING - missing taux file: C:\Users\mamsylla\OneDrive - BANK OF AFRICA(1)\Documents\Projets\2025\Plateforme notatio kyc v2\data\suivi_fiabilisation_Group.csv
2026-03-23 13:41:52,301 - INFO - END TAUX_FILIALES
2026-03-23 13:41:52,305 - INFO - IMPORT DONE
2026-03-23 13:51:51,110 - INFO - Filiales utilisées: ['NE', 'CI', 'TG', 'SN', 'ML', 'BF', 'BJ', 'RDC', 'MR', 'MG', 'UG', 'TZ', 'RW', 'KE', 'FR', 'KM', 'GH', 'Group']
2026-03-23 13:51:51,111 - INFO - CHEMIN_BASE: C:\Users\mamsylla\OneDrive - BANK OF AFRICA(1)\Documents\Projets\2025\Plateforme notatio kyc v2\data
2026-03-23 13:51:51,112 - INFO - START TAUX_FILIALES
2026-03-23 13:51:51,121 - ERROR - no DATE column detected for NE
2026-03-23 13:51:51,123 - ERROR - no DATE column detected for CI
2026-03-23 13:51:51,125 - ERROR - no DATE column detected for TG
2026-03-23 13:51:51,127 - ERROR - no DATE column detected for SN
2026-03-23 13:51:51,128 - WARNING - missing taux file: C:\Users\mamsylla\OneDrive - BANK OF AFRICA(1)\Documents\Projets\2025\Plateforme notatio kyc v2\data\suivi_fiabilisation_ML.csv
2026-03-23 13:51:51,130 - ERROR - no DATE column detected for BF
2026-03-23 13:51:51,131 - WARNING - missing taux file: C:\Users\mamsylla\OneDrive - BANK OF AFRICA(1)\Documents\Projets\2025\Plateforme notatio kyc v2\data\suivi_fiabilisation_BJ.csv
2026-03-23 13:51:51,131 - WARNING - missing taux file: C:\Users\mamsylla\OneDrive - BANK OF AFRICA(1)\Documents\Projets\2025\Plateforme notatio kyc v2\data\suivi_fiabilisation_RDC.csv
2026-03-23 13:51:51,132 - WARNING - missing taux file: C:\Users\mamsylla\OneDrive - BANK OF AFRICA(1)\Documents\Projets\2025\Plateforme notatio kyc v2\data\suivi_fiabilisation_MR.csv
2026-03-23 13:51:51,133 - WARNING - missing taux file: C:\Users\mamsylla\OneDrive - BANK OF AFRICA(1)\Documents\Projets\2025\Plateforme notatio kyc v2\data\suivi_fiabilisation_MG.csv
2026-03-23 13:51:51,134 - WARNING - missing taux file: C:\Users\mamsylla\OneDrive - BANK OF AFRICA(1)\Documents\Projets\2025\Plateforme notatio kyc v2\data\suivi_fiabilisation_UG.csv
2026-03-23 13:51:51,134 - WARNING - missing taux file: C:\Users\mamsylla\OneDrive - BANK OF AFRICA(1)\Documents\Projets\2025\Plateforme notatio kyc v2\data\suivi_fiabilisation_TZ.csv
2026-03-23 13:51:51,134 - WARNING - missing taux file: C:\Users\mamsylla\OneDrive - BANK OF AFRICA(1)\Documents\Projets\2025\Plateforme notatio kyc v2\data\suivi_fiabilisation_RW.csv
2026-03-23 13:51:51,135 - WARNING - missing taux file: C:\Users\mamsylla\OneDrive - BANK OF AFRICA(1)\Documents\Projets\2025\Plateforme notatio kyc v2\data\suivi_fiabilisation_KE.csv
2026-03-23 13:51:51,135 - WARNING - missing taux file: C:\Users\mamsylla\OneDrive - BANK OF AFRICA(1)\Documents\Projets\2025\Plateforme notatio kyc v2\data\suivi_fiabilisation_FR.csv
2026-03-23 13:51:51,136 - WARNING - missing taux file: C:\Users\mamsylla\OneDrive - BANK OF AFRICA(1)\Documents\Projets\2025\Plateforme notatio kyc v2\data\suivi_fiabilisation_KM.csv
2026-03-23 13:51:51,136 - WARNING - missing taux file: C:\Users\mamsylla\OneDrive - BANK OF AFRICA(1)\Documents\Projets\2025\Plateforme notatio kyc v2\data\suivi_fiabilisation_GH.csv
2026-03-23 13:51:51,137 - WARNING - missing taux file: C:\Users\mamsylla\OneDrive - BANK OF AFRICA(1)\Documents\Projets\2025\Plateforme notatio kyc v2\data\suivi_fiabilisation_Group.csv
2026-03-23 13:51:51,137 - INFO - END TAUX_FILIALES
2026-03-23 13:51:51,137 - INFO - IMPORT DONE
2026-03-23 13:53:31,971 - INFO - Filiales utilisées: ['NE', 'CI', 'TG', 'SN', 'ML', 'BF', 'BJ', 'RDC', 'MR', 'MG', 'UG', 'TZ', 'RW', 'KE', 'FR', 'KM', 'GH', 'Group']
2026-03-23 13:53:31,972 - INFO - CHEMIN_BASE: C:\Users\mamsylla\OneDrive - BANK OF AFRICA(1)\Documents\Projets\2025\Plateforme notatio kyc v2\data
2026-03-23 13:53:31,973 - INFO - START TAUX_FILIALES
2026-03-23 13:53:31,979 - ERROR - no Date column detected for NE
2026-03-23 13:53:31,983 - ERROR - no Date column detected for CI
2026-03-23 13:53:31,985 - ERROR - no Date column detected for TG
2026-03-23 13:53:31,987 - ERROR - no Date column detected for SN
2026-03-23 13:53:31,987 - WARNING - missing taux file: C:\Users\mamsylla\OneDrive - BANK OF AFRICA(1)\Documents\Projets\2025\Plateforme notatio kyc v2\data\suivi_fiabilisation_ML.csv
2026-03-23 13:53:31,989 - ERROR - no Date column detected for BF
2026-03-23 13:53:31,990 - WARNING - missing taux file: C:\Users\mamsylla\OneDrive - BANK OF AFRICA(1)\Documents\Projets\2025\Plateforme notatio kyc v2\data\suivi_fiabilisation_BJ.csv
2026-03-23 13:53:31,990 - WARNING - missing taux file: C:\Users\mamsylla\OneDrive - BANK OF AFRICA(1)\Documents\Projets\2025\Plateforme notatio kyc v2\data\suivi_fiabilisation_RDC.csv
2026-03-23 13:53:31,991 - WARNING - missing taux file: C:\Users\mamsylla\OneDrive - BANK OF AFRICA(1)\Documents\Projets\2025\Plateforme notatio kyc v2\data\suivi_fiabilisation_MR.csv
2026-03-23 13:53:31,991 - WARNING - missing taux file: C:\Users\mamsylla\OneDrive - BANK OF AFRICA(1)\Documents\Projets\2025\Plateforme notatio kyc v2\data\suivi_fiabilisation_MG.csv
2026-03-23 13:53:31,992 - WARNING - missing taux file: C:\Users\mamsylla\OneDrive - BANK OF AFRICA(1)\Documents\Projets\2025\Plateforme notatio kyc v2\data\suivi_fiabilisation_UG.csv
2026-03-23 13:53:31,993 - WARNING - missing taux file: C:\Users\mamsylla\OneDrive - BANK OF AFRICA(1)\Documents\Projets\2025\Plateforme notatio kyc v2\data\suivi_fiabilisation_TZ.csv
2026-03-23 13:53:31,994 - WARNING - missing taux file: C:\Users\mamsylla\OneDrive - BANK OF AFRICA(1)\Documents\Projets\2025\Plateforme notatio kyc v2\data\suivi_fiabilisation_RW.csv
2026-03-23 13:53:31,994 - WARNING - missing taux file: C:\Users\mamsylla\OneDrive - BANK OF AFRICA(1)\Documents\Projets\2025\Plateforme notatio kyc v2\data\suivi_fiabilisation_KE.csv
2026-03-23 13:53:31,994 - WARNING - missing taux file: C:\Users\mamsylla\OneDrive - BANK OF AFRICA(1)\Documents\Projets\2025\Plateforme notatio kyc v2\data\suivi_fiabilisation_FR.csv
2026-03-23 13:53:31,995 - WARNING - missing taux file: C:\Users\mamsylla\OneDrive - BANK OF AFRICA(1)\Documents\Projets\2025\Plateforme notatio kyc v2\data\suivi_fiabilisation_KM.csv
2026-03-23 13:53:31,995 - WARNING - missing taux file: C:\Users\mamsylla\OneDrive - BANK OF AFRICA(1)\Documents\Projets\2025\Plateforme notatio kyc v2\data\suivi_fiabilisation_GH.csv
2026-03-23 13:53:31,996 - WARNING - missing taux file: C:\Users\mamsylla\OneDrive - BANK OF AFRICA(1)\Documents\Projets\2025\Plateforme notatio kyc v2\data\suivi_fiabilisation_Group.csv
2026-03-23 13:53:31,996 - INFO - END TAUX_FILIALES
2026-03-23 13:53:31,997 - INFO - IMPORT DONE
2026-03-23 13:55:52,477 - INFO - Filiales utilisées: ['NE', 'CI', 'TG', 'SN', 'ML', 'BF', 'BJ', 'RDC', 'MR', 'MG', 'UG', 'TZ', 'RW', 'KE', 'FR', 'KM', 'GH', 'Group']
2026-03-23 13:55:52,478 - INFO - CHEMIN_BASE: C:\Users\mamsylla\OneDrive - BANK OF AFRICA(1)\Documents\Projets\2025\Plateforme notatio kyc v2\data
2026-03-23 13:55:52,482 - INFO - START TAUX_FILIALES
2026-03-23 13:55:52,521 - INFO - NE: 10 rows imported
2026-03-23 13:55:52,534 - INFO - CI: 10 rows imported
2026-03-23 13:55:52,557 - INFO - TG: 10 rows imported
2026-03-23 13:55:52,591 - INFO - SN: 10 rows imported
2026-03-23 13:55:52,592 - WARNING - missing taux file: C:\Users\mamsylla\OneDrive - BANK OF AFRICA(1)\Documents\Projets\2025\Plateforme notatio kyc v2\data\suivi_fiabilisation_ML.csv
2026-03-23 13:55:52,596 - INFO - BF: 10 rows imported
2026-03-23 13:55:52,596 - WARNING - missing taux file: C:\Users\mamsylla\OneDrive - BANK OF AFRICA(1)\Documents\Projets\2025\Plateforme notatio kyc v2\data\suivi_fiabilisation_BJ.csv
2026-03-23 13:55:52,597 - WARNING - missing taux file: C:\Users\mamsylla\OneDrive - BANK OF AFRICA(1)\Documents\Projets\2025\Plateforme notatio kyc v2\data\suivi_fiabilisation_RDC.csv
2026-03-23 13:55:52,597 - WARNING - missing taux file: C:\Users\mamsylla\OneDrive - BANK OF AFRICA(1)\Documents\Projets\2025\Plateforme notatio kyc v2\data\suivi_fiabilisation_MR.csv
2026-03-23 13:55:52,601 - WARNING - missing taux file: C:\Users\mamsylla\OneDrive - BANK OF AFRICA(1)\Documents\Projets\2025\Plateforme notatio kyc v2\data\suivi_fiabilisation_MG.csv
2026-03-23 13:55:52,602 - WARNING - missing taux file: C:\Users\mamsylla\OneDrive - BANK OF AFRICA(1)\Documents\Projets\2025\Plateforme notatio kyc v2\data\suivi_fiabilisation_UG.csv
2026-03-23 13:55:52,602 - WARNING - missing taux file: C:\Users\mamsylla\OneDrive - BANK OF AFRICA(1)\Documents\Projets\2025\Plateforme notatio kyc v2\data\suivi_fiabilisation_TZ.csv
2026-03-23 13:55:52,603 - WARNING - missing taux file: C:\Users\mamsylla\OneDrive - BANK OF AFRICA(1)\Documents\Projets\2025\Plateforme notatio kyc v2\data\suivi_fiabilisation_RW.csv
2026-03-23 13:55:52,603 - WARNING - missing taux file: C:\Users\mamsylla\OneDrive - BANK OF AFRICA(1)\Documents\Projets\2025\Plateforme notatio kyc v2\data\suivi_fiabilisation_KE.csv
2026-03-23 13:55:52,603 - WARNING - missing taux file: C:\Users\mamsylla\OneDrive - BANK OF AFRICA(1)\Documents\Projets\2025\Plateforme notatio kyc v2\data\suivi_fiabilisation_FR.csv
2026-03-23 13:55:52,604 - WARNING - missing taux file: C:\Users\mamsylla\OneDrive - BANK OF AFRICA(1)\Documents\Projets\2025\Plateforme notatio kyc v2\data\suivi_fiabilisation_KM.csv
2026-03-23 13:55:52,605 - WARNING - missing taux file: C:\Users\mamsylla\OneDrive - BANK OF AFRICA(1)\Documents\Projets\2025\Plateforme notatio kyc v2\data\suivi_fiabilisation_GH.csv
2026-03-23 13:55:52,605 - WARNING - missing taux file: C:\Users\mamsylla\OneDrive - BANK OF AFRICA(1)\Documents\Projets\2025\Plateforme notatio kyc v2\data\suivi_fiabilisation_Group.csv
2026-03-23 13:55:52,605 - INFO - END TAUX_FILIALES
2026-03-23 13:55:52,609 - INFO - IMPORT DONE
2026-03-23 13:57:38,771 - INFO - Filiales utilisées: ['NE', 'CI', 'TG', 'SN', 'ML', 'BF', 'BJ', 'RDC', 'MR', 'MG', 'UG', 'TZ', 'RW', 'KE', 'FR', 'KM', 'GH', 'Group']
2026-03-23 13:57:38,771 - INFO - CHEMIN_BASE: C:\Users\mamsylla\OneDrive - BANK OF AFRICA(1)\Documents\Projets\2025\Plateforme notatio kyc v2\data
2026-03-23 13:57:38,774 - INFO - START TAUX_FILIALES
2026-03-23 13:57:38,795 - INFO - NE: 10 rows imported
2026-03-23 13:57:38,805 - INFO - CI: 10 rows imported
2026-03-23 13:57:38,809 - INFO - TG: 10 rows imported
2026-03-23 13:57:38,814 - INFO - SN: 10 rows imported
2026-03-23 13:57:38,815 - WARNING - missing taux file: C:\Users\mamsylla\OneDrive - BANK OF AFRICA(1)\Documents\Projets\2025\Plateforme notatio kyc v2\data\suivi_fiabilisation_ML.csv
2026-03-23 13:57:38,819 - INFO - BF: 10 rows imported
2026-03-23 13:57:38,819 - WARNING - missing taux file: C:\Users\mamsylla\OneDrive - BANK OF AFRICA(1)\Documents\Projets\2025\Plateforme notatio kyc v2\data\suivi_fiabilisation_BJ.csv
2026-03-23 13:57:38,820 - WARNING - missing taux file: C:\Users\mamsylla\OneDrive - BANK OF AFRICA(1)\Documents\Projets\2025\Plateforme notatio kyc v2\data\suivi_fiabilisation_RDC.csv
2026-03-23 13:57:38,820 - WARNING - missing taux file: C:\Users\mamsylla\OneDrive - BANK OF AFRICA(1)\Documents\Projets\2025\Plateforme notatio kyc v2\data\suivi_fiabilisation_MR.csv
2026-03-23 13:57:38,820 - WARNING - missing taux file: C:\Users\mamsylla\OneDrive - BANK OF AFRICA(1)\Documents\Projets\2025\Plateforme notatio kyc v2\data\suivi_fiabilisation_MG.csv
2026-03-23 13:57:38,821 - WARNING - missing taux file: C:\Users\mamsylla\OneDrive - BANK OF AFRICA(1)\Documents\Projets\2025\Plateforme notatio kyc v2\data\suivi_fiabilisation_UG.csv
2026-03-23 13:57:38,821 - WARNING - missing taux file: C:\Users\mamsylla\OneDrive - BANK OF AFRICA(1)\Documents\Projets\2025\Plateforme notatio kyc v2\data\suivi_fiabilisation_TZ.csv
2026-03-23 13:57:38,821 - WARNING - missing taux file: C:\Users\mamsylla\OneDrive - BANK OF AFRICA(1)\Documents\Projets\2025\Plateforme notatio kyc v2\data\suivi_fiabilisation_RW.csv
2026-03-23 13:57:38,822 - WARNING - missing taux file: C:\Users\mamsylla\OneDrive - BANK OF AFRICA(1)\Documents\Projets\2025\Plateforme notatio kyc v2\data\suivi_fiabilisation_KE.csv
2026-03-23 13:57:38,822 - WARNING - missing taux file: C:\Users\mamsylla\OneDrive - BANK OF AFRICA(1)\Documents\Projets\2025\Plateforme notatio kyc v2\data\suivi_fiabilisation_FR.csv
2026-03-23 13:57:38,822 - WARNING - missing taux file: C:\Users\mamsylla\OneDrive - BANK OF AFRICA(1)\Documents\Projets\2025\Plateforme notatio kyc v2\data\suivi_fiabilisation_KM.csv
2026-03-23 13:57:38,823 - WARNING - missing taux file: C:\Users\mamsylla\OneDrive - BANK OF AFRICA(1)\Documents\Projets\2025\Plateforme notatio kyc v2\data\suivi_fiabilisation_GH.csv
2026-03-23 13:57:38,823 - WARNING - missing taux file: C:\Users\mamsylla\OneDrive - BANK OF AFRICA(1)\Documents\Projets\2025\Plateforme notatio kyc v2\data\suivi_fiabilisation_Group.csv
2026-03-23 13:57:38,823 - INFO - END TAUX_FILIALES
2026-03-23 13:57:38,827 - INFO - IMPORT DONE
2026-03-23 13:59:07,091 - INFO - Filiales utilisées: ['NE', 'CI', 'TG', 'SN', 'ML', 'BF', 'BJ', 'RDC', 'MR', 'MG', 'UG', 'TZ', 'RW', 'KE', 'FR', 'KM', 'GH', 'Group']
2026-03-23 13:59:07,091 - INFO - CHEMIN_BASE: C:\Users\mamsylla\OneDrive - BANK OF AFRICA(1)\Documents\Projets\2025\Plateforme notatio kyc v2\data
2026-03-23 13:59:07,092 - INFO - START ANOMALIES
2026-03-23 13:59:07,092 - WARNING - missing anomalies file: C:\Users\mamsylla\OneDrive - BANK OF AFRICA(1)\Documents\Projets\2025\Plateforme notatio kyc v2\data\anomalies_NE.csv
2026-03-23 13:59:07,099 - INFO - cleaned 0 rows for BOA CI
2026-03-23 13:59:07,104 - ERROR - missing required columns for CI: ['PPE']
2026-03-23 13:59:07,104 - WARNING - missing anomalies file: C:\Users\mamsylla\OneDrive - BANK OF AFRICA(1)\Documents\Projets\2025\Plateforme notatio kyc v2\data\anomalies_TG.csv
2026-03-23 13:59:07,107 - INFO - cleaned 0 rows for BOA SN
2026-03-23 13:59:07,109 - ERROR - missing required columns for SN: ['PPE']
2026-03-23 13:59:07,110 - WARNING - missing anomalies file: C:\Users\mamsylla\OneDrive - BANK OF AFRICA(1)\Documents\Projets\2025\Plateforme notatio kyc v2\data\anomalies_ML.csv
2026-03-23 13:59:07,123 - INFO - cleaned 4303 rows for BOA BF
2026-03-23 13:59:07,125 - WARNING - missing optional column LIB_AGENCE for BF
2026-03-23 13:59:07,430 - INFO - done BF: 4303 rows
2026-03-23 13:59:07,430 - WARNING - missing anomalies file: C:\Users\mamsylla\OneDrive - BANK OF AFRICA(1)\Documents\Projets\2025\Plateforme notatio kyc v2\data\anomalies_BJ.csv
2026-03-23 13:59:07,431 - WARNING - missing anomalies file: C:\Users\mamsylla\OneDrive - BANK OF AFRICA(1)\Documents\Projets\2025\Plateforme notatio kyc v2\data\anomalies_RDC.csv
2026-03-23 13:59:07,431 - WARNING - missing anomalies file: C:\Users\mamsylla\OneDrive - BANK OF AFRICA(1)\Documents\Projets\2025\Plateforme notatio kyc v2\data\anomalies_MR.csv
2026-03-23 13:59:07,431 - WARNING - missing anomalies file: C:\Users\mamsylla\OneDrive - BANK OF AFRICA(1)\Documents\Projets\2025\Plateforme notatio kyc v2\data\anomalies_MG.csv
2026-03-23 13:59:07,432 - WARNING - missing anomalies file: C:\Users\mamsylla\OneDrive - BANK OF AFRICA(1)\Documents\Projets\2025\Plateforme notatio kyc v2\data\anomalies_UG.csv
2026-03-23 13:59:07,432 - WARNING - missing anomalies file: C:\Users\mamsylla\OneDrive - BANK OF AFRICA(1)\Documents\Projets\2025\Plateforme notatio kyc v2\data\anomalies_TZ.csv
2026-03-23 13:59:07,432 - WARNING - missing anomalies file: C:\Users\mamsylla\OneDrive - BANK OF AFRICA(1)\Documents\Projets\2025\Plateforme notatio kyc v2\data\anomalies_RW.csv
2026-03-23 13:59:07,432 - WARNING - missing anomalies file: C:\Users\mamsylla\OneDrive - BANK OF AFRICA(1)\Documents\Projets\2025\Plateforme notatio kyc v2\data\anomalies_KE.csv
2026-03-23 13:59:07,433 - WARNING - missing anomalies file: C:\Users\mamsylla\OneDrive - BANK OF AFRICA(1)\Documents\Projets\2025\Plateforme notatio kyc v2\data\anomalies_FR.csv
2026-03-23 13:59:07,433 - WARNING - missing anomalies file: C:\Users\mamsylla\OneDrive - BANK OF AFRICA(1)\Documents\Projets\2025\Plateforme notatio kyc v2\data\anomalies_KM.csv
2026-03-23 13:59:07,433 - WARNING - missing anomalies file: C:\Users\mamsylla\OneDrive - BANK OF AFRICA(1)\Documents\Projets\2025\Plateforme notatio kyc v2\data\anomalies_GH.csv
2026-03-23 13:59:07,434 - WARNING - missing anomalies file: C:\Users\mamsylla\OneDrive - BANK OF AFRICA(1)\Documents\Projets\2025\Plateforme notatio kyc v2\data\anomalies_Group.csv
2026-03-23 13:59:07,434 - INFO - END ANOMALIES
2026-03-23 13:59:07,435 - INFO - IMPORT DONE
2026-03-23 19:07:00,337 - INFO - Filiales utilisées: ['NE', 'CI', 'TG', 'SN', 'ML', 'BF', 'BJ', 'RDC', 'MR', 'MG', 'UG', 'TZ', 'RW', 'KE', 'FR', 'KM', 'GH', 'Group']
2026-03-23 19:07:00,339 - INFO - CHEMIN_BASE: C:\Users\mamsylla\OneDrive - BANK OF AFRICA(1)\Documents\Projets\2025\Plateforme notatio kyc v2\data
2026-03-23 19:07:00,339 - INFO - START ANOMALIES
2026-03-23 19:07:00,340 - WARNING - missing anomalies file: C:\Users\mamsylla\OneDrive - BANK OF AFRICA(1)\Documents\Projets\2025\Plateforme notatio kyc v2\data\anomalies_NE.csv
2026-03-23 19:07:00,355 - INFO - cleaned 0 rows for BOA CI
2026-03-23 19:07:00,372 - ERROR - missing required columns for CI: ['PPE']
2026-03-23 19:07:00,374 - INFO - cleaned 0 rows for BOA TG
2026-03-23 19:07:04,430 - INFO - done TG: 50572 rows
2026-03-23 19:07:04,441 - INFO - cleaned 0 rows for BOA SN
2026-03-23 19:07:04,445 - ERROR - missing required columns for SN: ['PPE']
2026-03-23 19:07:04,446 - WARNING - missing anomalies file: C:\Users\mamsylla\OneDrive - BANK OF AFRICA(1)\Documents\Projets\2025\Plateforme notatio kyc v2\data\anomalies_ML.csv
2026-03-23 19:07:04,470 - INFO - cleaned 4303 rows for BOA BF
2026-03-23 19:07:04,474 - WARNING - missing optional column LIB_AGENCE for BF
2026-03-23 19:07:04,837 - INFO - done BF: 4303 rows
2026-03-23 19:07:04,838 - WARNING - missing anomalies file: C:\Users\mamsylla\OneDrive - BANK OF AFRICA(1)\Documents\Projets\2025\Plateforme notatio kyc v2\data\anomalies_BJ.csv
2026-03-23 19:07:04,838 - WARNING - missing anomalies file: C:\Users\mamsylla\OneDrive - BANK OF AFRICA(1)\Documents\Projets\2025\Plateforme notatio kyc v2\data\anomalies_RDC.csv
2026-03-23 19:07:04,839 - WARNING - missing anomalies file: C:\Users\mamsylla\OneDrive - BANK OF AFRICA(1)\Documents\Projets\2025\Plateforme notatio kyc v2\data\anomalies_MR.csv
2026-03-23 19:07:04,839 - WARNING - missing anomalies file: C:\Users\mamsylla\OneDrive - BANK OF AFRICA(1)\Documents\Projets\2025\Plateforme notatio kyc v2\data\anomalies_MG.csv
2026-03-23 19:07:04,840 - WARNING - missing anomalies file: C:\Users\mamsylla\OneDrive - BANK OF AFRICA(1)\Documents\Projets\2025\Plateforme notatio kyc v2\data\anomalies_UG.csv
2026-03-23 19:07:04,840 - WARNING - missing anomalies file: C:\Users\mamsylla\OneDrive - BANK OF AFRICA(1)\Documents\Projets\2025\Plateforme notatio kyc v2\data\anomalies_TZ.csv
2026-03-23 19:07:04,841 - WARNING - missing anomalies file: C:\Users\mamsylla\OneDrive - BANK OF AFRICA(1)\Documents\Projets\2025\Plateforme notatio kyc v2\data\anomalies_RW.csv
2026-03-23 19:07:04,841 - WARNING - missing anomalies file: C:\Users\mamsylla\OneDrive - BANK OF AFRICA(1)\Documents\Projets\2025\Plateforme notatio kyc v2\data\anomalies_KE.csv
2026-03-23 19:07:04,841 - WARNING - missing anomalies file: C:\Users\mamsylla\OneDrive - BANK OF AFRICA(1)\Documents\Projets\2025\Plateforme notatio kyc v2\data\anomalies_FR.csv
2026-03-23 19:07:04,842 - WARNING - missing anomalies file: C:\Users\mamsylla\OneDrive - BANK OF AFRICA(1)\Documents\Projets\2025\Plateforme notatio kyc v2\data\anomalies_KM.csv
2026-03-23 19:07:04,842 - WARNING - missing anomalies file: C:\Users\mamsylla\OneDrive - BANK OF AFRICA(1)\Documents\Projets\2025\Plateforme notatio kyc v2\data\anomalies_GH.csv
2026-03-23 19:07:04,842 - WARNING - missing anomalies file: C:\Users\mamsylla\OneDrive - BANK OF AFRICA(1)\Documents\Projets\2025\Plateforme notatio kyc v2\data\anomalies_Group.csv
2026-03-23 19:07:04,843 - INFO - END ANOMALIES
2026-03-23 19:07:04,844 - INFO - IMPORT DONE
2026-03-25 12:40:44,518 - INFO - Filiales utilisées: ['TG']
2026-03-25 12:40:44,520 - INFO - CHEMIN_BASE: C:\Users\mamsylla\OneDrive - BANK OF AFRICA(1)\Documents\Projets\2025\Plateforme notatio kyc v2\data
2026-03-25 12:40:44,521 - INFO - START DATEREV
2026-03-25 12:40:44,613 - INFO - cleaned 0 rows for BOA TG
2026-03-25 12:40:45,287 - INFO - done TG: 11723 rows
2026-03-25 12:40:45,288 - INFO - DATEREV total: 11723 rows
2026-03-25 12:40:45,291 - INFO - IMPORT DONE
2026-03-25 12:45:33,053 - INFO - Filiales utilisées: ['TG']
2026-03-25 12:45:33,054 - INFO - CHEMIN_BASE: C:\Users\mamsylla\OneDrive - BANK OF AFRICA(1)\Documents\Projets\2025\Plateforme notatio kyc v2\data
2026-03-25 12:45:33,055 - INFO - START DATEREV
2026-03-25 12:45:33,163 - INFO - cleaned 11723 rows for BOA TG
2026-03-25 12:45:33,875 - INFO - done TG: 11723 rows
2026-03-25 12:45:33,875 - INFO - DATEREV total: 11723 rows
2026-03-25 12:45:33,879 - INFO - IMPORT DONE
2026-03-25 16:25:50,739 - INFO - 
>>> FILIALE MG
2026-03-25 16:25:50,904 - INFO - 
✨ Processus terminé.
2026-03-25 16:26:08,100 - INFO - 
>>> FILIALE TG
2026-03-25 16:26:08,234 - INFO - --- Lecture de pm_TG_STOCK_F.csv ---
2026-03-25 16:26:09,120 - INFO - --- Lecture de pp_TG_STOCK_F.csv ---
2026-03-25 16:26:17,440 - INFO - 
✨ Processus terminé.
2026-05-15 15:52:53,304 - INFO - 
>>> FILIALE SN]
2026-05-15 15:52:56,085 - INFO - 
✨ Processus terminé.
2026-05-15 15:58:20,004 - INFO - 
>>> FILIALE SN]
2026-05-15 15:58:20,178 - INFO - 
✨ Processus terminé.
2026-06-04 19:09:06,768 - INFO - 
>>> FILIALE TG
2026-06-04 19:10:11,078 - INFO - 
>>> FILIALE TG
2026-06-04 19:22:27,339 - INFO - 
>>> FILIALE TG
2026-06-04 19:22:29,713 - INFO - 
✨ Processus terminé.
2026-06-04 19:32:30,739 - INFO - 
>>> FILIALE TG
2026-06-04 19:32:46,970 - INFO - --- Lecture de pm_TG_STOCK.csv ---
2026-06-04 19:32:47,971 - INFO - ✅ pm_TG_STOCK.csv : 7303 lignes insérées.
2026-06-04 19:32:47,982 - INFO - --- Lecture de pp_TG_STOCK.csv ---
2026-06-04 19:32:49,869 - INFO -     -> 50000 lignes soumises...
2026-06-04 19:32:56,493 - INFO - ✅ pp_TG_STOCK.csv : 66564 lignes insérées.
2026-06-04 19:32:56,567 - INFO - 
✨ Processus terminé.
2026-06-04 19:42:59,199 - INFO - 
>>> FILIALE TG
2026-06-04 19:43:03,300 - INFO - --- Lecture de pm_TG_STOCK.csv ---
2026-06-04 19:43:04,181 - INFO - ✅ pm_TG_STOCK.csv : 7303 lignes insérées.
2026-06-04 19:43:04,187 - INFO - --- Lecture de pp_TG_STOCK.csv ---
2026-06-04 19:43:05,565 - INFO -     -> 50000 lignes soumises...
2026-06-04 19:43:11,603 - INFO - ✅ pp_TG_STOCK.csv : 66564 lignes insérées.
2026-06-04 19:43:11,665 - INFO - 
✨ Processus terminé.
2026-06-05 11:20:53,316 - INFO - 
>>> FILIALE TG
2026-06-05 11:20:58,464 - INFO - --- Lecture de pm_TG_STOCK.csv ---
2026-06-05 11:20:59,435 - INFO - ✅ pm_TG_STOCK.csv : 7303 lignes insérées.
2026-06-05 11:20:59,441 - INFO - --- Lecture de pp_TG_STOCK.csv ---
2026-06-05 11:21:00,751 - INFO -     -> 50000 lignes soumises...
2026-06-05 11:21:06,555 - INFO - ✅ pp_TG_STOCK.csv : 66564 lignes insérées.
2026-06-05 11:21:06,620 - INFO - 
✨ Processus terminé.
2026-06-05 11:41:53,255 - INFO - 
>>> FILIALE TG
2026-06-05 11:41:58,213 - INFO - --- Lecture de pm_TG_STOCK.csv ---
2026-06-05 11:41:59,283 - INFO - ✅ pm_TG_STOCK.csv : 7303 lignes insérées.
2026-06-05 11:41:59,290 - INFO - --- Lecture de pp_TG_STOCK.csv ---
2026-06-05 11:42:00,646 - INFO -     -> 50000 lignes soumises...
2026-06-05 11:42:06,649 - INFO - ✅ pp_TG_STOCK.csv : 66564 lignes insérées.
2026-06-05 11:42:06,727 - INFO - 
✨ Processus terminé.
2026-06-05 15:09:59,805 - INFO - 
>>> FILIALE SN
2026-06-05 15:10:46,949 - INFO - --- Lecture de pm_SN_STOCK.csv ---
2026-06-05 15:10:53,949 - INFO - ✅ pm_SN_STOCK.csv : 14386 lignes insérées.
2026-06-05 15:10:53,982 - INFO - --- Lecture de pp_SN_STOCK.csv ---
2026-06-05 15:11:02,982 - INFO -     -> 70000 lignes soumises...
2026-06-05 15:11:12,170 - INFO -     -> 140000 lignes soumises...
2026-06-05 15:11:20,884 - INFO -     -> 210000 lignes soumises...
2026-06-05 15:11:29,974 - INFO -     -> 280000 lignes soumises...
2026-06-05 15:11:38,858 - INFO -     -> 350000 lignes soumises...
2026-06-05 15:12:04,172 - ERROR - Erreur insertion batch (70000 lignes) : database is locked
2026-06-05 15:12:04,173 - ERROR - Erreur insertion batch (70000 lignes) : database is locked
2026-06-05 15:12:04,174 - ERROR - Erreur insertion batch (70000 lignes) : database is locked
2026-06-05 15:12:04,174 - ERROR - Erreur insertion batch (70000 lignes) : database is locked
2026-06-05 15:12:04,174 - ERROR - Erreur insertion batch (30555 lignes) : database is locked
2026-06-05 15:12:04,175 - INFO - ✅ pp_SN_STOCK.csv : 380555 lignes insérées.
2026-06-05 15:12:04,176 - INFO - 
✨ Processus terminé.
2026-06-05 15:20:04,839 - INFO - Demarrage import KYC | filiales=ZZ | data_dir=C:\Users\mamsylla\AppData\Local\Temp\kyc_import_dry_run_empty | bulk_size=10000 | only=all | method=auto
2026-06-05 15:20:04,840 - INFO - 
>>> FILIALE ZZ
2026-06-05 15:20:04,841 - WARNING - Fichier absent, import ignore: C:\Users\mamsylla\AppData\Local\Temp\kyc_import_dry_run_empty\pm_ZZ_STOCK.csv
2026-06-05 15:20:04,841 - WARNING - Fichier absent, import ignore: C:\Users\mamsylla\AppData\Local\Temp\kyc_import_dry_run_empty\pp_ZZ_STOCK.csv
2026-06-05 15:20:04,841 - INFO - FILIALE ZZ: 0 lignes inserees au total.
2026-06-05 15:20:04,841 - INFO - 
Processus termine.
2026-06-05 15:21:19,757 - INFO - Demarrage import KYC | filiales=ZZ | data_dir=C:\Users\mamsylla\AppData\Local\Temp\kyc_import_dry_run_empty | bulk_size=10000 | only=all | method=auto
2026-06-05 15:21:19,757 - INFO - 
>>> FILIALE ZZ
2026-06-05 15:21:19,758 - WARNING - Fichier absent, import ignore: C:\Users\mamsylla\AppData\Local\Temp\kyc_import_dry_run_empty\pm_ZZ_STOCK.csv
2026-06-05 15:21:19,758 - WARNING - Fichier absent, import ignore: C:\Users\mamsylla\AppData\Local\Temp\kyc_import_dry_run_empty\pp_ZZ_STOCK.csv
2026-06-05 15:21:19,758 - INFO - FILIALE ZZ: 0 lignes inserees au total.
2026-06-05 15:21:19,758 - INFO - 
Processus termine.
2026-06-05 15:26:04,267 - INFO - Demarrage import KYC | filiales=SN | data_dir=C:/Users/mamsylla/OneDrive - BANK OF AFRICA/Documents/Projets/2025/Plateforme notatio kyc v2/data | bulk_size=10000 | only=all | method=auto
2026-06-05 15:26:04,268 - INFO - 
>>> FILIALE SN
2026-06-05 15:26:04,520 - INFO - kyc_kyc_pm: 14386 anciennes lignes supprimees pour BOA SN.
2026-06-05 15:26:04,520 - INFO - --- Lecture de pm_SN_STOCK.csv vers kyc_kyc_pm (ORM) ---
2026-06-05 15:26:04,551 - WARNING - pm_SN_STOCK.csv: colonnes absentes ou non reconnues: INTITULE_COMPTE, ADRESSE_SOCIALE, NUMERO_FISCAL, ACTIONNAIRE, MANDATAIRE, BOITE_POSTALE, CONSENT_BIC, PPE
2026-06-05 15:26:05,996 - INFO - pm_SN_STOCK.csv: 14386/14386 lignes inserees.
2026-06-05 15:26:07,318 - INFO - kyc_kyc_pp: 70000 anciennes lignes supprimees pour BOA SN.
2026-06-05 15:26:07,319 - INFO - --- Lecture de pp_SN_STOCK.csv vers kyc_kyc_pp (ORM) ---
2026-06-05 15:26:07,353 - WARNING - pp_SN_STOCK.csv: colonnes absentes ou non reconnues: INTITULE_COMPTE, EMPLOYEUR, LIEU_DELIVRANCE_CIN, BOITE_POSTALE, CONSENT_BIC
2026-06-05 15:26:17,646 - INFO -     -> 100000 lignes inserees...
2026-06-05 15:26:27,786 - INFO -     -> 200000 lignes inserees...
2026-06-05 15:26:41,832 - INFO -     -> 300000 lignes inserees...
2026-06-05 15:26:51,121 - INFO - pp_SN_STOCK.csv: 380555/380555 lignes inserees.
2026-06-05 15:26:51,122 - INFO - FILIALE SN: 394941 lignes inserees au total.
2026-06-05 15:26:51,122 - INFO - 
Processus termine.
2026-06-05 17:47:42,514 - INFO - Demarrage import KYC | filiales=TG | data_dir=C:/Users/mamsylla/OneDrive - BANK OF AFRICA/Documents/Projets/2025/Plateforme notatio kyc v2/data | bulk_size=10000 | only=all | method=auto
2026-06-05 17:47:42,515 - INFO - 
>>> FILIALE TG
2026-06-05 17:47:42,697 - INFO - kyc_kyc_pm: 7303 anciennes lignes supprimees pour BOA TG.
2026-06-05 17:47:42,697 - INFO - --- Lecture de pm_TG_STOCK.csv vers kyc_kyc_pm (ORM) ---
2026-06-05 17:47:42,769 - WARNING - pm_TG_STOCK.csv: colonnes absentes ou non reconnues: INTITULE_COMPTE, ADRESSE_SOCIALE, NUMERO_FISCAL, ACTIONNAIRE, MANDATAIRE, BOITE_POSTALE, CONSENT_BIC, PPE
2026-06-05 17:47:44,466 - INFO - pm_TG_STOCK.csv: 7303/7303 lignes inserees.
2026-06-05 17:47:49,682 - INFO - kyc_kyc_pp: 66564 anciennes lignes supprimees pour BOA TG.
2026-06-05 17:47:49,682 - INFO - --- Lecture de pp_TG_STOCK.csv vers kyc_kyc_pp (ORM) ---
2026-06-05 17:47:49,763 - WARNING - pp_TG_STOCK.csv: colonnes absentes ou non reconnues: INTITULE_COMPTE, EMPLOYEUR, LIEU_DELIVRANCE_CIN, BOITE_POSTALE, CONSENT_BIC
2026-06-05 17:48:04,826 - INFO - pp_TG_STOCK.csv: 66564/66564 lignes inserees.
2026-06-05 17:48:04,832 - INFO - FILIALE TG: 73867 lignes inserees au total.
2026-06-05 17:48:04,832 - INFO - 
Processus termine.
2026-06-05 17:53:55,409 - INFO - Demarrage import KYC | filiales=MR | data_dir=C:/Users/mamsylla/OneDrive - BANK OF AFRICA/Documents/Projets/2025/Plateforme notatio kyc v2/data | bulk_size=10000 | only=all | method=auto
2026-06-05 17:53:55,410 - INFO - 
>>> FILIALE MR
2026-06-05 17:53:55,426 - INFO - kyc_kyc_pm: 0 anciennes lignes supprimees pour BOA MR.
2026-06-05 17:53:55,426 - INFO - --- Lecture de pm_MR_STOCK.csv vers kyc_kyc_pm (ORM) ---
2026-06-05 17:53:56,649 - WARNING - pm_MR_STOCK.csv: colonnes absentes ou non reconnues: INTITULE_COMPTE, ADRESSE_SOCIALE, NUMERO_FISCAL, ACTIONNAIRE, MANDATAIRE, BOITE_POSTALE, CONSENT_BIC, PPE
2026-06-05 17:53:57,123 - INFO - pm_MR_STOCK.csv: 2383/2383 lignes inserees.
2026-06-05 17:53:57,393 - INFO - kyc_kyc_pp: 0 anciennes lignes supprimees pour BOA MR.
2026-06-05 17:53:57,394 - INFO - --- Lecture de pp_MR_STOCK.csv vers kyc_kyc_pp (ORM) ---
2026-06-05 17:53:57,509 - WARNING - pp_MR_STOCK.csv: colonnes absentes ou non reconnues: INTITULE_COMPTE, EMPLOYEUR, LIEU_DELIVRANCE_CIN, BOITE_POSTALE, CONSENT_BIC
2026-06-05 17:54:06,366 - INFO - pp_MR_STOCK.csv: 38427/38427 lignes inserees.
2026-06-05 17:54:06,371 - INFO - FILIALE MR: 40810 lignes inserees au total.
2026-06-05 17:54:06,372 - INFO - 
Processus termine.
2026-06-29 17:40:25,608 - INFO - Demarrage import KYC | filiales=BF | data_dir=C:/Users/mamsylla/OneDrive - BANK OF AFRICA/Documents/Projets/2025/Plateforme notatio kyc v2/data | bulk_size=10000 | only=all | method=auto
2026-06-29 17:40:25,610 - INFO - 
>>> FILIALE BF
2026-06-29 17:40:25,610 - WARNING - Fichier absent, import ignore: C:/Users/mamsylla/OneDrive - BANK OF AFRICA/Documents/Projets/2025/Plateforme notatio kyc v2/data\pm_BF_STOCK.csv
2026-06-29 17:40:25,610 - WARNING - Fichier absent, import ignore: C:/Users/mamsylla/OneDrive - BANK OF AFRICA/Documents/Projets/2025/Plateforme notatio kyc v2/data\pp_BF_STOCK.csv
2026-06-29 17:40:25,611 - INFO - FILIALE BF: 0 lignes inserees au total.
2026-06-29 17:40:25,611 - INFO - 
Processus termine.
2026-06-29 17:49:14,878 - INFO - Demarrage import KYC | filiales=BF | data_dir=C:/Users/mamsylla/OneDrive - BANK OF AFRICA/Documents/Projets/2025/Plateforme notatio kyc v2/data | bulk_size=10000 | only=all | method=auto
2026-06-29 17:49:14,878 - INFO - 
>>> FILIALE BF
2026-06-29 17:49:14,878 - WARNING - Fichier absent, import ignore: C:/Users/mamsylla/OneDrive - BANK OF AFRICA/Documents/Projets/2025/Plateforme notatio kyc v2/data\pm_BF_STOCK.csv
2026-06-29 17:49:14,879 - WARNING - Fichier absent, import ignore: C:/Users/mamsylla/OneDrive - BANK OF AFRICA/Documents/Projets/2025/Plateforme notatio kyc v2/data\pp_BF_STOCK.csv
2026-06-29 17:49:14,879 - INFO - FILIALE BF: 0 lignes inserees au total.
2026-06-29 17:49:14,879 - INFO - 
Processus termine.
2026-06-29 17:57:52,725 - INFO - Demarrage import KYC | filiales=BF | data_dir=C:/Users/mamsylla/OneDrive - BANK OF AFRICA/Documents/Projets/2025/Plateforme notatio kyc v2/data | bulk_size=10000 | only=all | method=auto
2026-06-29 17:57:52,725 - INFO - 
>>> FILIALE BF
2026-06-29 17:57:52,725 - WARNING - Fichier absent, import ignore: C:/Users/mamsylla/OneDrive - BANK OF AFRICA/Documents/Projets/2025/Plateforme notatio kyc v2/data\pm_BF_STOCK.csv
2026-06-29 17:57:52,726 - WARNING - Fichier absent, import ignore: C:/Users/mamsylla/OneDrive - BANK OF AFRICA/Documents/Projets/2025/Plateforme notatio kyc v2/data\pp_BF_STOCK.csv
2026-06-29 17:57:52,726 - INFO - FILIALE BF: 0 lignes inserees au total.
2026-06-29 17:57:52,727 - INFO - 
Processus termine.
2026-06-29 18:00:12,332 - INFO - Demarrage import KYC | filiales=BF | data_dir=C:\Users\mamsylla\OneDrive - BANK OF AFRICA(1)\Documents\Projets\2025\Plateforme notatio kyc v2\data | bulk_size=10000 | only=all | method=auto
2026-06-29 18:00:12,333 - INFO - 
>>> FILIALE BF
2026-06-29 18:00:12,341 - INFO - kyc_kyc_pm: 0 anciennes lignes supprimees pour BOA BF.
2026-06-29 18:00:12,342 - INFO - --- Lecture de pm_BF_STOCK.csv vers kyc_kyc_pm (ORM) ---
2026-06-29 18:00:12,380 - WARNING - pm_BF_STOCK.csv: colonnes absentes ou non reconnues: PPE, CONSENT_BIC
2026-06-29 18:00:15,386 - INFO - pm_BF_STOCK.csv: 24895/24895 lignes inserees.
2026-06-29 18:00:15,503 - INFO - kyc_kyc_pp: 0 anciennes lignes supprimees pour BOA BF.
2026-06-29 18:00:15,504 - INFO - --- Lecture de pp_BF_STOCK.csv vers kyc_kyc_pp (ORM) ---
2026-06-29 18:00:15,941 - WARNING - pp_BF_STOCK.csv: colonnes absentes ou non reconnues: CONSENT_BIC, EMPLOYEUR
2026-06-29 18:00:26,425 - INFO -     -> 100000 lignes inserees...
2026-06-29 18:00:36,453 - INFO -     -> 200000 lignes inserees...
2026-06-29 18:00:47,558 - INFO -     -> 300000 lignes inserees...
2026-06-29 18:00:59,310 - INFO -     -> 400000 lignes inserees...
2026-06-29 18:01:06,798 - INFO - pp_BF_STOCK.csv: 468512/468512 lignes inserees.
2026-06-29 18:01:06,803 - INFO - FILIALE BF: 493407 lignes inserees au total.
2026-06-29 18:01:06,804 - INFO - 
Processus termine.
2026-06-29 18:02:13,579 - INFO - Filiales utilisées: ['NE', 'CI', 'TG', 'SN', 'ML', 'BF', 'BJ', 'RDC', 'MR', 'MG', 'UG', 'TZ', 'RW', 'KE', 'FR', 'KM', 'GH', 'Group']
2026-06-29 18:02:13,589 - INFO - CHEMIN_BASE: C:\Fiabilisation KYC\Python\data
2026-06-29 18:02:13,589 - INFO - START ANOMALIES
2026-06-29 18:02:13,590 - WARNING - missing anomalies file: C:\Fiabilisation KYC\Python\data\anomalies_NE.csv
2026-06-29 18:02:13,590 - WARNING - missing anomalies file: C:\Fiabilisation KYC\Python\data\anomalies_CI.csv
2026-06-29 18:02:13,590 - WARNING - missing anomalies file: C:\Fiabilisation KYC\Python\data\anomalies_TG.csv
2026-06-29 18:02:13,590 - WARNING - missing anomalies file: C:\Fiabilisation KYC\Python\data\anomalies_SN.csv
2026-06-29 18:02:13,591 - WARNING - missing anomalies file: C:\Fiabilisation KYC\Python\data\anomalies_ML.csv
2026-06-29 18:02:13,591 - WARNING - missing anomalies file: C:\Fiabilisation KYC\Python\data\anomalies_BF.csv
2026-06-29 18:02:13,591 - WARNING - missing anomalies file: C:\Fiabilisation KYC\Python\data\anomalies_BJ.csv
2026-06-29 18:02:13,591 - WARNING - missing anomalies file: C:\Fiabilisation KYC\Python\data\anomalies_RDC.csv
2026-06-29 18:02:13,592 - WARNING - missing anomalies file: C:\Fiabilisation KYC\Python\data\anomalies_MR.csv
2026-06-29 18:02:13,592 - WARNING - missing anomalies file: C:\Fiabilisation KYC\Python\data\anomalies_MG.csv
2026-06-29 18:02:13,593 - WARNING - missing anomalies file: C:\Fiabilisation KYC\Python\data\anomalies_UG.csv
2026-06-29 18:02:13,593 - WARNING - missing anomalies file: C:\Fiabilisation KYC\Python\data\anomalies_TZ.csv
2026-06-29 18:02:13,593 - WARNING - missing anomalies file: C:\Fiabilisation KYC\Python\data\anomalies_RW.csv
2026-06-29 18:02:13,594 - WARNING - missing anomalies file: C:\Fiabilisation KYC\Python\data\anomalies_KE.csv
2026-06-29 18:02:13,594 - WARNING - missing anomalies file: C:\Fiabilisation KYC\Python\data\anomalies_FR.csv
2026-06-29 18:02:13,595 - WARNING - missing anomalies file: C:\Fiabilisation KYC\Python\data\anomalies_KM.csv
2026-06-29 18:02:13,595 - WARNING - missing anomalies file: C:\Fiabilisation KYC\Python\data\anomalies_GH.csv
2026-06-29 18:02:13,596 - WARNING - missing anomalies file: C:\Fiabilisation KYC\Python\data\anomalies_Group.csv
2026-06-29 18:02:13,596 - INFO - END ANOMALIES
2026-06-29 18:02:13,596 - INFO - START DATEREV
2026-06-29 18:02:13,597 - WARNING - missing file: C:\Fiabilisation KYC\Python\data\scoring_NE.csv
2026-06-29 18:02:13,597 - WARNING - missing file: C:\Fiabilisation KYC\Python\data\scoring_CI.csv
2026-06-29 18:02:13,597 - WARNING - missing file: C:\Fiabilisation KYC\Python\data\scoring_TG.csv
2026-06-29 18:02:13,598 - WARNING - missing file: C:\Fiabilisation KYC\Python\data\scoring_SN.csv
2026-06-29 18:02:13,598 - WARNING - missing file: C:\Fiabilisation KYC\Python\data\scoring_ML.csv
2026-06-29 18:02:13,598 - WARNING - missing file: C:\Fiabilisation KYC\Python\data\scoring_BF.csv
2026-06-29 18:02:13,599 - WARNING - missing file: C:\Fiabilisation KYC\Python\data\scoring_BJ.csv
2026-06-29 18:02:13,599 - WARNING - missing file: C:\Fiabilisation KYC\Python\data\scoring_RDC.csv
2026-06-29 18:02:13,599 - WARNING - missing file: C:\Fiabilisation KYC\Python\data\scoring_MR.csv
2026-06-29 18:02:13,600 - WARNING - missing file: C:\Fiabilisation KYC\Python\data\scoring_MG.csv
2026-06-29 18:02:13,600 - WARNING - missing file: C:\Fiabilisation KYC\Python\data\scoring_UG.csv
2026-06-29 18:02:13,600 - WARNING - missing file: C:\Fiabilisation KYC\Python\data\scoring_TZ.csv
2026-06-29 18:02:13,600 - WARNING - missing file: C:\Fiabilisation KYC\Python\data\scoring_RW.csv
2026-06-29 18:02:13,601 - WARNING - missing file: C:\Fiabilisation KYC\Python\data\scoring_KE.csv
2026-06-29 18:02:13,601 - WARNING - missing file: C:\Fiabilisation KYC\Python\data\scoring_FR.csv
2026-06-29 18:02:13,601 - WARNING - missing file: C:\Fiabilisation KYC\Python\data\scoring_KM.csv
2026-06-29 18:02:13,601 - WARNING - missing file: C:\Fiabilisation KYC\Python\data\scoring_GH.csv
2026-06-29 18:02:13,602 - WARNING - missing file: C:\Fiabilisation KYC\Python\data\scoring_Group.csv
2026-06-29 18:02:13,602 - INFO - DATEREV total: 0 rows
2026-06-29 18:02:13,603 - INFO - START TAUX_FILIALES
2026-06-29 18:02:13,604 - WARNING - missing taux file: C:\Fiabilisation KYC\Python\data\suivi_fiabilisation_NE.csv
2026-06-29 18:02:13,604 - WARNING - missing taux file: C:\Fiabilisation KYC\Python\data\suivi_fiabilisation_CI.csv
2026-06-29 18:02:13,605 - WARNING - missing taux file: C:\Fiabilisation KYC\Python\data\suivi_fiabilisation_TG.csv
2026-06-29 18:02:13,605 - WARNING - missing taux file: C:\Fiabilisation KYC\Python\data\suivi_fiabilisation_SN.csv
2026-06-29 18:02:13,605 - WARNING - missing taux file: C:\Fiabilisation KYC\Python\data\suivi_fiabilisation_ML.csv
2026-06-29 18:02:13,606 - WARNING - missing taux file: C:\Fiabilisation KYC\Python\data\suivi_fiabilisation_BF.csv
2026-06-29 18:02:13,606 - WARNING - missing taux file: C:\Fiabilisation KYC\Python\data\suivi_fiabilisation_BJ.csv
2026-06-29 18:02:13,607 - WARNING - missing taux file: C:\Fiabilisation KYC\Python\data\suivi_fiabilisation_RDC.csv
2026-06-29 18:02:13,607 - WARNING - missing taux file: C:\Fiabilisation KYC\Python\data\suivi_fiabilisation_MR.csv
2026-06-29 18:02:13,608 - WARNING - missing taux file: C:\Fiabilisation KYC\Python\data\suivi_fiabilisation_MG.csv
2026-06-29 18:02:13,608 - WARNING - missing taux file: C:\Fiabilisation KYC\Python\data\suivi_fiabilisation_UG.csv
2026-06-29 18:02:13,609 - WARNING - missing taux file: C:\Fiabilisation KYC\Python\data\suivi_fiabilisation_TZ.csv
2026-06-29 18:02:13,609 - WARNING - missing taux file: C:\Fiabilisation KYC\Python\data\suivi_fiabilisation_RW.csv
2026-06-29 18:02:13,609 - WARNING - missing taux file: C:\Fiabilisation KYC\Python\data\suivi_fiabilisation_KE.csv
2026-06-29 18:02:13,610 - WARNING - missing taux file: C:\Fiabilisation KYC\Python\data\suivi_fiabilisation_FR.csv
2026-06-29 18:02:13,610 - WARNING - missing taux file: C:\Fiabilisation KYC\Python\data\suivi_fiabilisation_KM.csv
2026-06-29 18:02:13,610 - WARNING - missing taux file: C:\Fiabilisation KYC\Python\data\suivi_fiabilisation_GH.csv
2026-06-29 18:02:13,610 - WARNING - missing taux file: C:\Fiabilisation KYC\Python\data\suivi_fiabilisation_Group.csv
2026-06-29 18:02:13,611 - INFO - END TAUX_FILIALES
2026-06-29 18:02:13,611 - INFO - IMPORT DONE
2026-07-05 14:55:43,501 - INFO - Demarrage import KYC | filiales=RDC | data_dir=C:\Users\mamsylla\OneDrive - BANK OF AFRICA(1)\Documents\Projets\2025\Plateforme notatio kyc v2\data | bulk_size=10000 | only=all | method=auto
2026-07-05 14:55:43,501 - INFO - 
>>> FILIALE RDC
2026-07-05 14:55:43,940 - INFO - kyc_kyc_pm: 0 anciennes lignes supprimees pour BOA RDC.
2026-07-05 14:55:43,941 - INFO - --- Lecture de pm_RDC_STOCK.csv vers kyc_kyc_pm (ORM) ---
2026-07-05 14:55:43,978 - WARNING - pm_RDC_STOCK.csv: colonnes absentes ou non reconnues: PPE, CONSENT_BIC
2026-07-05 14:55:44,235 - INFO - pm_RDC_STOCK.csv: 2146/2146 lignes inserees.
2026-07-05 14:55:50,416 - INFO - kyc_kyc_pp: 0 anciennes lignes supprimees pour BOA RDC.
2026-07-05 14:55:50,416 - INFO - --- Lecture de pp_RDC_STOCK.csv vers kyc_kyc_pp (ORM) ---
2026-07-05 14:55:50,448 - WARNING - pp_RDC_STOCK.csv: colonnes absentes ou non reconnues: CONSENT_BIC, EMPLOYEUR
2026-07-05 14:56:04,683 - INFO -     -> 100000 lignes inserees...
2026-07-05 14:56:08,940 - INFO - pp_RDC_STOCK.csv: 129686/129686 lignes inserees.
2026-07-05 14:56:08,945 - INFO - FILIALE RDC: 131832 lignes inserees au total.
2026-07-05 14:56:08,945 - INFO - 
Processus termine.
2026-07-05 14:56:10,150 - INFO - Filiales utilisées: ['RDC']
2026-07-05 14:56:10,150 - INFO - CHEMIN_BASE: C:\Users\mamsylla\OneDrive - BANK OF AFRICA(1)\Documents\Projets\2025\Plateforme notatio kyc v2\data
2026-07-05 14:56:10,150 - INFO - START ANOMALIES
2026-07-05 14:56:10,293 - INFO - cleaned 0 rows for BOA RDC
2026-07-05 14:56:14,518 - INFO - done RDC: 83185 rows
2026-07-05 14:56:14,519 - INFO - END ANOMALIES
2026-07-05 14:56:14,519 - INFO - START TAUX_FILIALES
2026-07-05 14:56:14,526 - INFO - RDC: 9 rows imported
2026-07-05 14:56:14,527 - INFO - END TAUX_FILIALES
2026-07-05 14:56:14,531 - INFO - IMPORT DONE
2026-07-05 14:57:19,616 - INFO - Demarrage import KYC | filiales=RDC | data_dir=C:\Users\mamsylla\OneDrive - BANK OF AFRICA(1)\Documents\Projets\2025\Plateforme notatio kyc v2\data | bulk_size=10000 | only=all | method=auto
2026-07-05 14:57:19,616 - INFO - 
>>> FILIALE RDC
2026-07-05 14:57:19,649 - INFO - kyc_kyc_pm: 2146 anciennes lignes supprimees pour BOA RDC.
2026-07-05 14:57:19,649 - INFO - --- Lecture de pm_RDC_STOCK.csv vers kyc_kyc_pm (ORM) ---
2026-07-05 14:57:19,678 - WARNING - pm_RDC_STOCK.csv: colonnes absentes ou non reconnues: PPE, CONSENT_BIC
2026-07-05 14:57:19,913 - INFO - pm_RDC_STOCK.csv: 2146/2146 lignes inserees.
2026-07-05 14:57:21,301 - INFO - kyc_kyc_pp: 129686 anciennes lignes supprimees pour BOA RDC.
2026-07-05 14:57:21,301 - INFO - --- Lecture de pp_RDC_STOCK.csv vers kyc_kyc_pp (ORM) ---
2026-07-05 14:57:21,327 - WARNING - pp_RDC_STOCK.csv: colonnes absentes ou non reconnues: CONSENT_BIC, EMPLOYEUR
2026-07-05 14:57:36,371 - INFO -     -> 100000 lignes inserees...
2026-07-05 14:57:41,173 - INFO - pp_RDC_STOCK.csv: 129686/129686 lignes inserees.
2026-07-05 14:57:41,178 - INFO - FILIALE RDC: 131832 lignes inserees au total.
2026-07-05 14:57:41,178 - INFO - 
Processus termine.
2026-07-05 14:57:41,918 - INFO - Filiales utilisées: ['RDC']
2026-07-05 14:57:41,918 - INFO - CHEMIN_BASE: C:\Users\mamsylla\OneDrive - BANK OF AFRICA(1)\Documents\Projets\2025\Plateforme notatio kyc v2\data
2026-07-05 14:57:41,918 - INFO - START ANOMALIES
2026-07-05 14:57:42,073 - INFO - cleaned 83185 rows for BOA RDC
2026-07-05 14:57:46,712 - INFO - done RDC: 83185 rows
2026-07-05 14:57:46,713 - INFO - END ANOMALIES
2026-07-05 14:57:46,715 - INFO - START TAUX_FILIALES
2026-07-05 14:57:46,723 - INFO - RDC: 9 rows imported
2026-07-05 14:57:46,723 - INFO - END TAUX_FILIALES
2026-07-05 14:57:46,728 - INFO - IMPORT DONE
